row,algorithm,implementation,implementation_kind,backend,metric_class,message_label,msg_bytes,message_bytes,repetitions,elapsed_seconds,ns_per_hash,cycles_per_hash,cycles_per_byte,throughput_MBps,throughput_MiBps,latency_ms_per_hash,checksum,digest_prefix_32_bytes,source_kind,row_label,fresh_log,log_path,run_id,timestamp_utc,instance,mode,command,binary_path,sha256_binary,binary_sha256,source_origin,upstream_source,source_file,source_path,source_sha256,backend_class,simd,api,multi_buffer_normalized,kat_status,kat_log,notes,start_time_utc,start_time,end_time_utc,end_time,started_at_utc,ended_at_utc,host,cpu_model,hot_path_messages,fallback_messages,hot_path_blocks,fallback_blocks
ref,AFS-TrEDM-S6-512,Reference,AFS-TrEDM-S6 internal single-message backend,reference-o3,single-message latency/throughput,64B,64,64,48000,0.237150,4940.620000,12332.170000,192.690000,12.954108,12.354000,0.004940620,0x97,C41504C5CEF242D4F952B90529AB47931EB8324BE692ADE397523115432ACDCC,fresh,AFS-TrEDM-S6 Reference 512,/tmp/afs_tredm_s6/live_perf/20260629T082144Z_pid46757_0de6f7dc/afs_512_ref_benchmark.csvlog,/tmp/afs_tredm_s6/live_perf/20260629T082144Z_pid46757_0de6f7dc/afs_512_ref_benchmark.csvlog,20260629T082144Z_pid46757_0de6f7dc,2026-06-29T08:21:48.130200Z,512,full,"/home/weibh/Codex/AFS-TrEDM_Submission_v2.0/Implementations/Reference_Implementation/AFS-TrEDM-512/benchmark --full --csv --sizes 64,192,1024,1536,65536,1048576",/home/weibh/Codex/AFS-TrEDM_Submission_v2.0/Implementations/Reference_Implementation/AFS-TrEDM-512/benchmark,3114af5317dad0a24311fbe4fed41b7b139d0a4e599115fcc9e2669efc5eeacc,3114af5317dad0a24311fbe4fed41b7b139d0a4e599115fcc9e2669efc5eeacc,AFS-TrEDM-S6 submission source tree,AFS-TrEDM-S6 submission source tree,Implementations/Reference_Implementation/AFS-TrEDM-512/,Implementations/Reference_Implementation/AFS-TrEDM-512/,NA,afs_internal_reference,none,single-message,false,NA,NA,freshly built and executed reference backend,2026-06-29T08:21:45.784567Z,2026-06-29T08:21:45.784567Z,2026-06-29T08:21:48.130200Z,2026-06-29T08:21:48.130200Z,2026-06-29T08:21:45.784567Z,2026-06-29T08:21:48.130200Z,Matrix-5860,Intel(R) Xeon(R) w7-2495X,NA,NA,NA,NA
ref,AFS-TrEDM-S6-512,Reference,AFS-TrEDM-S6 internal single-message backend,reference-o3,single-message latency/throughput,192B,192,192,24000,0.232956,9706.500000,24228.150000,126.190000,19.780338,18.864000,0.009706500,0xB6,65DE6351B887C4D1F4D4F5AE30E1E38ADDA4D895CB844D75BA3237586643F37C,fresh,AFS-TrEDM-S6 Reference 512,/tmp/afs_tredm_s6/live_perf/20260629T082144Z_pid46757_0de6f7dc/afs_512_ref_benchmark.csvlog,/tmp/afs_tredm_s6/live_perf/20260629T082144Z_pid46757_0de6f7dc/afs_512_ref_benchmark.csvlog,20260629T082144Z_pid46757_0de6f7dc,2026-06-29T08:21:48.130200Z,512,full,"/home/weibh/Codex/AFS-TrEDM_Submission_v2.0/Implementations/Reference_Implementation/AFS-TrEDM-512/benchmark --full --csv --sizes 64,192,1024,1536,65536,1048576",/home/weibh/Codex/AFS-TrEDM_Submission_v2.0/Implementations/Reference_Implementation/AFS-TrEDM-512/benchmark,3114af5317dad0a24311fbe4fed41b7b139d0a4e599115fcc9e2669efc5eeacc,3114af5317dad0a24311fbe4fed41b7b139d0a4e599115fcc9e2669efc5eeacc,AFS-TrEDM-S6 submission source tree,AFS-TrEDM-S6 submission source tree,Implementations/Reference_Implementation/AFS-TrEDM-512/,Implementations/Reference_Implementation/AFS-TrEDM-512/,NA,afs_internal_reference,none,single-message,false,NA,NA,freshly built and executed reference backend,2026-06-29T08:21:45.784567Z,2026-06-29T08:21:45.784567Z,2026-06-29T08:21:48.130200Z,2026-06-29T08:21:48.130200Z,2026-06-29T08:21:45.784567Z,2026-06-29T08:21:48.130200Z,Matrix-5860,Intel(R) Xeon(R) w7-2495X,NA,NA,NA,NA
ref,AFS-TrEDM-S6-512,Reference,AFS-TrEDM-S6 internal single-message backend,reference-o3,single-message latency/throughput,1KB,1024,1024,6000,0.261009,43501.500000,108582.700000,106.040000,23.539483,22.449000,0.043501500,0x8D,10C3DBBFCBC79B8860C0E810E5DC1069D38085E0B5759C42B08E7269541211DD,fresh,AFS-TrEDM-S6 Reference 512,/tmp/afs_tredm_s6/live_perf/20260629T082144Z_pid46757_0de6f7dc/afs_512_ref_benchmark.csvlog,/tmp/afs_tredm_s6/live_perf/20260629T082144Z_pid46757_0de6f7dc/afs_512_ref_benchmark.csvlog,20260629T082144Z_pid46757_0de6f7dc,2026-06-29T08:21:48.130200Z,512,full,"/home/weibh/Codex/AFS-TrEDM_Submission_v2.0/Implementations/Reference_Implementation/AFS-TrEDM-512/benchmark --full --csv --sizes 64,192,1024,1536,65536,1048576",/home/weibh/Codex/AFS-TrEDM_Submission_v2.0/Implementations/Reference_Implementation/AFS-TrEDM-512/benchmark,3114af5317dad0a24311fbe4fed41b7b139d0a4e599115fcc9e2669efc5eeacc,3114af5317dad0a24311fbe4fed41b7b139d0a4e599115fcc9e2669efc5eeacc,AFS-TrEDM-S6 submission source tree,AFS-TrEDM-S6 submission source tree,Implementations/Reference_Implementation/AFS-TrEDM-512/,Implementations/Reference_Implementation/AFS-TrEDM-512/,NA,afs_internal_reference,none,single-message,false,NA,NA,freshly built and executed reference backend,2026-06-29T08:21:45.784567Z,2026-06-29T08:21:45.784567Z,2026-06-29T08:21:48.130200Z,2026-06-29T08:21:48.130200Z,2026-06-29T08:21:45.784567Z,2026-06-29T08:21:48.130200Z,Matrix-5860,Intel(R) Xeon(R) w7-2495X,NA,NA,NA,NA
ref,AFS-TrEDM-S6-512,Reference,AFS-TrEDM-S6 internal single-message backend,reference-o3,single-message latency/throughput,1536B,1536,1536,3200,0.205246,64139.370000,160096.670000,104.230000,23.947379,22.838000,0.064139370,0x89,B3DA522FB7AC7BAC0139B4F38B4CF6DAEF8CF0E9CD3CCCB30F875AD860FAE13F,fresh,AFS-TrEDM-S6 Reference 512,/tmp/afs_tredm_s6/live_perf/20260629T082144Z_pid46757_0de6f7dc/afs_512_ref_benchmark.csvlog,/tmp/afs_tredm_s6/live_perf/20260629T082144Z_pid46757_0de6f7dc/afs_512_ref_benchmark.csvlog,20260629T082144Z_pid46757_0de6f7dc,2026-06-29T08:21:48.130200Z,512,full,"/home/weibh/Codex/AFS-TrEDM_Submission_v2.0/Implementations/Reference_Implementation/AFS-TrEDM-512/benchmark --full --csv --sizes 64,192,1024,1536,65536,1048576",/home/weibh/Codex/AFS-TrEDM_Submission_v2.0/Implementations/Reference_Implementation/AFS-TrEDM-512/benchmark,3114af5317dad0a24311fbe4fed41b7b139d0a4e599115fcc9e2669efc5eeacc,3114af5317dad0a24311fbe4fed41b7b139d0a4e599115fcc9e2669efc5eeacc,AFS-TrEDM-S6 submission source tree,AFS-TrEDM-S6 submission source tree,Implementations/Reference_Implementation/AFS-TrEDM-512/,Implementations/Reference_Implementation/AFS-TrEDM-512/,NA,afs_internal_reference,none,single-message,false,NA,NA,freshly built and executed reference backend,2026-06-29T08:21:45.784567Z,2026-06-29T08:21:45.784567Z,2026-06-29T08:21:48.130200Z,2026-06-29T08:21:48.130200Z,2026-06-29T08:21:45.784567Z,2026-06-29T08:21:48.130200Z,Matrix-5860,Intel(R) Xeon(R) w7-2495X,NA,NA,NA,NA
ref,AFS-TrEDM-S6-512,Reference,AFS-TrEDM-S6 internal single-message backend,reference-o3,single-message latency/throughput,64KB,65536,65536,80,0.201978,2524724.600000,6301893.580000,96.160000,25.957499,24.755000,2.524724600,0x37,577E409212C11DC66D91B1A33CCD61E67AA50F70F624090CA62782E76DE970CC,fresh,AFS-TrEDM-S6 Reference 512,/tmp/afs_tredm_s6/live_perf/20260629T082144Z_pid46757_0de6f7dc/afs_512_ref_benchmark.csvlog,/tmp/afs_tredm_s6/live_perf/20260629T082144Z_pid46757_0de6f7dc/afs_512_ref_benchmark.csvlog,20260629T082144Z_pid46757_0de6f7dc,2026-06-29T08:21:48.130200Z,512,full,"/home/weibh/Codex/AFS-TrEDM_Submission_v2.0/Implementations/Reference_Implementation/AFS-TrEDM-512/benchmark --full --csv --sizes 64,192,1024,1536,65536,1048576",/home/weibh/Codex/AFS-TrEDM_Submission_v2.0/Implementations/Reference_Implementation/AFS-TrEDM-512/benchmark,3114af5317dad0a24311fbe4fed41b7b139d0a4e599115fcc9e2669efc5eeacc,3114af5317dad0a24311fbe4fed41b7b139d0a4e599115fcc9e2669efc5eeacc,AFS-TrEDM-S6 submission source tree,AFS-TrEDM-S6 submission source tree,Implementations/Reference_Implementation/AFS-TrEDM-512/,Implementations/Reference_Implementation/AFS-TrEDM-512/,NA,afs_internal_reference,none,single-message,false,NA,NA,freshly built and executed reference backend,2026-06-29T08:21:45.784567Z,2026-06-29T08:21:45.784567Z,2026-06-29T08:21:48.130200Z,2026-06-29T08:21:48.130200Z,2026-06-29T08:21:45.784567Z,2026-06-29T08:21:48.130200Z,Matrix-5860,Intel(R) Xeon(R) w7-2495X,NA,NA,NA,NA
ref,AFS-TrEDM-S6-512,Reference,AFS-TrEDM-S6 internal single-message backend,reference-o3,single-message latency/throughput,1MB,1048576,1048576,12,0.493336,41111330.190000,102616852.500000,97.860000,25.505563,24.324000,41.111330190,0x8A,686E63990338808F15BE44ADDFFAC9CD7717D031D1D52B3A1B2FE8AE2CAD3523,fresh,AFS-TrEDM-S6 Reference 512,/tmp/afs_tredm_s6/live_perf/20260629T082144Z_pid46757_0de6f7dc/afs_512_ref_benchmark.csvlog,/tmp/afs_tredm_s6/live_perf/20260629T082144Z_pid46757_0de6f7dc/afs_512_ref_benchmark.csvlog,20260629T082144Z_pid46757_0de6f7dc,2026-06-29T08:21:48.130200Z,512,full,"/home/weibh/Codex/AFS-TrEDM_Submission_v2.0/Implementations/Reference_Implementation/AFS-TrEDM-512/benchmark --full --csv --sizes 64,192,1024,1536,65536,1048576",/home/weibh/Codex/AFS-TrEDM_Submission_v2.0/Implementations/Reference_Implementation/AFS-TrEDM-512/benchmark,3114af5317dad0a24311fbe4fed41b7b139d0a4e599115fcc9e2669efc5eeacc,3114af5317dad0a24311fbe4fed41b7b139d0a4e599115fcc9e2669efc5eeacc,AFS-TrEDM-S6 submission source tree,AFS-TrEDM-S6 submission source tree,Implementations/Reference_Implementation/AFS-TrEDM-512/,Implementations/Reference_Implementation/AFS-TrEDM-512/,NA,afs_internal_reference,none,single-message,false,NA,NA,freshly built and executed reference backend,2026-06-29T08:21:45.784567Z,2026-06-29T08:21:45.784567Z,2026-06-29T08:21:48.130200Z,2026-06-29T08:21:48.130200Z,2026-06-29T08:21:45.784567Z,2026-06-29T08:21:48.130200Z,Matrix-5860,Intel(R) Xeon(R) w7-2495X,NA,NA,NA,NA
ref,AFS-TrEDM-S6-768,Reference,AFS-TrEDM-S6 internal single-message backend,reference-o3,single-message latency/throughput,64B,64,64,24000,0.208107,8671.120000,21643.720000,338.180000,7.380926,7.039000,0.008671120,0x30,76662CDAC222905D4700AC5770AD87A37697FBD9848DA0587FB0F70AC311F530,fresh,AFS-TrEDM-S6 Reference 768,/tmp/afs_tredm_s6/live_perf/20260629T082144Z_pid46757_0de6f7dc/afs_768_ref_benchmark.csvlog,/tmp/afs_tredm_s6/live_perf/20260629T082144Z_pid46757_0de6f7dc/afs_768_ref_benchmark.csvlog,20260629T082144Z_pid46757_0de6f7dc,2026-06-29T08:21:51.548942Z,768,full,"/home/weibh/Codex/AFS-TrEDM_Submission_v2.0/Implementations/Reference_Implementation/AFS-TrEDM-768/benchmark --full --csv --sizes 64,192,1024,1536,65536,1048576",/home/weibh/Codex/AFS-TrEDM_Submission_v2.0/Implementations/Reference_Implementation/AFS-TrEDM-768/benchmark,c2da31b1bdac1ce6dc264c98599d52c68858b858db8e1d6c9cee858ed87b41f7,c2da31b1bdac1ce6dc264c98599d52c68858b858db8e1d6c9cee858ed87b41f7,AFS-TrEDM-S6 submission source tree,AFS-TrEDM-S6 submission source tree,Implementations/Reference_Implementation/AFS-TrEDM-768/,Implementations/Reference_Implementation/AFS-TrEDM-768/,NA,afs_internal_reference,none,single-message,false,NA,NA,freshly built and executed reference backend,2026-06-29T08:21:48.332671Z,2026-06-29T08:21:48.332671Z,2026-06-29T08:21:51.548942Z,2026-06-29T08:21:51.548942Z,2026-06-29T08:21:48.332671Z,2026-06-29T08:21:51.548942Z,Matrix-5860,Intel(R) Xeon(R) w7-2495X,NA,NA,NA,NA
ref,AFS-TrEDM-S6-768,Reference,AFS-TrEDM-S6 internal single-message backend,reference-o3,single-message latency/throughput,192B,192,192,12000,0.311899,25991.580000,64877.110000,337.900000,7.387218,7.045000,0.025991580,0xEC,A9F8BC73366BE0D910775176136401D45CB6A84821A73AF7FBBDC0AE299722B4,fresh,AFS-TrEDM-S6 Reference 768,/tmp/afs_tredm_s6/live_perf/20260629T082144Z_pid46757_0de6f7dc/afs_768_ref_benchmark.csvlog,/tmp/afs_tredm_s6/live_perf/20260629T082144Z_pid46757_0de6f7dc/afs_768_ref_benchmark.csvlog,20260629T082144Z_pid46757_0de6f7dc,2026-06-29T08:21:51.548942Z,768,full,"/home/weibh/Codex/AFS-TrEDM_Submission_v2.0/Implementations/Reference_Implementation/AFS-TrEDM-768/benchmark --full --csv --sizes 64,192,1024,1536,65536,1048576",/home/weibh/Codex/AFS-TrEDM_Submission_v2.0/Implementations/Reference_Implementation/AFS-TrEDM-768/benchmark,c2da31b1bdac1ce6dc264c98599d52c68858b858db8e1d6c9cee858ed87b41f7,c2da31b1bdac1ce6dc264c98599d52c68858b858db8e1d6c9cee858ed87b41f7,AFS-TrEDM-S6 submission source tree,AFS-TrEDM-S6 submission source tree,Implementations/Reference_Implementation/AFS-TrEDM-768/,Implementations/Reference_Implementation/AFS-TrEDM-768/,NA,afs_internal_reference,none,single-message,false,NA,NA,freshly built and executed reference backend,2026-06-29T08:21:48.332671Z,2026-06-29T08:21:48.332671Z,2026-06-29T08:21:51.548942Z,2026-06-29T08:21:51.548942Z,2026-06-29T08:21:48.332671Z,2026-06-29T08:21:51.548942Z,Matrix-5860,Intel(R) Xeon(R) w7-2495X,NA,NA,NA,NA
ref,AFS-TrEDM-S6-768,Reference,AFS-TrEDM-S6 internal single-message backend,reference-o3,single-message latency/throughput,1KB,1024,1024,3000,0.285127,95042.390000,237232.520000,231.670000,10.774118,10.275000,0.095042390,0xA4,5412613B4503E518F8CB2FBD9C5D43A8464C71497037AFB09BC03BA62DE7A85D,fresh,AFS-TrEDM-S6 Reference 768,/tmp/afs_tredm_s6/live_perf/20260629T082144Z_pid46757_0de6f7dc/afs_768_ref_benchmark.csvlog,/tmp/afs_tredm_s6/live_perf/20260629T082144Z_pid46757_0de6f7dc/afs_768_ref_benchmark.csvlog,20260629T082144Z_pid46757_0de6f7dc,2026-06-29T08:21:51.548942Z,768,full,"/home/weibh/Codex/AFS-TrEDM_Submission_v2.0/Implementations/Reference_Implementation/AFS-TrEDM-768/benchmark --full --csv --sizes 64,192,1024,1536,65536,1048576",/home/weibh/Codex/AFS-TrEDM_Submission_v2.0/Implementations/Reference_Implementation/AFS-TrEDM-768/benchmark,c2da31b1bdac1ce6dc264c98599d52c68858b858db8e1d6c9cee858ed87b41f7,c2da31b1bdac1ce6dc264c98599d52c68858b858db8e1d6c9cee858ed87b41f7,AFS-TrEDM-S6 submission source tree,AFS-TrEDM-S6 submission source tree,Implementations/Reference_Implementation/AFS-TrEDM-768/,Implementations/Reference_Implementation/AFS-TrEDM-768/,NA,afs_internal_reference,none,single-message,false,NA,NA,freshly built and executed reference backend,2026-06-29T08:21:48.332671Z,2026-06-29T08:21:48.332671Z,2026-06-29T08:21:51.548942Z,2026-06-29T08:21:51.548942Z,2026-06-29T08:21:48.332671Z,2026-06-29T08:21:51.548942Z,Matrix-5860,Intel(R) Xeon(R) w7-2495X,NA,NA,NA,NA
ref,AFS-TrEDM-S6-768,Reference,AFS-TrEDM-S6 internal single-message backend,reference-o3,single-message latency/throughput,1536B,1536,1536,1600,0.236507,147816.840000,368962.520000,240.210000,10.391388,9.910000,0.147816840,0x05,22314FF97DBF33C86177FD72A5ECAD71BA68D1DC8FBF13470BE3514D4474E635,fresh,AFS-TrEDM-S6 Reference 768,/tmp/afs_tredm_s6/live_perf/20260629T082144Z_pid46757_0de6f7dc/afs_768_ref_benchmark.csvlog,/tmp/afs_tredm_s6/live_perf/20260629T082144Z_pid46757_0de6f7dc/afs_768_ref_benchmark.csvlog,20260629T082144Z_pid46757_0de6f7dc,2026-06-29T08:21:51.548942Z,768,full,"/home/weibh/Codex/AFS-TrEDM_Submission_v2.0/Implementations/Reference_Implementation/AFS-TrEDM-768/benchmark --full --csv --sizes 64,192,1024,1536,65536,1048576",/home/weibh/Codex/AFS-TrEDM_Submission_v2.0/Implementations/Reference_Implementation/AFS-TrEDM-768/benchmark,c2da31b1bdac1ce6dc264c98599d52c68858b858db8e1d6c9cee858ed87b41f7,c2da31b1bdac1ce6dc264c98599d52c68858b858db8e1d6c9cee858ed87b41f7,AFS-TrEDM-S6 submission source tree,AFS-TrEDM-S6 submission source tree,Implementations/Reference_Implementation/AFS-TrEDM-768/,Implementations/Reference_Implementation/AFS-TrEDM-768/,NA,afs_internal_reference,none,single-message,false,NA,NA,freshly built and executed reference backend,2026-06-29T08:21:48.332671Z,2026-06-29T08:21:48.332671Z,2026-06-29T08:21:51.548942Z,2026-06-29T08:21:51.548942Z,2026-06-29T08:21:48.332671Z,2026-06-29T08:21:51.548942Z,Matrix-5860,Intel(R) Xeon(R) w7-2495X,NA,NA,NA,NA
ref,AFS-TrEDM-S6-768,Reference,AFS-TrEDM-S6 internal single-message backend,reference-o3,single-message latency/throughput,64KB,65536,65536,80,0.474759,5934488.770000,14812945.680000,226.030000,11.043602,10.532000,5.934488770,0xED,AB0A9AA9483455C41F04B9C48C5A134D977A305E1949A7385A5D9F605695CA96,fresh,AFS-TrEDM-S6 Reference 768,/tmp/afs_tredm_s6/live_perf/20260629T082144Z_pid46757_0de6f7dc/afs_768_ref_benchmark.csvlog,/tmp/afs_tredm_s6/live_perf/20260629T082144Z_pid46757_0de6f7dc/afs_768_ref_benchmark.csvlog,20260629T082144Z_pid46757_0de6f7dc,2026-06-29T08:21:51.548942Z,768,full,"/home/weibh/Codex/AFS-TrEDM_Submission_v2.0/Implementations/Reference_Implementation/AFS-TrEDM-768/benchmark --full --csv --sizes 64,192,1024,1536,65536,1048576",/home/weibh/Codex/AFS-TrEDM_Submission_v2.0/Implementations/Reference_Implementation/AFS-TrEDM-768/benchmark,c2da31b1bdac1ce6dc264c98599d52c68858b858db8e1d6c9cee858ed87b41f7,c2da31b1bdac1ce6dc264c98599d52c68858b858db8e1d6c9cee858ed87b41f7,AFS-TrEDM-S6 submission source tree,AFS-TrEDM-S6 submission source tree,Implementations/Reference_Implementation/AFS-TrEDM-768/,Implementations/Reference_Implementation/AFS-TrEDM-768/,NA,afs_internal_reference,none,single-message,false,NA,NA,freshly built and executed reference backend,2026-06-29T08:21:48.332671Z,2026-06-29T08:21:48.332671Z,2026-06-29T08:21:51.548942Z,2026-06-29T08:21:51.548942Z,2026-06-29T08:21:48.332671Z,2026-06-29T08:21:51.548942Z,Matrix-5860,Intel(R) Xeon(R) w7-2495X,NA,NA,NA,NA
ref,AFS-TrEDM-S6-768,Reference,AFS-TrEDM-S6 internal single-message backend,reference-o3,single-message latency/throughput,1MB,1048576,1048576,12,1.130962,94246824.580000,235247102.000000,224.350000,11.125391,10.610000,94.246824580,0x44,A55120F0BB03BC0C1B242C7BCE2541F55E4ABCFA769F7F724188B598E8FFDF46,fresh,AFS-TrEDM-S6 Reference 768,/tmp/afs_tredm_s6/live_perf/20260629T082144Z_pid46757_0de6f7dc/afs_768_ref_benchmark.csvlog,/tmp/afs_tredm_s6/live_perf/20260629T082144Z_pid46757_0de6f7dc/afs_768_ref_benchmark.csvlog,20260629T082144Z_pid46757_0de6f7dc,2026-06-29T08:21:51.548942Z,768,full,"/home/weibh/Codex/AFS-TrEDM_Submission_v2.0/Implementations/Reference_Implementation/AFS-TrEDM-768/benchmark --full --csv --sizes 64,192,1024,1536,65536,1048576",/home/weibh/Codex/AFS-TrEDM_Submission_v2.0/Implementations/Reference_Implementation/AFS-TrEDM-768/benchmark,c2da31b1bdac1ce6dc264c98599d52c68858b858db8e1d6c9cee858ed87b41f7,c2da31b1bdac1ce6dc264c98599d52c68858b858db8e1d6c9cee858ed87b41f7,AFS-TrEDM-S6 submission source tree,AFS-TrEDM-S6 submission source tree,Implementations/Reference_Implementation/AFS-TrEDM-768/,Implementations/Reference_Implementation/AFS-TrEDM-768/,NA,afs_internal_reference,none,single-message,false,NA,NA,freshly built and executed reference backend,2026-06-29T08:21:48.332671Z,2026-06-29T08:21:48.332671Z,2026-06-29T08:21:51.548942Z,2026-06-29T08:21:51.548942Z,2026-06-29T08:21:48.332671Z,2026-06-29T08:21:51.548942Z,Matrix-5860,Intel(R) Xeon(R) w7-2495X,NA,NA,NA,NA
ref,AFS-TrEDM-S6-1024,Reference,AFS-TrEDM-S6 internal single-message backend,reference-o3,single-message latency/throughput,64B,64,64,12000,0.238028,19835.670000,49511.350000,773.610000,3.226468,3.077000,0.019835670,0xA0,F4600A21DE7BA732311A6802DD9272194D84B6BA2A9DCC15CF47DAF91A9905A8,fresh,AFS-TrEDM-S6 Reference 1024,/tmp/afs_tredm_s6/live_perf/20260629T082144Z_pid46757_0de6f7dc/afs_1024_ref_benchmark.csvlog,/tmp/afs_tredm_s6/live_perf/20260629T082144Z_pid46757_0de6f7dc/afs_1024_ref_benchmark.csvlog,20260629T082144Z_pid46757_0de6f7dc,2026-06-29T08:21:56.300441Z,1024,full,"/home/weibh/Codex/AFS-TrEDM_Submission_v2.0/Implementations/Reference_Implementation/AFS-TrEDM-1024/benchmark --full --csv --sizes 64,192,1024,1536,65536,1048576",/home/weibh/Codex/AFS-TrEDM_Submission_v2.0/Implementations/Reference_Implementation/AFS-TrEDM-1024/benchmark,3d68f5b36f7803c7c5797c1966d76d806c150b88cfb26b94141f8cbd1d7911d5,3d68f5b36f7803c7c5797c1966d76d806c150b88cfb26b94141f8cbd1d7911d5,AFS-TrEDM-S6 submission source tree,AFS-TrEDM-S6 submission source tree,Implementations/Reference_Implementation/AFS-TrEDM-1024/,Implementations/Reference_Implementation/AFS-TrEDM-1024/,NA,afs_internal_reference,none,single-message,false,NA,NA,freshly built and executed reference backend,2026-06-29T08:21:51.752959Z,2026-06-29T08:21:51.752959Z,2026-06-29T08:21:56.300441Z,2026-06-29T08:21:56.300441Z,2026-06-29T08:21:51.752959Z,2026-06-29T08:21:56.300441Z,Matrix-5860,Intel(R) Xeon(R) w7-2495X,NA,NA,NA,NA
ref,AFS-TrEDM-S6-1024,Reference,AFS-TrEDM-S6 internal single-message backend,reference-o3,single-message latency/throughput,192B,192,192,6000,0.231120,38519.980000,96148.890000,500.780000,4.984930,4.754000,0.038519980,0x27,08069BE92CBB0E9A7EB7532E2BBE60B19EE334C18502977F580A632E9B706054,fresh,AFS-TrEDM-S6 Reference 1024,/tmp/afs_tredm_s6/live_perf/20260629T082144Z_pid46757_0de6f7dc/afs_1024_ref_benchmark.csvlog,/tmp/afs_tredm_s6/live_perf/20260629T082144Z_pid46757_0de6f7dc/afs_1024_ref_benchmark.csvlog,20260629T082144Z_pid46757_0de6f7dc,2026-06-29T08:21:56.300441Z,1024,full,"/home/weibh/Codex/AFS-TrEDM_Submission_v2.0/Implementations/Reference_Implementation/AFS-TrEDM-1024/benchmark --full --csv --sizes 64,192,1024,1536,65536,1048576",/home/weibh/Codex/AFS-TrEDM_Submission_v2.0/Implementations/Reference_Implementation/AFS-TrEDM-1024/benchmark,3d68f5b36f7803c7c5797c1966d76d806c150b88cfb26b94141f8cbd1d7911d5,3d68f5b36f7803c7c5797c1966d76d806c150b88cfb26b94141f8cbd1d7911d5,AFS-TrEDM-S6 submission source tree,AFS-TrEDM-S6 submission source tree,Implementations/Reference_Implementation/AFS-TrEDM-1024/,Implementations/Reference_Implementation/AFS-TrEDM-1024/,NA,afs_internal_reference,none,single-message,false,NA,NA,freshly built and executed reference backend,2026-06-29T08:21:51.752959Z,2026-06-29T08:21:51.752959Z,2026-06-29T08:21:56.300441Z,2026-06-29T08:21:56.300441Z,2026-06-29T08:21:51.752959Z,2026-06-29T08:21:56.300441Z,Matrix-5860,Intel(R) Xeon(R) w7-2495X,NA,NA,NA,NA
ref,AFS-TrEDM-S6-1024,Reference,AFS-TrEDM-S6 internal single-message backend,reference-o3,single-message latency/throughput,1KB,1024,1024,3000,0.496526,165508.670000,413122.000000,403.440000,6.186598,5.900000,0.165508670,0xF3,89DB588FB06F1074661C06645CCD9A3721F018E48F6B473FEA38EE6E4C90EDE4,fresh,AFS-TrEDM-S6 Reference 1024,/tmp/afs_tredm_s6/live_perf/20260629T082144Z_pid46757_0de6f7dc/afs_1024_ref_benchmark.csvlog,/tmp/afs_tredm_s6/live_perf/20260629T082144Z_pid46757_0de6f7dc/afs_1024_ref_benchmark.csvlog,20260629T082144Z_pid46757_0de6f7dc,2026-06-29T08:21:56.300441Z,1024,full,"/home/weibh/Codex/AFS-TrEDM_Submission_v2.0/Implementations/Reference_Implementation/AFS-TrEDM-1024/benchmark --full --csv --sizes 64,192,1024,1536,65536,1048576",/home/weibh/Codex/AFS-TrEDM_Submission_v2.0/Implementations/Reference_Implementation/AFS-TrEDM-1024/benchmark,3d68f5b36f7803c7c5797c1966d76d806c150b88cfb26b94141f8cbd1d7911d5,3d68f5b36f7803c7c5797c1966d76d806c150b88cfb26b94141f8cbd1d7911d5,AFS-TrEDM-S6 submission source tree,AFS-TrEDM-S6 submission source tree,Implementations/Reference_Implementation/AFS-TrEDM-1024/,Implementations/Reference_Implementation/AFS-TrEDM-1024/,NA,afs_internal_reference,none,single-message,false,NA,NA,freshly built and executed reference backend,2026-06-29T08:21:51.752959Z,2026-06-29T08:21:51.752959Z,2026-06-29T08:21:56.300441Z,2026-06-29T08:21:56.300441Z,2026-06-29T08:21:51.752959Z,2026-06-29T08:21:56.300441Z,Matrix-5860,Intel(R) Xeon(R) w7-2495X,NA,NA,NA,NA
ref,AFS-TrEDM-S6-1024,Reference,AFS-TrEDM-S6 internal single-message backend,reference-o3,single-message latency/throughput,1536B,1536,1536,1600,0.388508,242817.550000,606090.190000,394.590000,6.326059,6.033000,0.242817550,0xEC,DBC32954BCEC27EA64C87B7B625AC809C17D24F3505437AA28607037A6C072DE,fresh,AFS-TrEDM-S6 Reference 1024,/tmp/afs_tredm_s6/live_perf/20260629T082144Z_pid46757_0de6f7dc/afs_1024_ref_benchmark.csvlog,/tmp/afs_tredm_s6/live_perf/20260629T082144Z_pid46757_0de6f7dc/afs_1024_ref_benchmark.csvlog,20260629T082144Z_pid46757_0de6f7dc,2026-06-29T08:21:56.300441Z,1024,full,"/home/weibh/Codex/AFS-TrEDM_Submission_v2.0/Implementations/Reference_Implementation/AFS-TrEDM-1024/benchmark --full --csv --sizes 64,192,1024,1536,65536,1048576",/home/weibh/Codex/AFS-TrEDM_Submission_v2.0/Implementations/Reference_Implementation/AFS-TrEDM-1024/benchmark,3d68f5b36f7803c7c5797c1966d76d806c150b88cfb26b94141f8cbd1d7911d5,3d68f5b36f7803c7c5797c1966d76d806c150b88cfb26b94141f8cbd1d7911d5,AFS-TrEDM-S6 submission source tree,AFS-TrEDM-S6 submission source tree,Implementations/Reference_Implementation/AFS-TrEDM-1024/,Implementations/Reference_Implementation/AFS-TrEDM-1024/,NA,afs_internal_reference,none,single-message,false,NA,NA,freshly built and executed reference backend,2026-06-29T08:21:51.752959Z,2026-06-29T08:21:51.752959Z,2026-06-29T08:21:56.300441Z,2026-06-29T08:21:56.300441Z,2026-06-29T08:21:51.752959Z,2026-06-29T08:21:56.300441Z,Matrix-5860,Intel(R) Xeon(R) w7-2495X,NA,NA,NA,NA
ref,AFS-TrEDM-S6-1024,Reference,AFS-TrEDM-S6 internal single-message backend,reference-o3,single-message latency/throughput,64KB,65536,65536,80,0.795641,9945511.820000,24824760.520000,378.800000,6.589252,6.284000,9.945511820,0x27,30B481D0BE4095D77CA0C1F4639F6D6689A9E98E6046AC37116EEC0971D964CC,fresh,AFS-TrEDM-S6 Reference 1024,/tmp/afs_tredm_s6/live_perf/20260629T082144Z_pid46757_0de6f7dc/afs_1024_ref_benchmark.csvlog,/tmp/afs_tredm_s6/live_perf/20260629T082144Z_pid46757_0de6f7dc/afs_1024_ref_benchmark.csvlog,20260629T082144Z_pid46757_0de6f7dc,2026-06-29T08:21:56.300441Z,1024,full,"/home/weibh/Codex/AFS-TrEDM_Submission_v2.0/Implementations/Reference_Implementation/AFS-TrEDM-1024/benchmark --full --csv --sizes 64,192,1024,1536,65536,1048576",/home/weibh/Codex/AFS-TrEDM_Submission_v2.0/Implementations/Reference_Implementation/AFS-TrEDM-1024/benchmark,3d68f5b36f7803c7c5797c1966d76d806c150b88cfb26b94141f8cbd1d7911d5,3d68f5b36f7803c7c5797c1966d76d806c150b88cfb26b94141f8cbd1d7911d5,AFS-TrEDM-S6 submission source tree,AFS-TrEDM-S6 submission source tree,Implementations/Reference_Implementation/AFS-TrEDM-1024/,Implementations/Reference_Implementation/AFS-TrEDM-1024/,NA,afs_internal_reference,none,single-message,false,NA,NA,freshly built and executed reference backend,2026-06-29T08:21:51.752959Z,2026-06-29T08:21:51.752959Z,2026-06-29T08:21:56.300441Z,2026-06-29T08:21:56.300441Z,2026-06-29T08:21:51.752959Z,2026-06-29T08:21:56.300441Z,Matrix-5860,Intel(R) Xeon(R) w7-2495X,NA,NA,NA,NA
ref,AFS-TrEDM-S6-1024,Reference,AFS-TrEDM-S6 internal single-message backend,reference-o3,single-message latency/throughput,1MB,1048576,1048576,12,1.915349,159612417.220000,398404558.830000,379.950000,6.569329,6.265000,159.612417220,0x19,0E01944339E3E8E33C83C867B37DAC8CC3E24985AB2D4C6392FCCD2044090097,fresh,AFS-TrEDM-S6 Reference 1024,/tmp/afs_tredm_s6/live_perf/20260629T082144Z_pid46757_0de6f7dc/afs_1024_ref_benchmark.csvlog,/tmp/afs_tredm_s6/live_perf/20260629T082144Z_pid46757_0de6f7dc/afs_1024_ref_benchmark.csvlog,20260629T082144Z_pid46757_0de6f7dc,2026-06-29T08:21:56.300441Z,1024,full,"/home/weibh/Codex/AFS-TrEDM_Submission_v2.0/Implementations/Reference_Implementation/AFS-TrEDM-1024/benchmark --full --csv --sizes 64,192,1024,1536,65536,1048576",/home/weibh/Codex/AFS-TrEDM_Submission_v2.0/Implementations/Reference_Implementation/AFS-TrEDM-1024/benchmark,3d68f5b36f7803c7c5797c1966d76d806c150b88cfb26b94141f8cbd1d7911d5,3d68f5b36f7803c7c5797c1966d76d806c150b88cfb26b94141f8cbd1d7911d5,AFS-TrEDM-S6 submission source tree,AFS-TrEDM-S6 submission source tree,Implementations/Reference_Implementation/AFS-TrEDM-1024/,Implementations/Reference_Implementation/AFS-TrEDM-1024/,NA,afs_internal_reference,none,single-message,false,NA,NA,freshly built and executed reference backend,2026-06-29T08:21:51.752959Z,2026-06-29T08:21:51.752959Z,2026-06-29T08:21:56.300441Z,2026-06-29T08:21:56.300441Z,2026-06-29T08:21:51.752959Z,2026-06-29T08:21:56.300441Z,Matrix-5860,Intel(R) Xeon(R) w7-2495X,NA,NA,NA,NA
opt64,AFS-TrEDM-S6-512,Optimized opt64,AFS-TrEDM-S6 internal single-message backend,opt64-s6,single-message latency/throughput,64B,64,64,384000,0.233773,608.780000,1519.570000,23.740000,105.128133,100.258000,0.000608780,0x97,C41504C5CEF242D4F952B90529AB47931EB8324BE692ADE397523115432ACDCC,fresh,AFS-TrEDM-S6 Optimized opt64 512,/tmp/afs_tredm_s6/live_perf/20260629T082144Z_pid46757_0de6f7dc/afs_512_opt64_benchmark.csvlog,/tmp/afs_tredm_s6/live_perf/20260629T082144Z_pid46757_0de6f7dc/afs_512_opt64_benchmark.csvlog,20260629T082144Z_pid46757_0de6f7dc,2026-06-29T08:22:00.019276Z,512,full,"/home/weibh/Codex/AFS-TrEDM_Submission_v2.0/Implementations/Optimized_Implementation/AFS-TrEDM-512/benchmark_perf --full --csv --sizes 64,192,1024,1536,65536,1048576",/home/weibh/Codex/AFS-TrEDM_Submission_v2.0/Implementations/Optimized_Implementation/AFS-TrEDM-512/benchmark_perf,bbc109c89d8cbea5928a863c1648a9473414c3f9c64441ad212fdd2a9c4e55c8,bbc109c89d8cbea5928a863c1648a9473414c3f9c64441ad212fdd2a9c4e55c8,AFS-TrEDM-S6 submission source tree,AFS-TrEDM-S6 submission source tree,Implementations/Optimized_Implementation/AFS-TrEDM-512/,Implementations/Optimized_Implementation/AFS-TrEDM-512/,NA,afs_internal_optimized,portable scalar opt64,single-message,false,NA,NA,freshly built and executed opt64 backend,2026-06-29T08:21:56.632212Z,2026-06-29T08:21:56.632212Z,2026-06-29T08:22:00.019276Z,2026-06-29T08:22:00.019276Z,2026-06-29T08:21:56.632212Z,2026-06-29T08:22:00.019276Z,Matrix-5860,Intel(R) Xeon(R) w7-2495X,NA,NA,NA,NA
opt64,AFS-TrEDM-S6-512,Optimized opt64,AFS-TrEDM-S6 internal single-message backend,opt64-s6,single-message latency/throughput,192B,192,192,192000,0.233031,1213.700000,3029.490000,15.780000,158.193418,150.865000,0.001213700,0xB6,65DE6351B887C4D1F4D4F5AE30E1E38ADDA4D895CB844D75BA3237586643F37C,fresh,AFS-TrEDM-S6 Optimized opt64 512,/tmp/afs_tredm_s6/live_perf/20260629T082144Z_pid46757_0de6f7dc/afs_512_opt64_benchmark.csvlog,/tmp/afs_tredm_s6/live_perf/20260629T082144Z_pid46757_0de6f7dc/afs_512_opt64_benchmark.csvlog,20260629T082144Z_pid46757_0de6f7dc,2026-06-29T08:22:00.019276Z,512,full,"/home/weibh/Codex/AFS-TrEDM_Submission_v2.0/Implementations/Optimized_Implementation/AFS-TrEDM-512/benchmark_perf --full --csv --sizes 64,192,1024,1536,65536,1048576",/home/weibh/Codex/AFS-TrEDM_Submission_v2.0/Implementations/Optimized_Implementation/AFS-TrEDM-512/benchmark_perf,bbc109c89d8cbea5928a863c1648a9473414c3f9c64441ad212fdd2a9c4e55c8,bbc109c89d8cbea5928a863c1648a9473414c3f9c64441ad212fdd2a9c4e55c8,AFS-TrEDM-S6 submission source tree,AFS-TrEDM-S6 submission source tree,Implementations/Optimized_Implementation/AFS-TrEDM-512/,Implementations/Optimized_Implementation/AFS-TrEDM-512/,NA,afs_internal_optimized,portable scalar opt64,single-message,false,NA,NA,freshly built and executed opt64 backend,2026-06-29T08:21:56.632212Z,2026-06-29T08:21:56.632212Z,2026-06-29T08:22:00.019276Z,2026-06-29T08:22:00.019276Z,2026-06-29T08:21:56.632212Z,2026-06-29T08:22:00.019276Z,Matrix-5860,Intel(R) Xeon(R) w7-2495X,NA,NA,NA,NA
opt64,AFS-TrEDM-S6-512,Optimized opt64,AFS-TrEDM-S6 internal single-message backend,opt64-s6,single-message latency/throughput,1KB,1024,1024,48000,0.255060,5313.750000,13263.540000,12.950000,192.707297,183.780000,0.005313750,0xBA,10C3DBBFCBC79B8860C0E810E5DC1069D38085E0B5759C42B08E7269541211DD,fresh,AFS-TrEDM-S6 Optimized opt64 512,/tmp/afs_tredm_s6/live_perf/20260629T082144Z_pid46757_0de6f7dc/afs_512_opt64_benchmark.csvlog,/tmp/afs_tredm_s6/live_perf/20260629T082144Z_pid46757_0de6f7dc/afs_512_opt64_benchmark.csvlog,20260629T082144Z_pid46757_0de6f7dc,2026-06-29T08:22:00.019276Z,512,full,"/home/weibh/Codex/AFS-TrEDM_Submission_v2.0/Implementations/Optimized_Implementation/AFS-TrEDM-512/benchmark_perf --full --csv --sizes 64,192,1024,1536,65536,1048576",/home/weibh/Codex/AFS-TrEDM_Submission_v2.0/Implementations/Optimized_Implementation/AFS-TrEDM-512/benchmark_perf,bbc109c89d8cbea5928a863c1648a9473414c3f9c64441ad212fdd2a9c4e55c8,bbc109c89d8cbea5928a863c1648a9473414c3f9c64441ad212fdd2a9c4e55c8,AFS-TrEDM-S6 submission source tree,AFS-TrEDM-S6 submission source tree,Implementations/Optimized_Implementation/AFS-TrEDM-512/,Implementations/Optimized_Implementation/AFS-TrEDM-512/,NA,afs_internal_optimized,portable scalar opt64,single-message,false,NA,NA,freshly built and executed opt64 backend,2026-06-29T08:21:56.632212Z,2026-06-29T08:21:56.632212Z,2026-06-29T08:22:00.019276Z,2026-06-29T08:22:00.019276Z,2026-06-29T08:21:56.632212Z,2026-06-29T08:22:00.019276Z,Matrix-5860,Intel(R) Xeon(R) w7-2495X,NA,NA,NA,NA
opt64,AFS-TrEDM-S6-512,Optimized opt64,AFS-TrEDM-S6 internal single-message backend,opt64-s6,single-message latency/throughput,1536B,1536,1536,51200,0.396495,7744.040000,19329.690000,12.580000,198.346539,189.158000,0.007744040,0x89,B3DA522FB7AC7BAC0139B4F38B4CF6DAEF8CF0E9CD3CCCB30F875AD860FAE13F,fresh,AFS-TrEDM-S6 Optimized opt64 512,/tmp/afs_tredm_s6/live_perf/20260629T082144Z_pid46757_0de6f7dc/afs_512_opt64_benchmark.csvlog,/tmp/afs_tredm_s6/live_perf/20260629T082144Z_pid46757_0de6f7dc/afs_512_opt64_benchmark.csvlog,20260629T082144Z_pid46757_0de6f7dc,2026-06-29T08:22:00.019276Z,512,full,"/home/weibh/Codex/AFS-TrEDM_Submission_v2.0/Implementations/Optimized_Implementation/AFS-TrEDM-512/benchmark_perf --full --csv --sizes 64,192,1024,1536,65536,1048576",/home/weibh/Codex/AFS-TrEDM_Submission_v2.0/Implementations/Optimized_Implementation/AFS-TrEDM-512/benchmark_perf,bbc109c89d8cbea5928a863c1648a9473414c3f9c64441ad212fdd2a9c4e55c8,bbc109c89d8cbea5928a863c1648a9473414c3f9c64441ad212fdd2a9c4e55c8,AFS-TrEDM-S6 submission source tree,AFS-TrEDM-S6 submission source tree,Implementations/Optimized_Implementation/AFS-TrEDM-512/,Implementations/Optimized_Implementation/AFS-TrEDM-512/,NA,afs_internal_optimized,portable scalar opt64,single-message,false,NA,NA,freshly built and executed opt64 backend,2026-06-29T08:21:56.632212Z,2026-06-29T08:21:56.632212Z,2026-06-29T08:22:00.019276Z,2026-06-29T08:22:00.019276Z,2026-06-29T08:21:56.632212Z,2026-06-29T08:22:00.019276Z,Matrix-5860,Intel(R) Xeon(R) w7-2495X,NA,NA,NA,NA
opt64,AFS-TrEDM-S6-512,Optimized opt64,AFS-TrEDM-S6 internal single-message backend,opt64-s6,single-message latency/throughput,64KB,65536,65536,1280,0.391856,306137.460000,764142.480000,11.660000,214.074130,204.157000,0.306137460,0xAB,577E409212C11DC66D91B1A33CCD61E67AA50F70F624090CA62782E76DE970CC,fresh,AFS-TrEDM-S6 Optimized opt64 512,/tmp/afs_tredm_s6/live_perf/20260629T082144Z_pid46757_0de6f7dc/afs_512_opt64_benchmark.csvlog,/tmp/afs_tredm_s6/live_perf/20260629T082144Z_pid46757_0de6f7dc/afs_512_opt64_benchmark.csvlog,20260629T082144Z_pid46757_0de6f7dc,2026-06-29T08:22:00.019276Z,512,full,"/home/weibh/Codex/AFS-TrEDM_Submission_v2.0/Implementations/Optimized_Implementation/AFS-TrEDM-512/benchmark_perf --full --csv --sizes 64,192,1024,1536,65536,1048576",/home/weibh/Codex/AFS-TrEDM_Submission_v2.0/Implementations/Optimized_Implementation/AFS-TrEDM-512/benchmark_perf,bbc109c89d8cbea5928a863c1648a9473414c3f9c64441ad212fdd2a9c4e55c8,bbc109c89d8cbea5928a863c1648a9473414c3f9c64441ad212fdd2a9c4e55c8,AFS-TrEDM-S6 submission source tree,AFS-TrEDM-S6 submission source tree,Implementations/Optimized_Implementation/AFS-TrEDM-512/,Implementations/Optimized_Implementation/AFS-TrEDM-512/,NA,afs_internal_optimized,portable scalar opt64,single-message,false,NA,NA,freshly built and executed opt64 backend,2026-06-29T08:21:56.632212Z,2026-06-29T08:21:56.632212Z,2026-06-29T08:22:00.019276Z,2026-06-29T08:22:00.019276Z,2026-06-29T08:21:56.632212Z,2026-06-29T08:22:00.019276Z,Matrix-5860,Intel(R) Xeon(R) w7-2495X,NA,NA,NA,NA
opt64,AFS-TrEDM-S6-512,Optimized opt64,AFS-TrEDM-S6 internal single-message backend,opt64-s6,single-message latency/throughput,1MB,1048576,1048576,48,0.240017,5000352.860000,12481266.460000,11.900000,209.700520,199.986000,5.000352860,0x3F,686E63990338808F15BE44ADDFFAC9CD7717D031D1D52B3A1B2FE8AE2CAD3523,fresh,AFS-TrEDM-S6 Optimized opt64 512,/tmp/afs_tredm_s6/live_perf/20260629T082144Z_pid46757_0de6f7dc/afs_512_opt64_benchmark.csvlog,/tmp/afs_tredm_s6/live_perf/20260629T082144Z_pid46757_0de6f7dc/afs_512_opt64_benchmark.csvlog,20260629T082144Z_pid46757_0de6f7dc,2026-06-29T08:22:00.019276Z,512,full,"/home/weibh/Codex/AFS-TrEDM_Submission_v2.0/Implementations/Optimized_Implementation/AFS-TrEDM-512/benchmark_perf --full --csv --sizes 64,192,1024,1536,65536,1048576",/home/weibh/Codex/AFS-TrEDM_Submission_v2.0/Implementations/Optimized_Implementation/AFS-TrEDM-512/benchmark_perf,bbc109c89d8cbea5928a863c1648a9473414c3f9c64441ad212fdd2a9c4e55c8,bbc109c89d8cbea5928a863c1648a9473414c3f9c64441ad212fdd2a9c4e55c8,AFS-TrEDM-S6 submission source tree,AFS-TrEDM-S6 submission source tree,Implementations/Optimized_Implementation/AFS-TrEDM-512/,Implementations/Optimized_Implementation/AFS-TrEDM-512/,NA,afs_internal_optimized,portable scalar opt64,single-message,false,NA,NA,freshly built and executed opt64 backend,2026-06-29T08:21:56.632212Z,2026-06-29T08:21:56.632212Z,2026-06-29T08:22:00.019276Z,2026-06-29T08:22:00.019276Z,2026-06-29T08:21:56.632212Z,2026-06-29T08:22:00.019276Z,Matrix-5860,Intel(R) Xeon(R) w7-2495X,NA,NA,NA,NA
opt64,AFS-TrEDM-S6-768,Optimized opt64,AFS-TrEDM-S6 internal single-message backend,opt64-s6,single-message latency/throughput,64B,64,64,384000,0.385965,1005.120000,2508.850000,39.200000,63.673729,60.724000,0.001005120,0x30,76662CDAC222905D4700AC5770AD87A37697FBD9848DA0587FB0F70AC311F530,fresh,AFS-TrEDM-S6 Optimized opt64 768,/tmp/afs_tredm_s6/live_perf/20260629T082144Z_pid46757_0de6f7dc/afs_768_opt64_benchmark.csvlog,/tmp/afs_tredm_s6/live_perf/20260629T082144Z_pid46757_0de6f7dc/afs_768_opt64_benchmark.csvlog,20260629T082144Z_pid46757_0de6f7dc,2026-06-29T08:22:03.358476Z,768,full,"/home/weibh/Codex/AFS-TrEDM_Submission_v2.0/Implementations/Optimized_Implementation/AFS-TrEDM-768/benchmark_perf --full --csv --sizes 64,192,1024,1536,65536,1048576",/home/weibh/Codex/AFS-TrEDM_Submission_v2.0/Implementations/Optimized_Implementation/AFS-TrEDM-768/benchmark_perf,dbe65814580653a972daa85d39331051938f3b7f1c417d12277b4d673088f9f4,dbe65814580653a972daa85d39331051938f3b7f1c417d12277b4d673088f9f4,AFS-TrEDM-S6 submission source tree,AFS-TrEDM-S6 submission source tree,Implementations/Optimized_Implementation/AFS-TrEDM-768/,Implementations/Optimized_Implementation/AFS-TrEDM-768/,NA,afs_internal_optimized,portable scalar opt64,single-message,false,NA,NA,freshly built and executed opt64 backend,2026-06-29T08:22:00.357129Z,2026-06-29T08:22:00.357129Z,2026-06-29T08:22:03.358476Z,2026-06-29T08:22:03.358476Z,2026-06-29T08:22:00.357129Z,2026-06-29T08:22:03.358476Z,Matrix-5860,Intel(R) Xeon(R) w7-2495X,NA,NA,NA,NA
opt64,AFS-TrEDM-S6-768,Optimized opt64,AFS-TrEDM-S6 internal single-message backend,opt64-s6,single-message latency/throughput,192B,192,192,96000,0.286121,2980.430000,7439.380000,38.750000,64.420315,61.436000,0.002980430,0xEC,A9F8BC73366BE0D910775176136401D45CB6A84821A73AF7FBBDC0AE299722B4,fresh,AFS-TrEDM-S6 Optimized opt64 768,/tmp/afs_tredm_s6/live_perf/20260629T082144Z_pid46757_0de6f7dc/afs_768_opt64_benchmark.csvlog,/tmp/afs_tredm_s6/live_perf/20260629T082144Z_pid46757_0de6f7dc/afs_768_opt64_benchmark.csvlog,20260629T082144Z_pid46757_0de6f7dc,2026-06-29T08:22:03.358476Z,768,full,"/home/weibh/Codex/AFS-TrEDM_Submission_v2.0/Implementations/Optimized_Implementation/AFS-TrEDM-768/benchmark_perf --full --csv --sizes 64,192,1024,1536,65536,1048576",/home/weibh/Codex/AFS-TrEDM_Submission_v2.0/Implementations/Optimized_Implementation/AFS-TrEDM-768/benchmark_perf,dbe65814580653a972daa85d39331051938f3b7f1c417d12277b4d673088f9f4,dbe65814580653a972daa85d39331051938f3b7f1c417d12277b4d673088f9f4,AFS-TrEDM-S6 submission source tree,AFS-TrEDM-S6 submission source tree,Implementations/Optimized_Implementation/AFS-TrEDM-768/,Implementations/Optimized_Implementation/AFS-TrEDM-768/,NA,afs_internal_optimized,portable scalar opt64,single-message,false,NA,NA,freshly built and executed opt64 backend,2026-06-29T08:22:00.357129Z,2026-06-29T08:22:00.357129Z,2026-06-29T08:22:03.358476Z,2026-06-29T08:22:03.358476Z,2026-06-29T08:22:00.357129Z,2026-06-29T08:22:03.358476Z,Matrix-5860,Intel(R) Xeon(R) w7-2495X,NA,NA,NA,NA
opt64,AFS-TrEDM-S6-768,Optimized opt64,AFS-TrEDM-S6 internal single-message backend,opt64-s6,single-message latency/throughput,1KB,1024,1024,24000,0.258160,10756.670000,26849.390000,26.220000,95.197069,90.787000,0.010756670,0xC4,5412613B4503E518F8CB2FBD9C5D43A8464C71497037AFB09BC03BA62DE7A85D,fresh,AFS-TrEDM-S6 Optimized opt64 768,/tmp/afs_tredm_s6/live_perf/20260629T082144Z_pid46757_0de6f7dc/afs_768_opt64_benchmark.csvlog,/tmp/afs_tredm_s6/live_perf/20260629T082144Z_pid46757_0de6f7dc/afs_768_opt64_benchmark.csvlog,20260629T082144Z_pid46757_0de6f7dc,2026-06-29T08:22:03.358476Z,768,full,"/home/weibh/Codex/AFS-TrEDM_Submission_v2.0/Implementations/Optimized_Implementation/AFS-TrEDM-768/benchmark_perf --full --csv --sizes 64,192,1024,1536,65536,1048576",/home/weibh/Codex/AFS-TrEDM_Submission_v2.0/Implementations/Optimized_Implementation/AFS-TrEDM-768/benchmark_perf,dbe65814580653a972daa85d39331051938f3b7f1c417d12277b4d673088f9f4,dbe65814580653a972daa85d39331051938f3b7f1c417d12277b4d673088f9f4,AFS-TrEDM-S6 submission source tree,AFS-TrEDM-S6 submission source tree,Implementations/Optimized_Implementation/AFS-TrEDM-768/,Implementations/Optimized_Implementation/AFS-TrEDM-768/,NA,afs_internal_optimized,portable scalar opt64,single-message,false,NA,NA,freshly built and executed opt64 backend,2026-06-29T08:22:00.357129Z,2026-06-29T08:22:00.357129Z,2026-06-29T08:22:03.358476Z,2026-06-29T08:22:03.358476Z,2026-06-29T08:22:00.357129Z,2026-06-29T08:22:03.358476Z,Matrix-5860,Intel(R) Xeon(R) w7-2495X,NA,NA,NA,NA
opt64,AFS-TrEDM-S6-768,Optimized opt64,AFS-TrEDM-S6 internal single-message backend,opt64-s6,single-message latency/throughput,1536B,1536,1536,12800,0.212934,16635.470000,41523.240000,27.030000,92.332360,88.055000,0.016635470,0x3C,22314FF97DBF33C86177FD72A5ECAD71BA68D1DC8FBF13470BE3514D4474E635,fresh,AFS-TrEDM-S6 Optimized opt64 768,/tmp/afs_tredm_s6/live_perf/20260629T082144Z_pid46757_0de6f7dc/afs_768_opt64_benchmark.csvlog,/tmp/afs_tredm_s6/live_perf/20260629T082144Z_pid46757_0de6f7dc/afs_768_opt64_benchmark.csvlog,20260629T082144Z_pid46757_0de6f7dc,2026-06-29T08:22:03.358476Z,768,full,"/home/weibh/Codex/AFS-TrEDM_Submission_v2.0/Implementations/Optimized_Implementation/AFS-TrEDM-768/benchmark_perf --full --csv --sizes 64,192,1024,1536,65536,1048576",/home/weibh/Codex/AFS-TrEDM_Submission_v2.0/Implementations/Optimized_Implementation/AFS-TrEDM-768/benchmark_perf,dbe65814580653a972daa85d39331051938f3b7f1c417d12277b4d673088f9f4,dbe65814580653a972daa85d39331051938f3b7f1c417d12277b4d673088f9f4,AFS-TrEDM-S6 submission source tree,AFS-TrEDM-S6 submission source tree,Implementations/Optimized_Implementation/AFS-TrEDM-768/,Implementations/Optimized_Implementation/AFS-TrEDM-768/,NA,afs_internal_optimized,portable scalar opt64,single-message,false,NA,NA,freshly built and executed opt64 backend,2026-06-29T08:22:00.357129Z,2026-06-29T08:22:00.357129Z,2026-06-29T08:22:03.358476Z,2026-06-29T08:22:03.358476Z,2026-06-29T08:22:00.357129Z,2026-06-29T08:22:03.358476Z,Matrix-5860,Intel(R) Xeon(R) w7-2495X,NA,NA,NA,NA
opt64,AFS-TrEDM-S6-768,Optimized opt64,AFS-TrEDM-S6 internal single-message backend,opt64-s6,single-message latency/throughput,64KB,65536,65536,320,0.216592,676850.230000,1689469.740000,25.780000,96.824459,92.339000,0.676850230,0x23,AB0A9AA9483455C41F04B9C48C5A134D977A305E1949A7385A5D9F605695CA96,fresh,AFS-TrEDM-S6 Optimized opt64 768,/tmp/afs_tredm_s6/live_perf/20260629T082144Z_pid46757_0de6f7dc/afs_768_opt64_benchmark.csvlog,/tmp/afs_tredm_s6/live_perf/20260629T082144Z_pid46757_0de6f7dc/afs_768_opt64_benchmark.csvlog,20260629T082144Z_pid46757_0de6f7dc,2026-06-29T08:22:03.358476Z,768,full,"/home/weibh/Codex/AFS-TrEDM_Submission_v2.0/Implementations/Optimized_Implementation/AFS-TrEDM-768/benchmark_perf --full --csv --sizes 64,192,1024,1536,65536,1048576",/home/weibh/Codex/AFS-TrEDM_Submission_v2.0/Implementations/Optimized_Implementation/AFS-TrEDM-768/benchmark_perf,dbe65814580653a972daa85d39331051938f3b7f1c417d12277b4d673088f9f4,dbe65814580653a972daa85d39331051938f3b7f1c417d12277b4d673088f9f4,AFS-TrEDM-S6 submission source tree,AFS-TrEDM-S6 submission source tree,Implementations/Optimized_Implementation/AFS-TrEDM-768/,Implementations/Optimized_Implementation/AFS-TrEDM-768/,NA,afs_internal_optimized,portable scalar opt64,single-message,false,NA,NA,freshly built and executed opt64 backend,2026-06-29T08:22:00.357129Z,2026-06-29T08:22:00.357129Z,2026-06-29T08:22:03.358476Z,2026-06-29T08:22:03.358476Z,2026-06-29T08:22:00.357129Z,2026-06-29T08:22:03.358476Z,Matrix-5860,Intel(R) Xeon(R) w7-2495X,NA,NA,NA,NA
opt64,AFS-TrEDM-S6-768,Optimized opt64,AFS-TrEDM-S6 internal single-message backend,opt64-s6,single-message latency/throughput,1MB,1048576,1048576,24,0.256094,10670582.450000,26634539.330000,25.400000,98.268348,93.716000,10.670582450,0xE9,A55120F0BB03BC0C1B242C7BCE2541F55E4ABCFA769F7F724188B598E8FFDF46,fresh,AFS-TrEDM-S6 Optimized opt64 768,/tmp/afs_tredm_s6/live_perf/20260629T082144Z_pid46757_0de6f7dc/afs_768_opt64_benchmark.csvlog,/tmp/afs_tredm_s6/live_perf/20260629T082144Z_pid46757_0de6f7dc/afs_768_opt64_benchmark.csvlog,20260629T082144Z_pid46757_0de6f7dc,2026-06-29T08:22:03.358476Z,768,full,"/home/weibh/Codex/AFS-TrEDM_Submission_v2.0/Implementations/Optimized_Implementation/AFS-TrEDM-768/benchmark_perf --full --csv --sizes 64,192,1024,1536,65536,1048576",/home/weibh/Codex/AFS-TrEDM_Submission_v2.0/Implementations/Optimized_Implementation/AFS-TrEDM-768/benchmark_perf,dbe65814580653a972daa85d39331051938f3b7f1c417d12277b4d673088f9f4,dbe65814580653a972daa85d39331051938f3b7f1c417d12277b4d673088f9f4,AFS-TrEDM-S6 submission source tree,AFS-TrEDM-S6 submission source tree,Implementations/Optimized_Implementation/AFS-TrEDM-768/,Implementations/Optimized_Implementation/AFS-TrEDM-768/,NA,afs_internal_optimized,portable scalar opt64,single-message,false,NA,NA,freshly built and executed opt64 backend,2026-06-29T08:22:00.357129Z,2026-06-29T08:22:00.357129Z,2026-06-29T08:22:03.358476Z,2026-06-29T08:22:03.358476Z,2026-06-29T08:22:00.357129Z,2026-06-29T08:22:03.358476Z,Matrix-5860,Intel(R) Xeon(R) w7-2495X,NA,NA,NA,NA
opt64,AFS-TrEDM-S6-1024,Optimized opt64,AFS-TrEDM-S6 internal single-message backend,opt64-s6,single-message latency/throughput,64B,64,64,96000,0.230171,2397.620000,5984.630000,93.510000,26.693599,25.457000,0.002397620,0x01,F4600A21DE7BA732311A6802DD9272194D84B6BA2A9DCC15CF47DAF91A9905A8,fresh,AFS-TrEDM-S6 Optimized opt64 1024,/tmp/afs_tredm_s6/live_perf/20260629T082144Z_pid46757_0de6f7dc/afs_1024_opt64_benchmark.csvlog,/tmp/afs_tredm_s6/live_perf/20260629T082144Z_pid46757_0de6f7dc/afs_1024_opt64_benchmark.csvlog,20260629T082144Z_pid46757_0de6f7dc,2026-06-29T08:22:06.734187Z,1024,full,"/home/weibh/Codex/AFS-TrEDM_Submission_v2.0/Implementations/Optimized_Implementation/AFS-TrEDM-1024/benchmark_perf --full --csv --sizes 64,192,1024,1536,65536,1048576",/home/weibh/Codex/AFS-TrEDM_Submission_v2.0/Implementations/Optimized_Implementation/AFS-TrEDM-1024/benchmark_perf,b7d8a2a4e6337e619c52d3e7f3abcde3bd45a09e7f6fb285d56ee8bd413500b6,b7d8a2a4e6337e619c52d3e7f3abcde3bd45a09e7f6fb285d56ee8bd413500b6,AFS-TrEDM-S6 submission source tree,AFS-TrEDM-S6 submission source tree,Implementations/Optimized_Implementation/AFS-TrEDM-1024/,Implementations/Optimized_Implementation/AFS-TrEDM-1024/,NA,afs_internal_optimized,portable scalar opt64,single-message,false,NA,NA,freshly built and executed opt64 backend,2026-06-29T08:22:03.757341Z,2026-06-29T08:22:03.757341Z,2026-06-29T08:22:06.734187Z,2026-06-29T08:22:06.734187Z,2026-06-29T08:22:03.757341Z,2026-06-29T08:22:06.734187Z,Matrix-5860,Intel(R) Xeon(R) w7-2495X,NA,NA,NA,NA
opt64,AFS-TrEDM-S6-1024,Optimized opt64,AFS-TrEDM-S6 internal single-message backend,opt64-s6,single-message latency/throughput,192B,192,192,48000,0.227870,4747.290000,11849.590000,61.720000,40.444625,38.571000,0.004747290,0xD4,08069BE92CBB0E9A7EB7532E2BBE60B19EE334C18502977F580A632E9B706054,fresh,AFS-TrEDM-S6 Optimized opt64 1024,/tmp/afs_tredm_s6/live_perf/20260629T082144Z_pid46757_0de6f7dc/afs_1024_opt64_benchmark.csvlog,/tmp/afs_tredm_s6/live_perf/20260629T082144Z_pid46757_0de6f7dc/afs_1024_opt64_benchmark.csvlog,20260629T082144Z_pid46757_0de6f7dc,2026-06-29T08:22:06.734187Z,1024,full,"/home/weibh/Codex/AFS-TrEDM_Submission_v2.0/Implementations/Optimized_Implementation/AFS-TrEDM-1024/benchmark_perf --full --csv --sizes 64,192,1024,1536,65536,1048576",/home/weibh/Codex/AFS-TrEDM_Submission_v2.0/Implementations/Optimized_Implementation/AFS-TrEDM-1024/benchmark_perf,b7d8a2a4e6337e619c52d3e7f3abcde3bd45a09e7f6fb285d56ee8bd413500b6,b7d8a2a4e6337e619c52d3e7f3abcde3bd45a09e7f6fb285d56ee8bd413500b6,AFS-TrEDM-S6 submission source tree,AFS-TrEDM-S6 submission source tree,Implementations/Optimized_Implementation/AFS-TrEDM-1024/,Implementations/Optimized_Implementation/AFS-TrEDM-1024/,NA,afs_internal_optimized,portable scalar opt64,single-message,false,NA,NA,freshly built and executed opt64 backend,2026-06-29T08:22:03.757341Z,2026-06-29T08:22:03.757341Z,2026-06-29T08:22:06.734187Z,2026-06-29T08:22:06.734187Z,2026-06-29T08:22:03.757341Z,2026-06-29T08:22:06.734187Z,Matrix-5860,Intel(R) Xeon(R) w7-2495X,NA,NA,NA,NA
opt64,AFS-TrEDM-S6-1024,Optimized opt64,AFS-TrEDM-S6 internal single-message backend,opt64-s6,single-message latency/throughput,1KB,1024,1024,12000,0.240433,20036.080000,50011.670000,48.840000,51.107594,48.740000,0.020036080,0x48,89DB588FB06F1074661C06645CCD9A3721F018E48F6B473FEA38EE6E4C90EDE4,fresh,AFS-TrEDM-S6 Optimized opt64 1024,/tmp/afs_tredm_s6/live_perf/20260629T082144Z_pid46757_0de6f7dc/afs_1024_opt64_benchmark.csvlog,/tmp/afs_tredm_s6/live_perf/20260629T082144Z_pid46757_0de6f7dc/afs_1024_opt64_benchmark.csvlog,20260629T082144Z_pid46757_0de6f7dc,2026-06-29T08:22:06.734187Z,1024,full,"/home/weibh/Codex/AFS-TrEDM_Submission_v2.0/Implementations/Optimized_Implementation/AFS-TrEDM-1024/benchmark_perf --full --csv --sizes 64,192,1024,1536,65536,1048576",/home/weibh/Codex/AFS-TrEDM_Submission_v2.0/Implementations/Optimized_Implementation/AFS-TrEDM-1024/benchmark_perf,b7d8a2a4e6337e619c52d3e7f3abcde3bd45a09e7f6fb285d56ee8bd413500b6,b7d8a2a4e6337e619c52d3e7f3abcde3bd45a09e7f6fb285d56ee8bd413500b6,AFS-TrEDM-S6 submission source tree,AFS-TrEDM-S6 submission source tree,Implementations/Optimized_Implementation/AFS-TrEDM-1024/,Implementations/Optimized_Implementation/AFS-TrEDM-1024/,NA,afs_internal_optimized,portable scalar opt64,single-message,false,NA,NA,freshly built and executed opt64 backend,2026-06-29T08:22:03.757341Z,2026-06-29T08:22:03.757341Z,2026-06-29T08:22:06.734187Z,2026-06-29T08:22:06.734187Z,2026-06-29T08:22:03.757341Z,2026-06-29T08:22:06.734187Z,Matrix-5860,Intel(R) Xeon(R) w7-2495X,NA,NA,NA,NA
opt64,AFS-TrEDM-S6-1024,Optimized opt64,AFS-TrEDM-S6 internal single-message backend,opt64-s6,single-message latency/throughput,1536B,1536,1536,12800,0.378592,29577.500000,73827.640000,48.060000,51.931775,49.526000,0.029577500,0x88,DBC32954BCEC27EA64C87B7B625AC809C17D24F3505437AA28607037A6C072DE,fresh,AFS-TrEDM-S6 Optimized opt64 1024,/tmp/afs_tredm_s6/live_perf/20260629T082144Z_pid46757_0de6f7dc/afs_1024_opt64_benchmark.csvlog,/tmp/afs_tredm_s6/live_perf/20260629T082144Z_pid46757_0de6f7dc/afs_1024_opt64_benchmark.csvlog,20260629T082144Z_pid46757_0de6f7dc,2026-06-29T08:22:06.734187Z,1024,full,"/home/weibh/Codex/AFS-TrEDM_Submission_v2.0/Implementations/Optimized_Implementation/AFS-TrEDM-1024/benchmark_perf --full --csv --sizes 64,192,1024,1536,65536,1048576",/home/weibh/Codex/AFS-TrEDM_Submission_v2.0/Implementations/Optimized_Implementation/AFS-TrEDM-1024/benchmark_perf,b7d8a2a4e6337e619c52d3e7f3abcde3bd45a09e7f6fb285d56ee8bd413500b6,b7d8a2a4e6337e619c52d3e7f3abcde3bd45a09e7f6fb285d56ee8bd413500b6,AFS-TrEDM-S6 submission source tree,AFS-TrEDM-S6 submission source tree,Implementations/Optimized_Implementation/AFS-TrEDM-1024/,Implementations/Optimized_Implementation/AFS-TrEDM-1024/,NA,afs_internal_optimized,portable scalar opt64,single-message,false,NA,NA,freshly built and executed opt64 backend,2026-06-29T08:22:03.757341Z,2026-06-29T08:22:03.757341Z,2026-06-29T08:22:06.734187Z,2026-06-29T08:22:06.734187Z,2026-06-29T08:22:03.757341Z,2026-06-29T08:22:06.734187Z,Matrix-5860,Intel(R) Xeon(R) w7-2495X,NA,NA,NA,NA
opt64,AFS-TrEDM-S6-1024,Optimized opt64,AFS-TrEDM-S6 internal single-message backend,opt64-s6,single-message latency/throughput,64KB,65536,65536,320,0.386624,1208199.560000,3015761.440000,46.020000,54.242836,51.730000,1.208199560,0xA8,30B481D0BE4095D77CA0C1F4639F6D6689A9E98E6046AC37116EEC0971D964CC,fresh,AFS-TrEDM-S6 Optimized opt64 1024,/tmp/afs_tredm_s6/live_perf/20260629T082144Z_pid46757_0de6f7dc/afs_1024_opt64_benchmark.csvlog,/tmp/afs_tredm_s6/live_perf/20260629T082144Z_pid46757_0de6f7dc/afs_1024_opt64_benchmark.csvlog,20260629T082144Z_pid46757_0de6f7dc,2026-06-29T08:22:06.734187Z,1024,full,"/home/weibh/Codex/AFS-TrEDM_Submission_v2.0/Implementations/Optimized_Implementation/AFS-TrEDM-1024/benchmark_perf --full --csv --sizes 64,192,1024,1536,65536,1048576",/home/weibh/Codex/AFS-TrEDM_Submission_v2.0/Implementations/Optimized_Implementation/AFS-TrEDM-1024/benchmark_perf,b7d8a2a4e6337e619c52d3e7f3abcde3bd45a09e7f6fb285d56ee8bd413500b6,b7d8a2a4e6337e619c52d3e7f3abcde3bd45a09e7f6fb285d56ee8bd413500b6,AFS-TrEDM-S6 submission source tree,AFS-TrEDM-S6 submission source tree,Implementations/Optimized_Implementation/AFS-TrEDM-1024/,Implementations/Optimized_Implementation/AFS-TrEDM-1024/,NA,afs_internal_optimized,portable scalar opt64,single-message,false,NA,NA,freshly built and executed opt64 backend,2026-06-29T08:22:03.757341Z,2026-06-29T08:22:03.757341Z,2026-06-29T08:22:06.734187Z,2026-06-29T08:22:06.734187Z,2026-06-29T08:22:03.757341Z,2026-06-29T08:22:06.734187Z,Matrix-5860,Intel(R) Xeon(R) w7-2495X,NA,NA,NA,NA
opt64,AFS-TrEDM-S6-1024,Optimized opt64,AFS-TrEDM-S6 internal single-message backend,opt64-s6,single-message latency/throughput,1MB,1048576,1048576,12,0.231937,19328077.630000,48244335.170000,46.010000,54.251225,51.738000,19.328077630,0x19,0E01944339E3E8E33C83C867B37DAC8CC3E24985AB2D4C6392FCCD2044090097,fresh,AFS-TrEDM-S6 Optimized opt64 1024,/tmp/afs_tredm_s6/live_perf/20260629T082144Z_pid46757_0de6f7dc/afs_1024_opt64_benchmark.csvlog,/tmp/afs_tredm_s6/live_perf/20260629T082144Z_pid46757_0de6f7dc/afs_1024_opt64_benchmark.csvlog,20260629T082144Z_pid46757_0de6f7dc,2026-06-29T08:22:06.734187Z,1024,full,"/home/weibh/Codex/AFS-TrEDM_Submission_v2.0/Implementations/Optimized_Implementation/AFS-TrEDM-1024/benchmark_perf --full --csv --sizes 64,192,1024,1536,65536,1048576",/home/weibh/Codex/AFS-TrEDM_Submission_v2.0/Implementations/Optimized_Implementation/AFS-TrEDM-1024/benchmark_perf,b7d8a2a4e6337e619c52d3e7f3abcde3bd45a09e7f6fb285d56ee8bd413500b6,b7d8a2a4e6337e619c52d3e7f3abcde3bd45a09e7f6fb285d56ee8bd413500b6,AFS-TrEDM-S6 submission source tree,AFS-TrEDM-S6 submission source tree,Implementations/Optimized_Implementation/AFS-TrEDM-1024/,Implementations/Optimized_Implementation/AFS-TrEDM-1024/,NA,afs_internal_optimized,portable scalar opt64,single-message,false,NA,NA,freshly built and executed opt64 backend,2026-06-29T08:22:03.757341Z,2026-06-29T08:22:03.757341Z,2026-06-29T08:22:06.734187Z,2026-06-29T08:22:06.734187Z,2026-06-29T08:22:03.757341Z,2026-06-29T08:22:06.734187Z,Matrix-5860,Intel(R) Xeon(R) w7-2495X,NA,NA,NA,NA
avx2,AFS-TrEDM-S6-512,Optimized AVX2 hybrid,AFS-TrEDM-S6 internal single-message backend,avx2-sbox + opt64-s6-linear,single-message latency/throughput,64B,64,64,768000,0.356942,464.770000,1160.100000,18.130000,137.703195,131.324000,0.000464770,0x97,C41504C5CEF242D4F952B90529AB47931EB8324BE692ADE397523115432ACDCC,fresh,AFS-TrEDM-S6 Optimized AVX2 hybrid 512,/tmp/afs_tredm_s6/live_perf/20260629T082144Z_pid46757_0de6f7dc/afs_512_avx2_benchmark.csvlog,/tmp/afs_tredm_s6/live_perf/20260629T082144Z_pid46757_0de6f7dc/afs_512_avx2_benchmark.csvlog,20260629T082144Z_pid46757_0de6f7dc,2026-06-29T08:22:11.673094Z,512,full,"/home/weibh/Codex/AFS-TrEDM_Submission_v2.0/Implementations/Optimized_Implementation/AFS-TrEDM-512/benchmark_avx2_perf --full --csv --sizes 64,192,1024,1536,65536,1048576",/home/weibh/Codex/AFS-TrEDM_Submission_v2.0/Implementations/Optimized_Implementation/AFS-TrEDM-512/benchmark_avx2_perf,9e4fe591bef1e2ddf4232bd41b8b158402d3836b5822dbe9bc83e36747241bb3,9e4fe591bef1e2ddf4232bd41b8b158402d3836b5822dbe9bc83e36747241bb3,AFS-TrEDM-S6 submission source tree,AFS-TrEDM-S6 submission source tree,Implementations/Optimized_Implementation/AFS-TrEDM-512/,Implementations/Optimized_Implementation/AFS-TrEDM-512/,NA,afs_internal_optimized,AVX2 nonlinear layer plus opt64 S6 linear layer,single-message,false,NA,NA,freshly built and executed AVX2 hybrid backend,2026-06-29T08:22:07.633800Z,2026-06-29T08:22:07.633800Z,2026-06-29T08:22:11.673094Z,2026-06-29T08:22:11.673094Z,2026-06-29T08:22:07.633800Z,2026-06-29T08:22:11.673094Z,Matrix-5860,Intel(R) Xeon(R) w7-2495X,NA,NA,NA,NA
avx2,AFS-TrEDM-S6-512,Optimized AVX2 hybrid,AFS-TrEDM-S6 internal single-message backend,avx2-sbox + opt64-s6-linear,single-message latency/throughput,192B,192,192,384000,0.359139,935.260000,2334.470000,12.160000,205.291258,195.781000,0.000935260,0xB6,65DE6351B887C4D1F4D4F5AE30E1E38ADDA4D895CB844D75BA3237586643F37C,fresh,AFS-TrEDM-S6 Optimized AVX2 hybrid 512,/tmp/afs_tredm_s6/live_perf/20260629T082144Z_pid46757_0de6f7dc/afs_512_avx2_benchmark.csvlog,/tmp/afs_tredm_s6/live_perf/20260629T082144Z_pid46757_0de6f7dc/afs_512_avx2_benchmark.csvlog,20260629T082144Z_pid46757_0de6f7dc,2026-06-29T08:22:11.673094Z,512,full,"/home/weibh/Codex/AFS-TrEDM_Submission_v2.0/Implementations/Optimized_Implementation/AFS-TrEDM-512/benchmark_avx2_perf --full --csv --sizes 64,192,1024,1536,65536,1048576",/home/weibh/Codex/AFS-TrEDM_Submission_v2.0/Implementations/Optimized_Implementation/AFS-TrEDM-512/benchmark_avx2_perf,9e4fe591bef1e2ddf4232bd41b8b158402d3836b5822dbe9bc83e36747241bb3,9e4fe591bef1e2ddf4232bd41b8b158402d3836b5822dbe9bc83e36747241bb3,AFS-TrEDM-S6 submission source tree,AFS-TrEDM-S6 submission source tree,Implementations/Optimized_Implementation/AFS-TrEDM-512/,Implementations/Optimized_Implementation/AFS-TrEDM-512/,NA,afs_internal_optimized,AVX2 nonlinear layer plus opt64 S6 linear layer,single-message,false,NA,NA,freshly built and executed AVX2 hybrid backend,2026-06-29T08:22:07.633800Z,2026-06-29T08:22:07.633800Z,2026-06-29T08:22:11.673094Z,2026-06-29T08:22:11.673094Z,2026-06-29T08:22:07.633800Z,2026-06-29T08:22:11.673094Z,Matrix-5860,Intel(R) Xeon(R) w7-2495X,NA,NA,NA,NA
avx2,AFS-TrEDM-S6-512,Optimized AVX2 hybrid,AFS-TrEDM-S6 internal single-message backend,avx2-sbox + opt64-s6-linear,single-message latency/throughput,1KB,1024,1024,96000,0.391376,4076.830000,10176.090000,9.940000,251.174846,239.539000,0.004076830,0xBA,10C3DBBFCBC79B8860C0E810E5DC1069D38085E0B5759C42B08E7269541211DD,fresh,AFS-TrEDM-S6 Optimized AVX2 hybrid 512,/tmp/afs_tredm_s6/live_perf/20260629T082144Z_pid46757_0de6f7dc/afs_512_avx2_benchmark.csvlog,/tmp/afs_tredm_s6/live_perf/20260629T082144Z_pid46757_0de6f7dc/afs_512_avx2_benchmark.csvlog,20260629T082144Z_pid46757_0de6f7dc,2026-06-29T08:22:11.673094Z,512,full,"/home/weibh/Codex/AFS-TrEDM_Submission_v2.0/Implementations/Optimized_Implementation/AFS-TrEDM-512/benchmark_avx2_perf --full --csv --sizes 64,192,1024,1536,65536,1048576",/home/weibh/Codex/AFS-TrEDM_Submission_v2.0/Implementations/Optimized_Implementation/AFS-TrEDM-512/benchmark_avx2_perf,9e4fe591bef1e2ddf4232bd41b8b158402d3836b5822dbe9bc83e36747241bb3,9e4fe591bef1e2ddf4232bd41b8b158402d3836b5822dbe9bc83e36747241bb3,AFS-TrEDM-S6 submission source tree,AFS-TrEDM-S6 submission source tree,Implementations/Optimized_Implementation/AFS-TrEDM-512/,Implementations/Optimized_Implementation/AFS-TrEDM-512/,NA,afs_internal_optimized,AVX2 nonlinear layer plus opt64 S6 linear layer,single-message,false,NA,NA,freshly built and executed AVX2 hybrid backend,2026-06-29T08:22:07.633800Z,2026-06-29T08:22:07.633800Z,2026-06-29T08:22:11.673094Z,2026-06-29T08:22:11.673094Z,2026-06-29T08:22:07.633800Z,2026-06-29T08:22:11.673094Z,Matrix-5860,Intel(R) Xeon(R) w7-2495X,NA,NA,NA,NA
avx2,AFS-TrEDM-S6-512,Optimized AVX2 hybrid,AFS-TrEDM-S6 internal single-message backend,avx2-sbox + opt64-s6-linear,single-message latency/throughput,1536B,1536,1536,51200,0.299520,5850.000000,14602.040000,9.510000,262.564479,250.401000,0.005850000,0x89,B3DA522FB7AC7BAC0139B4F38B4CF6DAEF8CF0E9CD3CCCB30F875AD860FAE13F,fresh,AFS-TrEDM-S6 Optimized AVX2 hybrid 512,/tmp/afs_tredm_s6/live_perf/20260629T082144Z_pid46757_0de6f7dc/afs_512_avx2_benchmark.csvlog,/tmp/afs_tredm_s6/live_perf/20260629T082144Z_pid46757_0de6f7dc/afs_512_avx2_benchmark.csvlog,20260629T082144Z_pid46757_0de6f7dc,2026-06-29T08:22:11.673094Z,512,full,"/home/weibh/Codex/AFS-TrEDM_Submission_v2.0/Implementations/Optimized_Implementation/AFS-TrEDM-512/benchmark_avx2_perf --full --csv --sizes 64,192,1024,1536,65536,1048576",/home/weibh/Codex/AFS-TrEDM_Submission_v2.0/Implementations/Optimized_Implementation/AFS-TrEDM-512/benchmark_avx2_perf,9e4fe591bef1e2ddf4232bd41b8b158402d3836b5822dbe9bc83e36747241bb3,9e4fe591bef1e2ddf4232bd41b8b158402d3836b5822dbe9bc83e36747241bb3,AFS-TrEDM-S6 submission source tree,AFS-TrEDM-S6 submission source tree,Implementations/Optimized_Implementation/AFS-TrEDM-512/,Implementations/Optimized_Implementation/AFS-TrEDM-512/,NA,afs_internal_optimized,AVX2 nonlinear layer plus opt64 S6 linear layer,single-message,false,NA,NA,freshly built and executed AVX2 hybrid backend,2026-06-29T08:22:07.633800Z,2026-06-29T08:22:07.633800Z,2026-06-29T08:22:11.673094Z,2026-06-29T08:22:11.673094Z,2026-06-29T08:22:07.633800Z,2026-06-29T08:22:11.673094Z,Matrix-5860,Intel(R) Xeon(R) w7-2495X,NA,NA,NA,NA
avx2,AFS-TrEDM-S6-512,Optimized AVX2 hybrid,AFS-TrEDM-S6 internal single-message backend,avx2-sbox + opt64-s6-linear,single-message latency/throughput,64KB,65536,65536,1280,0.291781,227953.870000,568991.450000,8.680000,287.496471,274.178000,0.227953870,0xAB,577E409212C11DC66D91B1A33CCD61E67AA50F70F624090CA62782E76DE970CC,fresh,AFS-TrEDM-S6 Optimized AVX2 hybrid 512,/tmp/afs_tredm_s6/live_perf/20260629T082144Z_pid46757_0de6f7dc/afs_512_avx2_benchmark.csvlog,/tmp/afs_tredm_s6/live_perf/20260629T082144Z_pid46757_0de6f7dc/afs_512_avx2_benchmark.csvlog,20260629T082144Z_pid46757_0de6f7dc,2026-06-29T08:22:11.673094Z,512,full,"/home/weibh/Codex/AFS-TrEDM_Submission_v2.0/Implementations/Optimized_Implementation/AFS-TrEDM-512/benchmark_avx2_perf --full --csv --sizes 64,192,1024,1536,65536,1048576",/home/weibh/Codex/AFS-TrEDM_Submission_v2.0/Implementations/Optimized_Implementation/AFS-TrEDM-512/benchmark_avx2_perf,9e4fe591bef1e2ddf4232bd41b8b158402d3836b5822dbe9bc83e36747241bb3,9e4fe591bef1e2ddf4232bd41b8b158402d3836b5822dbe9bc83e36747241bb3,AFS-TrEDM-S6 submission source tree,AFS-TrEDM-S6 submission source tree,Implementations/Optimized_Implementation/AFS-TrEDM-512/,Implementations/Optimized_Implementation/AFS-TrEDM-512/,NA,afs_internal_optimized,AVX2 nonlinear layer plus opt64 S6 linear layer,single-message,false,NA,NA,freshly built and executed AVX2 hybrid backend,2026-06-29T08:22:07.633800Z,2026-06-29T08:22:07.633800Z,2026-06-29T08:22:11.673094Z,2026-06-29T08:22:11.673094Z,2026-06-29T08:22:07.633800Z,2026-06-29T08:22:11.673094Z,Matrix-5860,Intel(R) Xeon(R) w7-2495X,NA,NA,NA,NA
avx2,AFS-TrEDM-S6-512,Optimized AVX2 hybrid,AFS-TrEDM-S6 internal single-message backend,avx2-sbox + opt64-s6-linear,single-message latency/throughput,1MB,1048576,1048576,96,0.358478,3734144.070000,9320702.810000,8.890000,280.807604,267.799000,3.734144070,0x6B,686E63990338808F15BE44ADDFFAC9CD7717D031D1D52B3A1B2FE8AE2CAD3523,fresh,AFS-TrEDM-S6 Optimized AVX2 hybrid 512,/tmp/afs_tredm_s6/live_perf/20260629T082144Z_pid46757_0de6f7dc/afs_512_avx2_benchmark.csvlog,/tmp/afs_tredm_s6/live_perf/20260629T082144Z_pid46757_0de6f7dc/afs_512_avx2_benchmark.csvlog,20260629T082144Z_pid46757_0de6f7dc,2026-06-29T08:22:11.673094Z,512,full,"/home/weibh/Codex/AFS-TrEDM_Submission_v2.0/Implementations/Optimized_Implementation/AFS-TrEDM-512/benchmark_avx2_perf --full --csv --sizes 64,192,1024,1536,65536,1048576",/home/weibh/Codex/AFS-TrEDM_Submission_v2.0/Implementations/Optimized_Implementation/AFS-TrEDM-512/benchmark_avx2_perf,9e4fe591bef1e2ddf4232bd41b8b158402d3836b5822dbe9bc83e36747241bb3,9e4fe591bef1e2ddf4232bd41b8b158402d3836b5822dbe9bc83e36747241bb3,AFS-TrEDM-S6 submission source tree,AFS-TrEDM-S6 submission source tree,Implementations/Optimized_Implementation/AFS-TrEDM-512/,Implementations/Optimized_Implementation/AFS-TrEDM-512/,NA,afs_internal_optimized,AVX2 nonlinear layer plus opt64 S6 linear layer,single-message,false,NA,NA,freshly built and executed AVX2 hybrid backend,2026-06-29T08:22:07.633800Z,2026-06-29T08:22:07.633800Z,2026-06-29T08:22:11.673094Z,2026-06-29T08:22:11.673094Z,2026-06-29T08:22:07.633800Z,2026-06-29T08:22:11.673094Z,Matrix-5860,Intel(R) Xeon(R) w7-2495X,NA,NA,NA,NA
avx2,AFS-TrEDM-S6-768,Optimized AVX2 hybrid,AFS-TrEDM-S6 internal single-message backend,avx2-sbox + opt64-s6-linear,single-message latency/throughput,64B,64,64,384000,0.295709,770.080000,1922.170000,30.030000,83.109085,79.259000,0.000770080,0x30,76662CDAC222905D4700AC5770AD87A37697FBD9848DA0587FB0F70AC311F530,fresh,AFS-TrEDM-S6 Optimized AVX2 hybrid 768,/tmp/afs_tredm_s6/live_perf/20260629T082144Z_pid46757_0de6f7dc/afs_768_avx2_benchmark.csvlog,/tmp/afs_tredm_s6/live_perf/20260629T082144Z_pid46757_0de6f7dc/afs_768_avx2_benchmark.csvlog,20260629T082144Z_pid46757_0de6f7dc,2026-06-29T08:22:16.337131Z,768,full,"/home/weibh/Codex/AFS-TrEDM_Submission_v2.0/Implementations/Optimized_Implementation/AFS-TrEDM-768/benchmark_avx2_perf --full --csv --sizes 64,192,1024,1536,65536,1048576",/home/weibh/Codex/AFS-TrEDM_Submission_v2.0/Implementations/Optimized_Implementation/AFS-TrEDM-768/benchmark_avx2_perf,2fd30bb9dd07d3239f2053fed00679ce9b160e438188e438c550a0ff234935e6,2fd30bb9dd07d3239f2053fed00679ce9b160e438188e438c550a0ff234935e6,AFS-TrEDM-S6 submission source tree,AFS-TrEDM-S6 submission source tree,Implementations/Optimized_Implementation/AFS-TrEDM-768/,Implementations/Optimized_Implementation/AFS-TrEDM-768/,NA,afs_internal_optimized,AVX2 nonlinear layer plus opt64 S6 linear layer,single-message,false,NA,NA,freshly built and executed AVX2 hybrid backend,2026-06-29T08:22:12.583854Z,2026-06-29T08:22:12.583854Z,2026-06-29T08:22:16.337131Z,2026-06-29T08:22:16.337131Z,2026-06-29T08:22:12.583854Z,2026-06-29T08:22:16.337131Z,Matrix-5860,Intel(R) Xeon(R) w7-2495X,NA,NA,NA,NA
avx2,AFS-TrEDM-S6-768,Optimized AVX2 hybrid,AFS-TrEDM-S6 internal single-message backend,avx2-sbox + opt64-s6-linear,single-message latency/throughput,192B,192,192,96000,0.217438,2264.980000,5653.550000,29.450000,84.768981,80.842000,0.002264980,0xEC,A9F8BC73366BE0D910775176136401D45CB6A84821A73AF7FBBDC0AE299722B4,fresh,AFS-TrEDM-S6 Optimized AVX2 hybrid 768,/tmp/afs_tredm_s6/live_perf/20260629T082144Z_pid46757_0de6f7dc/afs_768_avx2_benchmark.csvlog,/tmp/afs_tredm_s6/live_perf/20260629T082144Z_pid46757_0de6f7dc/afs_768_avx2_benchmark.csvlog,20260629T082144Z_pid46757_0de6f7dc,2026-06-29T08:22:16.337131Z,768,full,"/home/weibh/Codex/AFS-TrEDM_Submission_v2.0/Implementations/Optimized_Implementation/AFS-TrEDM-768/benchmark_avx2_perf --full --csv --sizes 64,192,1024,1536,65536,1048576",/home/weibh/Codex/AFS-TrEDM_Submission_v2.0/Implementations/Optimized_Implementation/AFS-TrEDM-768/benchmark_avx2_perf,2fd30bb9dd07d3239f2053fed00679ce9b160e438188e438c550a0ff234935e6,2fd30bb9dd07d3239f2053fed00679ce9b160e438188e438c550a0ff234935e6,AFS-TrEDM-S6 submission source tree,AFS-TrEDM-S6 submission source tree,Implementations/Optimized_Implementation/AFS-TrEDM-768/,Implementations/Optimized_Implementation/AFS-TrEDM-768/,NA,afs_internal_optimized,AVX2 nonlinear layer plus opt64 S6 linear layer,single-message,false,NA,NA,freshly built and executed AVX2 hybrid backend,2026-06-29T08:22:12.583854Z,2026-06-29T08:22:12.583854Z,2026-06-29T08:22:16.337131Z,2026-06-29T08:22:16.337131Z,2026-06-29T08:22:12.583854Z,2026-06-29T08:22:16.337131Z,Matrix-5860,Intel(R) Xeon(R) w7-2495X,NA,NA,NA,NA
avx2,AFS-TrEDM-S6-768,Optimized AVX2 hybrid,AFS-TrEDM-S6 internal single-message backend,avx2-sbox + opt64-s6-linear,single-message latency/throughput,1KB,1024,1024,48000,0.400099,8335.400000,20805.770000,20.320000,122.849067,117.158000,0.008335400,0xC4,5412613B4503E518F8CB2FBD9C5D43A8464C71497037AFB09BC03BA62DE7A85D,fresh,AFS-TrEDM-S6 Optimized AVX2 hybrid 768,/tmp/afs_tredm_s6/live_perf/20260629T082144Z_pid46757_0de6f7dc/afs_768_avx2_benchmark.csvlog,/tmp/afs_tredm_s6/live_perf/20260629T082144Z_pid46757_0de6f7dc/afs_768_avx2_benchmark.csvlog,20260629T082144Z_pid46757_0de6f7dc,2026-06-29T08:22:16.337131Z,768,full,"/home/weibh/Codex/AFS-TrEDM_Submission_v2.0/Implementations/Optimized_Implementation/AFS-TrEDM-768/benchmark_avx2_perf --full --csv --sizes 64,192,1024,1536,65536,1048576",/home/weibh/Codex/AFS-TrEDM_Submission_v2.0/Implementations/Optimized_Implementation/AFS-TrEDM-768/benchmark_avx2_perf,2fd30bb9dd07d3239f2053fed00679ce9b160e438188e438c550a0ff234935e6,2fd30bb9dd07d3239f2053fed00679ce9b160e438188e438c550a0ff234935e6,AFS-TrEDM-S6 submission source tree,AFS-TrEDM-S6 submission source tree,Implementations/Optimized_Implementation/AFS-TrEDM-768/,Implementations/Optimized_Implementation/AFS-TrEDM-768/,NA,afs_internal_optimized,AVX2 nonlinear layer plus opt64 S6 linear layer,single-message,false,NA,NA,freshly built and executed AVX2 hybrid backend,2026-06-29T08:22:12.583854Z,2026-06-29T08:22:12.583854Z,2026-06-29T08:22:16.337131Z,2026-06-29T08:22:16.337131Z,2026-06-29T08:22:12.583854Z,2026-06-29T08:22:16.337131Z,Matrix-5860,Intel(R) Xeon(R) w7-2495X,NA,NA,NA,NA
avx2,AFS-TrEDM-S6-768,Optimized AVX2 hybrid,AFS-TrEDM-S6 internal single-message backend,avx2-sbox + opt64-s6-linear,single-message latency/throughput,1536B,1536,1536,25600,0.328647,12837.770000,32044.050000,20.860000,119.646716,114.104000,0.012837770,0x05,22314FF97DBF33C86177FD72A5ECAD71BA68D1DC8FBF13470BE3514D4474E635,fresh,AFS-TrEDM-S6 Optimized AVX2 hybrid 768,/tmp/afs_tredm_s6/live_perf/20260629T082144Z_pid46757_0de6f7dc/afs_768_avx2_benchmark.csvlog,/tmp/afs_tredm_s6/live_perf/20260629T082144Z_pid46757_0de6f7dc/afs_768_avx2_benchmark.csvlog,20260629T082144Z_pid46757_0de6f7dc,2026-06-29T08:22:16.337131Z,768,full,"/home/weibh/Codex/AFS-TrEDM_Submission_v2.0/Implementations/Optimized_Implementation/AFS-TrEDM-768/benchmark_avx2_perf --full --csv --sizes 64,192,1024,1536,65536,1048576",/home/weibh/Codex/AFS-TrEDM_Submission_v2.0/Implementations/Optimized_Implementation/AFS-TrEDM-768/benchmark_avx2_perf,2fd30bb9dd07d3239f2053fed00679ce9b160e438188e438c550a0ff234935e6,2fd30bb9dd07d3239f2053fed00679ce9b160e438188e438c550a0ff234935e6,AFS-TrEDM-S6 submission source tree,AFS-TrEDM-S6 submission source tree,Implementations/Optimized_Implementation/AFS-TrEDM-768/,Implementations/Optimized_Implementation/AFS-TrEDM-768/,NA,afs_internal_optimized,AVX2 nonlinear layer plus opt64 S6 linear layer,single-message,false,NA,NA,freshly built and executed AVX2 hybrid backend,2026-06-29T08:22:12.583854Z,2026-06-29T08:22:12.583854Z,2026-06-29T08:22:16.337131Z,2026-06-29T08:22:16.337131Z,2026-06-29T08:22:12.583854Z,2026-06-29T08:22:16.337131Z,Matrix-5860,Intel(R) Xeon(R) w7-2495X,NA,NA,NA,NA
avx2,AFS-TrEDM-S6-768,Optimized AVX2 hybrid,AFS-TrEDM-S6 internal single-message backend,avx2-sbox + opt64-s6-linear,single-message latency/throughput,64KB,65536,65536,640,0.330084,515756.380000,1287363.370000,19.640000,127.067488,121.181000,0.515756380,0x57,AB0A9AA9483455C41F04B9C48C5A134D977A305E1949A7385A5D9F605695CA96,fresh,AFS-TrEDM-S6 Optimized AVX2 hybrid 768,/tmp/afs_tredm_s6/live_perf/20260629T082144Z_pid46757_0de6f7dc/afs_768_avx2_benchmark.csvlog,/tmp/afs_tredm_s6/live_perf/20260629T082144Z_pid46757_0de6f7dc/afs_768_avx2_benchmark.csvlog,20260629T082144Z_pid46757_0de6f7dc,2026-06-29T08:22:16.337131Z,768,full,"/home/weibh/Codex/AFS-TrEDM_Submission_v2.0/Implementations/Optimized_Implementation/AFS-TrEDM-768/benchmark_avx2_perf --full --csv --sizes 64,192,1024,1536,65536,1048576",/home/weibh/Codex/AFS-TrEDM_Submission_v2.0/Implementations/Optimized_Implementation/AFS-TrEDM-768/benchmark_avx2_perf,2fd30bb9dd07d3239f2053fed00679ce9b160e438188e438c550a0ff234935e6,2fd30bb9dd07d3239f2053fed00679ce9b160e438188e438c550a0ff234935e6,AFS-TrEDM-S6 submission source tree,AFS-TrEDM-S6 submission source tree,Implementations/Optimized_Implementation/AFS-TrEDM-768/,Implementations/Optimized_Implementation/AFS-TrEDM-768/,NA,afs_internal_optimized,AVX2 nonlinear layer plus opt64 S6 linear layer,single-message,false,NA,NA,freshly built and executed AVX2 hybrid backend,2026-06-29T08:22:12.583854Z,2026-06-29T08:22:12.583854Z,2026-06-29T08:22:16.337131Z,2026-06-29T08:22:16.337131Z,2026-06-29T08:22:12.583854Z,2026-06-29T08:22:16.337131Z,Matrix-5860,Intel(R) Xeon(R) w7-2495X,NA,NA,NA,NA
avx2,AFS-TrEDM-S6-768,Optimized AVX2 hybrid,AFS-TrEDM-S6 internal single-message backend,avx2-sbox + opt64-s6-linear,single-message latency/throughput,1MB,1048576,1048576,48,0.396755,8265728.750000,20631880.080000,19.680000,126.857773,120.981000,8.265728750,0x26,A55120F0BB03BC0C1B242C7BCE2541F55E4ABCFA769F7F724188B598E8FFDF46,fresh,AFS-TrEDM-S6 Optimized AVX2 hybrid 768,/tmp/afs_tredm_s6/live_perf/20260629T082144Z_pid46757_0de6f7dc/afs_768_avx2_benchmark.csvlog,/tmp/afs_tredm_s6/live_perf/20260629T082144Z_pid46757_0de6f7dc/afs_768_avx2_benchmark.csvlog,20260629T082144Z_pid46757_0de6f7dc,2026-06-29T08:22:16.337131Z,768,full,"/home/weibh/Codex/AFS-TrEDM_Submission_v2.0/Implementations/Optimized_Implementation/AFS-TrEDM-768/benchmark_avx2_perf --full --csv --sizes 64,192,1024,1536,65536,1048576",/home/weibh/Codex/AFS-TrEDM_Submission_v2.0/Implementations/Optimized_Implementation/AFS-TrEDM-768/benchmark_avx2_perf,2fd30bb9dd07d3239f2053fed00679ce9b160e438188e438c550a0ff234935e6,2fd30bb9dd07d3239f2053fed00679ce9b160e438188e438c550a0ff234935e6,AFS-TrEDM-S6 submission source tree,AFS-TrEDM-S6 submission source tree,Implementations/Optimized_Implementation/AFS-TrEDM-768/,Implementations/Optimized_Implementation/AFS-TrEDM-768/,NA,afs_internal_optimized,AVX2 nonlinear layer plus opt64 S6 linear layer,single-message,false,NA,NA,freshly built and executed AVX2 hybrid backend,2026-06-29T08:22:12.583854Z,2026-06-29T08:22:12.583854Z,2026-06-29T08:22:16.337131Z,2026-06-29T08:22:16.337131Z,2026-06-29T08:22:12.583854Z,2026-06-29T08:22:16.337131Z,Matrix-5860,Intel(R) Xeon(R) w7-2495X,NA,NA,NA,NA
avx2,AFS-TrEDM-S6-1024,Optimized AVX2 hybrid,AFS-TrEDM-S6 internal single-message backend,avx2-sbox + opt64-s6-linear,single-message latency/throughput,64B,64,64,192000,0.337216,1756.330000,4383.930000,68.500000,36.439065,34.751000,0.001756330,0x01,F4600A21DE7BA732311A6802DD9272194D84B6BA2A9DCC15CF47DAF91A9905A8,fresh,AFS-TrEDM-S6 Optimized AVX2 hybrid 1024,/tmp/afs_tredm_s6/live_perf/20260629T082144Z_pid46757_0de6f7dc/afs_1024_avx2_benchmark.csvlog,/tmp/afs_tredm_s6/live_perf/20260629T082144Z_pid46757_0de6f7dc/afs_1024_avx2_benchmark.csvlog,20260629T082144Z_pid46757_0de6f7dc,2026-06-29T08:22:21.273699Z,1024,full,"/home/weibh/Codex/AFS-TrEDM_Submission_v2.0/Implementations/Optimized_Implementation/AFS-TrEDM-1024/benchmark_avx2_perf --full --csv --sizes 64,192,1024,1536,65536,1048576",/home/weibh/Codex/AFS-TrEDM_Submission_v2.0/Implementations/Optimized_Implementation/AFS-TrEDM-1024/benchmark_avx2_perf,6a7cae737860c9fb1759832a4ddb5016d62964445fc42058e61437858800657d,6a7cae737860c9fb1759832a4ddb5016d62964445fc42058e61437858800657d,AFS-TrEDM-S6 submission source tree,AFS-TrEDM-S6 submission source tree,Implementations/Optimized_Implementation/AFS-TrEDM-1024/,Implementations/Optimized_Implementation/AFS-TrEDM-1024/,NA,afs_internal_optimized,AVX2 nonlinear layer plus opt64 S6 linear layer,single-message,false,NA,NA,freshly built and executed AVX2 hybrid backend,2026-06-29T08:22:17.675999Z,2026-06-29T08:22:17.675999Z,2026-06-29T08:22:21.273699Z,2026-06-29T08:22:21.273699Z,2026-06-29T08:22:17.675999Z,2026-06-29T08:22:21.273699Z,Matrix-5860,Intel(R) Xeon(R) w7-2495X,NA,NA,NA,NA
avx2,AFS-TrEDM-S6-1024,Optimized AVX2 hybrid,AFS-TrEDM-S6 internal single-message backend,avx2-sbox + opt64-s6-linear,single-message latency/throughput,192B,192,192,96000,0.335358,3493.310000,8719.580000,45.410000,54.962160,52.416000,0.003493310,0xD4,08069BE92CBB0E9A7EB7532E2BBE60B19EE334C18502977F580A632E9B706054,fresh,AFS-TrEDM-S6 Optimized AVX2 hybrid 1024,/tmp/afs_tredm_s6/live_perf/20260629T082144Z_pid46757_0de6f7dc/afs_1024_avx2_benchmark.csvlog,/tmp/afs_tredm_s6/live_perf/20260629T082144Z_pid46757_0de6f7dc/afs_1024_avx2_benchmark.csvlog,20260629T082144Z_pid46757_0de6f7dc,2026-06-29T08:22:21.273699Z,1024,full,"/home/weibh/Codex/AFS-TrEDM_Submission_v2.0/Implementations/Optimized_Implementation/AFS-TrEDM-1024/benchmark_avx2_perf --full --csv --sizes 64,192,1024,1536,65536,1048576",/home/weibh/Codex/AFS-TrEDM_Submission_v2.0/Implementations/Optimized_Implementation/AFS-TrEDM-1024/benchmark_avx2_perf,6a7cae737860c9fb1759832a4ddb5016d62964445fc42058e61437858800657d,6a7cae737860c9fb1759832a4ddb5016d62964445fc42058e61437858800657d,AFS-TrEDM-S6 submission source tree,AFS-TrEDM-S6 submission source tree,Implementations/Optimized_Implementation/AFS-TrEDM-1024/,Implementations/Optimized_Implementation/AFS-TrEDM-1024/,NA,afs_internal_optimized,AVX2 nonlinear layer plus opt64 S6 linear layer,single-message,false,NA,NA,freshly built and executed AVX2 hybrid backend,2026-06-29T08:22:17.675999Z,2026-06-29T08:22:17.675999Z,2026-06-29T08:22:21.273699Z,2026-06-29T08:22:21.273699Z,2026-06-29T08:22:17.675999Z,2026-06-29T08:22:21.273699Z,Matrix-5860,Intel(R) Xeon(R) w7-2495X,NA,NA,NA,NA
avx2,AFS-TrEDM-S6-1024,Optimized AVX2 hybrid,AFS-TrEDM-S6 internal single-message backend,avx2-sbox + opt64-s6-linear,single-message latency/throughput,1KB,1024,1024,24000,0.365127,15213.630000,37974.320000,37.080000,67.308093,64.190000,0.015213630,0x9B,89DB588FB06F1074661C06645CCD9A3721F018E48F6B473FEA38EE6E4C90EDE4,fresh,AFS-TrEDM-S6 Optimized AVX2 hybrid 1024,/tmp/afs_tredm_s6/live_perf/20260629T082144Z_pid46757_0de6f7dc/afs_1024_avx2_benchmark.csvlog,/tmp/afs_tredm_s6/live_perf/20260629T082144Z_pid46757_0de6f7dc/afs_1024_avx2_benchmark.csvlog,20260629T082144Z_pid46757_0de6f7dc,2026-06-29T08:22:21.273699Z,1024,full,"/home/weibh/Codex/AFS-TrEDM_Submission_v2.0/Implementations/Optimized_Implementation/AFS-TrEDM-1024/benchmark_avx2_perf --full --csv --sizes 64,192,1024,1536,65536,1048576",/home/weibh/Codex/AFS-TrEDM_Submission_v2.0/Implementations/Optimized_Implementation/AFS-TrEDM-1024/benchmark_avx2_perf,6a7cae737860c9fb1759832a4ddb5016d62964445fc42058e61437858800657d,6a7cae737860c9fb1759832a4ddb5016d62964445fc42058e61437858800657d,AFS-TrEDM-S6 submission source tree,AFS-TrEDM-S6 submission source tree,Implementations/Optimized_Implementation/AFS-TrEDM-1024/,Implementations/Optimized_Implementation/AFS-TrEDM-1024/,NA,afs_internal_optimized,AVX2 nonlinear layer plus opt64 S6 linear layer,single-message,false,NA,NA,freshly built and executed AVX2 hybrid backend,2026-06-29T08:22:17.675999Z,2026-06-29T08:22:17.675999Z,2026-06-29T08:22:21.273699Z,2026-06-29T08:22:21.273699Z,2026-06-29T08:22:17.675999Z,2026-06-29T08:22:21.273699Z,Matrix-5860,Intel(R) Xeon(R) w7-2495X,NA,NA,NA,NA
avx2,AFS-TrEDM-S6-1024,Optimized AVX2 hybrid,AFS-TrEDM-S6 internal single-message backend,avx2-sbox + opt64-s6-linear,single-message latency/throughput,1536B,1536,1536,12800,0.279417,21829.460000,54487.920000,35.470000,70.363644,67.104000,0.021829460,0x88,DBC32954BCEC27EA64C87B7B625AC809C17D24F3505437AA28607037A6C072DE,fresh,AFS-TrEDM-S6 Optimized AVX2 hybrid 1024,/tmp/afs_tredm_s6/live_perf/20260629T082144Z_pid46757_0de6f7dc/afs_1024_avx2_benchmark.csvlog,/tmp/afs_tredm_s6/live_perf/20260629T082144Z_pid46757_0de6f7dc/afs_1024_avx2_benchmark.csvlog,20260629T082144Z_pid46757_0de6f7dc,2026-06-29T08:22:21.273699Z,1024,full,"/home/weibh/Codex/AFS-TrEDM_Submission_v2.0/Implementations/Optimized_Implementation/AFS-TrEDM-1024/benchmark_avx2_perf --full --csv --sizes 64,192,1024,1536,65536,1048576",/home/weibh/Codex/AFS-TrEDM_Submission_v2.0/Implementations/Optimized_Implementation/AFS-TrEDM-1024/benchmark_avx2_perf,6a7cae737860c9fb1759832a4ddb5016d62964445fc42058e61437858800657d,6a7cae737860c9fb1759832a4ddb5016d62964445fc42058e61437858800657d,AFS-TrEDM-S6 submission source tree,AFS-TrEDM-S6 submission source tree,Implementations/Optimized_Implementation/AFS-TrEDM-1024/,Implementations/Optimized_Implementation/AFS-TrEDM-1024/,NA,afs_internal_optimized,AVX2 nonlinear layer plus opt64 S6 linear layer,single-message,false,NA,NA,freshly built and executed AVX2 hybrid backend,2026-06-29T08:22:17.675999Z,2026-06-29T08:22:17.675999Z,2026-06-29T08:22:21.273699Z,2026-06-29T08:22:21.273699Z,2026-06-29T08:22:17.675999Z,2026-06-29T08:22:21.273699Z,Matrix-5860,Intel(R) Xeon(R) w7-2495X,NA,NA,NA,NA
avx2,AFS-TrEDM-S6-1024,Optimized AVX2 hybrid,AFS-TrEDM-S6 internal single-message backend,avx2-sbox + opt64-s6-linear,single-message latency/throughput,64KB,65536,65536,320,0.285282,891505.930000,2225263.310000,33.950000,73.511469,70.106000,0.891505930,0xA8,30B481D0BE4095D77CA0C1F4639F6D6689A9E98E6046AC37116EEC0971D964CC,fresh,AFS-TrEDM-S6 Optimized AVX2 hybrid 1024,/tmp/afs_tredm_s6/live_perf/20260629T082144Z_pid46757_0de6f7dc/afs_1024_avx2_benchmark.csvlog,/tmp/afs_tredm_s6/live_perf/20260629T082144Z_pid46757_0de6f7dc/afs_1024_avx2_benchmark.csvlog,20260629T082144Z_pid46757_0de6f7dc,2026-06-29T08:22:21.273699Z,1024,full,"/home/weibh/Codex/AFS-TrEDM_Submission_v2.0/Implementations/Optimized_Implementation/AFS-TrEDM-1024/benchmark_avx2_perf --full --csv --sizes 64,192,1024,1536,65536,1048576",/home/weibh/Codex/AFS-TrEDM_Submission_v2.0/Implementations/Optimized_Implementation/AFS-TrEDM-1024/benchmark_avx2_perf,6a7cae737860c9fb1759832a4ddb5016d62964445fc42058e61437858800657d,6a7cae737860c9fb1759832a4ddb5016d62964445fc42058e61437858800657d,AFS-TrEDM-S6 submission source tree,AFS-TrEDM-S6 submission source tree,Implementations/Optimized_Implementation/AFS-TrEDM-1024/,Implementations/Optimized_Implementation/AFS-TrEDM-1024/,NA,afs_internal_optimized,AVX2 nonlinear layer plus opt64 S6 linear layer,single-message,false,NA,NA,freshly built and executed AVX2 hybrid backend,2026-06-29T08:22:17.675999Z,2026-06-29T08:22:17.675999Z,2026-06-29T08:22:21.273699Z,2026-06-29T08:22:21.273699Z,2026-06-29T08:22:17.675999Z,2026-06-29T08:22:21.273699Z,Matrix-5860,Intel(R) Xeon(R) w7-2495X,NA,NA,NA,NA
avx2,AFS-TrEDM-S6-1024,Optimized AVX2 hybrid,AFS-TrEDM-S6 internal single-message backend,avx2-sbox + opt64-s6-linear,single-message latency/throughput,1MB,1048576,1048576,24,0.341930,14247079.690000,35561777.420000,33.910000,73.599549,70.190000,14.247079690,0xAA,0E01944339E3E8E33C83C867B37DAC8CC3E24985AB2D4C6392FCCD2044090097,fresh,AFS-TrEDM-S6 Optimized AVX2 hybrid 1024,/tmp/afs_tredm_s6/live_perf/20260629T082144Z_pid46757_0de6f7dc/afs_1024_avx2_benchmark.csvlog,/tmp/afs_tredm_s6/live_perf/20260629T082144Z_pid46757_0de6f7dc/afs_1024_avx2_benchmark.csvlog,20260629T082144Z_pid46757_0de6f7dc,2026-06-29T08:22:21.273699Z,1024,full,"/home/weibh/Codex/AFS-TrEDM_Submission_v2.0/Implementations/Optimized_Implementation/AFS-TrEDM-1024/benchmark_avx2_perf --full --csv --sizes 64,192,1024,1536,65536,1048576",/home/weibh/Codex/AFS-TrEDM_Submission_v2.0/Implementations/Optimized_Implementation/AFS-TrEDM-1024/benchmark_avx2_perf,6a7cae737860c9fb1759832a4ddb5016d62964445fc42058e61437858800657d,6a7cae737860c9fb1759832a4ddb5016d62964445fc42058e61437858800657d,AFS-TrEDM-S6 submission source tree,AFS-TrEDM-S6 submission source tree,Implementations/Optimized_Implementation/AFS-TrEDM-1024/,Implementations/Optimized_Implementation/AFS-TrEDM-1024/,NA,afs_internal_optimized,AVX2 nonlinear layer plus opt64 S6 linear layer,single-message,false,NA,NA,freshly built and executed AVX2 hybrid backend,2026-06-29T08:22:17.675999Z,2026-06-29T08:22:17.675999Z,2026-06-29T08:22:21.273699Z,2026-06-29T08:22:21.273699Z,2026-06-29T08:22:17.675999Z,2026-06-29T08:22:21.273699Z,Matrix-5860,Intel(R) Xeon(R) w7-2495X,NA,NA,NA,NA
batch16,AFS-TrEDM-S6-512,Batch16 AVX512 true,AFS-TrEDM-S6 internal multi-buffer backend,avx512_batch16_true,multi-buffer normalized throughput,64B,64,64,1280000,0.223640,174.718750,436.110000,6.810000,366.303248,349.334000,0.000174719,0x2F,C41504C5CEF242D4F952B90529AB47931EB8324BE692ADE397523115432ACDCC,fresh,AFS-TrEDM-S6 Batch16 AVX512 norm 512,/tmp/afs_tredm_s6/live_perf/20260629T082144Z_pid46757_0de6f7dc/afs_512_batch16_64B.csvlog,/tmp/afs_tredm_s6/live_perf/20260629T082144Z_pid46757_0de6f7dc/afs_512_batch16_64B.csvlog,20260629T082144Z_pid46757_0de6f7dc,2026-06-29T08:22:22.989920Z,512,full,/home/weibh/Codex/AFS-TrEDM_Submission_v2.0/Implementations/Additional_Implementation/Batch_Multibuffer/AFS-TrEDM-512/benchmark_batch16_avx512_perf --full --batch16-only --bits=512,/home/weibh/Codex/AFS-TrEDM_Submission_v2.0/Implementations/Additional_Implementation/Batch_Multibuffer/AFS-TrEDM-512/benchmark_batch16_avx512_perf,96cd92926254ab8e11eb69e8231ec8bd27adf0ab4374d39cbc4bb781c8862d43,96cd92926254ab8e11eb69e8231ec8bd27adf0ab4374d39cbc4bb781c8862d43,AFS-TrEDM-S6 submission source tree,AFS-TrEDM-S6 submission source tree,Implementations/Additional_Implementation/Batch_Multibuffer/AFS-TrEDM-512/,Implementations/Additional_Implementation/Batch_Multibuffer/AFS-TrEDM-512/,NA,afs_internal_multibuffer,AVX512 batch16,16-way multi-buffer,true,NA,NA,multi-buffer normalized throughput; not single-message latency,2026-06-29T08:22:22.592269Z,2026-06-29T08:22:22.592269Z,2026-06-29T08:22:22.989920Z,2026-06-29T08:22:22.989920Z,2026-06-29T08:22:22.592269Z,2026-06-29T08:22:22.989920Z,Matrix-5860,Intel(R) Xeon(R) w7-2495X,1280000,0,80000,0
batch16,AFS-TrEDM-S6-512,Batch16 AVX512 true,AFS-TrEDM-S6 internal multi-buffer backend,avx512_batch16_true,multi-buffer normalized throughput,192B,192,192,640000,0.220476,344.493750,859.890000,4.480000,557.340164,531.521000,0.000344494,0x32,65DE6351B887C4D1F4D4F5AE30E1E38ADDA4D895CB844D75BA3237586643F37C,fresh,AFS-TrEDM-S6 Batch16 AVX512 norm 512,/tmp/afs_tredm_s6/live_perf/20260629T082144Z_pid46757_0de6f7dc/afs_512_batch16_192B.csvlog,/tmp/afs_tredm_s6/live_perf/20260629T082144Z_pid46757_0de6f7dc/afs_512_batch16_192B.csvlog,20260629T082144Z_pid46757_0de6f7dc,2026-06-29T08:22:23.409176Z,512,full,/home/weibh/Codex/AFS-TrEDM_Submission_v2.0/Implementations/Additional_Implementation/Batch_Multibuffer/AFS-TrEDM-512/benchmark_batch16_avx512_perf --full --batch16-only --bits=1536,/home/weibh/Codex/AFS-TrEDM_Submission_v2.0/Implementations/Additional_Implementation/Batch_Multibuffer/AFS-TrEDM-512/benchmark_batch16_avx512_perf,96cd92926254ab8e11eb69e8231ec8bd27adf0ab4374d39cbc4bb781c8862d43,96cd92926254ab8e11eb69e8231ec8bd27adf0ab4374d39cbc4bb781c8862d43,AFS-TrEDM-S6 submission source tree,AFS-TrEDM-S6 submission source tree,Implementations/Additional_Implementation/Batch_Multibuffer/AFS-TrEDM-512/,Implementations/Additional_Implementation/Batch_Multibuffer/AFS-TrEDM-512/,NA,afs_internal_multibuffer,AVX512 batch16,16-way multi-buffer,true,NA,NA,multi-buffer normalized throughput; not single-message latency,2026-06-29T08:22:22.991004Z,2026-06-29T08:22:22.991004Z,2026-06-29T08:22:23.409176Z,2026-06-29T08:22:23.409176Z,2026-06-29T08:22:22.991004Z,2026-06-29T08:22:23.409176Z,Matrix-5860,Intel(R) Xeon(R) w7-2495X,640000,0,80000,0
batch16,AFS-TrEDM-S6-512,Batch16 AVX512 true,AFS-TrEDM-S6 internal multi-buffer backend,avx512_batch16_true,multi-buffer normalized throughput,1KB,1024,1024,160000,0.242580,1516.125000,3784.370000,3.700000,675.405627,644.117000,0.001516125,0x2A,10C3DBBFCBC79B8860C0E810E5DC1069D38085E0B5759C42B08E7269541211DD,fresh,AFS-TrEDM-S6 Batch16 AVX512 norm 512,/tmp/afs_tredm_s6/live_perf/20260629T082144Z_pid46757_0de6f7dc/afs_512_batch16_1024B.csvlog,/tmp/afs_tredm_s6/live_perf/20260629T082144Z_pid46757_0de6f7dc/afs_512_batch16_1024B.csvlog,20260629T082144Z_pid46757_0de6f7dc,2026-06-29T08:22:23.775560Z,512,full,/home/weibh/Codex/AFS-TrEDM_Submission_v2.0/Implementations/Additional_Implementation/Batch_Multibuffer/AFS-TrEDM-512/benchmark_batch16_avx512_perf --full --batch16-only --bits=8192,/home/weibh/Codex/AFS-TrEDM_Submission_v2.0/Implementations/Additional_Implementation/Batch_Multibuffer/AFS-TrEDM-512/benchmark_batch16_avx512_perf,96cd92926254ab8e11eb69e8231ec8bd27adf0ab4374d39cbc4bb781c8862d43,96cd92926254ab8e11eb69e8231ec8bd27adf0ab4374d39cbc4bb781c8862d43,AFS-TrEDM-S6 submission source tree,AFS-TrEDM-S6 submission source tree,Implementations/Additional_Implementation/Batch_Multibuffer/AFS-TrEDM-512/,Implementations/Additional_Implementation/Batch_Multibuffer/AFS-TrEDM-512/,NA,afs_internal_multibuffer,AVX512 batch16,16-way multi-buffer,true,NA,NA,multi-buffer normalized throughput; not single-message latency,2026-06-29T08:22:23.409917Z,2026-06-29T08:22:23.409917Z,2026-06-29T08:22:23.775560Z,2026-06-29T08:22:23.775560Z,2026-06-29T08:22:23.409917Z,2026-06-29T08:22:23.775560Z,Matrix-5860,Intel(R) Xeon(R) w7-2495X,160000,0,90000,0
batch16,AFS-TrEDM-S6-512,Batch16 AVX512 true,AFS-TrEDM-S6 internal multi-buffer backend,avx512_batch16_true,multi-buffer normalized throughput,1536B,1536,1536,128000,0.275415,2151.679688,5370.760000,3.500000,713.861104,680.791000,0.002151680,0x76,B3DA522FB7AC7BAC0139B4F38B4CF6DAEF8CF0E9CD3CCCB30F875AD860FAE13F,fresh,AFS-TrEDM-S6 Batch16 AVX512 norm 512,/tmp/afs_tredm_s6/live_perf/20260629T082144Z_pid46757_0de6f7dc/afs_512_batch16_1536B.csvlog,/tmp/afs_tredm_s6/live_perf/20260629T082144Z_pid46757_0de6f7dc/afs_512_batch16_1536B.csvlog,20260629T082144Z_pid46757_0de6f7dc,2026-06-29T08:22:24.297475Z,512,full,/home/weibh/Codex/AFS-TrEDM_Submission_v2.0/Implementations/Additional_Implementation/Batch_Multibuffer/AFS-TrEDM-512/benchmark_batch16_avx512_perf --full --batch16-only --bits=12288,/home/weibh/Codex/AFS-TrEDM_Submission_v2.0/Implementations/Additional_Implementation/Batch_Multibuffer/AFS-TrEDM-512/benchmark_batch16_avx512_perf,96cd92926254ab8e11eb69e8231ec8bd27adf0ab4374d39cbc4bb781c8862d43,96cd92926254ab8e11eb69e8231ec8bd27adf0ab4374d39cbc4bb781c8862d43,AFS-TrEDM-S6 submission source tree,AFS-TrEDM-S6 submission source tree,Implementations/Additional_Implementation/Batch_Multibuffer/AFS-TrEDM-512/,Implementations/Additional_Implementation/Batch_Multibuffer/AFS-TrEDM-512/,NA,afs_internal_multibuffer,AVX512 batch16,16-way multi-buffer,true,NA,NA,multi-buffer normalized throughput; not single-message latency,2026-06-29T08:22:23.776304Z,2026-06-29T08:22:23.776304Z,2026-06-29T08:22:24.297475Z,2026-06-29T08:22:24.297475Z,2026-06-29T08:22:23.776304Z,2026-06-29T08:22:24.297475Z,Matrix-5860,Intel(R) Xeon(R) w7-2495X,128000,0,104000,0
batch16,AFS-TrEDM-S6-512,Batch16 AVX512 true,AFS-TrEDM-S6 internal multi-buffer backend,avx512_batch16_true,multi-buffer normalized throughput,64KB,65536,65536,3200,0.276667,86458.437500,215806.970000,3.290000,758.005105,722.890000,0.086458437,0x68,577E409212C11DC66D91B1A33CCD61E67AA50F70F624090CA62782E76DE970CC,fresh,AFS-TrEDM-S6 Batch16 AVX512 norm 512,/tmp/afs_tredm_s6/live_perf/20260629T082144Z_pid46757_0de6f7dc/afs_512_batch16_65536B.csvlog,/tmp/afs_tredm_s6/live_perf/20260629T082144Z_pid46757_0de6f7dc/afs_512_batch16_65536B.csvlog,20260629T082144Z_pid46757_0de6f7dc,2026-06-29T08:22:24.716857Z,512,full,/home/weibh/Codex/AFS-TrEDM_Submission_v2.0/Implementations/Additional_Implementation/Batch_Multibuffer/AFS-TrEDM-512/benchmark_batch16_avx512_perf --full --batch16-only --bits=524288,/home/weibh/Codex/AFS-TrEDM_Submission_v2.0/Implementations/Additional_Implementation/Batch_Multibuffer/AFS-TrEDM-512/benchmark_batch16_avx512_perf,96cd92926254ab8e11eb69e8231ec8bd27adf0ab4374d39cbc4bb781c8862d43,96cd92926254ab8e11eb69e8231ec8bd27adf0ab4374d39cbc4bb781c8862d43,AFS-TrEDM-S6 submission source tree,AFS-TrEDM-S6 submission source tree,Implementations/Additional_Implementation/Batch_Multibuffer/AFS-TrEDM-512/,Implementations/Additional_Implementation/Batch_Multibuffer/AFS-TrEDM-512/,NA,afs_internal_multibuffer,AVX512 batch16,16-way multi-buffer,true,NA,NA,multi-buffer normalized throughput; not single-message latency,2026-06-29T08:22:24.298371Z,2026-06-29T08:22:24.298371Z,2026-06-29T08:22:24.716857Z,2026-06-29T08:22:24.716857Z,2026-06-29T08:22:24.298371Z,2026-06-29T08:22:24.716857Z,Matrix-5860,Intel(R) Xeon(R) w7-2495X,3200,0,102600,0
batch16,AFS-TrEDM-S6-512,Batch16 AVX512 true,AFS-TrEDM-S6 internal multi-buffer backend,avx512_batch16_true,multi-buffer normalized throughput,1MB,1048576,1048576,256,0.345329,1348941.406250,3367059.180000,3.210000,777.332457,741.322000,1.348941406,0x75,686E63990338808F15BE44ADDFFAC9CD7717D031D1D52B3A1B2FE8AE2CAD3523,fresh,AFS-TrEDM-S6 Batch16 AVX512 norm 512,/tmp/afs_tredm_s6/live_perf/20260629T082144Z_pid46757_0de6f7dc/afs_512_batch16_1048576B.csvlog,/tmp/afs_tredm_s6/live_perf/20260629T082144Z_pid46757_0de6f7dc/afs_512_batch16_1048576B.csvlog,20260629T082144Z_pid46757_0de6f7dc,2026-06-29T08:22:25.114351Z,512,full,/home/weibh/Codex/AFS-TrEDM_Submission_v2.0/Implementations/Additional_Implementation/Batch_Multibuffer/AFS-TrEDM-512/benchmark_batch16_avx512_perf --full --batch16-only --bits=8388608,/home/weibh/Codex/AFS-TrEDM_Submission_v2.0/Implementations/Additional_Implementation/Batch_Multibuffer/AFS-TrEDM-512/benchmark_batch16_avx512_perf,96cd92926254ab8e11eb69e8231ec8bd27adf0ab4374d39cbc4bb781c8862d43,96cd92926254ab8e11eb69e8231ec8bd27adf0ab4374d39cbc4bb781c8862d43,AFS-TrEDM-S6 submission source tree,AFS-TrEDM-S6 submission source tree,Implementations/Additional_Implementation/Batch_Multibuffer/AFS-TrEDM-512/,Implementations/Additional_Implementation/Batch_Multibuffer/AFS-TrEDM-512/,NA,afs_internal_multibuffer,AVX512 batch16,16-way multi-buffer,true,NA,NA,multi-buffer normalized throughput; not single-message latency,2026-06-29T08:22:24.717094Z,2026-06-29T08:22:24.717094Z,2026-06-29T08:22:25.114351Z,2026-06-29T08:22:25.114351Z,2026-06-29T08:22:24.717094Z,2026-06-29T08:22:25.114351Z,Matrix-5860,Intel(R) Xeon(R) w7-2495X,256,0,131088,0
batch16,AFS-TrEDM-S6-768,Batch16 AVX512 true,AFS-TrEDM-S6 internal multi-buffer backend,avx512_batch16_true,multi-buffer normalized throughput,64B,64,64,1280000,0.360980,282.015625,703.930000,11.000000,226.938061,216.425000,0.000282016,0xB8,76662CDAC222905D4700AC5770AD87A37697FBD9848DA0587FB0F70AC311F530,fresh,AFS-TrEDM-S6 Batch16 AVX512 norm 768,/tmp/afs_tredm_s6/live_perf/20260629T082144Z_pid46757_0de6f7dc/afs_768_batch16_64B.csvlog,/tmp/afs_tredm_s6/live_perf/20260629T082144Z_pid46757_0de6f7dc/afs_768_batch16_64B.csvlog,20260629T082144Z_pid46757_0de6f7dc,2026-06-29T08:22:27.081284Z,768,full,/home/weibh/Codex/AFS-TrEDM_Submission_v2.0/Implementations/Additional_Implementation/Batch_Multibuffer/AFS-TrEDM-768/benchmark_batch16_avx512_perf --full --batch16-only --bits=512,/home/weibh/Codex/AFS-TrEDM_Submission_v2.0/Implementations/Additional_Implementation/Batch_Multibuffer/AFS-TrEDM-768/benchmark_batch16_avx512_perf,441e7c070bcb83b2c6517232c92f04ad8f109dfc6294217e883d5e33181fd3ab,441e7c070bcb83b2c6517232c92f04ad8f109dfc6294217e883d5e33181fd3ab,AFS-TrEDM-S6 submission source tree,AFS-TrEDM-S6 submission source tree,Implementations/Additional_Implementation/Batch_Multibuffer/AFS-TrEDM-768/,Implementations/Additional_Implementation/Batch_Multibuffer/AFS-TrEDM-768/,NA,afs_internal_multibuffer,AVX512 batch16,16-way multi-buffer,true,NA,NA,multi-buffer normalized throughput; not single-message latency,2026-06-29T08:22:26.445105Z,2026-06-29T08:22:26.445105Z,2026-06-29T08:22:27.081284Z,2026-06-29T08:22:27.081284Z,2026-06-29T08:22:26.445105Z,2026-06-29T08:22:27.081284Z,Matrix-5860,Intel(R) Xeon(R) w7-2495X,1280000,0,80000,0
batch16,AFS-TrEDM-S6-768,Batch16 AVX512 true,AFS-TrEDM-S6 internal multi-buffer backend,avx512_batch16_true,multi-buffer normalized throughput,192B,192,192,320000,0.258413,807.540625,2015.680000,10.500000,237.759365,226.745000,0.000807541,0x62,A9F8BC73366BE0D910775176136401D45CB6A84821A73AF7FBBDC0AE299722B4,fresh,AFS-TrEDM-S6 Batch16 AVX512 norm 768,/tmp/afs_tredm_s6/live_perf/20260629T082144Z_pid46757_0de6f7dc/afs_768_batch16_192B.csvlog,/tmp/afs_tredm_s6/live_perf/20260629T082144Z_pid46757_0de6f7dc/afs_768_batch16_192B.csvlog,20260629T082144Z_pid46757_0de6f7dc,2026-06-29T08:22:27.536202Z,768,full,/home/weibh/Codex/AFS-TrEDM_Submission_v2.0/Implementations/Additional_Implementation/Batch_Multibuffer/AFS-TrEDM-768/benchmark_batch16_avx512_perf --full --batch16-only --bits=1536,/home/weibh/Codex/AFS-TrEDM_Submission_v2.0/Implementations/Additional_Implementation/Batch_Multibuffer/AFS-TrEDM-768/benchmark_batch16_avx512_perf,441e7c070bcb83b2c6517232c92f04ad8f109dfc6294217e883d5e33181fd3ab,441e7c070bcb83b2c6517232c92f04ad8f109dfc6294217e883d5e33181fd3ab,AFS-TrEDM-S6 submission source tree,AFS-TrEDM-S6 submission source tree,Implementations/Additional_Implementation/Batch_Multibuffer/AFS-TrEDM-768/,Implementations/Additional_Implementation/Batch_Multibuffer/AFS-TrEDM-768/,NA,afs_internal_multibuffer,AVX512 batch16,16-way multi-buffer,true,NA,NA,multi-buffer normalized throughput; not single-message latency,2026-06-29T08:22:27.082049Z,2026-06-29T08:22:27.082049Z,2026-06-29T08:22:27.536202Z,2026-06-29T08:22:27.536202Z,2026-06-29T08:22:27.082049Z,2026-06-29T08:22:27.536202Z,Matrix-5860,Intel(R) Xeon(R) w7-2495X,320000,0,60000,0
batch16,AFS-TrEDM-S6-768,Batch16 AVX512 true,AFS-TrEDM-S6 internal multi-buffer backend,avx512_batch16_true,multi-buffer normalized throughput,1KB,1024,1024,80000,0.240239,3002.987500,7495.690000,7.320000,340.993769,325.197000,0.003002988,0x2B,5412613B4503E518F8CB2FBD9C5D43A8464C71497037AFB09BC03BA62DE7A85D,fresh,AFS-TrEDM-S6 Batch16 AVX512 norm 768,/tmp/afs_tredm_s6/live_perf/20260629T082144Z_pid46757_0de6f7dc/afs_768_batch16_1024B.csvlog,/tmp/afs_tredm_s6/live_perf/20260629T082144Z_pid46757_0de6f7dc/afs_768_batch16_1024B.csvlog,20260629T082144Z_pid46757_0de6f7dc,2026-06-29T08:22:27.779077Z,768,full,/home/weibh/Codex/AFS-TrEDM_Submission_v2.0/Implementations/Additional_Implementation/Batch_Multibuffer/AFS-TrEDM-768/benchmark_batch16_avx512_perf --full --batch16-only --bits=8192,/home/weibh/Codex/AFS-TrEDM_Submission_v2.0/Implementations/Additional_Implementation/Batch_Multibuffer/AFS-TrEDM-768/benchmark_batch16_avx512_perf,441e7c070bcb83b2c6517232c92f04ad8f109dfc6294217e883d5e33181fd3ab,441e7c070bcb83b2c6517232c92f04ad8f109dfc6294217e883d5e33181fd3ab,AFS-TrEDM-S6 submission source tree,AFS-TrEDM-S6 submission source tree,Implementations/Additional_Implementation/Batch_Multibuffer/AFS-TrEDM-768/,Implementations/Additional_Implementation/Batch_Multibuffer/AFS-TrEDM-768/,NA,afs_internal_multibuffer,AVX512 batch16,16-way multi-buffer,true,NA,NA,multi-buffer normalized throughput; not single-message latency,2026-06-29T08:22:27.537157Z,2026-06-29T08:22:27.537157Z,2026-06-29T08:22:27.779077Z,2026-06-29T08:22:27.779077Z,2026-06-29T08:22:27.537157Z,2026-06-29T08:22:27.779077Z,Matrix-5860,Intel(R) Xeon(R) w7-2495X,80000,0,55000,0
batch16,AFS-TrEDM-S6-768,Batch16 AVX512 true,AFS-TrEDM-S6 internal multi-buffer backend,avx512_batch16_true,multi-buffer normalized throughput,1536B,1536,1536,64000,0.287514,4492.406250,11213.400000,7.300000,341.910225,326.071000,0.004492406,0xFF,22314FF97DBF33C86177FD72A5ECAD71BA68D1DC8FBF13470BE3514D4474E635,fresh,AFS-TrEDM-S6 Batch16 AVX512 norm 768,/tmp/afs_tredm_s6/live_perf/20260629T082144Z_pid46757_0de6f7dc/afs_768_batch16_1536B.csvlog,/tmp/afs_tredm_s6/live_perf/20260629T082144Z_pid46757_0de6f7dc/afs_768_batch16_1536B.csvlog,20260629T082144Z_pid46757_0de6f7dc,2026-06-29T08:22:28.287349Z,768,full,/home/weibh/Codex/AFS-TrEDM_Submission_v2.0/Implementations/Additional_Implementation/Batch_Multibuffer/AFS-TrEDM-768/benchmark_batch16_avx512_perf --full --batch16-only --bits=12288,/home/weibh/Codex/AFS-TrEDM_Submission_v2.0/Implementations/Additional_Implementation/Batch_Multibuffer/AFS-TrEDM-768/benchmark_batch16_avx512_perf,441e7c070bcb83b2c6517232c92f04ad8f109dfc6294217e883d5e33181fd3ab,441e7c070bcb83b2c6517232c92f04ad8f109dfc6294217e883d5e33181fd3ab,AFS-TrEDM-S6 submission source tree,AFS-TrEDM-S6 submission source tree,Implementations/Additional_Implementation/Batch_Multibuffer/AFS-TrEDM-768/,Implementations/Additional_Implementation/Batch_Multibuffer/AFS-TrEDM-768/,NA,afs_internal_multibuffer,AVX512 batch16,16-way multi-buffer,true,NA,NA,multi-buffer normalized throughput; not single-message latency,2026-06-29T08:22:27.780053Z,2026-06-29T08:22:27.780053Z,2026-06-29T08:22:28.287349Z,2026-06-29T08:22:28.287349Z,2026-06-29T08:22:27.780053Z,2026-06-29T08:22:28.287349Z,Matrix-5860,Intel(R) Xeon(R) w7-2495X,64000,0,68000,0
batch16,AFS-TrEDM-S6-768,Batch16 AVX512 true,AFS-TrEDM-S6 internal multi-buffer backend,avx512_batch16_true,multi-buffer normalized throughput,64KB,65536,65536,1600,0.288923,180576.875000,450732.580000,6.880000,362.925785,346.113000,0.180576875,0xC3,AB0A9AA9483455C41F04B9C48C5A134D977A305E1949A7385A5D9F605695CA96,fresh,AFS-TrEDM-S6 Batch16 AVX512 norm 768,/tmp/afs_tredm_s6/live_perf/20260629T082144Z_pid46757_0de6f7dc/afs_768_batch16_65536B.csvlog,/tmp/afs_tredm_s6/live_perf/20260629T082144Z_pid46757_0de6f7dc/afs_768_batch16_65536B.csvlog,20260629T082144Z_pid46757_0de6f7dc,2026-06-29T08:22:28.583351Z,768,full,/home/weibh/Codex/AFS-TrEDM_Submission_v2.0/Implementations/Additional_Implementation/Batch_Multibuffer/AFS-TrEDM-768/benchmark_batch16_avx512_perf --full --batch16-only --bits=524288,/home/weibh/Codex/AFS-TrEDM_Submission_v2.0/Implementations/Additional_Implementation/Batch_Multibuffer/AFS-TrEDM-768/benchmark_batch16_avx512_perf,441e7c070bcb83b2c6517232c92f04ad8f109dfc6294217e883d5e33181fd3ab,441e7c070bcb83b2c6517232c92f04ad8f109dfc6294217e883d5e33181fd3ab,AFS-TrEDM-S6 submission source tree,AFS-TrEDM-S6 submission source tree,Implementations/Additional_Implementation/Batch_Multibuffer/AFS-TrEDM-768/,Implementations/Additional_Implementation/Batch_Multibuffer/AFS-TrEDM-768/,NA,afs_internal_multibuffer,AVX512 batch16,16-way multi-buffer,true,NA,NA,multi-buffer normalized throughput; not single-message latency,2026-06-29T08:22:28.287577Z,2026-06-29T08:22:28.287577Z,2026-06-29T08:22:28.583351Z,2026-06-29T08:22:28.583351Z,2026-06-29T08:22:28.287577Z,2026-06-29T08:22:28.583351Z,Matrix-5860,Intel(R) Xeon(R) w7-2495X,1600,0,68300,0
batch16,AFS-TrEDM-S6-768,Batch16 AVX512 true,AFS-TrEDM-S6 internal multi-buffer backend,avx512_batch16_true,multi-buffer normalized throughput,1MB,1048576,1048576,256,0.746365,2915488.281250,7277285.680000,6.940000,359.657374,342.996000,2.915488281,0xF9,A55120F0BB03BC0C1B242C7BCE2541F55E4ABCFA769F7F724188B598E8FFDF46,fresh,AFS-TrEDM-S6 Batch16 AVX512 norm 768,/tmp/afs_tredm_s6/live_perf/20260629T082144Z_pid46757_0de6f7dc/afs_768_batch16_1048576B.csvlog,/tmp/afs_tredm_s6/live_perf/20260629T082144Z_pid46757_0de6f7dc/afs_768_batch16_1048576B.csvlog,20260629T082144Z_pid46757_0de6f7dc,2026-06-29T08:22:29.409682Z,768,full,/home/weibh/Codex/AFS-TrEDM_Submission_v2.0/Implementations/Additional_Implementation/Batch_Multibuffer/AFS-TrEDM-768/benchmark_batch16_avx512_perf --full --batch16-only --bits=8388608,/home/weibh/Codex/AFS-TrEDM_Submission_v2.0/Implementations/Additional_Implementation/Batch_Multibuffer/AFS-TrEDM-768/benchmark_batch16_avx512_perf,441e7c070bcb83b2c6517232c92f04ad8f109dfc6294217e883d5e33181fd3ab,441e7c070bcb83b2c6517232c92f04ad8f109dfc6294217e883d5e33181fd3ab,AFS-TrEDM-S6 submission source tree,AFS-TrEDM-S6 submission source tree,Implementations/Additional_Implementation/Batch_Multibuffer/AFS-TrEDM-768/,Implementations/Additional_Implementation/Batch_Multibuffer/AFS-TrEDM-768/,NA,afs_internal_multibuffer,AVX512 batch16,16-way multi-buffer,true,NA,NA,multi-buffer normalized throughput; not single-message latency,2026-06-29T08:22:28.583603Z,2026-06-29T08:22:28.583603Z,2026-06-29T08:22:29.409682Z,2026-06-29T08:22:29.409682Z,2026-06-29T08:22:28.583603Z,2026-06-29T08:22:29.409682Z,Matrix-5860,Intel(R) Xeon(R) w7-2495X,256,0,174768,0
batch16,AFS-TrEDM-S6-1024,Batch16 AVX512 true,AFS-TrEDM-S6 internal multi-buffer backend,avx512_batch16_true,multi-buffer normalized throughput,64B,64,64,320000,0.211772,661.787500,1651.870000,25.810000,96.708067,92.228000,0.000661788,0xBA,F4600A21DE7BA732311A6802DD9272194D84B6BA2A9DCC15CF47DAF91A9905A8,fresh,AFS-TrEDM-S6 Batch16 AVX512 norm 1024,/tmp/afs_tredm_s6/live_perf/20260629T082144Z_pid46757_0de6f7dc/afs_1024_batch16_64B.csvlog,/tmp/afs_tredm_s6/live_perf/20260629T082144Z_pid46757_0de6f7dc/afs_1024_batch16_64B.csvlog,20260629T082144Z_pid46757_0de6f7dc,2026-06-29T08:22:31.153421Z,1024,full,/home/weibh/Codex/AFS-TrEDM_Submission_v2.0/Implementations/Additional_Implementation/Batch_Multibuffer/AFS-TrEDM-1024/benchmark_batch16_avx512_perf --full --batch16-only --bits=512,/home/weibh/Codex/AFS-TrEDM_Submission_v2.0/Implementations/Additional_Implementation/Batch_Multibuffer/AFS-TrEDM-1024/benchmark_batch16_avx512_perf,6f13e2e5f20eab441f788451851523a85f757ed1c91caf750c19af6e6d5ce415,6f13e2e5f20eab441f788451851523a85f757ed1c91caf750c19af6e6d5ce415,AFS-TrEDM-S6 submission source tree,AFS-TrEDM-S6 submission source tree,Implementations/Additional_Implementation/Batch_Multibuffer/AFS-TrEDM-1024/,Implementations/Additional_Implementation/Batch_Multibuffer/AFS-TrEDM-1024/,NA,afs_internal_multibuffer,AVX512 batch16,16-way multi-buffer,true,NA,NA,multi-buffer normalized throughput; not single-message latency,2026-06-29T08:22:30.939633Z,2026-06-29T08:22:30.939633Z,2026-06-29T08:22:31.153421Z,2026-06-29T08:22:31.153421Z,2026-06-29T08:22:30.939633Z,2026-06-29T08:22:31.153421Z,Matrix-5860,Intel(R) Xeon(R) w7-2495X,320000,0,40000,0
batch16,AFS-TrEDM-S6-1024,Batch16 AVX512 true,AFS-TrEDM-S6 internal multi-buffer backend,avx512_batch16_true,multi-buffer normalized throughput,192B,192,192,320000,0.418323,1307.259375,3263.010000,16.990000,146.871943,140.068000,0.001307259,0x58,08069BE92CBB0E9A7EB7532E2BBE60B19EE334C18502977F580A632E9B706054,fresh,AFS-TrEDM-S6 Batch16 AVX512 norm 1024,/tmp/afs_tredm_s6/live_perf/20260629T082144Z_pid46757_0de6f7dc/afs_1024_batch16_192B.csvlog,/tmp/afs_tredm_s6/live_perf/20260629T082144Z_pid46757_0de6f7dc/afs_1024_batch16_192B.csvlog,20260629T082144Z_pid46757_0de6f7dc,2026-06-29T08:22:31.876140Z,1024,full,/home/weibh/Codex/AFS-TrEDM_Submission_v2.0/Implementations/Additional_Implementation/Batch_Multibuffer/AFS-TrEDM-1024/benchmark_batch16_avx512_perf --full --batch16-only --bits=1536,/home/weibh/Codex/AFS-TrEDM_Submission_v2.0/Implementations/Additional_Implementation/Batch_Multibuffer/AFS-TrEDM-1024/benchmark_batch16_avx512_perf,6f13e2e5f20eab441f788451851523a85f757ed1c91caf750c19af6e6d5ce415,6f13e2e5f20eab441f788451851523a85f757ed1c91caf750c19af6e6d5ce415,AFS-TrEDM-S6 submission source tree,AFS-TrEDM-S6 submission source tree,Implementations/Additional_Implementation/Batch_Multibuffer/AFS-TrEDM-1024/,Implementations/Additional_Implementation/Batch_Multibuffer/AFS-TrEDM-1024/,NA,afs_internal_multibuffer,AVX512 batch16,16-way multi-buffer,true,NA,NA,multi-buffer normalized throughput; not single-message latency,2026-06-29T08:22:31.154235Z,2026-06-29T08:22:31.154235Z,2026-06-29T08:22:31.876140Z,2026-06-29T08:22:31.876140Z,2026-06-29T08:22:31.154235Z,2026-06-29T08:22:31.876140Z,Matrix-5860,Intel(R) Xeon(R) w7-2495X,320000,0,80000,0
batch16,AFS-TrEDM-S6-1024,Batch16 AVX512 true,AFS-TrEDM-S6 internal multi-buffer backend,avx512_batch16_true,multi-buffer normalized throughput,1KB,1024,1024,80000,0.433147,5414.337500,13514.610000,13.200000,189.127459,180.366000,0.005414337,0xB9,89DB588FB06F1074661C06645CCD9A3721F018E48F6B473FEA38EE6E4C90EDE4,fresh,AFS-TrEDM-S6 Batch16 AVX512 norm 1024,/tmp/afs_tredm_s6/live_perf/20260629T082144Z_pid46757_0de6f7dc/afs_1024_batch16_1024B.csvlog,/tmp/afs_tredm_s6/live_perf/20260629T082144Z_pid46757_0de6f7dc/afs_1024_batch16_1024B.csvlog,20260629T082144Z_pid46757_0de6f7dc,2026-06-29T08:22:32.311352Z,1024,full,/home/weibh/Codex/AFS-TrEDM_Submission_v2.0/Implementations/Additional_Implementation/Batch_Multibuffer/AFS-TrEDM-1024/benchmark_batch16_avx512_perf --full --batch16-only --bits=8192,/home/weibh/Codex/AFS-TrEDM_Submission_v2.0/Implementations/Additional_Implementation/Batch_Multibuffer/AFS-TrEDM-1024/benchmark_batch16_avx512_perf,6f13e2e5f20eab441f788451851523a85f757ed1c91caf750c19af6e6d5ce415,6f13e2e5f20eab441f788451851523a85f757ed1c91caf750c19af6e6d5ce415,AFS-TrEDM-S6 submission source tree,AFS-TrEDM-S6 submission source tree,Implementations/Additional_Implementation/Batch_Multibuffer/AFS-TrEDM-1024/,Implementations/Additional_Implementation/Batch_Multibuffer/AFS-TrEDM-1024/,NA,afs_internal_multibuffer,AVX512 batch16,16-way multi-buffer,true,NA,NA,multi-buffer normalized throughput; not single-message latency,2026-06-29T08:22:31.876724Z,2026-06-29T08:22:31.876724Z,2026-06-29T08:22:32.311352Z,2026-06-29T08:22:32.311352Z,2026-06-29T08:22:31.876724Z,2026-06-29T08:22:32.311352Z,Matrix-5860,Intel(R) Xeon(R) w7-2495X,80000,0,85000,0
batch16,AFS-TrEDM-S6-1024,Batch16 AVX512 true,AFS-TrEDM-S6 internal multi-buffer backend,avx512_batch16_true,multi-buffer normalized throughput,1536B,1536,1536,32000,0.250540,7829.375000,19542.760000,12.720000,196.184375,187.096000,0.007829375,0x82,DBC32954BCEC27EA64C87B7B625AC809C17D24F3505437AA28607037A6C072DE,fresh,AFS-TrEDM-S6 Batch16 AVX512 norm 1024,/tmp/afs_tredm_s6/live_perf/20260629T082144Z_pid46757_0de6f7dc/afs_1024_batch16_1536B.csvlog,/tmp/afs_tredm_s6/live_perf/20260629T082144Z_pid46757_0de6f7dc/afs_1024_batch16_1536B.csvlog,20260629T082144Z_pid46757_0de6f7dc,2026-06-29T08:22:32.694703Z,1024,full,/home/weibh/Codex/AFS-TrEDM_Submission_v2.0/Implementations/Additional_Implementation/Batch_Multibuffer/AFS-TrEDM-1024/benchmark_batch16_avx512_perf --full --batch16-only --bits=12288,/home/weibh/Codex/AFS-TrEDM_Submission_v2.0/Implementations/Additional_Implementation/Batch_Multibuffer/AFS-TrEDM-1024/benchmark_batch16_avx512_perf,6f13e2e5f20eab441f788451851523a85f757ed1c91caf750c19af6e6d5ce415,6f13e2e5f20eab441f788451851523a85f757ed1c91caf750c19af6e6d5ce415,AFS-TrEDM-S6 submission source tree,AFS-TrEDM-S6 submission source tree,Implementations/Additional_Implementation/Batch_Multibuffer/AFS-TrEDM-1024/,Implementations/Additional_Implementation/Batch_Multibuffer/AFS-TrEDM-1024/,NA,afs_internal_multibuffer,AVX512 batch16,16-way multi-buffer,true,NA,NA,multi-buffer normalized throughput; not single-message latency,2026-06-29T08:22:32.312007Z,2026-06-29T08:22:32.312007Z,2026-06-29T08:22:32.694703Z,2026-06-29T08:22:32.694703Z,2026-06-29T08:22:32.312007Z,2026-06-29T08:22:32.694703Z,Matrix-5860,Intel(R) Xeon(R) w7-2495X,32000,0,50000,0
batch16,AFS-TrEDM-S6-1024,Batch16 AVX512 true,AFS-TrEDM-S6 internal multi-buffer backend,avx512_batch16_true,multi-buffer normalized throughput,64KB,65536,65536,1600,0.518782,324238.750000,809323.810000,12.350000,202.122461,192.759000,0.324238750,0x99,30B481D0BE4095D77CA0C1F4639F6D6689A9E98E6046AC37116EEC0971D964CC,fresh,AFS-TrEDM-S6 Batch16 AVX512 norm 1024,/tmp/afs_tredm_s6/live_perf/20260629T082144Z_pid46757_0de6f7dc/afs_1024_batch16_65536B.csvlog,/tmp/afs_tredm_s6/live_perf/20260629T082144Z_pid46757_0de6f7dc/afs_1024_batch16_65536B.csvlog,20260629T082144Z_pid46757_0de6f7dc,2026-06-29T08:22:33.222682Z,1024,full,/home/weibh/Codex/AFS-TrEDM_Submission_v2.0/Implementations/Additional_Implementation/Batch_Multibuffer/AFS-TrEDM-1024/benchmark_batch16_avx512_perf --full --batch16-only --bits=524288,/home/weibh/Codex/AFS-TrEDM_Submission_v2.0/Implementations/Additional_Implementation/Batch_Multibuffer/AFS-TrEDM-1024/benchmark_batch16_avx512_perf,6f13e2e5f20eab441f788451851523a85f757ed1c91caf750c19af6e6d5ce415,6f13e2e5f20eab441f788451851523a85f757ed1c91caf750c19af6e6d5ce415,AFS-TrEDM-S6 submission source tree,AFS-TrEDM-S6 submission source tree,Implementations/Additional_Implementation/Batch_Multibuffer/AFS-TrEDM-1024/,Implementations/Additional_Implementation/Batch_Multibuffer/AFS-TrEDM-1024/,NA,afs_internal_multibuffer,AVX512 batch16,16-way multi-buffer,true,NA,NA,multi-buffer normalized throughput; not single-message latency,2026-06-29T08:22:32.695404Z,2026-06-29T08:22:32.695404Z,2026-06-29T08:22:33.222682Z,2026-06-29T08:22:33.222682Z,2026-06-29T08:22:32.695404Z,2026-06-29T08:22:33.222682Z,Matrix-5860,Intel(R) Xeon(R) w7-2495X,1600,0,102500,0
batch16,AFS-TrEDM-S6-1024,Batch16 AVX512 true,AFS-TrEDM-S6 internal multi-buffer backend,avx512_batch16_true,multi-buffer normalized throughput,1MB,1048576,1048576,256,1.334828,5214171.875000,13014967.980000,12.410000,201.101148,191.785000,5.214171875,0x78,0E01944339E3E8E33C83C867B37DAC8CC3E24985AB2D4C6392FCCD2044090097,fresh,AFS-TrEDM-S6 Batch16 AVX512 norm 1024,/tmp/afs_tredm_s6/live_perf/20260629T082144Z_pid46757_0de6f7dc/afs_1024_batch16_1048576B.csvlog,/tmp/afs_tredm_s6/live_perf/20260629T082144Z_pid46757_0de6f7dc/afs_1024_batch16_1048576B.csvlog,20260629T082144Z_pid46757_0de6f7dc,2026-06-29T08:22:34.673586Z,1024,full,/home/weibh/Codex/AFS-TrEDM_Submission_v2.0/Implementations/Additional_Implementation/Batch_Multibuffer/AFS-TrEDM-1024/benchmark_batch16_avx512_perf --full --batch16-only --bits=8388608,/home/weibh/Codex/AFS-TrEDM_Submission_v2.0/Implementations/Additional_Implementation/Batch_Multibuffer/AFS-TrEDM-1024/benchmark_batch16_avx512_perf,6f13e2e5f20eab441f788451851523a85f757ed1c91caf750c19af6e6d5ce415,6f13e2e5f20eab441f788451851523a85f757ed1c91caf750c19af6e6d5ce415,AFS-TrEDM-S6 submission source tree,AFS-TrEDM-S6 submission source tree,Implementations/Additional_Implementation/Batch_Multibuffer/AFS-TrEDM-1024/,Implementations/Additional_Implementation/Batch_Multibuffer/AFS-TrEDM-1024/,NA,afs_internal_multibuffer,AVX512 batch16,16-way multi-buffer,true,NA,NA,multi-buffer normalized throughput; not single-message latency,2026-06-29T08:22:33.223690Z,2026-06-29T08:22:33.223690Z,2026-06-29T08:22:34.673586Z,2026-06-29T08:22:34.673586Z,2026-06-29T08:22:33.223690Z,2026-06-29T08:22:34.673586Z,Matrix-5860,Intel(R) Xeon(R) w7-2495X,256,0,262160,0
