#include "uvw_constants.h"

//有限域 GF(433) 的乘法逆元表
const gf_elem_t gf_inv_table[UVW_Q] = {
      0,   1, 217, 289, 325, 260, 361,  62, 379, 385, 130, 315, 397, 100,  31, 231,
    406,  51, 409, 114,  65, 165, 374, 113, 415,  52,  50, 417, 232, 224, 332,  14,
    203, 105, 242,  99, 421, 316,  57, 322, 249, 169, 299, 141, 187,  77, 273, 129,
    424, 380,  26,  17,  25, 384, 425,  63, 116,  38, 112, 411, 166,  71,   7,  55,
    318,  20, 269, 349, 121, 182, 266,  61, 427, 261, 158, 306, 245,  45, 161, 148,
    341, 139, 301, 120, 366, 270, 287, 219, 310, 253, 255, 138, 353, 149, 281, 196,
    212, 125, 190,  35,  13, 403, 225, 206, 229,  33, 192, 259, 429, 290, 248, 394,
     58,  23,  19, 369,  56, 396, 422, 131,  83,  68, 252, 345, 220,  97, 244, 358,
    159,  47,  10, 119, 351, 140, 391, 170, 277, 177,  91,  81, 133,  43, 247, 324,
    430, 218, 347, 271,  79,  93, 153, 195, 339, 150, 239, 176, 297, 171,  74, 128,
    387,  78, 286, 348, 367,  21,  60, 363, 183,  41, 135, 157, 360, 428, 326, 193,
    155, 137, 343, 254, 344, 311,  69, 168, 393, 323, 291,  44, 357, 307,  98, 399,
    106, 175, 279, 151,  95, 222, 234, 235, 223, 405, 418,  32, 329, 207, 103, 205,
    331, 404, 233, 236,  96, 309, 346, 288, 431,   2, 145,  87, 124, 337, 197, 200,
     29, 102, 228, 330, 226, 104, 401,  15,  28, 210, 198, 199, 211, 338, 282, 154,
    258, 327,  34, 335, 126,  76, 389, 142, 110,  40, 265, 364, 122,  89, 179,  90,
    296, 278, 240, 107,   5,  73, 276, 298, 392, 250,  70, 373, 412,  66,  85, 147,
    355,  46, 305, 359, 262, 136, 257, 194, 283,  94, 238, 280, 340, 354, 162,  86,
    215,   3, 109, 186, 390, 300, 352, 342, 256, 156, 263,  42, 293,  82, 314, 423,
    386, 274,  75, 189, 336, 213,  88, 181, 365, 350, 302,  11,  37, 377,  64, 414,
    410, 375,  39, 185, 143,   4, 174, 241, 400, 204, 227, 208,  30, 420, 398, 243,
    308, 221, 237, 152, 284,  80, 295, 178, 180, 123, 214, 146, 163,  67, 313, 132,
    294,  92, 285, 272, 388, 188, 127, 275, 172,   6, 372, 167, 251, 312,  84, 164,
    413, 115, 378, 426, 362, 267,  22, 321, 395, 317, 370,   8,  49, 408, 416, 407,
     53,   9, 304, 160, 356, 246, 292, 134, 264, 184, 111, 376, 117,  12, 334, 191,
    328, 230, 419, 101, 209, 201,  16, 383, 381,  18, 320,  59, 268, 368, 319,  24,
    382,  27, 202, 402, 333,  36, 118, 303,  48,  54, 371,  72, 173, 108, 144, 216,
    432,
};

// RS 生成矩阵 (K2=215, HALF_N=430, Q=433)
const gf_elem_t FIXED_G_RS[92450] = {
0x0001, 0x0001, 0x0001, 0x0001, 0x0001, 0x0001, 0x0001, 0x0001, 0x0001, 0x0001, 0x0001, 0x0001, 0x0001, 0x0001, 0x0001, 0x0001, 
0x0001, 0x0001, 0x0001, 0x0001, 0x0001, 0x0001, 0x0001, 0x0001, 0x0001, 0x0001, 0x0001, 0x0001, 0x0001, 0x0001, 0x0001, 0x0001, 
0x0001, 0x0001, 0x0001, 0x0001, 0x0001, 0x0001, 0x0001, 0x0001, 0x0001, 0x0001, 0x0001, 0x0001, 0x0001, 0x0001, 0x0001, 0x0001, 
0x0001, 0x0001, 0x0001, 0x0001, 0x0001, 0x0001, 0x0001, 0x0001, 0x0001, 0x0001, 0x0001, 0x0001, 0x0001, 0x0001, 0x0001, 0x0001, 
0x0001, 0x0001, 0x0001, 0x0001, 0x0001, 0x0001, 0x0001, 0x0001, 0x0001, 0x0001, 0x0001, 0x0001, 0x0001, 0x0001, 0x0001, 0x0001, 
0x0001, 0x0001, 0x0001, 0x0001, 0x0001, 0x0001, 0x0001, 0x0001, 0x0001, 0x0001, 0x0001, 0x0001, 0x0001, 0x0001, 0x0001, 0x0001, 
0x0001, 0x0001, 0x0001, 0x0001, 0x0001, 0x0001, 0x0001, 0x0001, 0x0001, 0x0001, 0x0001, 0x0001, 0x0001, 0x0001, 0x0001, 0x0001, 
0x0001, 0x0001, 0x0001, 0x0001, 0x0001, 0x0001, 0x0001, 0x0001, 0x0001, 0x0001, 0x0001, 0x0001, 0x0001, 0x0001, 0x0001, 0x0001, 
0x0001, 0x0001, 0x0001, 0x0001, 0x0001, 0x0001, 0x0001, 0x0001, 0x0001, 0x0001, 0x0001, 0x0001, 0x0001, 0x0001, 0x0001, 0x0001, 
0x0001, 0x0001, 0x0001, 0x0001, 0x0001, 0x0001, 0x0001, 0x0001, 0x0001, 0x0001, 0x0001, 0x0001, 0x0001, 0x0001, 0x0001, 0x0001, 
0x0001, 0x0001, 0x0001, 0x0001, 0x0001, 0x0001, 0x0001, 0x0001, 0x0001, 0x0001, 0x0001, 0x0001, 0x0001, 0x0001, 0x0001, 0x0001, 
0x0001, 0x0001, 0x0001, 0x0001, 0x0001, 0x0001, 0x0001, 0x0001, 0x0001, 0x0001, 0x0001, 0x0001, 0x0001, 0x0001, 0x0001, 0x0001, 
0x0001, 0x0001, 0x0001, 0x0001, 0x0001, 0x0001, 0x0001, 0x0001, 0x0001, 0x0001, 0x0001, 0x0001, 0x0001, 0x0001, 0x0001, 0x0001, 
0x0001, 0x0001, 0x0001, 0x0001, 0x0001, 0x0001, 0x0001, 0x0001, 0x0001, 0x0001, 0x0001, 0x0001, 0x0001, 0x0001, 0x0001, 0x0001, 
0x0001, 0x0001, 0x0001, 0x0001, 0x0001, 0x0001, 0x0001, 0x0001, 0x0001, 0x0001, 0x0001, 0x0001, 0x0001, 0x0001, 0x0001, 0x0001, 
0x0001, 0x0001, 0x0001, 0x0001, 0x0001, 0x0001, 0x0001, 0x0001, 0x0001, 0x0001, 0x0001, 0x0001, 0x0001, 0x0001, 0x0001, 0x0001, 
0x0001, 0x0001, 0x0001, 0x0001, 0x0001, 0x0001, 0x0001, 0x0001, 0x0001, 0x0001, 0x0001, 0x0001, 0x0001, 0x0001, 0x0001, 0x0001, 
0x0001, 0x0001, 0x0001, 0x0001, 0x0001, 0x0001, 0x0001, 0x0001, 0x0001, 0x0001, 0x0001, 0x0001, 0x0001, 0x0001, 0x0001, 0x0001, 
0x0001, 0x0001, 0x0001, 0x0001, 0x0001, 0x0001, 0x0001, 0x0001, 0x0001, 0x0001, 0x0001, 0x0001, 0x0001, 0x0001, 0x0001, 0x0001, 
0x0001, 0x0001, 0x0001, 0x0001, 0x0001, 0x0001, 0x0001, 0x0001, 0x0001, 0x0001, 0x0001, 0x0001, 0x0001, 0x0001, 0x0001, 0x0001, 
0x0001, 0x0001, 0x0001, 0x0001, 0x0001, 0x0001, 0x0001, 0x0001, 0x0001, 0x0001, 0x0001, 0x0001, 0x0001, 0x0001, 0x0001, 0x0001, 
0x0001, 0x0001, 0x0001, 0x0001, 0x0001, 0x0001, 0x0001, 0x0001, 0x0001, 0x0001, 0x0001, 0x0001, 0x0001, 0x0001, 0x0001, 0x0001, 
0x0001, 0x0001, 0x0001, 0x0001, 0x0001, 0x0001, 0x0001, 0x0001, 0x0001, 0x0001, 0x0001, 0x0001, 0x0001, 0x0001, 0x0001, 0x0001, 
0x0001, 0x0001, 0x0001, 0x0001, 0x0001, 0x0001, 0x0001, 0x0001, 0x0001, 0x0001, 0x0001, 0x0001, 0x0001, 0x0001, 0x0001, 0x0001, 
0x0001, 0x0001, 0x0001, 0x0001, 0x0001, 0x0001, 0x0001, 0x0001, 0x0001, 0x0001, 0x0001, 0x0001, 0x0001, 0x0001, 0x0001, 0x0001, 
0x0001, 0x0001, 0x0001, 0x0001, 0x0001, 0x0001, 0x0001, 0x0001, 0x0001, 0x0001, 0x0001, 0x0001, 0x0001, 0x0001, 0x0001, 0x0001, 
0x0001, 0x0001, 0x0001, 0x0001, 0x0001, 0x0001, 0x0001, 0x0001, 0x0001, 0x0001, 0x0001, 0x0001, 0x0001, 0x0001, 0x0001, 0x0002, 
0x0003, 0x0004, 0x0005, 0x0006, 0x0007, 0x0008, 0x0009, 0x000A, 0x000B, 0x000C, 0x000D, 0x000E, 0x000F, 0x0010, 0x0011, 0x0012, 
0x0013, 0x0014, 0x0015, 0x0016, 0x0017, 0x0018, 0x0019, 0x001A, 0x001B, 0x001C, 0x001D, 0x001E, 0x001F, 0x0020, 0x0021, 0x0022, 
0x0023, 0x0024, 0x0025, 0x0026, 0x0027, 0x0028, 0x0029, 0x002A, 0x002B, 0x002C, 0x002D, 0x002E, 0x002F, 0x0030, 0x0031, 0x0032, 
0x0033, 0x0034, 0x0035, 0x0036, 0x0037, 0x0038, 0x0039, 0x003A, 0x003B, 0x003C, 0x003D, 0x003E, 0x003F, 0x0040, 0x0041, 0x0042, 
0x0043, 0x0044, 0x0045, 0x0046, 0x0047, 0x0048, 0x0049, 0x004A, 0x004B, 0x004C, 0x004D, 0x004E, 0x004F, 0x0050, 0x0051, 0x0052, 
0x0053, 0x0054, 0x0055, 0x0056, 0x0057, 0x0058, 0x0059, 0x005A, 0x005B, 0x005C, 0x005D, 0x005E, 0x005F, 0x0060, 0x0061, 0x0062, 
0x0063, 0x0064, 0x0065, 0x0066, 0x0067, 0x0068, 0x0069, 0x006A, 0x006B, 0x006C, 0x006D, 0x006E, 0x006F, 0x0070, 0x0071, 0x0072, 
0x0073, 0x0074, 0x0075, 0x0076, 0x0077, 0x0078, 0x0079, 0x007A, 0x007B, 0x007C, 0x007D, 0x007E, 0x007F, 0x0080, 0x0081, 0x0082, 
0x0083, 0x0084, 0x0085, 0x0086, 0x0087, 0x0088, 0x0089, 0x008A, 0x008B, 0x008C, 0x008D, 0x008E, 0x008F, 0x0090, 0x0091, 0x0092, 
0x0093, 0x0094, 0x0095, 0x0096, 0x0097, 0x0098, 0x0099, 0x009A, 0x009B, 0x009C, 0x009D, 0x009E, 0x009F, 0x00A0, 0x00A1, 0x00A2, 
0x00A3, 0x00A4, 0x00A5, 0x00A6, 0x00A7, 0x00A8, 0x00A9, 0x00AA, 0x00AB, 0x00AC, 0x00AD, 0x00AE, 0x00AF, 0x00B0, 0x00B1, 0x00B2, 
0x00B3, 0x00B4, 0x00B5, 0x00B6, 0x00B7, 0x00B8, 0x00B9, 0x00BA, 0x00BB, 0x00BC, 0x00BD, 0x00BE, 0x00BF, 0x00C0, 0x00C1, 0x00C2, 
0x00C3, 0x00C4, 0x00C5, 0x00C6, 0x00C7, 0x00C8, 0x00C9, 0x00CA, 0x00CB, 0x00CC, 0x00CD, 0x00CE, 0x00CF, 0x00D0, 0x00D1, 0x00D2, 
0x00D3, 0x00D4, 0x00D5, 0x00D6, 0x00D7, 0x00D8, 0x00D9, 0x00DA, 0x00DB, 0x00DC, 0x00DD, 0x00DE, 0x00DF, 0x00E0, 0x00E1, 0x00E2, 
0x00E3, 0x00E4, 0x00E5, 0x00E6, 0x00E7, 0x00E8, 0x00E9, 0x00EA, 0x00EB, 0x00EC, 0x00ED, 0x00EE, 0x00EF, 0x00F0, 0x00F1, 0x00F2, 
0x00F3, 0x00F4, 0x00F5, 0x00F6, 0x00F7, 0x00F8, 0x00F9, 0x00FA, 0x00FB, 0x00FC, 0x00FD, 0x00FE, 0x00FF, 0x0100, 0x0101, 0x0102, 
0x0103, 0x0104, 0x0105, 0x0106, 0x0107, 0x0108, 0x0109, 0x010A, 0x010B, 0x010C, 0x010D, 0x010E, 0x010F, 0x0110, 0x0111, 0x0112, 
0x0113, 0x0114, 0x0115, 0x0116, 0x0117, 0x0118, 0x0119, 0x011A, 0x011B, 0x011C, 0x011D, 0x011E, 0x011F, 0x0120, 0x0121, 0x0122, 
0x0123, 0x0124, 0x0125, 0x0126, 0x0127, 0x0128, 0x0129, 0x012A, 0x012B, 0x012C, 0x012D, 0x012E, 0x012F, 0x0130, 0x0131, 0x0132, 
0x0133, 0x0134, 0x0135, 0x0136, 0x0137, 0x0138, 0x0139, 0x013A, 0x013B, 0x013C, 0x013D, 0x013E, 0x013F, 0x0140, 0x0141, 0x0142, 
0x0143, 0x0144, 0x0145, 0x0146, 0x0147, 0x0148, 0x0149, 0x014A, 0x014B, 0x014C, 0x014D, 0x014E, 0x014F, 0x0150, 0x0151, 0x0152, 
0x0153, 0x0154, 0x0155, 0x0156, 0x0157, 0x0158, 0x0159, 0x015A, 0x015B, 0x015C, 0x015D, 0x015E, 0x015F, 0x0160, 0x0161, 0x0162, 
0x0163, 0x0164, 0x0165, 0x0166, 0x0167, 0x0168, 0x0169, 0x016A, 0x016B, 0x016C, 0x016D, 0x016E, 0x016F, 0x0170, 0x0171, 0x0172, 
0x0173, 0x0174, 0x0175, 0x0176, 0x0177, 0x0178, 0x0179, 0x017A, 0x017B, 0x017C, 0x017D, 0x017E, 0x017F, 0x0180, 0x0181, 0x0182, 
0x0183, 0x0184, 0x0185, 0x0186, 0x0187, 0x0188, 0x0189, 0x018A, 0x018B, 0x018C, 0x018D, 0x018E, 0x018F, 0x0190, 0x0191, 0x0192, 
0x0193, 0x0194, 0x0195, 0x0196, 0x0197, 0x0198, 0x0199, 0x019A, 0x019B, 0x019C, 0x019D, 0x019E, 0x019F, 0x01A0, 0x01A1, 0x01A2, 
0x01A3, 0x01A4, 0x01A5, 0x01A6, 0x01A7, 0x01A8, 0x01A9, 0x01AA, 0x01AB, 0x01AC, 0x01AD, 0x01AE, 0x0001, 0x0004, 0x0009, 0x0010, 
0x0019, 0x0024, 0x0031, 0x0040, 0x0051, 0x0064, 0x0079, 0x0090, 0x00A9, 0x00C4, 0x00E1, 0x0100, 0x0121, 0x0144, 0x0169, 0x0190, 
0x0008, 0x0033, 0x0060, 0x008F, 0x00C0, 0x00F3, 0x0128, 0x015F, 0x0198, 0x0022, 0x005F, 0x009E, 0x00DF, 0x0122, 0x0167, 0x01AE, 
0x0046, 0x0091, 0x00DE, 0x012D, 0x017E, 0x0020, 0x0075, 0x00CC, 0x0125, 0x0180, 0x002C, 0x008B, 0x00EC, 0x014F, 0x0003, 0x006A, 
0x00D3, 0x013E, 0x01AB, 0x0069, 0x00DA, 0x014D, 0x0011, 0x0088, 0x0101, 0x017C, 0x0048, 0x00C7, 0x0148, 0x001A, 0x009F, 0x0126, 
0x01AF, 0x0089, 0x0116, 0x01A5, 0x0085, 0x0118, 0x01AD, 0x0093, 0x012C, 0x0016, 0x00B3, 0x0152, 0x0042, 0x00E5, 0x018A, 0x0080, 
0x0129, 0x0023, 0x00D0, 0x017F, 0x007F, 0x0132, 0x0036, 0x00ED, 0x01A6, 0x00B0, 0x016D, 0x007B, 0x013C, 0x004E, 0x0113, 0x0029, 
0x00F2, 0x000C, 0x00D9, 0x01A8, 0x00C8, 0x019B, 0x00BF, 0x0196, 0x00BE, 0x0199, 0x00C5, 0x01A4, 0x00D4, 0x0006, 0x00EB, 0x0021, 
0x010A, 0x0044, 0x0131, 0x006F, 0x0160, 0x00A2, 0x0197, 0x00DD, 0x0025, 0x0120, 0x006C, 0x016B, 0x00BB, 0x000D, 0x0112, 0x0068, 
0x0171, 0x00CB, 0x0027, 0x0136, 0x0096, 0x01A9, 0x010D, 0x0073, 0x018C, 0x00F6, 0x0062, 0x0181, 0x00F1, 0x0063, 0x0188, 0x00FE, 
0x0076, 0x01A1, 0x011D, 0x009B, 0x001B, 0x014E, 0x00D2, 0x0058, 0x0191, 0x011B, 0x00A7, 0x0035, 0x0176, 0x0108, 0x009C, 0x0032, 
0x017B, 0x0115, 0x00B1, 0x004F, 0x01A0, 0x0142, 0x00E6, 0x008C, 0x0034, 0x018F, 0x013B, 0x00E9, 0x0099, 0x004B, 0x01B0, 0x0166, 
0x011E, 0x00D8, 0x0094, 0x0052, 0x0012, 0x0185, 0x0149, 0x010F, 0x00D7, 0x00A1, 0x006D, 0x003B, 0x000B, 0x018E, 0x0162, 0x0138, 
0x0110, 0x00EA, 0x00C6, 0x00A4, 0x0084, 0x0066, 0x004A, 0x0030, 0x0018, 0x0002, 0x019F, 0x018D, 0x017D, 0x016F, 0x0163, 0x0159, 
0x0151, 0x014B, 0x0147, 0x0145, 0x0145, 0x0147, 0x014B, 0x0151, 0x0159, 0x0163, 0x016F, 0x017D, 0x018D, 0x019F, 0x0002, 0x0018, 
0x0030, 0x004A, 0x0066, 0x0084, 0x00A4, 0x00C6, 0x00EA, 0x0110, 0x0138, 0x0162, 0x018E, 0x000B, 0x003B, 0x006D, 0x00A1, 0x00D7, 
0x010F, 0x0149, 0x0185, 0x0012, 0x0052, 0x0094, 0x00D8, 0x011E, 0x0166, 0x01B0, 0x004B, 0x0099, 0x00E9, 0x013B, 0x018F, 0x0034, 
0x008C, 0x00E6, 0x0142, 0x01A0, 0x004F, 0x00B1, 0x0115, 0x017B, 0x0032, 0x009C, 0x0108, 0x0176, 0x0035, 0x00A7, 0x011B, 0x0191, 
0x0058, 0x00D2, 0x014E, 0x001B, 0x009B, 0x011D, 0x01A1, 0x0076, 0x00FE, 0x0188, 0x0063, 0x00F1, 0x0181, 0x0062, 0x00F6, 0x018C, 
0x0073, 0x010D, 0x01A9, 0x0096, 0x0136, 0x0027, 0x00CB, 0x0171, 0x0068, 0x0112, 0x000D, 0x00BB, 0x016B, 0x006C, 0x0120, 0x0025, 
0x00DD, 0x0197, 0x00A2, 0x0160, 0x006F, 0x0131, 0x0044, 0x010A, 0x0021, 0x00EB, 0x0006, 0x00D4, 0x01A4, 0x00C5, 0x0199, 0x00BE, 
0x0196, 0x00BF, 0x019B, 0x00C8, 0x01A8, 0x00D9, 0x000C, 0x00F2, 0x0029, 0x0113, 0x004E, 0x013C, 0x007B, 0x016D, 0x00B0, 0x01A6, 
0x00ED, 0x0036, 0x0132, 0x007F, 0x017F, 0x00D0, 0x0023, 0x0129, 0x0080, 0x018A, 0x00E5, 0x0042, 0x0152, 0x00B3, 0x0016, 0x012C, 
0x0093, 0x01AD, 0x0118, 0x0085, 0x01A5, 0x0116, 0x0089, 0x01AF, 0x0126, 0x009F, 0x001A, 0x0148, 0x00C7, 0x0048, 0x017C, 0x0101, 
0x0088, 0x0011, 0x014D, 0x00DA, 0x0069, 0x01AB, 0x013E, 0x00D3, 0x006A, 0x0003, 0x014F, 0x00EC, 0x008B, 0x002C, 0x0180, 0x0125, 
0x00CC, 0x0075, 0x0020, 0x017E, 0x012D, 0x00DE, 0x0091, 0x0046, 0x01AE, 0x0167, 0x0122, 0x00DF, 0x009E, 0x005F, 0x0022, 0x0198, 
0x015F, 0x0128, 0x00F3, 0x00C0, 0x008F, 0x0060, 0x0033, 0x0008, 0x0190, 0x0169, 0x0144, 0x0121, 0x0100, 0x00E1, 0x00C4, 0x00A9, 
0x0090, 0x0079, 0x0064, 0x0051, 0x0040, 0x0031, 0x0024, 0x0019, 0x0010, 0x0009, 0x0001, 0x0008, 0x001B, 0x0040, 0x007D, 0x00D8, 
0x0157, 0x004F, 0x0128, 0x0086, 0x0020, 0x01AD, 0x0020, 0x0092, 0x0158, 0x00C7, 0x0096, 0x00CB, 0x016C, 0x00CE, 0x00A8, 0x0100, 
0x002B, 0x0191, 0x0025, 0x0100, 0x00C6, 0x012E, 0x008D, 0x009A, 0x015B, 0x0125, 0x01AF, 0x014E, 0x0008, 0x0145, 0x01A9, 0x013A, 
0x01AF, 0x015D, 0x004A, 0x002D, 0x010C, 0x013C, 0x00C3, 0x0158, 0x0150, 0x00B1, 0x0132, 0x0128, 0x0099, 0x013C, 0x0166, 0x011D, 
0x0067, 0x00FB, 0x012E, 0x0106, 0x0089, 0x016E, 0x0059, 0x00B2, 0x00CE, 0x00B3, 0x0067, 0x01A1, 0x0105, 0x004A, 0x0127, 0x0040, 
0x00FD, 0x0002, 0x00B7, 0x0171, 0x0085, 0x015B, 0x0097, 0x01A1, 0x011D, 0x00C2, 0x0096, 0x009F, 0x00E3, 0x0168, 0x0083, 0x019C, 
0x0157, 0x016B, 0x002D, 0x0105, 0x0097, 0x009A, 0x0114, 0x005A, 0x0023, 0x0075, 0x0156, 0x011B, 0x017B, 0x00CB, 0x00C2, 0x0166, 
0x010C, 0x016B, 0x00D8, 0x010A, 0x0056, 0x0073, 0x0167, 0x0187, 0x00D9, 0x0114, 0x008D, 0x00FB, 0x00B3, 0x016C, 0x017B, 0x00E6, 
0x0164, 0x014A, 0x009E, 0x0117, 0x010A, 0x007D, 0x0127, 0x015D, 0x0125, 0x0085, 0x0134, 0x0187, 0x0184, 0x0131, 0x0094, 0x0164, 
0x0045, 0x009F, 0x00C7, 0x00C3, 0x0099, 0x004F, 0x019C, 0x0124, 0x009E, 0x0010, 0x0131, 0x00A5, 0x0023, 0x0162, 0x0106, 0x00C6, 
0x00A8, 0x00B2, 0x00EA, 0x0156, 0x004B, 0x0131, 0x00AC, 0x0073, 0x008C, 0x00FD, 0x001B, 0x014E, 0x013A, 0x0196, 0x00B7, 0x0054, 
0x0073, 0x011A, 0x009E, 0x00B6, 0x0168, 0x0109, 0x0150, 0x0092, 0x0086, 0x0132, 0x00EB, 0x0168, 0x00FE, 0x0164, 0x00EF, 0x0156, 
0x00EE, 0x016E, 0x012B, 0x002B, 0x0025, 0x011F, 0x016E, 0x0118, 0x0023, 0x0046, 0x0187, 0x008A, 0x00B7, 0x0063, 0x0145, 0x0001, 
0x01B0, 0x0145, 0x0077, 0x00FD, 0x012C, 0x010A, 0x009D, 0x019C, 0x00AB, 0x0132, 0x0186, 0x01AD, 0x01AD, 0x018C, 0x0150, 0x00FF, 
0x009F, 0x0036, 0x017B, 0x0112, 0x00B2, 0x0061, 0x0025, 0x0004, 0x0004, 0x002B, 0x007F, 0x0106, 0x0015, 0x0114, 0x00A7, 0x0085, 
0x00B4, 0x013A, 0x006C, 0x0001, 0x01B0, 0x006C, 0x014E, 0x00FA, 0x0127, 0x002A, 0x016B, 0x018E, 0x0099, 0x0043, 0x0092, 0x018C, 
0x0186, 0x0086, 0x0043, 0x00C3, 0x005B, 0x00C2, 0x004D, 0x00B3, 0x0049, 0x00C6, 0x007F, 0x012B, 0x011F, 0x0061, 0x00A8, 0x0049, 
0x00FB, 0x0113, 0x0097, 0x013E, 0x015D, 0x00FA, 0x001B, 0x0077, 0x0063, 0x0196, 0x00B4, 0x0125, 0x013E, 0x0105, 0x0080, 0x0166, 
0x005B, 0x00C7, 0x00FF, 0x0109, 0x00EB, 0x00AB, 0x004F, 0x018E, 0x010C, 0x0080, 0x01A1, 0x0113, 0x008D, 0x0015, 0x0162, 0x0118, 
0x00EE, 0x00EA, 0x0112, 0x016C, 0x004D, 0x011D, 0x0080, 0x002D, 0x002A, 0x007D, 0x012C, 0x008C, 0x0054, 0x008A, 0x0134, 0x00A7, 
0x009A, 0x0113, 0x0067, 0x004D, 0x00CB, 0x0036, 0x0045, 0x00FE, 0x00B6, 0x0124, 0x009D, 0x00D8, 0x002A, 0x004A, 0x013E, 0x015B, 
0x00A7, 0x00D9, 0x0046, 0x00A5, 0x004B, 0x00EF, 0x00E6, 0x0036, 0x0096, 0x005B, 0x013C, 0x018E, 0x0157, 0x009D, 0x0117, 0x011A, 
0x00AC, 0x0184, 0x0046, 0x005A, 0x0015, 0x012E, 0x0049, 0x00CE, 0x0112, 0x011B, 0x00EF, 0x0094, 0x0010, 0x011A, 0x0056, 0x012C, 
0x0040, 0x00FA, 0x01AF, 0x00B4, 0x0171, 0x008A, 0x0167, 0x00AC, 0x0010, 0x014A, 0x00FE, 0x00E3, 0x00FF, 0x0158, 0x0043, 0x0128, 
0x00AB, 0x0083, 0x00B6, 0x014A, 0x0094, 0x004B, 0x0075, 0x0118, 0x0089, 0x007F, 0x0100, 0x0061, 0x0059, 0x00EE, 0x0075, 0x00A5, 
0x0184, 0x0167, 0x0054, 0x0002, 0x0077, 0x0008, 0x006C, 0x01A9, 0x0063, 0x0002, 0x008C, 0x0056, 0x0117, 0x0124, 0x0083, 0x00EB, 
0x00B1, 0x018C, 0x0020, 0x0186, 0x00B1, 0x0109, 0x00E3, 0x0045, 0x00E6, 0x011B, 0x00EA, 0x0059, 0x011F, 0x0191, 0x0004, 0x0191, 
0x012B, 0x0089, 0x0162, 0x005A, 0x00D9, 0x0134, 0x0171, 0x0196, 0x0001, 0x0010, 0x0051, 0x0100, 0x00C0, 0x01AE, 0x00EC, 0x00C7, 
0x0042, 0x0029, 0x0160, 0x0181, 0x01A0, 0x0138, 0x018D, 0x0099, 0x0181, 0x00BE, 0x01A5, 0x00DF, 0x0040, 0x0003, 0x007B, 0x0062, 
0x003B, 0x00A1, 0x0096, 0x00E5, 0x00C0, 0x0122, 0x016D, 0x011B, 0x016F, 0x0062, 0x0118, 0x0009, 0x0089, 0x00F1, 0x0163, 0x0068, 
0x0003, 0x009E, 0x010A, 0x0030, 0x0073, 0x00EC, 0x00CC, 0x010D, 0x0110, 0x004E, 0x0009, 0x019B, 0x0163, 0x00EB, 0x0024, 0x00C8, 
0x0147, 0x0029, 0x0121, 0x0136, 0x00E9, 0x00D3, 0x01A5, 0x00C6, 0x00C8, 0x00F3, 0x00A7, 0x010D, 0x0004, 0x0096, 0x00D2, 0x0090, 
0x0171, 0x001B, 0x0010, 0x0188, 0x0171, 0x0033, 0x01B0, 0x016D, 0x001A, 0x0030, 0x00DE, 0x016B, 0x0136, 0x0167, 0x018D, 0x014F, 
0x006C, 0x006C, 0x013E, 0x0138, 0x0079, 0x00E9, 0x0126, 0x0197, 0x010A, 0x0016, 0x011B, 0x017E, 0x006D, 0x0090, 0x0145, 0x0051, 
0x00A4, 0x0033, 0x006D, 0x0128, 0x00A1, 0x008F, 0x0110, 0x00A9, 0x0159, 0x0024, 0x00EA, 0x00DF, 0x00B1, 0x0126, 0x016B, 0x00C5, 
0x0042, 0x0108, 0x00F3, 0x0159, 0x0046, 0x00F1, 0x0196, 0x0089, 0x0149, 0x00A9, 0x00A7, 0x01A8, 0x00C7, 0x004A, 0x00DE, 0x0197, 
0x01A1, 0x0040, 0x0032, 0x00EB, 0x0046, 0x0149, 0x004E, 0x008B, 0x003B, 0x0113, 0x017E, 0x01B0, 0x0044, 0x0100, 0x00FE, 0x00D2, 
0x0128, 0x0113, 0x016F, 0x017F, 0x009E, 0x01A1, 0x00B1, 0x00D3, 0x0011, 0x01A0, 0x0058, 0x014F, 0x013E, 0x0058, 0x0099, 0x00B3, 
0x0121, 0x00C5, 0x004A, 0x0073, 0x006A, 0x0122, 0x0044, 0x00A4, 0x001B, 0x01AD, 0x0001, 0x01AD, 0x0188, 0x0145, 0x00FE, 0x00E5, 
0x0144, 0x00CC, 0x01A8, 0x0108, 0x0147, 0x0176, 0x00BE, 0x0011, 0x0079, 0x0167, 0x00B3, 0x0160, 0x0176, 0x00C6, 0x00EA, 0x0032, 
0x0068, 0x000C, 0x0118, 0x008B, 0x008F, 0x0004, 0x0144, 0x01AE, 0x006A, 0x001A, 0x0016, 0x017F, 0x007B, 0x000C, 0x019B, 0x0196, 
0x0196, 0x019B, 0x000C, 0x007B, 0x017F, 0x0016, 0x001A, 0x006A, 0x01AE, 0x0144, 0x0004, 0x008F, 0x008B, 0x0118, 0x000C, 0x0068, 
0x0032, 0x00EA, 0x00C6, 0x0176, 0x0160, 0x00B3, 0x0167, 0x0079, 0x0011, 0x00BE, 0x0176, 0x0147, 0x0108, 0x01A8, 0x00CC, 0x0144, 
0x00E5, 0x00FE, 0x0145, 0x0188, 0x01AD, 0x0001, 0x01AD, 0x001B, 0x00A4, 0x0044, 0x0122, 0x006A, 0x0073, 0x004A, 0x00C5, 0x0121, 
0x00B3, 0x0099, 0x0058, 0x013E, 0x014F, 0x0058, 0x01A0, 0x0011, 0x00D3, 0x00B1, 0x01A1, 0x009E, 0x017F, 0x016F, 0x0113, 0x0128, 
0x00D2, 0x00FE, 0x0100, 0x0044, 0x01B0, 0x017E, 0x0113, 0x003B, 0x008B, 0x004E, 0x0149, 0x0046, 0x00EB, 0x0032, 0x0040, 0x01A1, 
0x0197, 0x00DE, 0x004A, 0x00C7, 0x01A8, 0x00A7, 0x00A9, 0x0149, 0x0089, 0x0196, 0x00F1, 0x0046, 0x0159, 0x00F3, 0x0108, 0x0042, 
0x00C5, 0x016B, 0x0126, 0x00B1, 0x00DF, 0x00EA, 0x0024, 0x0159, 0x00A9, 0x0110, 0x008F, 0x00A1, 0x0128, 0x006D, 0x0033, 0x00A4, 
0x0051, 0x0145, 0x0090, 0x006D, 0x017E, 0x011B, 0x0016, 0x010A, 0x0197, 0x0126, 0x00E9, 0x0079, 0x0138, 0x013E, 0x006C, 0x006C, 
0x014F, 0x018D, 0x0167, 0x0136, 0x016B, 0x00DE, 0x0030, 0x001A, 0x016D, 0x01B0, 0x0033, 0x0171, 0x0188, 0x0010, 0x001B, 0x0171, 
0x0090, 0x00D2, 0x0096, 0x0004, 0x010D, 0x00A7, 0x00F3, 0x00C8, 0x00C6, 0x01A5, 0x00D3, 0x00E9, 0x0136, 0x0121, 0x0029, 0x0147, 
0x00C8, 0x0024, 0x00EB, 0x0163, 0x019B, 0x0009, 0x004E, 0x0110, 0x010D, 0x00CC, 0x00EC, 0x0073, 0x0030, 0x010A, 0x009E, 0x0003, 
0x0068, 0x0163, 0x00F1, 0x0089, 0x0009, 0x0118, 0x0062, 0x016F, 0x011B, 0x016D, 0x0122, 0x00C0, 0x00E5, 0x0096, 0x00A1, 0x003B, 
0x0062, 0x007B, 0x0003, 0x0040, 0x00DF, 0x01A5, 0x00BE, 0x0181, 0x0099, 0x018D, 0x0138, 0x01A0, 0x0181, 0x0160, 0x0029, 0x0042, 
0x00C7, 0x00EC, 0x01AE, 0x00C0, 0x0100, 0x0051, 0x0001, 0x0020, 0x00F3, 0x009E, 0x005E, 0x019F, 0x0161, 0x0125, 0x00A1, 0x019A, 
0x0198, 0x0122, 0x00D4, 0x0026, 0x0146, 0x011B, 0x0032, 0x0185, 0x00CD, 0x0082, 0x002D, 0x0042, 0x00E7, 0x00BB, 0x00B0, 0x0121, 
0x0099, 0x015E, 0x0174, 0x0028, 0x0039, 0x018C, 0x01A4, 0x012D, 0x0112, 0x0144, 0x0132, 0x0041, 0x01A6, 0x0107, 0x007B, 0x008D, 
0x00B4, 0x017C, 0x019C, 0x001F, 0x003E, 0x0163, 0x0152, 0x0003, 0x001A, 0x009B, 0x00C4, 0x0085, 0x00F8, 0x0177, 0x0014, 0x00D5, 
0x00A4, 0x019E, 0x0165, 0x005C, 0x006E, 0x0073, 0x000A, 0x0011, 0x016C, 0x006A, 0x0114, 0x006C, 0x00BC, 0x0199, 0x005B, 0x010A, 
0x014E, 0x015C, 0x010C, 0x0051, 0x0162, 0x00BD, 0x0176, 0x0027, 0x00F0, 0x00B6, 0x0172, 0x0083, 0x014C, 0x0024, 0x0056, 0x00C2, 
0x0168, 0x007E, 0x01AC, 0x00FC, 0x00DA, 0x0066, 0x00FF, 0x01A8, 0x0131, 0x0060, 0x00B8, 0x018F, 0x0086, 0x00C5, 0x014D, 0x00D2, 
0x0195, 0x0167, 0x00E5, 0x008E, 0x013B, 0x0135, 0x000F, 0x00CF, 0x0040, 0x0141, 0x0166, 0x0034, 0x014A, 0x0102, 0x00C0, 0x00A6, 
0x000C, 0x015A, 0x005A, 0x0038, 0x0023, 0x00D8, 0x0007, 0x0140, 0x00E3, 0x006F, 0x0036, 0x0186, 0x005D, 0x0169, 0x0196, 0x00AC, 
0x0016, 0x01A9, 0x0158, 0x0183, 0x0149, 0x0062, 0x0148, 0x013A, 0x0129, 0x011D, 0x00AD, 0x0128, 0x00FA, 0x0137, 0x0100, 0x015D, 
0x00A2, 0x01AB, 0x007D, 0x0046, 0x01AF, 0x01A3, 0x008B, 0x0115, 0x0037, 0x017E, 0x004D, 0x013F, 0x0004, 0x00C3, 0x0159, 0x0095, 
0x0061, 0x0127, 0x0098, 0x00E8, 0x00D1, 0x011E, 0x0010, 0x009A, 0x00B3, 0x0092, 0x0175, 0x0106, 0x0097, 0x0087, 0x00BA, 0x0111, 
0x0031, 0x010E, 0x013D, 0x0030, 0x015F, 0x00E9, 0x0194, 0x016E, 0x0109, 0x0091, 0x0044, 0x00EA, 0x00EB, 0x0029, 0x0078, 0x0103, 
0x0075, 0x00D3, 0x0130, 0x0187, 0x0182, 0x00F2, 0x0047, 0x0108, 0x0138, 0x00E1, 0x00DB, 0x0193, 0x0021, 0x00E6, 0x00CB, 0x0190, 
0x001E, 0x00D6, 0x00D0, 0x0079, 0x00A9, 0x016A, 0x00BF, 0x002F, 0x002A, 0x0081, 0x00DE, 0x013C, 0x00AE, 0x0139, 0x0188, 0x00C6, 
0x00C7, 0x016D, 0x0120, 0x00A8, 0x0043, 0x001D, 0x00C8, 0x0052, 0x0181, 0x0074, 0x00A3, 0x0180, 0x00A0, 0x00F7, 0x012A, 0x011A, 
0x00AB, 0x003C, 0x011F, 0x00FE, 0x0117, 0x01A1, 0x0093, 0x00E0, 0x00C9, 0x0119, 0x008A, 0x0150, 0x011C, 0x0058, 0x00EE, 0x01AD, 
0x0072, 0x0164, 0x0033, 0x017A, 0x009C, 0x0126, 0x000E, 0x0002, 0x016B, 0x0134, 0x0006, 0x010F, 0x0054, 0x00B1, 0x007A, 0x00B7, 
0x0089, 0x0104, 0x0094, 0x0088, 0x0077, 0x0069, 0x014F, 0x0068, 0x002E, 0x0059, 0x0008, 0x019B, 0x0105, 0x001B, 0x0048, 0x0154, 
0x002B, 0x017B, 0x0142, 0x00CE, 0x0071, 0x01AA, 0x00D9, 0x018E, 0x0179, 0x0157, 0x0057, 0x01A5, 0x010B, 0x00F1, 0x00AF, 0x0067, 
0x017D, 0x004B, 0x0070, 0x0171, 0x00E2, 0x01A2, 0x007C, 0x0076, 0x0123, 0x00CC, 0x004A, 0x001C, 0x00DF, 0x0064, 0x00EC, 0x012B, 
0x0022, 0x00F9, 0x0151, 0x0080, 0x0009, 0x00B2, 0x014B, 0x00D7, 0x00B5, 0x0005, 0x0133, 0x0049, 0x00EF, 0x015B, 0x018D, 0x0065, 
0x012E, 0x003F, 0x00FB, 0x00C1, 0x018A, 0x003B, 0x00F4, 0x004F, 0x0160, 0x00A5, 0x0055, 0x0063, 0x00A7, 0x0156, 0x0018, 0x00F5, 
0x0145, 0x009D, 0x0147, 0x0045, 0x01A0, 0x01A7, 0x013E, 0x0143, 0x0155, 0x004C, 0x0013, 0x010D, 0x00DC, 0x019D, 0x003A, 0x00B9, 
0x012C, 0x00ED, 0x0116, 0x0197, 0x01AE, 0x005F, 0x004E, 0x0173, 0x0192, 0x0015, 0x0035, 0x00FD, 0x0124, 0x0136, 0x00AA, 0x000B, 
0x0170, 0x007F, 0x006D, 0x009F, 0x0084, 0x000D, 0x0025, 0x0178, 0x0189, 0x003D, 0x0053, 0x0118, 0x0090, 0x0101, 0x00F6, 0x00CA, 
0x016F, 0x0184, 0x012F, 0x00E4, 0x002C, 0x017F, 0x0096, 0x006B, 0x018B, 0x00DD, 0x008F, 0x0019, 0x0017, 0x0110, 0x008C, 0x0050, 
0x0012, 0x0153, 0x0113, 0x00BE, 0x0001, 0x0040, 0x0128, 0x00C7, 0x0025, 0x0145, 0x0132, 0x00B3, 0x0096, 0x00CB, 0x009E, 0x0010, 
0x009E, 0x0063, 0x007F, 0x00C6, 0x01A1, 0x004A, 0x01AF, 0x0002, 0x004F, 0x0099, 0x0075, 0x009E, 0x0046, 0x0099, 0x00EA, 0x0112, 
0x018C, 0x014E, 0x0023, 0x0073, 0x0004, 0x0113, 0x0040, 0x0196, 0x0040, 0x0131, 0x0004, 0x0080, 0x0118, 0x0125, 0x017B, 0x010A, 
0x0162, 0x007F, 0x013C, 0x0099, 0x006C, 0x0096, 0x001B, 0x010A, 0x01AD, 0x00FE, 0x00D9, 0x00D8, 0x0112, 0x00E6, 0x0096, 0x009F, 
0x007F, 0x004B, 0x0002, 0x01B0, 0x00D9, 0x0100, 0x008C, 0x0118, 0x01A9, 0x00C7, 0x0166, 0x0004, 0x0094, 0x00C7, 0x0171, 0x0023, 
0x011D, 0x0100, 0x00FE, 0x018E, 0x01A1, 0x00A7, 0x0002, 0x0085, 0x0112, 0x0008, 0x0132, 0x0089, 0x0125, 0x008C, 0x011D, 0x014E, 
0x0191, 0x0132, 0x0167, 0x010A, 0x0036, 0x01A1, 0x013E, 0x004A, 0x018E, 0x01AD, 0x017B, 0x0089, 0x0145, 0x00B1, 0x0023, 0x00EB, 
0x0118, 0x0020, 0x0145, 0x0191, 0x018C, 0x00D8, 0x01B0, 0x01AF, 0x013E, 0x004A, 0x012C, 0x00D9, 0x011B, 0x014E, 0x00B1, 0x0025, 
0x01A9, 0x0080, 0x0073, 0x0171, 0x0025, 0x0020, 0x0125, 0x016B, 0x00FE, 0x012C, 0x01AF, 0x00A7, 0x00C6, 0x0162, 0x001B, 0x00B3, 
0x0008, 0x018C, 0x011B, 0x0100, 0x016B, 0x017B, 0x0167, 0x00B3, 0x00E6, 0x00EA, 0x004F, 0x004B, 0x00C6, 0x0036, 0x01AD, 0x016B, 
0x008C, 0x00EB, 0x0073, 0x0166, 0x0128, 0x0113, 0x0131, 0x0128, 0x0094, 0x0080, 0x00EB, 0x011D, 0x011B, 0x00D8, 0x0085, 0x004F, 
0x013C, 0x0063, 0x00CB, 0x006C, 0x00EA, 0x0085, 0x01B0, 0x012C, 0x018E, 0x0036, 0x0162, 0x009F, 0x00CB, 0x0075, 0x0046, 0x0063, 
0x009F, 0x001B, 0x0167, 0x0089, 0x0020, 0x01A9, 0x0094, 0x0113, 0x0196, 0x0001, 0x0001, 0x0196, 0x0131, 0x0166, 0x0171, 0x00B1, 
0x0191, 0x0008, 0x00E6, 0x006C, 0x0075, 0x0010, 0x0010, 0x0046, 0x013C, 0x004B, 0x00A7, 0x013E, 0x013E, 0x00A7, 0x004B, 0x013C, 
0x0046, 0x0010, 0x0010, 0x0075, 0x006C, 0x00E6, 0x0008, 0x0191, 0x00B1, 0x0171, 0x0166, 0x0131, 0x0196, 0x0001, 0x0001, 0x0196, 
0x0113, 0x0094, 0x01A9, 0x0020, 0x0089, 0x0167, 0x001B, 0x009F, 0x0063, 0x0046, 0x0075, 0x00CB, 0x009F, 0x0162, 0x0036, 0x018E, 
0x012C, 0x01B0, 0x0085, 0x00EA, 0x006C, 0x00CB, 0x0063, 0x013C, 0x004F, 0x0085, 0x00D8, 0x011B, 0x011D, 0x00EB, 0x0080, 0x0094, 
0x0128, 0x0131, 0x0113, 0x0128, 0x0166, 0x0073, 0x00EB, 0x008C, 0x016B, 0x01AD, 0x0036, 0x00C6, 0x004B, 0x004F, 0x00EA, 0x00E6, 
0x00B3, 0x0167, 0x017B, 0x016B, 0x0100, 0x011B, 0x018C, 0x0008, 0x00B3, 0x001B, 0x0162, 0x00C6, 0x00A7, 0x01AF, 0x012C, 0x00FE, 
0x016B, 0x0125, 0x0020, 0x0025, 0x0171, 0x0073, 0x0080, 0x01A9, 0x0025, 0x00B1, 0x014E, 0x011B, 0x00D9, 0x012C, 0x004A, 0x013E, 
0x01AF, 0x01B0, 0x00D8, 0x018C, 0x0191, 0x0145, 0x0020, 0x0118, 0x00EB, 0x0023, 0x00B1, 0x0145, 0x0089, 0x017B, 0x01AD, 0x018E, 
0x004A, 0x013E, 0x01A1, 0x0036, 0x010A, 0x0167, 0x0132, 0x0191, 0x014E, 0x011D, 0x008C, 0x0125, 0x0089, 0x0132, 0x0008, 0x0112, 
0x0085, 0x0002, 0x00A7, 0x01A1, 0x018E, 0x00FE, 0x0100, 0x011D, 0x0023, 0x0171, 0x00C7, 0x0094, 0x0004, 0x0166, 0x00C7, 0x01A9, 
0x0118, 0x008C, 0x0100, 0x00D9, 0x01B0, 0x0002, 0x004B, 0x007F, 0x009F, 0x0096, 0x00E6, 0x0112, 0x00D8, 0x00D9, 0x00FE, 0x01AD, 
0x010A, 0x001B, 0x0096, 0x006C, 0x0099, 0x013C, 0x007F, 0x0162, 0x010A, 0x017B, 0x0125, 0x0118, 0x0080, 0x0004, 0x0131, 0x0040, 
0x0196, 0x0040, 0x0113, 0x0004, 0x0073, 0x0023, 0x014E, 0x018C, 0x0112, 0x00EA, 0x0099, 0x0046, 0x009E, 0x0075, 0x0099, 0x004F, 
0x0002, 0x01AF, 0x004A, 0x01A1, 0x00C6, 0x007F, 0x0063, 0x009E, 0x0010, 0x009E, 0x00CB, 0x0096, 0x00B3, 0x0132, 0x0145, 0x0025, 
0x00C7, 0x0128, 0x0001, 0x0080, 0x0016, 0x016B, 0x00B9, 0x00DA, 0x019A, 0x0085, 0x0033, 0x012A, 0x0006, 0x00C0, 0x0142, 0x0057, 
0x00AD, 0x0089, 0x00A1, 0x0021, 0x018B, 0x0028, 0x0168, 0x014F, 0x005D, 0x0148, 0x0012, 0x0051, 0x0100, 0x0137, 0x00E2, 0x003D, 
0x00DB, 0x00D8, 0x0084, 0x0101, 0x004B, 0x0147, 0x00CB, 0x014C, 0x009C, 0x0165, 0x00DE, 0x00B6, 0x0114, 0x000D, 0x0156, 0x00D5, 
0x0082, 0x01A0, 0x0060, 0x008B, 0x004E, 0x0199, 0x00DD, 0x0125, 0x00F4, 0x0195, 0x001E, 0x015E, 0x00BE, 0x000E, 0x0182, 0x0140, 
0x007E, 0x0171, 0x00F9, 0x0009, 0x011F, 0x01A5, 0x013A, 0x004A, 0x0130, 0x0120, 0x019C, 0x0004, 0x018C, 0x003E, 0x0127, 0x0032, 
0x0094, 0x00E7, 0x0003, 0x010F, 0x00A6, 0x015B, 0x0155, 0x00FF, 0x00D1, 0x016D, 0x0061, 0x002B, 0x0184, 0x01A2, 0x0037, 0x00BA, 
0x014B, 0x01A6, 0x002A, 0x00A4, 0x0132, 0x0027, 0x016A, 0x0019, 0x0043, 0x0188, 0x015F, 0x008F, 0x0119, 0x010A, 0x00D2, 0x0038, 
0x0088, 0x0139, 0x0095, 0x0178, 0x013E, 0x00C9, 0x0191, 0x0048, 0x00C2, 0x003C, 0x0024, 0x002E, 0x0079, 0x0102, 0x012B, 0x006B, 
0x013C, 0x0023, 0x000A, 0x0107, 0x0117, 0x011E, 0x0008, 0x016C, 0x00A3, 0x00C4, 0x0118, 0x0164, 0x0121, 0x017B, 0x0106, 0x0177, 
0x00C8, 0x003B, 0x00F2, 0x0157, 0x017C, 0x004F, 0x003F, 0x001B, 0x00EE, 0x008E, 0x01A1, 0x0059, 0x00F6, 0x0152, 0x014A, 0x0145, 
0x0063, 0x007C, 0x001A, 0x0180, 0x0161, 0x0030, 0x00AC, 0x001F, 0x0113, 0x00FA, 0x00C5, 0x015C, 0x00E3, 0x00A5, 0x006E, 0x0153, 
0x0013, 0x0185, 0x011B, 0x0124, 0x00FE, 0x0134, 0x00A0, 0x012E, 0x0109, 0x00F5, 0x013D, 0x0070, 0x0064, 0x01AA, 0x00AE, 0x016F, 
0x009B, 0x0144, 0x0072, 0x00B4, 0x011A, 0x00D0, 0x0136, 0x00C6, 0x00C7, 0x00E5, 0x00FC, 0x0005, 0x01AF, 0x00A9, 0x0170, 0x015D, 
0x019D, 0x017D, 0x00CD, 0x0149, 0x0159, 0x0076, 0x00C1, 0x001D, 0x018F, 0x0112, 0x009F, 0x0022, 0x0194, 0x00F0, 0x013B, 0x0058, 
0x0068, 0x00E4, 0x0034, 0x0014, 0x0054, 0x0041, 0x0108, 0x0002, 0x01AC, 0x00B5, 0x00CC, 0x00EA, 0x00EB, 0x007B, 0x00E1, 0x0097, 
0x00FD, 0x013F, 0x006D, 0x0116, 0x0042, 0x0103, 0x0007, 0x014D, 0x0141, 0x0074, 0x00BC, 0x00A8, 0x0083, 0x0111, 0x007D, 0x00B3, 
0x008D, 0x0096, 0x002C, 0x019E, 0x005E, 0x0143, 0x010C, 0x00CE, 0x0055, 0x00EC, 0x00B7, 0x009E, 0x0192, 0x0105, 0x0181, 0x0050, 
0x0031, 0x0197, 0x0135, 0x014E, 0x006C, 0x0067, 0x005F, 0x00BB, 0x0158, 0x0010, 0x0123, 0x00C3, 0x0196, 0x0172, 0x0162, 0x0035, 
0x005A, 0x00BF, 0x0176, 0x00E9, 0x003A, 0x00AB, 0x0036, 0x0090, 0x004D, 0x0099, 0x00ED, 0x010E, 0x0045, 0x01A9, 0x0093, 0x009A, 
0x00AA, 0x01A7, 0x018E, 0x0075, 0x0146, 0x0086, 0x00AF, 0x0138, 0x0183, 0x018D, 0x0175, 0x00EF, 0x0169, 0x0020, 0x00E8, 0x0073, 
0x0039, 0x011C, 0x0078, 0x0129, 0x0179, 0x00DF, 0x00A7, 0x0098, 0x0122, 0x0052, 0x0029, 0x016E, 0x0198, 0x0047, 0x018A, 0x007F, 
0x010D, 0x0187, 0x000B, 0x0066, 0x00F7, 0x017A, 0x000F, 0x002D, 0x0186, 0x0150, 0x0044, 0x00E0, 0x00B2, 0x005C, 0x0056, 0x010B, 
0x00A2, 0x01AE, 0x00CA, 0x011D, 0x017F, 0x008A, 0x0173, 0x0025, 0x01AD, 0x0015, 0x0091, 0x0081, 0x0167, 0x0077, 0x000C, 0x0092, 
0x01A8, 0x00B8, 0x0040, 0x0133, 0x0071, 0x002F, 0x01A3, 0x00F3, 0x0053, 0x0193, 0x001C, 0x00BD, 0x008C, 0x00D4, 0x0018, 0x0163, 
0x0126, 0x0151, 0x0011, 0x012F, 0x00DC, 0x005B, 0x01A4, 0x009D, 0x00FB, 0x00D3, 0x004C, 0x0115, 0x0065, 0x00E6, 0x006A, 0x0166, 
0x00B0, 0x012D, 0x00D9, 0x00D6, 0x0174, 0x00CF, 0x007A, 0x00B1, 0x0160, 0x019F, 0x0069, 0x0154, 0x0062, 0x0049, 0x0189, 0x0026, 
0x0190, 0x0110, 0x0128, 0x0104, 0x015A, 0x006F, 0x00F1, 0x01AB, 0x0087, 0x017E, 0x012C, 0x0017, 0x00D7, 0x00F8, 0x0046, 0x019B, 
0x0001, 0x0100, 0x0042, 0x0099, 0x003B, 0x0009, 0x0110, 0x00C6, 0x001A, 0x017E, 0x0042, 0x008B, 0x0121, 0x0160, 0x01AE, 0x001B, 
0x008B, 0x00A1, 0x0090, 0x016F, 0x00C7, 0x0009, 0x0197, 0x004E, 0x0011, 0x0176, 0x01A1, 0x0030, 0x003B, 0x0062, 0x0126, 0x01A1, 
0x001A, 0x004E, 0x001B, 0x0051, 0x0096, 0x003B, 0x0016, 0x01A8, 0x0009, 0x011B, 0x00B1, 0x008B, 0x00EB, 0x0110, 0x0030, 0x0032, 
0x0176, 0x0016, 0x0051, 0x0033, 0x0016, 0x00EA, 0x01AE, 0x00A4, 0x019B, 0x017E, 0x0181, 0x0197, 0x00A4, 0x0163, 0x0090, 0x00EA, 
0x00A4, 0x00A1, 0x00B1, 0x0032, 0x0010, 0x01A1, 0x016F, 0x0181, 0x00C7, 0x0128, 0x0100, 0x017E, 0x00C7, 0x0003, 0x0001, 0x0126, 
0x00F3, 0x008B, 0x0163, 0x0089, 0x0197, 0x0118, 0x01AE, 0x004E, 0x0196, 0x0196, 0x00EB, 0x0160, 0x0160, 0x00A4, 0x010D, 0x00F3, 
0x00B1, 0x0033, 0x01A1, 0x0003, 0x00BE, 0x0181, 0x0196, 0x0042, 0x0032, 0x0003, 0x00BE, 0x0096, 0x0176, 0x0062, 0x0176, 0x01A0, 
0x017F, 0x01AE, 0x00C6, 0x016F, 0x0099, 0x010D, 0x0089, 0x0110, 0x001A, 0x01A0, 0x00A1, 0x017F, 0x0089, 0x003B, 0x0128, 0x0096, 
0x01A8, 0x01A0, 0x00B1, 0x0051, 0x00C6, 0x0118, 0x0163, 0x00F3, 0x0100, 0x00C7, 0x014F, 0x00EA, 0x0089, 0x01A8, 0x0016, 0x010D, 
0x0011, 0x011B, 0x0003, 0x0001, 0x0126, 0x0099, 0x01B0, 0x016F, 0x0096, 0x011B, 0x001A, 0x014F, 0x011B, 0x0100, 0x0099, 0x0163, 
0x0121, 0x0121, 0x017F, 0x004E, 0x00EB, 0x017F, 0x001B, 0x01B0, 0x0181, 0x0110, 0x0118, 0x00EB, 0x019B, 0x0062, 0x0126, 0x0032, 
0x0128, 0x0010, 0x0001, 0x0010, 0x017E, 0x0196, 0x01B0, 0x0030, 0x00BE, 0x0030, 0x0051, 0x01A0, 0x019B, 0x0011, 0x00A1, 0x0121, 
0x0160, 0x0118, 0x01B0, 0x0042, 0x0011, 0x00EA, 0x00C6, 0x014F, 0x01A8, 0x0090, 0x001B, 0x010D, 0x0062, 0x0010, 0x00BE, 0x0009, 
0x019B, 0x00F3, 0x0033, 0x014F, 0x0197, 0x0090, 0x0033, 0x0128, 0x0128, 0x0033, 0x0090, 0x0197, 0x014F, 0x0033, 0x00F3, 0x019B, 
0x0009, 0x00BE, 0x0010, 0x0062, 0x010D, 0x001B, 0x0090, 0x01A8, 0x014F, 0x00C6, 0x00EA, 0x0011, 0x0042, 0x01B0, 0x0118, 0x0160, 
0x0121, 0x00A1, 0x0011, 0x019B, 0x01A0, 0x0051, 0x0030, 0x00BE, 0x0030, 0x01B0, 0x0196, 0x017E, 0x0010, 0x0001, 0x0010, 0x0128, 
0x0032, 0x0126, 0x0062, 0x019B, 0x00EB, 0x0118, 0x0110, 0x0181, 0x01B0, 0x001B, 0x017F, 0x00EB, 0x004E, 0x017F, 0x0121, 0x0121, 
0x0163, 0x0099, 0x0100, 0x011B, 0x014F, 0x001A, 0x011B, 0x0096, 0x016F, 0x01B0, 0x0099, 0x0126, 0x0001, 0x0003, 0x011B, 0x0011, 
0x010D, 0x0016, 0x01A8, 0x0089, 0x00EA, 0x014F, 0x00C7, 0x0100, 0x00F3, 0x0163, 0x0118, 0x00C6, 0x0051, 0x00B1, 0x01A0, 0x01A8, 
0x0096, 0x0128, 0x003B, 0x0089, 0x017F, 0x00A1, 0x01A0, 0x001A, 0x0110, 0x0089, 0x010D, 0x0099, 0x016F, 0x00C6, 0x01AE, 0x017F, 
0x01A0, 0x0176, 0x0062, 0x0176, 0x0096, 0x00BE, 0x0003, 0x0032, 0x0042, 0x0196, 0x0181, 0x00BE, 0x0003, 0x01A1, 0x0033, 0x00B1, 
0x00F3, 0x010D, 0x00A4, 0x0160, 0x0160, 0x00EB, 0x0196, 0x0196, 0x004E, 0x01AE, 0x0118, 0x0197, 0x0089, 0x0163, 0x008B, 0x00F3, 
0x0126, 0x0001, 0x0003, 0x00C7, 0x017E, 0x0100, 0x0128, 0x00C7, 0x0181, 0x016F, 0x01A1, 0x0010, 0x0032, 0x00B1, 0x00A1, 0x00A4, 
0x00EA, 0x0090, 0x0163, 0x00A4, 0x0197, 0x0181, 0x017E, 0x019B, 0x00A4, 0x01AE, 0x00EA, 0x0016, 0x0033, 0x0051, 0x0016, 0x0176, 
0x0032, 0x0030, 0x0110, 0x00EB, 0x008B, 0x00B1, 0x011B, 0x0009, 0x01A8, 0x0016, 0x003B, 0x0096, 0x0051, 0x001B, 0x004E, 0x001A, 
0x01A1, 0x0126, 0x0062, 0x003B, 0x0030, 0x01A1, 0x0176, 0x0011, 0x004E, 0x0197, 0x0009, 0x00C7, 0x016F, 0x0090, 0x00A1, 0x008B, 
0x001B, 0x01AE, 0x0160, 0x0121, 0x008B, 0x0042, 0x017E, 0x001A, 0x00C6, 0x0110, 0x0009, 0x003B, 0x0099, 0x0042, 0x0001, 0x004F, 
0x00C6, 0x00B3, 0x0127, 0x0036, 0x00AC, 0x011D, 0x00EA, 0x0164, 0x0125, 0x0171, 0x0125, 0x00A5, 0x0184, 0x01B0, 0x00C6, 0x012C, 
0x008A, 0x019C, 0x011A, 0x00C6, 0x010C, 0x008C, 0x01A9, 0x00C6, 0x0001, 0x002D, 0x019C, 0x0156, 0x0015, 0x0162, 0x01A9, 0x0036, 
0x004F, 0x013E, 0x0162, 0x004D, 0x01A9, 0x0049, 0x0171, 0x00C3, 0x00FA, 0x0036, 0x00B7, 0x0184, 0x005B, 0x00EB, 0x008C, 0x00EA, 
0x00EA, 0x0036, 0x012C, 0x004F, 0x010C, 0x005B, 0x002D, 0x0049, 0x00C7, 0x00AC, 0x002D, 0x0168, 0x019C, 0x00FE, 0x010C, 0x00EA, 
0x00A8, 0x0171, 0x00EE, 0x00B3, 0x004D, 0x0008, 0x00EE, 0x00FE, 0x0094, 0x0015, 0x00A8, 0x00EA, 0x004F, 0x008A, 0x00C6, 0x008C, 
0x0015, 0x00FA, 0x0184, 0x0109, 0x00AC, 0x0171, 0x00C3, 0x00A8, 0x00A8, 0x0156, 0x0105, 0x0105, 0x0008, 0x017B, 0x011A, 0x00EB, 
0x0094, 0x012C, 0x008A, 0x012C, 0x00FA, 0x0171, 0x0036, 0x013E, 0x019C, 0x00B3, 0x0040, 0x0184, 0x017B, 0x0105, 0x019C, 0x005B, 
0x00FE, 0x008A, 0x0094, 0x0085, 0x011A, 0x00A5, 0x0073, 0x005B, 0x013E, 0x0127, 0x00EE, 0x0049, 0x0162, 0x0094, 0x008A, 0x0184, 
0x00EE, 0x012C, 0x0162, 0x011A, 0x0127, 0x008C, 0x01B0, 0x00B7, 0x00EA, 0x011D, 0x0109, 0x0015, 0x0073, 0x00C7, 0x012C, 0x00B7, 
0x0008, 0x0094, 0x0049, 0x0001, 0x011A, 0x0168, 0x0001, 0x011A, 0x0085, 0x012C, 0x0109, 0x00B3, 0x004F, 0x004D, 0x00C6, 0x0036, 
0x004D, 0x00EB, 0x00EE, 0x0168, 0x00B3, 0x0109, 0x0073, 0x0156, 0x00FA, 0x0097, 0x005B, 0x00A5, 0x0164, 0x008C, 0x01B0, 0x00FA, 
0x00B3, 0x011A, 0x0127, 0x011A, 0x00FA, 0x00AC, 0x004D, 0x010C, 0x01A9, 0x010C, 0x00AC, 0x00C7, 0x0008, 0x0040, 0x0184, 0x00C3, 
0x00EE, 0x017B, 0x013E, 0x0001, 0x01B0, 0x013E, 0x0164, 0x004D, 0x011D, 0x013E, 0x00AC, 0x0109, 0x0168, 0x008C, 0x00A5, 0x0171, 
0x0171, 0x0008, 0x005B, 0x0049, 0x008C, 0x011D, 0x0094, 0x0125, 0x0168, 0x0156, 0x01A9, 0x0040, 0x0040, 0x010C, 0x0125, 0x0049, 
0x00A8, 0x0105, 0x0073, 0x0094, 0x0164, 0x004D, 0x0073, 0x0001, 0x01B0, 0x0073, 0x0036, 0x00C3, 0x00EE, 0x002D, 0x0171, 0x01A9, 
0x00EA, 0x0105, 0x00A5, 0x0008, 0x00A5, 0x0164, 0x0105, 0x00B7, 0x0097, 0x008A, 0x0097, 0x00FE, 0x00B7, 0x0001, 0x0125, 0x004D, 
0x010C, 0x0156, 0x011A, 0x00B7, 0x005B, 0x013E, 0x00A8, 0x00FE, 0x0049, 0x00C3, 0x00C6, 0x0164, 0x017B, 0x00EB, 0x0164, 0x0162, 
0x00FE, 0x00A8, 0x0085, 0x012C, 0x0097, 0x01B0, 0x0049, 0x0097, 0x01B0, 0x0168, 0x011D, 0x01A9, 0x00FA, 0x0085, 0x00EA, 0x013E, 
0x019C, 0x00A8, 0x0094, 0x00C7, 0x00FA, 0x0001, 0x0125, 0x008A, 0x0097, 0x004F, 0x0085, 0x00C3, 0x002D, 0x0127, 0x011D, 0x004F, 
0x0168, 0x00C3, 0x008A, 0x0073, 0x0156, 0x013E, 0x010C, 0x0097, 0x012C, 0x011D, 0x0127, 0x00B3, 0x0156, 0x0015, 0x00AC, 0x0036, 
0x002D, 0x0171, 0x00FE, 0x0015, 0x0073, 0x017B, 0x0040, 0x00B7, 0x0085, 0x0127, 0x0085, 0x011D, 0x00C6, 0x0097, 0x0036, 0x01A9, 
0x00AC, 0x00AC, 0x005B, 0x0109, 0x0109, 0x00EE, 0x0040, 0x0105, 0x00A8, 0x002D, 0x00B7, 0x019C, 0x0125, 0x00EB, 0x0127, 0x0162, 
0x00C7, 0x0109, 0x019C, 0x011D, 0x00B3, 0x00C3, 0x01A9, 0x0164, 0x00FE, 0x00C3, 0x0040, 0x0109, 0x00C7, 0x00A5, 0x00B3, 0x0015, 
0x0049, 0x0184, 0x0105, 0x00EA, 0x0168, 0x0184, 0x0156, 0x00A5, 0x0162, 0x0085, 0x017B, 0x00C7, 0x00C7, 0x0125, 0x00C6, 0x0156, 
0x002D, 0x00FA, 0x017B, 0x00B7, 0x00EE, 0x0040, 0x0168, 0x0008, 0x0164, 0x004F, 0x0073, 0x0162, 0x017B, 0x0008, 0x004F, 0x019C, 
0x005B, 0x0015, 0x0184, 0x01B0, 0x00EB, 0x0008, 0x0125, 0x00A5, 0x00EB, 0x0097, 0x0015, 0x0127, 0x0085, 0x00EB, 0x0001, 0x002D, 
0x010C, 0x008C, 0x0040, 0x008C, 0x004D, 0x00C7, 0x0094, 0x0105, 0x017B, 0x008A, 0x00FE, 0x00EB, 0x0001, 0x009E, 0x00A1, 0x011B, 
0x00B0, 0x0144, 0x0152, 0x0073, 0x0176, 0x0060, 0x00C0, 0x0062, 0x0159, 0x0091, 0x00BF, 0x01A1, 0x014F, 0x00CC, 0x0018, 0x000D, 
0x0125, 0x001A, 0x0066, 0x0149, 0x00E9, 0x0181, 0x001B, 0x018A, 0x0101, 0x012D, 0x00DA, 0x0046, 0x00A9, 0x0068, 0x00A7, 0x00BE, 
0x006C, 0x0148, 0x0079, 0x0142, 0x0197, 0x018C, 0x0166, 0x00D3, 0x0008, 0x005F, 0x017C, 0x0016, 0x016D, 0x0009, 0x00F3, 0x00D2, 
0x0138, 0x0171, 0x0012, 0x014D, 0x0190, 0x0151, 0x0032, 0x0169, 0x0093, 0x00ED, 0x0199, 0x00EB, 0x0064, 0x0121, 0x01AF, 0x019B, 
0x0191, 0x0196, 0x010F, 0x008F, 0x0036, 0x00B1, 0x0113, 0x0129, 0x017B, 0x0042, 0x00B3, 0x00D7, 0x0011, 0x00DE, 0x000B, 0x00D8, 
0x0048, 0x0112, 0x00F2, 0x01AE, 0x0023, 0x018E, 0x0085, 0x0120, 0x0019, 0x011E, 0x0147, 0x000C, 0x004B, 0x0051, 0x016B, 0x007B, 
0x0052, 0x0122, 0x00CB, 0x0110, 0x0029, 0x016F, 0x015F, 0x0118, 0x0030, 0x00F6, 0x0044, 0x00DD, 0x00E1, 0x019F, 0x00C7, 0x01A4, 
0x01AD, 0x006A, 0x00D9, 0x013B, 0x003B, 0x0115, 0x0090, 0x00D0, 0x0132, 0x0069, 0x0167, 0x0145, 0x0031, 0x00D4, 0x0002, 0x00C5, 
0x013E, 0x0075, 0x01A6, 0x01A5, 0x0128, 0x008C, 0x0033, 0x0040, 0x007F, 0x0180, 0x01A8, 0x004E, 0x00C8, 0x0131, 0x0136, 0x00FE, 
0x0034, 0x0096, 0x0094, 0x00A2, 0x0099, 0x0080, 0x0108, 0x0024, 0x0025, 0x0089, 0x0004, 0x00C4, 0x010D, 0x0058, 0x01AB, 0x0003, 
0x012C, 0x0006, 0x0010, 0x0162, 0x017F, 0x0076, 0x013C, 0x01A9, 0x009B, 0x0084, 0x017D, 0x0188, 0x0100, 0x014E, 0x01B0, 0x0063, 
0x0088, 0x00E6, 0x011D, 0x0027, 0x0185, 0x0035, 0x00EC, 0x009C, 0x0021, 0x008B, 0x00E5, 0x00A4, 0x0198, 0x009F, 0x004F, 0x00F1, 
0x0126, 0x00C6, 0x00EA, 0x017E, 0x006F, 0x018F, 0x010A, 0x0163, 0x00BB, 0x0020, 0x002C, 0x006D, 0x0116, 0x01A0, 0x0160, 0x018D, 
0x014B, 0x0022, 0x00DF, 0x004A, 0x004A, 0x00DF, 0x0022, 0x014B, 0x018D, 0x0160, 0x01A0, 0x0116, 0x006D, 0x002C, 0x0020, 0x00BB, 
0x0163, 0x010A, 0x018F, 0x006F, 0x017E, 0x00EA, 0x00C6, 0x0126, 0x00F1, 0x004F, 0x009F, 0x0198, 0x00A4, 0x00E5, 0x008B, 0x0021, 
0x009C, 0x00EC, 0x0035, 0x0185, 0x0027, 0x011D, 0x00E6, 0x0088, 0x0063, 0x01B0, 0x014E, 0x0100, 0x0188, 0x017D, 0x0084, 0x009B, 
0x01A9, 0x013C, 0x0076, 0x017F, 0x0162, 0x0010, 0x0006, 0x012C, 0x0003, 0x01AB, 0x0058, 0x010D, 0x00C4, 0x0004, 0x0089, 0x0025, 
0x0024, 0x0108, 0x0080, 0x0099, 0x00A2, 0x0094, 0x0096, 0x0034, 0x00FE, 0x0136, 0x0131, 0x00C8, 0x004E, 0x01A8, 0x0180, 0x007F, 
0x0040, 0x0033, 0x008C, 0x0128, 0x01A5, 0x01A6, 0x0075, 0x013E, 0x00C5, 0x0002, 0x00D4, 0x0031, 0x0145, 0x0167, 0x0069, 0x0132, 
0x00D0, 0x0090, 0x0115, 0x003B, 0x013B, 0x00D9, 0x006A, 0x01AD, 0x01A4, 0x00C7, 0x019F, 0x00E1, 0x00DD, 0x0044, 0x00F6, 0x0030, 
0x0118, 0x015F, 0x016F, 0x0029, 0x0110, 0x00CB, 0x0122, 0x0052, 0x007B, 0x016B, 0x0051, 0x004B, 0x000C, 0x0147, 0x011E, 0x0019, 
0x0120, 0x0085, 0x018E, 0x0023, 0x01AE, 0x00F2, 0x0112, 0x0048, 0x00D8, 0x000B, 0x00DE, 0x0011, 0x00D7, 0x00B3, 0x0042, 0x017B, 
0x0129, 0x0113, 0x00B1, 0x0036, 0x008F, 0x010F, 0x0196, 0x0191, 0x019B, 0x01AF, 0x0121, 0x0064, 0x00EB, 0x0199, 0x00ED, 0x0093, 
0x0169, 0x0032, 0x0151, 0x0190, 0x014D, 0x0012, 0x0171, 0x0138, 0x00D2, 0x00F3, 0x0009, 0x016D, 0x0016, 0x017C, 0x005F, 0x0008, 
0x00D3, 0x0166, 0x018C, 0x0197, 0x0142, 0x0079, 0x0148, 0x006C, 0x00BE, 0x00A7, 0x0068, 0x00A9, 0x0046, 0x00DA, 0x012D, 0x0101, 
0x018A, 0x001B, 0x0181, 0x00E9, 0x0149, 0x0066, 0x001A, 0x0125, 0x000D, 0x0018, 0x00CC, 0x014F, 0x01A1, 0x00BF, 0x0091, 0x0159, 
0x0062, 0x00C0, 0x0060, 0x0176, 0x0073, 0x0152, 0x0144, 0x00B0, 0x011B, 0x00A1, 0x0001, 0x013C, 0x0032, 0x010A, 0x000E, 0x00D4, 
0x00C9, 0x0036, 0x014F, 0x005E, 0x017C, 0x0136, 0x009B, 0x012A, 0x010B, 0x00B1, 0x0042, 0x00D0, 0x0017, 0x0104, 0x005B, 0x008B, 
0x00B5, 0x0066, 0x00C4, 0x0033, 0x0128, 0x00CF, 0x005C, 0x0172, 0x0107, 0x004B, 0x017D, 0x0048, 0x00D8, 0x0159, 0x0063, 0x0154, 
0x0185, 0x0143, 0x00E9, 0x00B2, 0x00EF, 0x00BF, 0x0168, 0x0028, 0x006B, 0x00BE, 0x0084, 0x0011, 0x010D, 0x005F, 0x0052, 0x0008, 
0x007C, 0x001D, 0x011C, 0x003D, 0x0160, 0x000A, 0x0133, 0x0195, 0x00DC, 0x013E, 0x0005, 0x0016, 0x012B, 0x00EC, 0x0186, 0x0113, 
0x00BD, 0x0151, 0x002D, 0x006C, 0x0112, 0x0038, 0x00AC, 0x0181, 0x011D, 0x0139, 0x004E, 0x0012, 0x002F, 0x0187, 0x003A, 0x00B6, 
0x010E, 0x00A9, 0x0054, 0x013A, 0x019C, 0x0053, 0x00A0, 0x0026, 0x0142, 0x011E, 0x015B, 0x0090, 0x01AF, 0x00B0, 0x0037, 0x0088, 
0x007D, 0x008F, 0x0198, 0x016D, 0x013F, 0x016B, 0x0024, 0x00D6, 0x00BB, 0x0047, 0x0137, 0x0071, 0x0171, 0x00E0, 0x018E, 0x0180, 
0x0114, 0x0081, 0x00D3, 0x0014, 0x0188, 0x00F5, 0x0092, 0x00F0, 0x0080, 0x0020, 0x0103, 0x0119, 0x0106, 0x0018, 0x0125, 0x005A, 
0x00F7, 0x0064, 0x011B, 0x010C, 0x00A1, 0x012C, 0x009A, 0x0193, 0x000C, 0x0197, 0x01A6, 0x016C, 0x0069, 0x0162, 0x0183, 0x01A1, 
0x0109, 0x0178, 0x001B, 0x00E3, 0x00DA, 0x01A4, 0x00B4, 0x01AD, 0x00CB, 0x00B8, 0x0009, 0x0190, 0x0141, 0x003B, 0x008A, 0x0082, 
0x004A, 0x0097, 0x00D2, 0x008E, 0x0158, 0x0164, 0x0192, 0x0013, 0x01AA, 0x0091, 0x0118, 0x0083, 0x00FE, 0x0043, 0x0170, 0x0124, 
0x00C3, 0x00F8, 0x0057, 0x014C, 0x018F, 0x013D, 0x00AF, 0x01AE, 0x0006, 0x0138, 0x0173, 0x0067, 0x00FA, 0x0027, 0x0149, 0x00EA, 
0x00EB, 0x00C0, 0x00E4, 0x003C, 0x0132, 0x006D, 0x00E7, 0x0061, 0x000F, 0x009C, 0x0050, 0x0147, 0x00E5, 0x00A2, 0x0165, 0x015C, 
0x013B, 0x018C, 0x0025, 0x0076, 0x0055, 0x004C, 0x010F, 0x00CC, 0x006A, 0x0161, 0x0115, 0x01A2, 0x0150, 0x00CA, 0x0144, 0x007F, 
0x0175, 0x00CD, 0x00F1, 0x00C6, 0x00C7, 0x0068, 0x018A, 0x00B7, 0x014A, 0x003E, 0x0079, 0x01AB, 0x0003, 0x0102, 0x0074, 0x0022, 
0x0065, 0x015A, 0x00B9, 0x00EE, 0x008D, 0x0041, 0x016E, 0x00B3, 0x012E, 0x0099, 0x0120, 0x0007, 0x019E, 0x001F, 0x004D, 0x0059, 
0x0123, 0x00DF, 0x011A, 0x0167, 0x012F, 0x0127, 0x0176, 0x0070, 0x0021, 0x01A8, 0x00F9, 0x00E6, 0x0004, 0x00FD, 0x000D, 0x00D7, 
0x00CE, 0x0196, 0x0039, 0x00A8, 0x0010, 0x002E, 0x004F, 0x0148, 0x0045, 0x000B, 0x001A, 0x01A5, 0x001E, 0x0117, 0x0085, 0x0110, 
0x00A5, 0x0096, 0x014D, 0x00BA, 0x0157, 0x008C, 0x0199, 0x00AB, 0x0098, 0x00AE, 0x0191, 0x0131, 0x00C1, 0x011F, 0x00BC, 0x0029, 
0x019D, 0x00DE, 0x0130, 0x009D, 0x0031, 0x0023, 0x00D1, 0x0040, 0x0140, 0x007A, 0x016A, 0x00F6, 0x00DB, 0x018D, 0x0046, 0x0072, 
0x0044, 0x0019, 0x0122, 0x0134, 0x0129, 0x017A, 0x0101, 0x0002, 0x0121, 0x0056, 0x0093, 0x006F, 0x018B, 0x0111, 0x015E, 0x0015, 
0x0077, 0x015D, 0x0108, 0x00A3, 0x00FB, 0x0177, 0x002A, 0x0182, 0x019F, 0x0163, 0x0078, 0x0094, 0x0030, 0x0105, 0x0179, 0x009F, 
0x0145, 0x0184, 0x0060, 0x00F4, 0x009E, 0x002B, 0x00C5, 0x0086, 0x019B, 0x01AC, 0x0073, 0x00D5, 0x001C, 0x007E, 0x01A7, 0x0051, 
0x0174, 0x0095, 0x0194, 0x0135, 0x01A9, 0x015F, 0x0152, 0x00A4, 0x01A0, 0x012D, 0x00F3, 0x0146, 0x0189, 0x0049, 0x00F2, 0x00C2, 
0x00FF, 0x00C8, 0x006E, 0x002C, 0x005D, 0x014E, 0x0058, 0x00D9, 0x0169, 0x0034, 0x0166, 0x00AA, 0x003F, 0x0155, 0x00E2, 0x0089, 
0x017E, 0x00ED, 0x014B, 0x00FC, 0x0126, 0x0156, 0x00AD, 0x019A, 0x00E1, 0x016F, 0x0100, 0x00A6, 0x0087, 0x0116, 0x007B, 0x0035, 
0x0153, 0x0062, 0x017B, 0x00E8, 0x00DD, 0x01A3, 0x00A7, 0x017F, 0x0001, 0x00C7, 0x0096, 0x00C6, 0x0046, 0x0196, 0x006C, 0x01B0, 
0x01A1, 0x004A, 0x011B, 0x0100, 0x011B, 0x0113, 0x006C, 0x00EA, 0x0100, 0x0118, 0x0004, 0x0004, 0x00B3, 0x001B, 0x010A, 0x011B, 
0x0089, 0x001B, 0x00C6, 0x00A7, 0x0046, 0x0113, 0x0167, 0x00EB, 0x0010, 0x011B, 0x00C7, 0x0128, 0x00C7, 0x016B, 0x0010, 0x016B, 
0x001B, 0x0073, 0x013E, 0x00B1, 0x00B3, 0x006C, 0x010A, 0x001B, 0x0196, 0x01A1, 0x0128, 0x00B1, 0x0010, 0x01B0, 0x0145, 0x0145, 
0x00A7, 0x004A, 0x01A1, 0x00A7, 0x006C, 0x01AD, 0x0004, 0x0001, 0x0145, 0x0099, 0x0073, 0x001B, 0x0040, 0x00C6, 0x01AD, 0x0010, 
0x00FE, 0x00C6, 0x00C7, 0x0167, 0x00FE, 0x0099, 0x01B0, 0x0167, 0x0100, 0x00B1, 0x0004, 0x0171, 0x00A7, 0x0040, 0x006C, 0x0096, 
0x0073, 0x0073, 0x00FE, 0x0113, 0x009E, 0x006C, 0x0118, 0x00B1, 0x013E, 0x0100, 0x00EB, 0x0118, 0x0167, 0x0010, 0x013E, 0x0096, 
0x0196, 0x0099, 0x0167, 0x00EA, 0x001B, 0x009E, 0x0196, 0x009E, 0x0046, 0x0145, 0x0001, 0x0004, 0x00EB, 0x0118, 0x0171, 0x0145, 
0x01A1, 0x0113, 0x0099, 0x0046, 0x0040, 0x016B, 0x00EB, 0x00C7, 0x0046, 0x009E, 0x0073, 0x0089, 0x01B0, 0x0171, 0x0004, 0x00B1, 
0x00EA, 0x00B3, 0x0128, 0x01B0, 0x0040, 0x0046, 0x01A1, 0x0099, 0x0089, 0x013E, 0x0118, 0x01B0, 0x004A, 0x00C6, 0x00B3, 0x01AD, 
0x00EA, 0x013E, 0x0010, 0x0089, 0x0073, 0x00EA, 0x00EB, 0x01AD, 0x0096, 0x011B, 0x016B, 0x0096, 0x00FE, 0x016B, 0x00EA, 0x00FE, 
0x01A1, 0x0145, 0x0171, 0x00B3, 0x010A, 0x0113, 0x004A, 0x0196, 0x00C6, 0x0171, 0x0001, 0x0171, 0x0167, 0x013E, 0x00B3, 0x00A7, 
0x004A, 0x010A, 0x0089, 0x0113, 0x00A7, 0x0128, 0x0118, 0x0096, 0x009E, 0x0040, 0x00FE, 0x011B, 0x0128, 0x0001, 0x0001, 0x0128, 
0x016B, 0x01AD, 0x00C7, 0x0099, 0x009E, 0x0040, 0x004A, 0x0196, 0x010A, 0x0100, 0x0100, 0x0089, 0x010A, 0x01AD, 0x00B1, 0x00EB, 
0x00EB, 0x00B1, 0x01AD, 0x010A, 0x0089, 0x0100, 0x0100, 0x010A, 0x0196, 0x004A, 0x0040, 0x009E, 0x0099, 0x00C7, 0x01AD, 0x016B, 
0x0128, 0x0001, 0x0001, 0x0128, 0x011B, 0x00FE, 0x0040, 0x009E, 0x0096, 0x0118, 0x0128, 0x00A7, 0x0113, 0x0089, 0x010A, 0x004A, 
0x00A7, 0x00B3, 0x013E, 0x0167, 0x0171, 0x0001, 0x0171, 0x00C6, 0x0196, 0x004A, 0x0113, 0x010A, 0x00B3, 0x0171, 0x0145, 0x01A1, 
0x00FE, 0x00EA, 0x016B, 0x00FE, 0x0096, 0x016B, 0x011B, 0x0096, 0x01AD, 0x00EB, 0x00EA, 0x0073, 0x0089, 0x0010, 0x013E, 0x00EA, 
0x01AD, 0x00B3, 0x00C6, 0x004A, 0x01B0, 0x0118, 0x013E, 0x0089, 0x0099, 0x01A1, 0x0046, 0x0040, 0x01B0, 0x0128, 0x00B3, 0x00EA, 
0x00B1, 0x0004, 0x0171, 0x01B0, 0x0089, 0x0073, 0x009E, 0x0046, 0x00C7, 0x00EB, 0x016B, 0x0040, 0x0046, 0x0099, 0x0113, 0x01A1, 
0x0145, 0x0171, 0x0118, 0x00EB, 0x0004, 0x0001, 0x0145, 0x0046, 0x009E, 0x0196, 0x009E, 0x001B, 0x00EA, 0x0167, 0x0099, 0x0196, 
0x0096, 0x013E, 0x0010, 0x0167, 0x0118, 0x00EB, 0x0100, 0x013E, 0x00B1, 0x0118, 0x006C, 0x009E, 0x0113, 0x00FE, 0x0073, 0x0073, 
0x0096, 0x006C, 0x0040, 0x00A7, 0x0171, 0x0004, 0x00B1, 0x0100, 0x0167, 0x01B0, 0x0099, 0x00FE, 0x0167, 0x00C7, 0x00C6, 0x00FE, 
0x0010, 0x01AD, 0x00C6, 0x0040, 0x001B, 0x0073, 0x0099, 0x0145, 0x0001, 0x0004, 0x01AD, 0x006C, 0x00A7, 0x01A1, 0x004A, 0x00A7, 
0x0145, 0x0145, 0x01B0, 0x0010, 0x00B1, 0x0128, 0x01A1, 0x0196, 0x001B, 0x010A, 0x006C, 0x00B3, 0x00B1, 0x013E, 0x0073, 0x001B, 
0x016B, 0x0010, 0x016B, 0x00C7, 0x0128, 0x00C7, 0x011B, 0x0010, 0x00EB, 0x0167, 0x0113, 0x0046, 0x00A7, 0x00C6, 0x001B, 0x0089, 
0x011B, 0x010A, 0x001B, 0x00B3, 0x0004, 0x0004, 0x0118, 0x0100, 0x00EA, 0x006C, 0x0113, 0x011B, 0x0100, 0x011B, 0x004A, 0x01A1, 
0x01B0, 0x006C, 0x0196, 0x0046, 0x00C6, 0x0096, 0x0001, 0x018E, 0x0011, 0x0167, 0x015E, 0x010F, 0x0143, 0x01A9, 0x0121, 0x0133, 
0x0052, 0x0029, 0x00D7, 0x0182, 0x0141, 0x0118, 0x0016, 0x0115, 0x004C, 0x0050, 0x0127, 0x00A1, 0x0038, 0x0129, 0x018A, 0x010D, 
0x0096, 0x015A, 0x012A, 0x0017, 0x0130, 0x009F, 0x005F, 0x0060, 0x0025, 0x0108, 0x0002, 0x0173, 0x00BF, 0x00E7, 0x00F1, 0x0043, 
0x00FB, 0x01AB, 0x0105, 0x00CD, 0x017A, 0x01AE, 0x0199, 0x0042, 0x0176, 0x006F, 0x019F, 0x017B, 0x007A, 0x000E, 0x01AA, 0x018B, 
0x0163, 0x003D, 0x005D, 0x00B9, 0x00FC, 0x0040, 0x0155, 0x008B, 0x0158, 0x0068, 0x0056, 0x0004, 0x0095, 0x011E, 0x0164, 0x016B, 
0x00CB, 0x0005, 0x0049, 0x00F3, 0x0162, 0x008E, 0x0181, 0x00E1, 0x014C, 0x00FD, 0x0153, 0x0134, 0x012F, 0x00D2, 0x0114, 0x0187, 
0x00A5, 0x00BA, 0x0195, 0x00C1, 0x00BB, 0x0069, 0x0067, 0x0197, 0x013C, 0x0120, 0x0140, 0x014D, 0x0117, 0x000C, 0x00C4, 0x00C5, 
0x0135, 0x009E, 0x0159, 0x003C, 0x0022, 0x0178, 0x0074, 0x00F5, 0x0073, 0x001F, 0x00D8, 0x0084, 0x00B2, 0x001E, 0x00E5, 0x00D1, 
0x00C8, 0x0014, 0x00CE, 0x0111, 0x0191, 0x0166, 0x0172, 0x00BD, 0x0157, 0x014B, 0x012C, 0x0054, 0x006B, 0x0101, 0x0010, 0x0015, 
0x0009, 0x0125, 0x016C, 0x019E, 0x0136, 0x017E, 0x017C, 0x0061, 0x0019, 0x011D, 0x00C9, 0x0100, 0x00B7, 0x0102, 0x0128, 0x002B, 
0x013B, 0x009B, 0x012E, 0x00A7, 0x007F, 0x00E2, 0x014F, 0x017D, 0x0119, 0x0160, 0x0156, 0x0047, 0x006C, 0x00EE, 0x0147, 0x0103, 
0x013A, 0x002D, 0x0078, 0x00DC, 0x0189, 0x000B, 0x0196, 0x012B, 0x00B3, 0x00AB, 0x001D, 0x011F, 0x011A, 0x01A2, 0x010B, 0x0072, 
0x0048, 0x00AD, 0x0183, 0x017F, 0x00DD, 0x00DE, 0x00B8, 0x0124, 0x00A8, 0x002C, 0x0122, 0x00C6, 0x00C7, 0x0138, 0x00DB, 0x003A, 
0x0080, 0x0024, 0x015C, 0x00C2, 0x00A3, 0x000D, 0x00AA, 0x0044, 0x0144, 0x0021, 0x0170, 0x000A, 0x0180, 0x0063, 0x014E, 0x0031, 
0x01A7, 0x0041, 0x0190, 0x006D, 0x016D, 0x0107, 0x01A4, 0x010E, 0x00EF, 0x0055, 0x018D, 0x0131, 0x0177, 0x00D6, 0x0079, 0x00EA, 
0x00EB, 0x008F, 0x0185, 0x0109, 0x008D, 0x00F9, 0x00D3, 0x00D4, 0x0032, 0x002E, 0x0104, 0x0169, 0x013F, 0x00A6, 0x000F, 0x0097, 
0x0092, 0x0194, 0x0106, 0x00FE, 0x0086, 0x001B, 0x01A6, 0x0028, 0x00D5, 0x0139, 0x0184, 0x0077, 0x00AE, 0x006A, 0x00C3, 0x0145, 
0x016A, 0x005B, 0x0051, 0x0098, 0x0034, 0x0062, 0x00CF, 0x0132, 0x010A, 0x0083, 0x0116, 0x0076, 0x0186, 0x0089, 0x00AF, 0x00FA, 
0x00B1, 0x00E8, 0x0094, 0x0198, 0x0150, 0x0035, 0x0033, 0x007B, 0x0013, 0x0045, 0x008C, 0x01A8, 0x019C, 0x01A1, 0x00B0, 0x0146, 
0x015D, 0x0085, 0x0066, 0x005A, 0x00F4, 0x003F, 0x004B, 0x0020, 0x00A0, 0x00E3, 0x019D, 0x00E9, 0x00E0, 0x00CC, 0x0193, 0x00FF, 
0x012D, 0x00D9, 0x0192, 0x013E, 0x00BC, 0x013D, 0x0039, 0x018F, 0x0175, 0x0058, 0x0113, 0x007C, 0x00EC, 0x00ED, 0x01A5, 0x009A, 
0x0064, 0x0071, 0x0091, 0x0075, 0x001A, 0x014A, 0x0148, 0x00F6, 0x00F0, 0x001C, 0x00F7, 0x010C, 0x002A, 0x009D, 0x00DF, 0x0082, 
0x007D, 0x005E, 0x00B4, 0x0065, 0x00D0, 0x0030, 0x0123, 0x004F, 0x00BE, 0x0168, 0x01AC, 0x00E6, 0x0046, 0x004D, 0x0093, 0x011C, 
0x01AD, 0x015B, 0x0149, 0x0059, 0x0126, 0x005C, 0x0171, 0x00B5, 0x00F8, 0x0154, 0x0174, 0x004E, 0x0026, 0x0007, 0x01A3, 0x0137, 
0x0036, 0x0012, 0x0142, 0x003B, 0x016F, 0x0018, 0x0003, 0x0037, 0x00E4, 0x00AC, 0x0006, 0x00B6, 0x016E, 0x00C0, 0x00CA, 0x00F2, 
0x003E, 0x01AF, 0x00A9, 0x018C, 0x0151, 0x0152, 0x0112, 0x0081, 0x019A, 0x0087, 0x0057, 0x011B, 0x00A4, 0x0027, 0x0088, 0x0179, 
0x0110, 0x008A, 0x0161, 0x0165, 0x009C, 0x019B, 0x0099, 0x0070, 0x002F, 0x00DA, 0x0188, 0x015F, 0x007E, 0x0090, 0x0008, 0x006E, 
0x00A2, 0x0053, 0x004A, 0x01A0, 0x0001, 0x016B, 0x0033, 0x0089, 0x0012, 0x0147, 0x0060, 0x0171, 0x0003, 0x0027, 0x0024, 0x003B, 
0x00C5, 0x00D0, 0x0034, 0x0096, 0x0176, 0x00DF, 0x0091, 0x012D, 0x0085, 0x004E, 0x01A6, 0x00C8, 0x0144, 0x0042, 0x0099, 0x00A2, 
0x019F, 0x0101, 0x014B, 0x0145, 0x0068, 0x00E9, 0x01AD, 0x019B, 0x004A, 0x00F2, 0x0058, 0x0093, 0x0163, 0x00D8, 0x0191, 0x00A9, 
0x0036, 0x0151, 0x000D, 0x0121, 0x007B, 0x010D, 0x0016, 0x008F, 0x0159, 0x0073, 0x00D7, 0x015F, 0x0022, 0x018A, 0x00A1, 0x00C4, 
0x002C, 0x00D4, 0x0120, 0x00C7, 0x0052, 0x0051, 0x0063, 0x0090, 0x0131, 0x0118, 0x00BB, 0x00F1, 0x0008, 0x0010, 0x0046, 0x017C, 
0x01A9, 0x014F, 0x00FE, 0x0066, 0x0009, 0x0108, 0x0115, 0x0023, 0x00ED, 0x004B, 0x017D, 0x0126, 0x013C, 0x0075, 0x0125, 0x00E1, 
0x01AB, 0x0185, 0x000C, 0x0079, 0x0020, 0x0032, 0x006C, 0x00DE, 0x0116, 0x00C0, 0x009F, 0x017E, 0x00E5, 0x0062, 0x009B, 0x00B1, 
0x016F, 0x0069, 0x0136, 0x006F, 0x0076, 0x00DA, 0x00EB, 0x0084, 0x009E, 0x01A5, 0x018E, 0x0088, 0x01AE, 0x0180, 0x0160, 0x013B, 
0x00CB, 0x00BF, 0x010A, 0x0167, 0x0064, 0x0142, 0x014E, 0x0188, 0x0040, 0x01AF, 0x009C, 0x0138, 0x001B, 0x012C, 0x0181, 0x013E, 
0x00E6, 0x014D, 0x00A4, 0x0011, 0x006D, 0x0132, 0x00D3, 0x00B3, 0x0048, 0x0128, 0x0162, 0x00F6, 0x0100, 0x007F, 0x0149, 0x016D, 
0x00D9, 0x0196, 0x0113, 0x00DD, 0x00F3, 0x00EC, 0x0152, 0x008B, 0x008C, 0x005F, 0x011B, 0x0094, 0x0110, 0x0129, 0x0002, 0x017B, 
0x0199, 0x00B0, 0x0169, 0x00CC, 0x01A1, 0x018C, 0x01B0, 0x0025, 0x0035, 0x0112, 0x004F, 0x010F, 0x0021, 0x01A4, 0x0029, 0x0031, 
0x018F, 0x001A, 0x00D2, 0x00BE, 0x0006, 0x0166, 0x011D, 0x018D, 0x0197, 0x00EA, 0x00C6, 0x0030, 0x011E, 0x0019, 0x0004, 0x01A0, 
0x0148, 0x0080, 0x0190, 0x006A, 0x0018, 0x01A8, 0x017F, 0x0044, 0x000B, 0x0198, 0x0122, 0x00A7, 0x00A7, 0x0122, 0x0198, 0x000B, 
0x0044, 0x017F, 0x01A8, 0x0018, 0x006A, 0x0190, 0x0080, 0x0148, 0x01A0, 0x0004, 0x0019, 0x011E, 0x0030, 0x00C6, 0x00EA, 0x0197, 
0x018D, 0x011D, 0x0166, 0x0006, 0x00BE, 0x00D2, 0x001A, 0x018F, 0x0031, 0x0029, 0x01A4, 0x0021, 0x010F, 0x004F, 0x0112, 0x0035, 
0x0025, 0x01B0, 0x018C, 0x01A1, 0x00CC, 0x0169, 0x00B0, 0x0199, 0x017B, 0x0002, 0x0129, 0x0110, 0x0094, 0x011B, 0x005F, 0x008C, 
0x008B, 0x0152, 0x00EC, 0x00F3, 0x00DD, 0x0113, 0x0196, 0x00D9, 0x016D, 0x0149, 0x007F, 0x0100, 0x00F6, 0x0162, 0x0128, 0x0048, 
0x00B3, 0x00D3, 0x0132, 0x006D, 0x0011, 0x00A4, 0x014D, 0x00E6, 0x013E, 0x0181, 0x012C, 0x001B, 0x0138, 0x009C, 0x01AF, 0x0040, 
0x0188, 0x014E, 0x0142, 0x0064, 0x0167, 0x010A, 0x00BF, 0x00CB, 0x013B, 0x0160, 0x0180, 0x01AE, 0x0088, 0x018E, 0x01A5, 0x009E, 
0x0084, 0x00EB, 0x00DA, 0x0076, 0x006F, 0x0136, 0x0069, 0x016F, 0x00B1, 0x009B, 0x0062, 0x00E5, 0x017E, 0x009F, 0x00C0, 0x0116, 
0x00DE, 0x006C, 0x0032, 0x0020, 0x0079, 0x000C, 0x0185, 0x01AB, 0x00E1, 0x0125, 0x0075, 0x013C, 0x0126, 0x017D, 0x004B, 0x00ED, 
0x0023, 0x0115, 0x0108, 0x0009, 0x0066, 0x00FE, 0x014F, 0x01A9, 0x017C, 0x0046, 0x0010, 0x0008, 0x00F1, 0x00BB, 0x0118, 0x0131, 
0x0090, 0x0063, 0x0051, 0x0052, 0x00C7, 0x0120, 0x00D4, 0x002C, 0x00C4, 0x00A1, 0x018A, 0x0022, 0x015F, 0x00D7, 0x0073, 0x0159, 
0x008F, 0x0016, 0x010D, 0x007B, 0x0121, 0x000D, 0x0151, 0x0036, 0x00A9, 0x0191, 0x00D8, 0x0163, 0x0093, 0x0058, 0x00F2, 0x004A, 
0x019B, 0x01AD, 0x00E9, 0x0068, 0x0145, 0x014B, 0x0101, 0x019F, 0x00A2, 0x0099, 0x0042, 0x0144, 0x00C8, 0x01A6, 0x004E, 0x0085, 
0x012D, 0x0091, 0x00DF, 0x0176, 0x0096, 0x0034, 0x00D0, 0x00C5, 0x003B, 0x0024, 0x0027, 0x0003, 0x0171, 0x0060, 0x0147, 0x0012, 
0x0089, 0x0033, 0x0001, 0x0125, 0x0099, 0x0073, 0x005A, 0x00E6, 0x00EF, 0x0162, 0x001B, 0x0186, 0x018C, 0x0113, 0x018C, 0x013A, 
0x015B, 0x00EB, 0x0128, 0x0075, 0x009D, 0x0187, 0x00C3, 0x01A1, 0x00B4, 0x0025, 0x0132, 0x01A1, 0x00EA, 0x00CE, 0x0158, 0x015D, 
0x012E, 0x0008, 0x0191, 0x0080, 0x0125, 0x004A, 0x008C, 0x0067, 0x0191, 0x00FB, 0x010A, 0x019C, 0x0164, 0x004B, 0x0109, 0x015B, 
0x00B2, 0x0010, 0x018E, 0x001B, 0x0100, 0x004B, 0x0063, 0x0094, 0x0086, 0x00AB, 0x00CE, 0x0150, 0x0196, 0x0045, 0x0056, 0x009A, 
0x0187, 0x00B3, 0x0086, 0x0096, 0x008A, 0x010A, 0x0105, 0x0073, 0x011F, 0x0020, 0x0097, 0x013E, 0x0036, 0x012E, 0x00FA, 0x0096, 
0x0094, 0x016E, 0x0128, 0x01AF, 0x002A, 0x0156, 0x00E3, 0x0184, 0x00EF, 0x0145, 0x019C, 0x008A, 0x00FA, 0x015D, 0x0134, 0x00C2, 
0x0112, 0x0166, 0x0049, 0x0089, 0x012C, 0x0075, 0x016E, 0x0063, 0x0164, 0x0145, 0x00E6, 0x01AD, 0x0083, 0x0040, 0x00A7, 0x0124, 
0x00CB, 0x0134, 0x0158, 0x00AB, 0x00B3, 0x009D, 0x012C, 0x013C, 0x00A5, 0x012B, 0x0046, 0x0054, 0x01AD, 0x005A, 0x0105, 0x00FB, 
0x0008, 0x0036, 0x0157, 0x0124, 0x0015, 0x00D9, 0x011D, 0x00A5, 0x0114, 0x01AF, 0x00EB, 0x0109, 0x0100, 0x0162, 0x0184, 0x0059, 
0x0046, 0x011B, 0x00D9, 0x004D, 0x0112, 0x004F, 0x0150, 0x00EA, 0x00C3, 0x009A, 0x00C6, 0x0049, 0x014E, 0x00D9, 0x0127, 0x0040, 
0x01A9, 0x011F, 0x0099, 0x0080, 0x0067, 0x0118, 0x0097, 0x00B6, 0x0040, 0x00B7, 0x0046, 0x0106, 0x0156, 0x00EE, 0x00B2, 0x013A, 
0x0186, 0x018E, 0x00C7, 0x0156, 0x00FE, 0x00A5, 0x0043, 0x0049, 0x00A8, 0x0045, 0x002B, 0x00B4, 0x0132, 0x0077, 0x0045, 0x00B1, 
0x0112, 0x006C, 0x0124, 0x00AC, 0x0097, 0x0131, 0x004A, 0x0001, 0x01B0, 0x004A, 0x014A, 0x011F, 0x017B, 0x01AD, 0x007D, 0x0184, 
0x0061, 0x018E, 0x00FD, 0x0113, 0x0113, 0x007F, 0x00B2, 0x0117, 0x01AF, 0x0085, 0x012C, 0x0002, 0x009A, 0x00FF, 0x0132, 0x009E, 
0x009E, 0x00B4, 0x0023, 0x0150, 0x002D, 0x0134, 0x0004, 0x0036, 0x0092, 0x0067, 0x0167, 0x0001, 0x01B0, 0x0167, 0x0080, 0x011A, 
0x0105, 0x008D, 0x0145, 0x009F, 0x0100, 0x016C, 0x013A, 0x007F, 0x00FD, 0x0186, 0x016C, 0x0109, 0x0168, 0x016E, 0x010C, 0x00B3, 
0x005B, 0x00EA, 0x0023, 0x002B, 0x0077, 0x00FF, 0x00C3, 0x005B, 0x00AB, 0x016B, 0x00FA, 0x0171, 0x00FB, 0x011A, 0x0099, 0x014A, 
0x0131, 0x0118, 0x0092, 0x0008, 0x0171, 0x008A, 0x00D8, 0x0063, 0x0168, 0x00EB, 0x0117, 0x00EE, 0x00C7, 0x0061, 0x0162, 0x009F, 
0x0164, 0x00D8, 0x0096, 0x016B, 0x0158, 0x002D, 0x004F, 0x00B1, 0x00A8, 0x00C6, 0x0002, 0x009D, 0x010C, 0x0094, 0x00D8, 0x019C, 
0x008D, 0x005A, 0x017B, 0x01A9, 0x00B6, 0x00AC, 0x0157, 0x0004, 0x015D, 0x016B, 0x0086, 0x010C, 0x0075, 0x0085, 0x0114, 0x00FE, 
0x0106, 0x0059, 0x007D, 0x00E6, 0x008D, 0x010A, 0x0171, 0x012E, 0x0004, 0x00CB, 0x006C, 0x004D, 0x014E, 0x0043, 0x013C, 0x0085, 
0x0128, 0x0168, 0x004B, 0x009F, 0x00EF, 0x007D, 0x0054, 0x00B7, 0x0127, 0x0015, 0x006C, 0x00C2, 0x002D, 0x00CE, 0x005B, 0x0187, 
0x0002, 0x0089, 0x0043, 0x011D, 0x011B, 0x00B7, 0x0083, 0x017B, 0x0073, 0x011A, 0x0191, 0x0092, 0x013E, 0x00AC, 0x00A7, 0x0127, 
0x011B, 0x012B, 0x00FE, 0x002A, 0x0117, 0x015B, 0x016C, 0x001B, 0x0061, 0x00E3, 0x0106, 0x012B, 0x011D, 0x014E, 0x0166, 0x00B1, 
0x0196, 0x0023, 0x01A1, 0x00FF, 0x0056, 0x00A8, 0x0166, 0x004D, 0x0015, 0x00A7, 0x00B6, 0x0020, 0x014A, 0x0125, 0x0167, 0x008C, 
0x0131, 0x0020, 0x01A9, 0x0083, 0x0054, 0x0059, 0x00E3, 0x00C7, 0x0010, 0x007F, 0x018C, 0x00FD, 0x0010, 0x00EE, 0x002A, 0x0114, 
0x013C, 0x0089, 0x00C6, 0x0056, 0x0077, 0x0025, 0x009E, 0x0025, 0x002B, 0x0196, 0x004F, 0x00C2, 0x00CB, 0x0157, 0x013E, 0x0118, 
0x0001, 0x0099, 0x001A, 0x001B, 0x0011, 0x0051, 0x0176, 0x00EA, 0x00F3, 0x0003, 0x001A, 0x010D, 0x0181, 0x0042, 0x0009, 0x0128, 
0x010D, 0x0176, 0x0181, 0x001A, 0x00C6, 0x0051, 0x00F3, 0x0016, 0x0121, 0x0011, 0x0100, 0x008B, 0x0011, 0x004E, 0x010D, 0x0100, 
0x00F3, 0x0016, 0x0128, 0x0042, 0x01A1, 0x0011, 0x0033, 0x0051, 0x0051, 0x01A1, 0x0099, 0x010D, 0x00EA, 0x0176, 0x008B, 0x014F, 
0x0011, 0x0033, 0x0042, 0x0003, 0x0033, 0x00C6, 0x0009, 0x0032, 0x0033, 0x0003, 0x008B, 0x00F3, 0x0032, 0x0016, 0x0181, 0x00C6, 
0x0032, 0x0176, 0x0099, 0x014F, 0x0100, 0x0100, 0x001A, 0x008B, 0x00C6, 0x0096, 0x0099, 0x0003, 0x00C6, 0x0009, 0x0001, 0x010D, 
0x00A1, 0x010D, 0x0016, 0x0096, 0x00F3, 0x001B, 0x0009, 0x0016, 0x0128, 0x0128, 0x00EA, 0x0042, 0x0042, 0x0032, 0x0032, 0x00A1, 
0x0099, 0x0003, 0x0100, 0x0009, 0x00A1, 0x008B, 0x0128, 0x001A, 0x014F, 0x0009, 0x00A1, 0x01A1, 0x0011, 0x004E, 0x0011, 0x0121, 
0x014F, 0x0009, 0x00EA, 0x001A, 0x001B, 0x0032, 0x0096, 0x0176, 0x00F3, 0x0121, 0x0176, 0x014F, 0x0096, 0x0011, 0x0096, 0x01A1, 
0x0051, 0x0121, 0x0099, 0x0042, 0x00EA, 0x001B, 0x0016, 0x00A1, 0x0099, 0x00C6, 0x004E, 0x00C6, 0x0096, 0x0051, 0x0033, 0x0032, 
0x0121, 0x01A1, 0x0009, 0x0001, 0x010D, 0x001B, 0x0001, 0x001A, 0x01A1, 0x01A1, 0x00F3, 0x004E, 0x01A1, 0x0099, 0x001B, 0x0016, 
0x0181, 0x0181, 0x014F, 0x0016, 0x00EA, 0x014F, 0x0128, 0x0001, 0x008B, 0x0176, 0x001B, 0x00EA, 0x0033, 0x004E, 0x010D, 0x014F, 
0x0096, 0x0100, 0x0001, 0x0100, 0x0003, 0x0128, 0x0001, 0x008B, 0x00A1, 0x008B, 0x0042, 0x0121, 0x0033, 0x0121, 0x0176, 0x0181, 
0x0042, 0x001B, 0x0001, 0x001A, 0x0121, 0x00C6, 0x00EA, 0x004E, 0x0051, 0x0181, 0x0128, 0x0032, 0x004E, 0x0100, 0x00A1, 0x0051, 
0x0033, 0x00A1, 0x0003, 0x004E, 0x00F3, 0x0181, 0x0003, 0x0096, 0x0096, 0x0003, 0x0181, 0x00F3, 0x004E, 0x0003, 0x00A1, 0x0033, 
0x0051, 0x00A1, 0x0100, 0x004E, 0x0032, 0x0128, 0x0181, 0x0051, 0x004E, 0x00EA, 0x00C6, 0x0121, 0x001A, 0x0001, 0x001B, 0x0042, 
0x0181, 0x0176, 0x0121, 0x0033, 0x0121, 0x0042, 0x008B, 0x00A1, 0x008B, 0x0001, 0x0128, 0x0003, 0x0100, 0x0001, 0x0100, 0x0096, 
0x014F, 0x010D, 0x004E, 0x0033, 0x00EA, 0x001B, 0x0176, 0x008B, 0x0001, 0x0128, 0x014F, 0x00EA, 0x0016, 0x014F, 0x0181, 0x0181, 
0x0016, 0x001B, 0x0099, 0x01A1, 0x004E, 0x00F3, 0x01A1, 0x01A1, 0x001A, 0x0001, 0x001B, 0x010D, 0x0001, 0x0009, 0x01A1, 0x0121, 
0x0032, 0x0033, 0x0051, 0x0096, 0x00C6, 0x004E, 0x00C6, 0x0099, 0x00A1, 0x0016, 0x001B, 0x00EA, 0x0042, 0x0099, 0x0121, 0x0051, 
0x01A1, 0x0096, 0x0011, 0x0096, 0x014F, 0x0176, 0x0121, 0x00F3, 0x0176, 0x0096, 0x0032, 0x001B, 0x001A, 0x00EA, 0x0009, 0x014F, 
0x0121, 0x0011, 0x004E, 0x0011, 0x01A1, 0x00A1, 0x0009, 0x014F, 0x001A, 0x0128, 0x008B, 0x00A1, 0x0009, 0x0100, 0x0003, 0x0099, 
0x00A1, 0x0032, 0x0032, 0x0042, 0x0042, 0x00EA, 0x0128, 0x0128, 0x0016, 0x0009, 0x001B, 0x00F3, 0x0096, 0x0016, 0x010D, 0x00A1, 
0x010D, 0x0001, 0x0009, 0x00C6, 0x0003, 0x0099, 0x0096, 0x00C6, 0x008B, 0x001A, 0x0100, 0x0100, 0x014F, 0x0099, 0x0176, 0x0032, 
0x00C6, 0x0181, 0x0016, 0x0032, 0x00F3, 0x008B, 0x0003, 0x0033, 0x0032, 0x0009, 0x00C6, 0x0033, 0x0003, 0x0042, 0x0033, 0x0011, 
0x014F, 0x008B, 0x0176, 0x00EA, 0x010D, 0x0099, 0x01A1, 0x0051, 0x0051, 0x0033, 0x0011, 0x01A1, 0x0042, 0x0128, 0x0016, 0x00F3, 
0x0100, 0x010D, 0x004E, 0x0011, 0x008B, 0x0100, 0x0011, 0x0121, 0x0016, 0x00F3, 0x0051, 0x00C6, 0x001A, 0x0181, 0x0176, 0x010D, 
0x0128, 0x0009, 0x0042, 0x0181, 0x010D, 0x001A, 0x0003, 0x00F3, 0x00EA, 0x0176, 0x0051, 0x0011, 0x001B, 0x001A, 0x0001, 0x0132, 
0x004E, 0x006C, 0x0055, 0x0035, 0x0014, 0x008C, 0x0016, 0x001E, 0x011E, 0x00C5, 0x00F2, 0x003A, 0x0087, 0x0196, 0x00F3, 0x00ED, 
0x0183, 0x0057, 0x0105, 0x0032, 0x0189, 0x005F, 0x0129, 0x0009, 0x01A1, 0x01AC, 0x003C, 0x00AF, 0x0070, 0x018E, 0x00E1, 0x013B, 
0x0191, 0x00D3, 0x0112, 0x00D5, 0x0101, 0x00D1, 0x0122, 0x00C2, 0x0054, 0x0091, 0x008A, 0x013D, 0x0026, 0x003B, 0x0190, 0x0181, 
0x014F, 0x009C, 0x0069, 0x012C, 0x003E, 0x00CA, 0x0135, 0x00AE, 0x0197, 0x0123, 0x0013, 0x0041, 0x0007, 0x0073, 0x00DB, 0x0003, 
0x0124, 0x0108, 0x0158, 0x00A7, 0x0072, 0x0031, 0x00A5, 0x0113, 0x00D9, 0x00E4, 0x005B, 0x010D, 0x004F, 0x012F, 0x0033, 0x0198, 
0x005E, 0x002B, 0x0130, 0x009D, 0x015E, 0x00CC, 0x016C, 0x00E3, 0x004D, 0x000A, 0x004C, 0x0172, 0x01A4, 0x012D, 0x0077, 0x0126, 
0x00E6, 0x0022, 0x00F0, 0x0142, 0x00B2, 0x006A, 0x0066, 0x0058, 0x0154, 0x0004, 0x0079, 0x0161, 0x009B, 0x0146, 0x00B8, 0x00A0, 
0x0040, 0x01A2, 0x0080, 0x010F, 0x0061, 0x0119, 0x0188, 0x00B9, 0x0068, 0x0195, 0x0083, 0x019A, 0x01AF, 0x0075, 0x0039, 0x014C, 
0x007D, 0x0034, 0x017B, 0x009A, 0x0174, 0x00F6, 0x00B1, 0x002D, 0x0011, 0x0008, 0x016E, 0x00F4, 0x016D, 0x0110, 0x0151, 0x0106, 
0x0018, 0x0094, 0x00F5, 0x0099, 0x0097, 0x0037, 0x0096, 0x0086, 0x01AB, 0x002C, 0x0056, 0x0167, 0x018C, 0x0038, 0x0042, 0x0012, 
0x002F, 0x0090, 0x0049, 0x00BA, 0x0046, 0x00A8, 0x006D, 0x016A, 0x011F, 0x019C, 0x00A3, 0x0095, 0x0137, 0x0048, 0x0089, 0x0067, 
0x00B3, 0x00B6, 0x006E, 0x00B4, 0x00B7, 0x001D, 0x0155, 0x0133, 0x00DA, 0x00CF, 0x0071, 0x0160, 0x01A6, 0x0136, 0x00B5, 0x002A, 
0x00C3, 0x014D, 0x00D2, 0x00EA, 0x00EB, 0x000C, 0x0104, 0x0107, 0x014E, 0x00F1, 0x0192, 0x0157, 0x01A3, 0x018A, 0x010B, 0x0024, 
0x00C8, 0x0052, 0x00E8, 0x0078, 0x00D4, 0x0166, 0x004B, 0x00DD, 0x0139, 0x00C9, 0x015F, 0x00E9, 0x018D, 0x00A6, 0x0027, 0x000E, 
0x005A, 0x001F, 0x00C0, 0x0063, 0x00AA, 0x00AD, 0x01A5, 0x00C6, 0x00C7, 0x00DF, 0x0064, 0x00EE, 0x0187, 0x00FC, 0x007B, 0x000B, 
0x0051, 0x0140, 0x00E2, 0x00D7, 0x007E, 0x005C, 0x0194, 0x00FA, 0x00FD, 0x0143, 0x00FB, 0x00FE, 0x014A, 0x0128, 0x0169, 0x007A, 
0x011C, 0x010E, 0x0015, 0x0092, 0x0047, 0x0144, 0x0109, 0x016B, 0x00F7, 0x0168, 0x0121, 0x0182, 0x019F, 0x016F, 0x0179, 0x0025, 
0x004A, 0x015B, 0x0185, 0x0006, 0x012B, 0x011B, 0x017A, 0x011A, 0x0118, 0x00BC, 0x011D, 0x0199, 0x00AB, 0x0060, 0x00A1, 0x0044, 
0x00BD, 0x0043, 0x01A9, 0x01A0, 0x0184, 0x0100, 0x00BB, 0x003D, 0x0117, 0x0036, 0x017D, 0x0134, 0x0065, 0x0178, 0x013C, 0x0002, 
0x0017, 0x012E, 0x001C, 0x0149, 0x00F8, 0x0029, 0x0098, 0x0150, 0x00A2, 0x0131, 0x000F, 0x0171, 0x0111, 0x00F9, 0x006B, 0x0116, 
0x0050, 0x0138, 0x01AD, 0x005D, 0x0159, 0x014B, 0x0147, 0x00FF, 0x006F, 0x00C1, 0x018F, 0x00CB, 0x008B, 0x013A, 0x0084, 0x000D, 
0x003F, 0x0165, 0x01A7, 0x0164, 0x00CE, 0x0045, 0x00E5, 0x0053, 0x0114, 0x0081, 0x0186, 0x0153, 0x0019, 0x017E, 0x0082, 0x0162, 
0x00A4, 0x0156, 0x00CD, 0x00D8, 0x009E, 0x010C, 0x0180, 0x013F, 0x010A, 0x0059, 0x00A9, 0x008D, 0x01AE, 0x00D6, 0x013E, 0x01AA, 
0x0170, 0x019E, 0x008E, 0x001A, 0x0103, 0x007C, 0x00E7, 0x0173, 0x0085, 0x0148, 0x0115, 0x0062, 0x0030, 0x0021, 0x0176, 0x018B, 
0x0074, 0x0127, 0x0120, 0x015D, 0x00EF, 0x008F, 0x00E0, 0x00B0, 0x00DC, 0x009F, 0x00DE, 0x0020, 0x0076, 0x00D0, 0x0023, 0x0141, 
0x0102, 0x0175, 0x0005, 0x0010, 0x01A8, 0x0088, 0x0152, 0x0028, 0x017F, 0x00AC, 0x015A, 0x002E, 0x00C4, 0x00BE, 0x001B, 0x012A, 
0x0177, 0x00BF, 0x00EC, 0x0093, 0x0193, 0x019B, 0x0125, 0x019D, 0x017C, 0x015C, 0x0145, 0x0163, 0x0001, 0x00B3, 0x00EA, 0x01B0, 
0x01A9, 0x013E, 0x008C, 0x00FE, 0x00C6, 0x012C, 0x0073, 0x00C7, 0x0073, 0x017B, 0x0125, 0x0001, 0x00EA, 0x0171, 0x01A9, 0x0008, 
0x011D, 0x00EA, 0x017B, 0x0073, 0x0040, 0x00EA, 0x0001, 0x0125, 0x0008, 0x0036, 0x0008, 0x00B3, 0x0040, 0x013E, 0x00B3, 0x00EB, 
0x00B3, 0x012C, 0x0040, 0x0085, 0x00C7, 0x0162, 0x0094, 0x013E, 0x0094, 0x0125, 0x0036, 0x00EA, 0x0073, 0x00C6, 0x00C6, 0x013E, 
0x0171, 0x00B3, 0x017B, 0x0036, 0x0125, 0x0085, 0x00C6, 0x008C, 0x0125, 0x0085, 0x0008, 0x01B0, 0x017B, 0x00C6, 0x004F, 0x00C7, 
0x0162, 0x01B0, 0x012C, 0x0040, 0x0162, 0x01B0, 0x00FE, 0x0008, 0x004F, 0x00C6, 0x00B3, 0x01A9, 0x00EA, 0x0073, 0x0008, 0x0094, 
0x0125, 0x004F, 0x008C, 0x00C7, 0x0162, 0x004F, 0x004F, 0x0036, 0x008C, 0x008C, 0x0040, 0x013E, 0x011D, 0x00EA, 0x00FE, 0x0171, 
0x01A9, 0x0171, 0x0094, 0x00C7, 0x013E, 0x00EB, 0x0008, 0x01B0, 0x00C7, 0x0125, 0x013E, 0x008C, 0x0008, 0x0036, 0x01B0, 0x01A9, 
0x00FE, 0x0171, 0x011D, 0x017B, 0x00EB, 0x0036, 0x00EB, 0x01A9, 0x0162, 0x0085, 0x00B3, 0x00FE, 0x01A9, 0x0125, 0x0162, 0x0171, 
0x00B3, 0x011D, 0x01A9, 0x0073, 0x0001, 0x0094, 0x00C6, 0x00FE, 0x004F, 0x0008, 0x00EB, 0x00C6, 0x0171, 0x0094, 0x0040, 0x00FE, 
0x0085, 0x0001, 0x011D, 0x0085, 0x0001, 0x011D, 0x0171, 0x0171, 0x004F, 0x01B0, 0x00B3, 0x012C, 0x00EA, 0x013E, 0x012C, 0x00EA, 
0x0162, 0x0085, 0x01B0, 0x004F, 0x00EB, 0x0036, 0x0094, 0x011D, 0x0036, 0x017B, 0x012C, 0x0073, 0x0001, 0x0094, 0x01B0, 0x011D, 
0x01A9, 0x011D, 0x0094, 0x008C, 0x012C, 0x017B, 0x0040, 0x017B, 0x008C, 0x00C6, 0x0040, 0x00C7, 0x0125, 0x0162, 0x0162, 0x013E, 
0x00EB, 0x0001, 0x0001, 0x00EB, 0x012C, 0x012C, 0x00FE, 0x00EB, 0x008C, 0x004F, 0x0085, 0x0073, 0x017B, 0x00C7, 0x00C7, 0x0040, 
0x0036, 0x0085, 0x0073, 0x00FE, 0x00FE, 0x0073, 0x0085, 0x0036, 0x0040, 0x00C7, 0x00C7, 0x017B, 0x0073, 0x0085, 0x004F, 0x008C, 
0x00EB, 0x00FE, 0x012C, 0x012C, 0x00EB, 0x0001, 0x0001, 0x00EB, 0x013E, 0x0162, 0x0162, 0x0125, 0x00C7, 0x0040, 0x00C6, 0x008C, 
0x017B, 0x0040, 0x017B, 0x012C, 0x008C, 0x0094, 0x011D, 0x01A9, 0x011D, 0x01B0, 0x0094, 0x0001, 0x0073, 0x012C, 0x017B, 0x0036, 
0x011D, 0x0094, 0x0036, 0x00EB, 0x004F, 0x01B0, 0x0085, 0x0162, 0x00EA, 0x012C, 0x013E, 0x00EA, 0x012C, 0x00B3, 0x01B0, 0x004F, 
0x0171, 0x0171, 0x011D, 0x0001, 0x0085, 0x011D, 0x0001, 0x0085, 0x00FE, 0x0040, 0x0094, 0x0171, 0x00C6, 0x00EB, 0x0008, 0x004F, 
0x00FE, 0x00C6, 0x0094, 0x0001, 0x0073, 0x01A9, 0x011D, 0x00B3, 0x0171, 0x0162, 0x0125, 0x01A9, 0x00FE, 0x00B3, 0x0085, 0x0162, 
0x01A9, 0x00EB, 0x0036, 0x00EB, 0x017B, 0x011D, 0x0171, 0x00FE, 0x01A9, 0x01B0, 0x0036, 0x0008, 0x008C, 0x013E, 0x0125, 0x00C7, 
0x01B0, 0x0008, 0x00EB, 0x013E, 0x00C7, 0x0094, 0x0171, 0x01A9, 0x0171, 0x00FE, 0x00EA, 0x011D, 0x013E, 0x0040, 0x008C, 0x008C, 
0x0036, 0x004F, 0x004F, 0x0162, 0x00C7, 0x008C, 0x004F, 0x0125, 0x0094, 0x0008, 0x0073, 0x00EA, 0x01A9, 0x00B3, 0x00C6, 0x004F, 
0x0008, 0x00FE, 0x01B0, 0x0162, 0x0040, 0x012C, 0x01B0, 0x0162, 0x00C7, 0x004F, 0x00C6, 0x017B, 0x01B0, 0x0008, 0x0085, 0x0125, 
0x008C, 0x00C6, 0x0085, 0x0125, 0x0036, 0x017B, 0x00B3, 0x0171, 0x013E, 0x00C6, 0x00C6, 0x0073, 0x00EA, 0x0036, 0x0125, 0x0094, 
0x013E, 0x0094, 0x0162, 0x00C7, 0x0085, 0x0040, 0x012C, 0x00B3, 0x00EB, 0x00B3, 0x013E, 0x0040, 0x00B3, 0x0008, 0x0036, 0x0008, 
0x0125, 0x0001, 0x00EA, 0x0040, 0x0073, 0x017B, 0x00EA, 0x011D, 0x0008, 0x01A9, 0x0171, 0x00EA, 0x0001, 0x0125, 0x017B, 0x0073, 
0x00C7, 0x0073, 0x012C, 0x00C6, 0x00FE, 0x008C, 0x013E, 0x01A9, 0x01B0, 0x00EA, 0x0001, 0x0166, 0x010D, 0x01AD, 0x0189, 0x00B0, 
0x0072, 0x012C, 0x0032, 0x0192, 0x018F, 0x00DF, 0x00C4, 0x006E, 0x0041, 0x0010, 0x0051, 0x0093, 0x0119, 0x00A0, 0x0164, 0x0181, 
0x0039, 0x00A2, 0x012D, 0x0016, 0x001B, 0x019A, 0x00E8, 0x0141, 0x00F8, 0x0063, 0x017C, 0x01A4, 0x00CB, 0x00E9, 0x0080, 0x008E, 
0x014B, 0x007C, 0x016D, 0x0092, 0x012E, 0x0088, 0x00A5, 0x0037, 0x0175, 0x0197, 0x0006, 0x0176, 0x008B, 0x0052, 0x0048, 0x008C, 
0x003D, 0x01AA, 0x00F7, 0x0161, 0x01A8, 0x00AD, 0x0078, 0x0013, 0x0047, 0x0171, 0x0183, 0x004E, 0x0061, 0x006D, 0x00B2, 0x016B, 
0x0053, 0x0116, 0x0127, 0x0167, 0x01AF, 0x00AF, 0x0015, 0x0121, 0x011D, 0x00E2, 0x014F, 0x0151, 0x00E7, 0x0134, 0x00E0, 0x012B, 
0x0038, 0x00C0, 0x014A, 0x00B6, 0x0105, 0x00CD, 0x001E, 0x00AA, 0x0012, 0x00DA, 0x016E, 0x01A0, 0x0020, 0x005F, 0x003A, 0x0190, 
0x0059, 0x0159, 0x0031, 0x00E5, 0x01A7, 0x0145, 0x0029, 0x00BC, 0x00E1, 0x005C, 0x0026, 0x005E, 0x013E, 0x0173, 0x0112, 0x00F2, 
0x008D, 0x000F, 0x0122, 0x005D, 0x0147, 0x0133, 0x0054, 0x0130, 0x00D9, 0x0025, 0x010B, 0x01A3, 0x002B, 0x00D4, 0x01A9, 0x0056, 
0x00DB, 0x0034, 0x0089, 0x0049, 0x00F3, 0x0036, 0x013A, 0x010E, 0x0108, 0x016F, 0x00F6, 0x0187, 0x013B, 0x0162, 0x014C, 0x0096, 
0x00A8, 0x012A, 0x0099, 0x009D, 0x0027, 0x0198, 0x0117, 0x0113, 0x013C, 0x0172, 0x0003, 0x01A6, 0x0194, 0x0110, 0x0184, 0x01AC, 
0x010A, 0x011A, 0x0138, 0x0057, 0x00C2, 0x005B, 0x00F9, 0x0082, 0x006B, 0x0142, 0x00B1, 0x016C, 0x00FE, 0x00CE, 0x011C, 0x0157, 
0x00EE, 0x00D5, 0x004C, 0x015C, 0x0115, 0x00F0, 0x002F, 0x017E, 0x0064, 0x0068, 0x0103, 0x0106, 0x00B7, 0x0199, 0x018D, 0x00C6, 
0x00C7, 0x00EC, 0x0071, 0x019D, 0x0023, 0x0136, 0x007A, 0x00FD, 0x00FC, 0x0069, 0x0195, 0x00DE, 0x01A5, 0x0091, 0x00F4, 0x013D, 
0x002C, 0x0132, 0x007F, 0x0185, 0x0074, 0x00BD, 0x0120, 0x000C, 0x00D3, 0x001C, 0x0148, 0x00B5, 0x00B4, 0x0137, 0x007B, 0x018E, 
0x0014, 0x0140, 0x00C5, 0x00EA, 0x00EB, 0x0024, 0x0018, 0x00FA, 0x00AB, 0x00AE, 0x0149, 0x014D, 0x0033, 0x0182, 0x00C1, 0x009C, 
0x0055, 0x0165, 0x00DC, 0x00C3, 0x005A, 0x0095, 0x00E3, 0x00B3, 0x0045, 0x0100, 0x006F, 0x0146, 0x012F, 0x00B8, 0x0156, 0x00EF, 
0x015A, 0x0079, 0x0097, 0x00A7, 0x0005, 0x002D, 0x00A1, 0x001D, 0x000B, 0x01AE, 0x003F, 0x0075, 0x009E, 0x009A, 0x0019, 0x018A, 
0x0114, 0x0118, 0x0087, 0x0109, 0x011B, 0x0065, 0x004F, 0x0076, 0x002A, 0x00BB, 0x0042, 0x00A9, 0x00A3, 0x0077, 0x017B, 0x00BE, 
0x0168, 0x0128, 0x017D, 0x00D6, 0x015B, 0x0008, 0x00DD, 0x0186, 0x000E, 0x00A6, 0x018C, 0x00D8, 0x0081, 0x015D, 0x007E, 0x006A, 
0x0154, 0x008F, 0x01A2, 0x0124, 0x00BF, 0x009F, 0x003E, 0x0073, 0x0153, 0x018B, 0x0155, 0x00D0, 0x00F5, 0x0188, 0x006C, 0x000A, 
0x00CC, 0x0180, 0x0058, 0x0158, 0x0021, 0x0177, 0x0152, 0x0191, 0x0011, 0x0043, 0x00D7, 0x019F, 0x0107, 0x0193, 0x00E4, 0x00AC, 
0x00FB, 0x0067, 0x00F1, 0x0179, 0x0086, 0x00D1, 0x007D, 0x00CA, 0x0060, 0x0062, 0x00CF, 0x0094, 0x0090, 0x019C, 0x0102, 0x0002, 
0x004A, 0x008A, 0x009B, 0x015E, 0x0046, 0x00FF, 0x0144, 0x0150, 0x0163, 0x002E, 0x0040, 0x016A, 0x019E, 0x0139, 0x0104, 0x0009, 
0x0050, 0x00BA, 0x0007, 0x0174, 0x0125, 0x0169, 0x015F, 0x0126, 0x003B, 0x01AB, 0x001A, 0x003C, 0x017A, 0x010C, 0x0129, 0x0083, 
0x011F, 0x0044, 0x0135, 0x0066, 0x0123, 0x0131, 0x00C8, 0x00E6, 0x000D, 0x0035, 0x014E, 0x00B9, 0x0070, 0x00C9, 0x0017, 0x0196, 
0x019B, 0x0084, 0x010F, 0x0178, 0x0030, 0x004D, 0x0111, 0x0098, 0x011E, 0x0160, 0x01A1, 0x0170, 0x0143, 0x00ED, 0x00D2, 0x0022, 
0x001F, 0x017F, 0x0085, 0x013F, 0x0101, 0x0028, 0x0004, 0x00A4, 0x0001, 0x011B, 0x0176, 0x01A1, 0x00E9, 0x00BE, 0x016D, 0x00EB, 
0x0011, 0x007B, 0x003B, 0x004E, 0x017F, 0x00F1, 0x006D, 0x0100, 0x004E, 0x0030, 0x008F, 0x00A9, 0x0073, 0x00F3, 0x000C, 0x01A8, 
0x00A4, 0x008B, 0x0128, 0x00DE, 0x00E9, 0x0068, 0x0147, 0x0089, 0x01A0, 0x01A8, 0x00B1, 0x00A1, 0x0196, 0x00C8, 0x0160, 0x00C5, 
0x00F3, 0x0046, 0x01AD, 0x0163, 0x0040, 0x016D, 0x00D3, 0x0033, 0x0126, 0x0051, 0x00A1, 0x016F, 0x0160, 0x00C7, 0x0144, 0x0029, 
0x00DF, 0x007B, 0x014F, 0x01A5, 0x0188, 0x0138, 0x008F, 0x00EA, 0x0029, 0x0181, 0x0004, 0x0033, 0x009E, 0x0128, 0x0108, 0x0062, 
0x013E, 0x0099, 0x011B, 0x0136, 0x013E, 0x001A, 0x01B0, 0x0147, 0x0121, 0x0163, 0x0079, 0x0145, 0x01A5, 0x00A7, 0x006D, 0x0009, 
0x0167, 0x0167, 0x0171, 0x00F1, 0x00C0, 0x0188, 0x019B, 0x0090, 0x01AD, 0x0042, 0x0089, 0x0197, 0x00E5, 0x0062, 0x004A, 0x0176, 
0x017E, 0x001A, 0x00E5, 0x001B, 0x008B, 0x0149, 0x0126, 0x0159, 0x018D, 0x0144, 0x00C6, 0x00A9, 0x0010, 0x019B, 0x0145, 0x0044, 
0x0011, 0x0058, 0x0181, 0x018D, 0x006C, 0x00C8, 0x0118, 0x0196, 0x00EC, 0x0159, 0x0004, 0x0110, 0x00EB, 0x010A, 0x0079, 0x0090, 
0x0096, 0x0073, 0x0003, 0x00C7, 0x006C, 0x00EC, 0x0051, 0x0016, 0x00A4, 0x016B, 0x0197, 0x01B0, 0x006A, 0x01A1, 0x00FE, 0x0108, 
0x001B, 0x016B, 0x01A0, 0x01AE, 0x0046, 0x0096, 0x0010, 0x0138, 0x0032, 0x017F, 0x0024, 0x0009, 0x0171, 0x0024, 0x0100, 0x00B3, 
0x014F, 0x0044, 0x010A, 0x0040, 0x00D2, 0x0068, 0x006A, 0x017E, 0x0099, 0x0113, 0x0001, 0x0113, 0x0136, 0x004A, 0x00FE, 0x00DE, 
0x00CC, 0x00D3, 0x0110, 0x0058, 0x00DF, 0x010D, 0x0030, 0x0032, 0x00C0, 0x00A7, 0x00B3, 0x003B, 0x010D, 0x00EA, 0x00C6, 0x0003, 
0x00C5, 0x0122, 0x00B1, 0x0016, 0x0149, 0x009E, 0x00CC, 0x00BE, 0x00D2, 0x0121, 0x0042, 0x01AE, 0x000C, 0x0122, 0x016F, 0x0118, 
0x0118, 0x016F, 0x0122, 0x000C, 0x01AE, 0x0042, 0x0121, 0x00D2, 0x00BE, 0x00CC, 0x009E, 0x0149, 0x0016, 0x00B1, 0x0122, 0x00C5, 
0x0003, 0x00C6, 0x00EA, 0x010D, 0x003B, 0x00B3, 0x00A7, 0x00C0, 0x0032, 0x0030, 0x010D, 0x00DF, 0x0058, 0x0110, 0x00D3, 0x00CC, 
0x00DE, 0x00FE, 0x004A, 0x0136, 0x0113, 0x0001, 0x0113, 0x0099, 0x017E, 0x006A, 0x0068, 0x00D2, 0x0040, 0x010A, 0x0044, 0x014F, 
0x00B3, 0x0100, 0x0024, 0x0171, 0x0009, 0x0024, 0x017F, 0x0032, 0x0138, 0x0010, 0x0096, 0x0046, 0x01AE, 0x01A0, 0x016B, 0x001B, 
0x0108, 0x00FE, 0x01A1, 0x006A, 0x01B0, 0x0197, 0x016B, 0x00A4, 0x0016, 0x0051, 0x00EC, 0x006C, 0x00C7, 0x0003, 0x0073, 0x0096, 
0x0090, 0x0079, 0x010A, 0x00EB, 0x0110, 0x0004, 0x0159, 0x00EC, 0x0196, 0x0118, 0x00C8, 0x006C, 0x018D, 0x0181, 0x0058, 0x0011, 
0x0044, 0x0145, 0x019B, 0x0010, 0x00A9, 0x00C6, 0x0144, 0x018D, 0x0159, 0x0126, 0x0149, 0x008B, 0x001B, 0x00E5, 0x001A, 0x017E, 
0x0176, 0x004A, 0x0062, 0x00E5, 0x0197, 0x0089, 0x0042, 0x01AD, 0x0090, 0x019B, 0x0188, 0x00C0, 0x00F1, 0x0171, 0x0167, 0x0167, 
0x0009, 0x006D, 0x00A7, 0x01A5, 0x0145, 0x0079, 0x0163, 0x0121, 0x0147, 0x01B0, 0x001A, 0x013E, 0x0136, 0x011B, 0x0099, 0x013E, 
0x0062, 0x0108, 0x0128, 0x009E, 0x0033, 0x0004, 0x0181, 0x0029, 0x00EA, 0x008F, 0x0138, 0x0188, 0x01A5, 0x014F, 0x007B, 0x00DF, 
0x0029, 0x0144, 0x00C7, 0x0160, 0x016F, 0x00A1, 0x0051, 0x0126, 0x0033, 0x00D3, 0x016D, 0x0040, 0x0163, 0x01AD, 0x0046, 0x00F3, 
0x00C5, 0x0160, 0x00C8, 0x0196, 0x00A1, 0x00B1, 0x01A8, 0x01A0, 0x0089, 0x0147, 0x0068, 0x00E9, 0x00DE, 0x0128, 0x008B, 0x00A4, 
0x01A8, 0x000C, 0x00F3, 0x0073, 0x00A9, 0x008F, 0x0030, 0x004E, 0x0100, 0x006D, 0x00F1, 0x017F, 0x004E, 0x003B, 0x007B, 0x0011, 
0x00EB, 0x016D, 0x00BE, 0x00E9, 0x01A1, 0x0176, 0x0001, 0x0085, 0x0100, 0x0171, 0x012B, 0x0112, 0x0186, 0x0094, 0x0099, 0x016C, 
0x00D8, 0x0046, 0x00D8, 0x0157, 0x0150, 0x00C7, 0x001B, 0x01AF, 0x0077, 0x015D, 0x00FA, 0x0096, 0x0114, 0x00D9, 0x00CB, 0x0096, 
0x00C6, 0x009A, 0x0106, 0x0059, 0x00B2, 0x0036, 0x0131, 0x007F, 0x0085, 0x00A7, 0x012C, 0x00EF, 0x0131, 0x0056, 0x0004, 0x0156, 
0x0105, 0x0020, 0x011A, 0x0150, 0x0187, 0x011B, 0x0075, 0x0099, 0x01A1, 0x0020, 0x0025, 0x0162, 0x0043, 0x0083, 0x009A, 0x00CE, 
0x0118, 0x0092, 0x0061, 0x0124, 0x015D, 0x00FE, 0x0043, 0x0128, 0x010C, 0x0004, 0x004D, 0x0171, 0x007D, 0x0080, 0x0109, 0x0040, 
0x0008, 0x00B2, 0x00EE, 0x0128, 0x0162, 0x00B4, 0x001B, 0x0063, 0x0054, 0x0015, 0x0117, 0x0049, 0x0186, 0x0167, 0x0156, 0x010C, 
0x00EE, 0x0059, 0x0067, 0x002B, 0x004B, 0x0191, 0x002D, 0x0196, 0x008C, 0x01AF, 0x00B4, 0x0025, 0x0105, 0x0167, 0x0112, 0x009E, 
0x00FF, 0x013E, 0x01AD, 0x00FB, 0x009F, 0x0067, 0x0106, 0x0083, 0x00FE, 0x0077, 0x008C, 0x0002, 0x008A, 0x016E, 0x0145, 0x0158, 
0x009E, 0x012B, 0x004D, 0x0056, 0x0036, 0x0008, 0x0086, 0x00FB, 0x005B, 0x018E, 0x004F, 0x008A, 0x013A, 0x0063, 0x00C7, 0x011A, 
0x01A1, 0x0094, 0x0049, 0x00AB, 0x0145, 0x0089, 0x018E, 0x00AC, 0x004B, 0x011D, 0x00CE, 0x00C6, 0x00FA, 0x0124, 0x00EA, 0x002D, 
0x018C, 0x018E, 0x00A5, 0x013E, 0x017B, 0x007D, 0x0100, 0x007F, 0x00EF, 0x00B1, 0x0109, 0x015B, 0x013E, 0x00C3, 0x0145, 0x012E, 
0x0015, 0x00B7, 0x0187, 0x0157, 0x016C, 0x0075, 0x00EB, 0x0015, 0x00B3, 0x008A, 0x00FD, 0x002D, 0x0097, 0x0092, 0x0045, 0x0114, 
0x00CB, 0x005A, 0x0092, 0x0010, 0x004B, 0x004A, 0x00FB, 0x0164, 0x0109, 0x0132, 0x00A7, 0x0001, 0x01B0, 0x00A7, 0x00C2, 0x007D, 
0x01A9, 0x009E, 0x014A, 0x0049, 0x00E3, 0x0075, 0x009D, 0x0046, 0x0046, 0x00E6, 0x0187, 0x008D, 0x0063, 0x0125, 0x008C, 0x014E, 
0x0124, 0x002A, 0x00CB, 0x016B, 0x016B, 0x0114, 0x013C, 0x00CE, 0x0168, 0x0067, 0x0113, 0x0008, 0x0134, 0x00EF, 0x010A, 0x0001, 
0x01B0, 0x010A, 0x007F, 0x00A8, 0x004D, 0x00B6, 0x0167, 0x0166, 0x01A1, 0x011F, 0x0157, 0x00E6, 0x009D, 0x016C, 0x011F, 0x011A, 
0x0184, 0x00B4, 0x0127, 0x00FE, 0x019C, 0x00C6, 0x013C, 0x0045, 0x005A, 0x002A, 0x00FA, 0x019C, 0x0083, 0x006C, 0x00EE, 0x0073, 
0x0056, 0x00A8, 0x0100, 0x00C2, 0x0132, 0x00B1, 0x0134, 0x0036, 0x0073, 0x010C, 0x0023, 0x0025, 0x0184, 0x00C7, 0x008D, 0x00B7, 
0x00EB, 0x00E3, 0x0094, 0x0166, 0x0105, 0x0023, 0x0128, 0x006C, 0x0106, 0x0168, 0x011D, 0x0010, 0x0097, 0x00EA, 0x014E, 0x0077, 
0x0127, 0x0162, 0x0023, 0x0156, 0x00B6, 0x012B, 0x01A9, 0x017B, 0x015B, 0x0164, 0x0086, 0x0113, 0x0059, 0x006C, 0x0043, 0x0127, 
0x01AF, 0x0125, 0x013A, 0x00B3, 0x012E, 0x00AB, 0x014A, 0x0112, 0x00B6, 0x0004, 0x0073, 0x00B2, 0x0113, 0x009F, 0x004A, 0x00AC, 
0x018C, 0x00FD, 0x0002, 0x0125, 0x001B, 0x0184, 0x0020, 0x0166, 0x0186, 0x014A, 0x0158, 0x00C3, 0x00A5, 0x005B, 0x004A, 0x002B, 
0x0168, 0x009A, 0x019C, 0x015D, 0x014E, 0x0196, 0x00FD, 0x004F, 0x0089, 0x00C3, 0x00FF, 0x01A9, 0x0171, 0x00A8, 0x0131, 0x0134, 
0x0040, 0x0164, 0x01AD, 0x00A5, 0x0089, 0x016E, 0x00B3, 0x0054, 0x008D, 0x0150, 0x011F, 0x0099, 0x00E3, 0x0117, 0x012E, 0x016E, 
0x004F, 0x018C, 0x0191, 0x0010, 0x0118, 0x013C, 0x0096, 0x002A, 0x0061, 0x0097, 0x0191, 0x00AC, 0x005B, 0x01AD, 0x015B, 0x0080, 
0x00C2, 0x0085, 0x010A, 0x012C, 0x0132, 0x0080, 0x017B, 0x00FF, 0x0158, 0x00AB, 0x0117, 0x00EB, 0x011B, 0x00E6, 0x00D8, 0x009D, 
0x011B, 0x00B7, 0x0054, 0x013A, 0x0002, 0x0196, 0x00EA, 0x0061, 0x005A, 0x00D9, 0x016B, 0x00D9, 0x0045, 0x0118, 0x011D, 0x002B, 
0x009F, 0x0086, 0x0040, 0x00B1, 0x0001, 0x010A, 0x014F, 0x00B1, 0x00C4, 0x0159, 0x0084, 0x013E, 0x004E, 0x00B0, 0x00D3, 0x0197, 
0x00D2, 0x0027, 0x0115, 0x0099, 0x001A, 0x018D, 0x0060, 0x0034, 0x0036, 0x010D, 0x011E, 0x000C, 0x0138, 0x0003, 0x0096, 0x019F, 
0x00ED, 0x0048, 0x0142, 0x01AD, 0x006A, 0x01A5, 0x0145, 0x017F, 0x0113, 0x01A6, 0x00CC, 0x0199, 0x00A4, 0x004B, 0x018E, 0x006D, 
0x0085, 0x012D, 0x00BF, 0x00A1, 0x0068, 0x0121, 0x0032, 0x016D, 0x00E5, 0x0040, 0x00DD, 0x0198, 0x0076, 0x0101, 0x0042, 0x0064, 
0x0120, 0x015F, 0x0151, 0x00EB, 0x0019, 0x0033, 0x00CB, 0x0110, 0x0075, 0x011B, 0x00D7, 0x007B, 0x0125, 0x0196, 0x00A7, 0x0069, 
0x008C, 0x008B, 0x00FE, 0x006F, 0x0016, 0x0144, 0x002C, 0x0020, 0x014D, 0x00D8, 0x009C, 0x01A0, 0x0080, 0x0131, 0x0008, 0x018A, 
0x0035, 0x0091, 0x00C5, 0x0188, 0x0023, 0x0181, 0x0004, 0x00E9, 0x01AB, 0x0136, 0x0025, 0x0062, 0x00C0, 0x0126, 0x0006, 0x0089, 
0x01AE, 0x014B, 0x0149, 0x0116, 0x00A2, 0x00D4, 0x00C7, 0x017D, 0x0167, 0x00EC, 0x0191, 0x00BB, 0x0163, 0x0190, 0x017E, 0x010F, 
0x0063, 0x000B, 0x016B, 0x009E, 0x018F, 0x009B, 0x00E6, 0x008F, 0x0073, 0x0132, 0x0185, 0x0029, 0x01A1, 0x017B, 0x0176, 0x0171, 
0x014E, 0x0022, 0x0090, 0x00F3, 0x0079, 0x01AF, 0x00C8, 0x00B3, 0x0180, 0x0100, 0x004F, 0x00DA, 0x0128, 0x0002, 0x0147, 0x00A9, 
0x0166, 0x0010, 0x004A, 0x0052, 0x0051, 0x00DF, 0x01A4, 0x0011, 0x01A9, 0x000D, 0x0118, 0x011D, 0x016F, 0x00F6, 0x007F, 0x012C, 
0x005F, 0x0169, 0x0031, 0x00F1, 0x001B, 0x0112, 0x01B0, 0x009F, 0x0148, 0x018C, 0x0162, 0x0012, 0x00D0, 0x00F2, 0x0122, 0x0021, 
0x013B, 0x0009, 0x0024, 0x0160, 0x017C, 0x00D9, 0x0094, 0x00DE, 0x01A8, 0x00C6, 0x00EA, 0x003B, 0x0018, 0x0088, 0x006C, 0x00BE, 
0x0066, 0x013C, 0x00E1, 0x0058, 0x0152, 0x019B, 0x0030, 0x0108, 0x0093, 0x0129, 0x0044, 0x0046, 0x0046, 0x0044, 0x0129, 0x0093, 
0x0108, 0x0030, 0x019B, 0x0152, 0x0058, 0x00E1, 0x013C, 0x0066, 0x00BE, 0x006C, 0x0088, 0x0018, 0x003B, 0x00EA, 0x00C6, 0x01A8, 
0x00DE, 0x0094, 0x00D9, 0x017C, 0x0160, 0x0024, 0x0009, 0x013B, 0x0021, 0x0122, 0x00F2, 0x00D0, 0x0012, 0x0162, 0x018C, 0x0148, 
0x009F, 0x01B0, 0x0112, 0x001B, 0x00F1, 0x0031, 0x0169, 0x005F, 0x012C, 0x007F, 0x00F6, 0x016F, 0x011D, 0x0118, 0x000D, 0x01A9, 
0x0011, 0x01A4, 0x00DF, 0x0051, 0x0052, 0x004A, 0x0010, 0x0166, 0x00A9, 0x0147, 0x0002, 0x0128, 0x00DA, 0x004F, 0x0100, 0x0180, 
0x00B3, 0x00C8, 0x01AF, 0x0079, 0x00F3, 0x0090, 0x0022, 0x014E, 0x0171, 0x0176, 0x017B, 0x01A1, 0x0029, 0x0185, 0x0132, 0x0073, 
0x008F, 0x00E6, 0x009B, 0x018F, 0x009E, 0x016B, 0x000B, 0x0063, 0x010F, 0x017E, 0x0190, 0x0163, 0x00BB, 0x0191, 0x00EC, 0x0167, 
0x017D, 0x00C7, 0x00D4, 0x00A2, 0x0116, 0x0149, 0x014B, 0x01AE, 0x0089, 0x0006, 0x0126, 0x00C0, 0x0062, 0x0025, 0x0136, 0x01AB, 
0x00E9, 0x0004, 0x0181, 0x0023, 0x0188, 0x00C5, 0x0091, 0x0035, 0x018A, 0x0008, 0x0131, 0x0080, 0x01A0, 0x009C, 0x00D8, 0x014D, 
0x0020, 0x002C, 0x0144, 0x0016, 0x006F, 0x00FE, 0x008B, 0x008C, 0x0069, 0x00A7, 0x0196, 0x0125, 0x007B, 0x00D7, 0x011B, 0x0075, 
0x0110, 0x00CB, 0x0033, 0x0019, 0x00EB, 0x0151, 0x015F, 0x0120, 0x0064, 0x0042, 0x0101, 0x0076, 0x0198, 0x00DD, 0x0040, 0x00E5, 
0x016D, 0x0032, 0x0121, 0x0068, 0x00A1, 0x00BF, 0x012D, 0x0085, 0x006D, 0x018E, 0x004B, 0x00A4, 0x0199, 0x00CC, 0x01A6, 0x0113, 
0x017F, 0x0145, 0x01A5, 0x006A, 0x01AD, 0x0142, 0x0048, 0x00ED, 0x019F, 0x0096, 0x0003, 0x0138, 0x000C, 0x011E, 0x010D, 0x0036, 
0x0034, 0x0060, 0x018D, 0x001A, 0x0099, 0x0115, 0x0027, 0x00D2, 0x0197, 0x00D3, 0x00B0, 0x004E, 0x013E, 0x0084, 0x0159, 0x00C4, 
0x00B1, 0x014F, 0x0001, 0x0063, 0x008B, 0x0113, 0x0072, 0x0152, 0x003A, 0x017B, 0x010D, 0x001C, 0x009C, 0x0079, 0x0084, 0x0071, 
0x0102, 0x011B, 0x0009, 0x00DA, 0x005C, 0x00AE, 0x010C, 0x0121, 0x0053, 0x0120, 0x0006, 0x004E, 0x0099, 0x016A, 0x017A, 0x01AC, 
0x0017, 0x0131, 0x0022, 0x0019, 0x0075, 0x016D, 0x00D8, 0x000F, 0x00A2, 0x0153, 0x00E5, 0x0077, 0x00E3, 0x0021, 0x0164, 0x01A7, 
0x013D, 0x016F, 0x014D, 0x00A1, 0x0181, 0x0169, 0x000D, 0x01A9, 0x001F, 0x014C, 0x00E7, 0x00B8, 0x01AE, 0x0173, 0x00F8, 0x0070, 
0x000E, 0x013E, 0x0146, 0x014F, 0x00B2, 0x0136, 0x0117, 0x0145, 0x006E, 0x00C4, 0x00AC, 0x00A7, 0x0191, 0x00BA, 0x0184, 0x0011, 
0x0094, 0x00DC, 0x0032, 0x009B, 0x00BC, 0x005A, 0x00A0, 0x0186, 0x0095, 0x00EC, 0x0086, 0x00AB, 0x0127, 0x0135, 0x00A6, 0x00CF, 
0x0060, 0x018A, 0x016C, 0x003B, 0x018C, 0x015F, 0x0104, 0x000B, 0x015B, 0x00E9, 0x00F2, 0x01A5, 0x00D1, 0x004A, 0x006A, 0x0026, 
0x0093, 0x0189, 0x0078, 0x0161, 0x0171, 0x001E, 0x0002, 0x0088, 0x0059, 0x0165, 0x0058, 0x0130, 0x00DE, 0x0107, 0x00FB, 0x0057, 
0x00CB, 0x0132, 0x0179, 0x00E8, 0x00FD, 0x0101, 0x008C, 0x012E, 0x007A, 0x017C, 0x0196, 0x0156, 0x001A, 0x0085, 0x014A, 0x0041, 
0x00F1, 0x0160, 0x00E1, 0x008D, 0x0185, 0x004F, 0x003C, 0x0128, 0x00EE, 0x00E4, 0x0100, 0x0134, 0x0018, 0x0180, 0x015D, 0x016B, 
0x004B, 0x0082, 0x0033, 0x00BB, 0x002E, 0x00BE, 0x019C, 0x01AA, 0x01AD, 0x00FA, 0x0068, 0x00FC, 0x0043, 0x0049, 0x019E, 0x001D, 
0x015C, 0x019F, 0x0010, 0x0114, 0x00FE, 0x002A, 0x002F, 0x00C2, 0x0109, 0x0119, 0x0178, 0x019D, 0x0069, 0x008E, 0x00D6, 0x019B, 
0x017D, 0x0024, 0x00A3, 0x0061, 0x011A, 0x00D4, 0x0188, 0x00EA, 0x00EB, 0x006D, 0x003D, 0x00C1, 0x0112, 0x00DF, 0x007E, 0x0092, 
0x00F4, 0x0076, 0x003F, 0x008F, 0x00A9, 0x006F, 0x0087, 0x0154, 0x014B, 0x018E, 0x0023, 0x0066, 0x005D, 0x012A, 0x0142, 0x0108, 
0x0122, 0x0172, 0x013B, 0x00BD, 0x011F, 0x0133, 0x00D2, 0x009F, 0x00F0, 0x0174, 0x0144, 0x00C6, 0x00C7, 0x0029, 0x00DD, 0x0097, 
0x0150, 0x010E, 0x018D, 0x0034, 0x0016, 0x00DB, 0x0123, 0x0148, 0x0014, 0x0039, 0x0098, 0x00A8, 0x00EF, 0x0182, 0x0187, 0x00B3, 
0x009D, 0x01A1, 0x0012, 0x0055, 0x0194, 0x0013, 0x0168, 0x016E, 0x00B5, 0x0149, 0x00B7, 0x0004, 0x0007, 0x0015, 0x00F3, 0x0183, 
0x00F6, 0x017E, 0x012F, 0x0166, 0x0046, 0x0054, 0x0031, 0x0199, 0x007D, 0x00B1, 0x00CD, 0x00C3, 0x0089, 0x0175, 0x0162, 0x002C, 
0x0124, 0x00D0, 0x0051, 0x00C0, 0x0170, 0x0067, 0x012C, 0x0197, 0x005B, 0x001B, 0x0035, 0x0137, 0x0083, 0x0125, 0x00B0, 0x00B4, 
0x00C9, 0x0038, 0x007F, 0x00E6, 0x015A, 0x00B6, 0x00AA, 0x00D3, 0x0081, 0x0159, 0x004C, 0x0158, 0x0129, 0x01AF, 0x0193, 0x0040, 
0x0050, 0x0139, 0x0028, 0x011E, 0x018B, 0x0147, 0x0167, 0x00E0, 0x000C, 0x00BF, 0x00C8, 0x0056, 0x01A6, 0x00AD, 0x0052, 0x0025, 
0x0176, 0x0045, 0x0027, 0x0151, 0x00E2, 0x010B, 0x007C, 0x008A, 0x0106, 0x012B, 0x00C5, 0x011C, 0x002B, 0x0111, 0x0157, 0x00F5, 
0x0116, 0x017F, 0x00D5, 0x011D, 0x01A0, 0x002D, 0x00F7, 0x0020, 0x010A, 0x0105, 0x00ED, 0x0143, 0x006C, 0x009A, 0x007B, 0x00FF, 
0x0062, 0x006B, 0x0073, 0x01A3, 0x0141, 0x00B9, 0x003E, 0x0003, 0x00F9, 0x00CA, 0x0065, 0x0192, 0x0008, 0x01A4, 0x0048, 0x0030, 
0x0110, 0x0064, 0x0042, 0x0074, 0x000A, 0x004D, 0x0190, 0x00CE, 0x013A, 0x00CC, 0x005E, 0x010F, 0x01A2, 0x00D9, 0x0044, 0x013C, 
0x0198, 0x018F, 0x0080, 0x019A, 0x0005, 0x0037, 0x0047, 0x0118, 0x0163, 0x01AB, 0x0091, 0x015E, 0x0090, 0x00A5, 0x0103, 0x0155, 
0x00D7, 0x01A8, 0x0096, 0x00AF, 0x0140, 0x012D, 0x0138, 0x0115, 0x0195, 0x00A4, 0x0036, 0x0177, 0x005F, 0x013F, 0x009E, 0x0126, 
0x0001, 0x00C6, 0x01A1, 0x00EA, 0x0089, 0x0128, 0x0196, 0x0001, 0x0100, 0x0118, 0x01A1, 0x0099, 0x01A1, 0x011B, 0x0196, 0x00C6, 
0x0099, 0x001B, 0x0010, 0x0010, 0x01B0, 0x0128, 0x00B1, 0x01A1, 0x0096, 0x0128, 0x00EA, 0x00B1, 0x0089, 0x011B, 0x0118, 0x00EA, 
0x0100, 0x01A1, 0x00C6, 0x0096, 0x00C6, 0x0089, 0x0100, 0x0089, 0x0128, 0x00EB, 0x00EB, 0x0099, 0x01B0, 0x0196, 0x00B1, 0x0128, 
0x0128, 0x0100, 0x0096, 0x0099, 0x0100, 0x0001, 0x0196, 0x0196, 0x00B1, 0x0118, 0x0100, 0x00B1, 0x0196, 0x0010, 0x0010, 0x0001, 
0x0196, 0x001B, 0x00EB, 0x0128, 0x00C7, 0x00EA, 0x0010, 0x0100, 0x01B0, 0x00EA, 0x00C6, 0x0118, 0x01B0, 0x001B, 0x0001, 0x0118, 
0x0099, 0x0099, 0x0010, 0x00C7, 0x00B1, 0x00C7, 0x0196, 0x01A1, 0x00EB, 0x00EB, 0x01B0, 0x011B, 0x011B, 0x0196, 0x001B, 0x0099, 
0x00EB, 0x0099, 0x00EA, 0x001B, 0x0118, 0x0100, 0x00EB, 0x01A1, 0x0128, 0x001B, 0x0118, 0x00C6, 0x0128, 0x011B, 0x0128, 0x011B, 
0x0089, 0x0196, 0x0001, 0x0010, 0x00EA, 0x001B, 0x00C7, 0x0196, 0x0100, 0x011B, 0x001B, 0x0089, 0x00C7, 0x0089, 0x00EA, 0x00C6, 
0x0089, 0x011B, 0x00EB, 0x0096, 0x0001, 0x00C7, 0x0010, 0x0099, 0x00C6, 0x01B0, 0x0096, 0x0001, 0x00C7, 0x0089, 0x0100, 0x001B, 
0x0096, 0x00EB, 0x001B, 0x0001, 0x0118, 0x00EA, 0x01B0, 0x0010, 0x00C6, 0x00EB, 0x0100, 0x0096, 0x00EB, 0x00C6, 0x00EA, 0x0010, 
0x01A1, 0x01A1, 0x0089, 0x01A1, 0x01B0, 0x0089, 0x00C6, 0x01B0, 0x0100, 0x0196, 0x00C7, 0x01B0, 0x00B1, 0x011B, 0x0118, 0x0128, 
0x00EA, 0x00C7, 0x0001, 0x00C7, 0x0118, 0x00EB, 0x01B0, 0x00B1, 0x0118, 0x00B1, 0x0096, 0x011B, 0x00B1, 0x0096, 0x001B, 0x01A1, 
0x011B, 0x00C7, 0x01B0, 0x01A1, 0x0096, 0x0001, 0x0001, 0x0096, 0x0089, 0x0010, 0x00C6, 0x001B, 0x011B, 0x00C7, 0x0118, 0x0128, 
0x00B1, 0x0099, 0x0099, 0x0096, 0x00B1, 0x0010, 0x0099, 0x00EA, 0x00EA, 0x0099, 0x0010, 0x00B1, 0x0096, 0x0099, 0x0099, 0x00B1, 
0x0128, 0x0118, 0x00C7, 0x011B, 0x001B, 0x00C6, 0x0010, 0x0089, 0x0096, 0x0001, 0x0001, 0x0096, 0x01A1, 0x01B0, 0x00C7, 0x011B, 
0x01A1, 0x001B, 0x0096, 0x00B1, 0x011B, 0x0096, 0x00B1, 0x0118, 0x00B1, 0x01B0, 0x00EB, 0x0118, 0x00C7, 0x0001, 0x00C7, 0x00EA, 
0x0128, 0x0118, 0x011B, 0x00B1, 0x01B0, 0x00C7, 0x0196, 0x0100, 0x01B0, 0x00C6, 0x0089, 0x01B0, 0x01A1, 0x0089, 0x01A1, 0x01A1, 
0x0010, 0x00EA, 0x00C6, 0x00EB, 0x0096, 0x0100, 0x00EB, 0x00C6, 0x0010, 0x01B0, 0x00EA, 0x0118, 0x0001, 0x001B, 0x00EB, 0x0096, 
0x001B, 0x0100, 0x0089, 0x00C7, 0x0001, 0x0096, 0x01B0, 0x00C6, 0x0099, 0x0010, 0x00C7, 0x0001, 0x0096, 0x00EB, 0x011B, 0x0089, 
0x00C6, 0x00EA, 0x0089, 0x00C7, 0x0089, 0x001B, 0x011B, 0x0100, 0x0196, 0x00C7, 0x001B, 0x00EA, 0x0010, 0x0001, 0x0196, 0x0089, 
0x011B, 0x0128, 0x011B, 0x0128, 0x00C6, 0x0118, 0x001B, 0x0128, 0x01A1, 0x00EB, 0x0100, 0x0118, 0x001B, 0x00EA, 0x0099, 0x00EB, 
0x0099, 0x001B, 0x0196, 0x011B, 0x011B, 0x01B0, 0x00EB, 0x00EB, 0x01A1, 0x0196, 0x00C7, 0x00B1, 0x00C7, 0x0010, 0x0099, 0x0099, 
0x0118, 0x0001, 0x001B, 0x01B0, 0x0118, 0x00C6, 0x00EA, 0x01B0, 0x0100, 0x0010, 0x00EA, 0x00C7, 0x0128, 0x00EB, 0x001B, 0x0196, 
0x0001, 0x0010, 0x0010, 0x0196, 0x00B1, 0x0100, 0x0118, 0x00B1, 0x0196, 0x0196, 0x0001, 0x0100, 0x0099, 0x0096, 0x0100, 0x0128, 
0x0128, 0x00B1, 0x0196, 0x01B0, 0x0099, 0x00EB, 0x00EB, 0x0128, 0x0089, 0x0100, 0x0089, 0x00C6, 0x0096, 0x00C6, 0x01A1, 0x0100, 
0x00EA, 0x0118, 0x011B, 0x0089, 0x00B1, 0x00EA, 0x0128, 0x0096, 0x01A1, 0x00B1, 0x0128, 0x01B0, 0x0010, 0x0010, 0x001B, 0x0099, 
0x00C6, 0x0196, 0x011B, 0x01A1, 0x0099, 0x01A1, 0x0118, 0x0100, 0x0001, 0x0196, 0x0128, 0x0089, 0x00EA, 0x01A1, 0x0001, 0x018C, 
0x0181, 0x0046, 0x00FC, 0x002C, 0x00F4, 0x0008, 0x008B, 0x00CA, 0x0101, 0x0068, 0x00E1, 0x0041, 0x001C, 0x0089, 0x0003, 0x0035, 
0x0130, 0x0140, 0x019C, 0x0011, 0x00AE, 0x0031, 0x011E, 0x014F, 0x0100, 0x00C1, 0x004C, 0x0107, 0x0014, 0x007F, 0x00DD, 0x0142, 
0x0002, 0x00CC, 0x018E, 0x000A, 0x0019, 0x011C, 0x000C, 0x0158, 0x0092, 0x00ED, 0x0184, 0x0039, 0x005C, 0x0160, 0x00D7, 0x00F3, 
0x0121, 0x00A2, 0x0091, 0x0036, 0x00F7, 0x00DC, 0x0082, 0x00DB, 0x017E, 0x00E4, 0x0055, 0x007E, 0x008E, 0x0040, 0x019A, 0x0032, 
0x009D, 0x00D2, 0x0134, 0x0167, 0x010E, 0x00F6, 0x0168, 0x01AD, 0x0080, 0x003F, 0x0164, 0x0176, 0x004F, 0x013D, 0x010D, 0x01A6, 
0x001D, 0x0106, 0x0143, 0x00E3, 0x00F9, 0x0144, 0x0083, 0x016E, 0x0156, 0x0038, 0x0153, 0x003C, 0x0190, 0x018F, 0x0117, 0x0110, 
0x00D9, 0x0066, 0x0087, 0x0084, 0x0186, 0x0044, 0x0151, 0x0108, 0x0053, 0x00A7, 0x00DE, 0x0183, 0x017D, 0x0057, 0x0146, 0x0182, 
0x0073, 0x007C, 0x0063, 0x009B, 0x012B, 0x00E0, 0x00E9, 0x013F, 0x0122, 0x0065, 0x00C2, 0x0177, 0x0112, 0x00E6, 0x0161, 0x01A2, 
0x002A, 0x013B, 0x0085, 0x00FD, 0x01AC, 0x0018, 0x0118, 0x0127, 0x0042, 0x008C, 0x015B, 0x0192, 0x00EC, 0x01A8, 0x0064, 0x0067, 
0x0048, 0x0094, 0x0098, 0x001B, 0x011A, 0x010B, 0x01A1, 0x00FB, 0x0115, 0x0012, 0x005A, 0x006C, 0x0191, 0x018B, 0x0016, 0x0006, 
0x00F8, 0x0197, 0x010C, 0x00E2, 0x009E, 0x0109, 0x018D, 0x00AD, 0x00FF, 0x0105, 0x0137, 0x0139, 0x0047, 0x0088, 0x011B, 0x015D, 
0x00B3, 0x013A, 0x0013, 0x0150, 0x00FA, 0x005D, 0x0111, 0x000E, 0x0152, 0x017A, 0x0070, 0x0163, 0x018A, 0x0188, 0x003D, 0x0045, 
0x00EE, 0x0148, 0x006A, 0x00C6, 0x00C7, 0x007B, 0x0102, 0x00C9, 0x0166, 0x0138, 0x01AA, 0x0124, 0x0173, 0x0052, 0x00BC, 0x0058, 
0x00F1, 0x00BF, 0x001E, 0x0189, 0x01A4, 0x013C, 0x0075, 0x000D, 0x0028, 0x0193, 0x00F2, 0x00C0, 0x0159, 0x00F5, 0x015F, 0x003E, 
0x008D, 0x0007, 0x0079, 0x004B, 0x00E8, 0x00AF, 0x0136, 0x00EA, 0x00EB, 0x0147, 0x0069, 0x00C3, 0x016C, 0x0174, 0x0029, 0x0027, 
0x004E, 0x0141, 0x0037, 0x005F, 0x01A3, 0x00A0, 0x0154, 0x00B7, 0x0061, 0x019E, 0x0077, 0x00FE, 0x0054, 0x0096, 0x0129, 0x016A, 
0x0078, 0x007A, 0x00AC, 0x00B2, 0x0104, 0x0024, 0x00A8, 0x0113, 0x00CF, 0x00A5, 0x001A, 0x00B9, 0x01AB, 0x019B, 0x0026, 0x0020, 
0x0145, 0x0157, 0x019F, 0x009C, 0x00B6, 0x0010, 0x00A6, 0x0097, 0x0196, 0x0119, 0x011D, 0x0169, 0x014A, 0x014D, 0x0009, 0x00C5, 
0x001F, 0x0056, 0x0125, 0x016F, 0x008A, 0x0099, 0x0199, 0x0005, 0x00B4, 0x012C, 0x0076, 0x0187, 0x000F, 0x0050, 0x00CB, 0x009F, 
0x003A, 0x00EF, 0x014C, 0x008F, 0x0072, 0x00C8, 0x00D1, 0x0086, 0x0116, 0x014E, 0x0135, 0x013E, 0x002F, 0x006B, 0x015A, 0x0034, 
0x002E, 0x00D3, 0x010A, 0x015E, 0x00A9, 0x0060, 0x016D, 0x002B, 0x012D, 0x012A, 0x014B, 0x00D8, 0x00A1, 0x009A, 0x0022, 0x0021, 
0x0175, 0x005E, 0x0179, 0x005B, 0x0043, 0x012E, 0x006D, 0x00B8, 0x00CE, 0x006E, 0x00AB, 0x0194, 0x000B, 0x00A4, 0x0074, 0x0162, 
0x003B, 0x004D, 0x0172, 0x0131, 0x0004, 0x0049, 0x00BB, 0x00A3, 0x004A, 0x007D, 0x00DF, 0x0114, 0x017F, 0x0017, 0x0171, 0x0123, 
0x0133, 0x015C, 0x00CD, 0x0033, 0x00D6, 0x012F, 0x00D5, 0x00BA, 0x017B, 0x0120, 0x010F, 0x0090, 0x00BE, 0x00DA, 0x0051, 0x0155, 
0x0178, 0x002D, 0x00C4, 0x011F, 0x0059, 0x01A5, 0x0095, 0x0198, 0x01A7, 0x0023, 0x00E5, 0x01AF, 0x006F, 0x00D4, 0x0132, 0x019D, 
0x00AA, 0x0165, 0x00F0, 0x00B1, 0x0062, 0x0093, 0x0180, 0x0103, 0x01A0, 0x0015, 0x0071, 0x0081, 0x017C, 0x01AE, 0x0128, 0x0195, 
0x0170, 0x00D0, 0x0149, 0x00B0, 0x00E7, 0x0126, 0x01A9, 0x00BD, 0x0185, 0x00B5, 0x016B, 0x0030, 0x0001, 0x0167, 0x0121, 0x0118, 
0x018A, 0x0108, 0x0199, 0x0040, 0x0181, 0x0120, 0x00E5, 0x017E, 0x0147, 0x002C, 0x01A4, 0x001B, 0x0033, 0x0058, 0x0093, 0x0152, 
0x01A9, 0x0176, 0x0069, 0x0136, 0x00DE, 0x0032, 0x01A1, 0x00D0, 0x0027, 0x0060, 0x00BB, 0x00A7, 0x016D, 0x007B, 0x0046, 0x01A0, 
0x0004, 0x017C, 0x006D, 0x0066, 0x003B, 0x009F, 0x00D8, 0x0024, 0x008C, 0x0018, 0x01AB, 0x0009, 0x008F, 0x001A, 0x0011, 0x00C5, 
0x0144, 0x013E, 0x00A2, 0x00C4, 0x0031, 0x0091, 0x0016, 0x0101, 0x01A6, 0x0012, 0x011E, 0x00C7, 0x00ED, 0x010D, 0x007F, 0x01A8, 
0x0023, 0x0010, 0x0076, 0x0188, 0x012C, 0x0089, 0x004A, 0x0019, 0x0085, 0x00A1, 0x00B3, 0x00F6, 0x008B, 0x018D, 0x00F2, 0x0166, 
0x00B0, 0x0025, 0x000D, 0x016F, 0x0191, 0x0020, 0x017B, 0x0185, 0x015F, 0x000B, 0x0149, 0x00C8, 0x00D9, 0x00F3, 0x010A, 0x00F1, 
0x00D4, 0x0029, 0x014E, 0x0090, 0x0138, 0x0110, 0x00DD, 0x011B, 0x017F, 0x0088, 0x0122, 0x00DA, 0x0021, 0x010F, 0x00EB, 0x005F, 
0x0145, 0x0068, 0x004B, 0x0022, 0x0030, 0x017D, 0x00A4, 0x0190, 0x0002, 0x0035, 0x009E, 0x01AD, 0x0048, 0x00D7, 0x0132, 0x000C, 
0x0171, 0x0080, 0x00BF, 0x00E9, 0x0100, 0x0008, 0x0051, 0x0073, 0x01AF, 0x0169, 0x0197, 0x0003, 0x00D3, 0x013C, 0x00C0, 0x00FE, 
0x0084, 0x0099, 0x0094, 0x013B, 0x0096, 0x0075, 0x0044, 0x00D2, 0x0112, 0x00B1, 0x006C, 0x019F, 0x004E, 0x006A, 0x009B, 0x0042, 
0x0036, 0x0116, 0x0196, 0x0162, 0x019B, 0x018F, 0x0131, 0x0125, 0x006F, 0x0151, 0x012D, 0x0079, 0x0128, 0x00CB, 0x01B0, 0x00E6, 
0x0198, 0x0063, 0x011D, 0x00E1, 0x0115, 0x0006, 0x01A5, 0x0034, 0x0180, 0x014F, 0x0159, 0x0163, 0x0052, 0x018C, 0x004F, 0x00CC, 
0x0062, 0x00EA, 0x00C6, 0x0160, 0x014B, 0x014D, 0x016B, 0x01AE, 0x0129, 0x018E, 0x009C, 0x00A9, 0x0142, 0x0126, 0x00BE, 0x00DF, 
0x0148, 0x0064, 0x00EC, 0x0113, 0x0113, 0x00EC, 0x0064, 0x0148, 0x00DF, 0x00BE, 0x0126, 0x0142, 0x00A9, 0x009C, 0x018E, 0x0129, 
0x01AE, 0x016B, 0x014D, 0x014B, 0x0160, 0x00C6, 0x00EA, 0x0062, 0x00CC, 0x004F, 0x018C, 0x0052, 0x0163, 0x0159, 0x014F, 0x0180, 
0x0034, 0x01A5, 0x0006, 0x0115, 0x00E1, 0x011D, 0x0063, 0x0198, 0x00E6, 0x01B0, 0x00CB, 0x0128, 0x0079, 0x012D, 0x0151, 0x006F, 
0x0125, 0x0131, 0x018F, 0x019B, 0x0162, 0x0196, 0x0116, 0x0036, 0x0042, 0x009B, 0x006A, 0x004E, 0x019F, 0x006C, 0x00B1, 0x0112, 
0x00D2, 0x0044, 0x0075, 0x0096, 0x013B, 0x0094, 0x0099, 0x0084, 0x00FE, 0x00C0, 0x013C, 0x00D3, 0x0003, 0x0197, 0x0169, 0x01AF, 
0x0073, 0x0051, 0x0008, 0x0100, 0x00E9, 0x00BF, 0x0080, 0x0171, 0x000C, 0x0132, 0x00D7, 0x0048, 0x01AD, 0x009E, 0x0035, 0x0002, 
0x0190, 0x00A4, 0x017D, 0x0030, 0x0022, 0x004B, 0x0068, 0x0145, 0x005F, 0x00EB, 0x010F, 0x0021, 0x00DA, 0x0122, 0x0088, 0x017F, 
0x011B, 0x00DD, 0x0110, 0x0138, 0x0090, 0x014E, 0x0029, 0x00D4, 0x00F1, 0x010A, 0x00F3, 0x00D9, 0x00C8, 0x0149, 0x000B, 0x015F, 
0x0185, 0x017B, 0x0020, 0x0191, 0x016F, 0x000D, 0x0025, 0x00B0, 0x0166, 0x00F2, 0x018D, 0x008B, 0x00F6, 0x00B3, 0x00A1, 0x0085, 
0x0019, 0x004A, 0x0089, 0x012C, 0x0188, 0x0076, 0x0010, 0x0023, 0x01A8, 0x007F, 0x010D, 0x00ED, 0x00C7, 0x011E, 0x0012, 0x01A6, 
0x0101, 0x0016, 0x0091, 0x0031, 0x00C4, 0x00A2, 0x013E, 0x0144, 0x00C5, 0x0011, 0x001A, 0x008F, 0x0009, 0x01AB, 0x0018, 0x008C, 
0x0024, 0x00D8, 0x009F, 0x003B, 0x0066, 0x006D, 0x017C, 0x0004, 0x01A0, 0x0046, 0x007B, 0x016D, 0x00A7, 0x00BB, 0x0060, 0x0027, 
0x00D0, 0x01A1, 0x0032, 0x00DE, 0x0136, 0x0069, 0x0176, 0x01A9, 0x0152, 0x0093, 0x0058, 0x0033, 0x001B, 0x01A4, 0x002C, 0x0147, 
0x017E, 0x00E5, 0x0120, 0x0181, 0x0040, 0x0199, 0x0108, 0x018A, 0x0118, 0x0121, 0x0001, 0x011D, 0x0001, 0x00FE, 0x00EE, 0x011D, 
0x0109, 0x004F, 0x0001, 0x011A, 0x0162, 0x00FE, 0x0162, 0x00B7, 0x00EE, 0x01B0, 0x0001, 0x011D, 0x00C3, 0x0109, 0x0109, 0x0001, 
0x00FA, 0x004F, 0x0162, 0x0001, 0x0001, 0x00C3, 0x0109, 0x011A, 0x00A8, 0x0094, 0x0162, 0x011D, 0x011D, 0x00FE, 0x0094, 0x0097, 
0x0162, 0x00B7, 0x00FE, 0x00B7, 0x00C3, 0x011D, 0x00EE, 0x00EE, 0x0097, 0x01B0, 0x004F, 0x0001, 0x0001, 0x011D, 0x011D, 0x011D, 
0x00FA, 0x0097, 0x00C3, 0x00B7, 0x01B0, 0x0109, 0x00C3, 0x00FA, 0x0109, 0x00B3, 0x00FA, 0x0001, 0x011A, 0x00FE, 0x00FA, 0x00FE, 
0x0097, 0x004F, 0x00FA, 0x00B3, 0x0162, 0x00A8, 0x011A, 0x0001, 0x011D, 0x00C3, 0x0001, 0x004F, 0x00A8, 0x00C3, 0x00EE, 0x0097, 
0x0109, 0x00FE, 0x00B7, 0x011A, 0x011A, 0x011A, 0x00A8, 0x00A8, 0x004F, 0x0094, 0x0109, 0x01B0, 0x0162, 0x011D, 0x00C3, 0x011D, 
0x00C3, 0x00FE, 0x011D, 0x00FE, 0x0109, 0x00FE, 0x00B3, 0x00EE, 0x0094, 0x00A8, 0x0109, 0x0097, 0x00B3, 0x00C3, 0x0162, 0x0094, 
0x0109, 0x00B7, 0x00B3, 0x0097, 0x00FE, 0x00EE, 0x00FA, 0x00B7, 0x0094, 0x0162, 0x00C3, 0x00EE, 0x00FA, 0x011D, 0x0094, 0x0109, 
0x00EE, 0x004F, 0x01B0, 0x00EE, 0x0001, 0x004F, 0x0097, 0x00A8, 0x00B3, 0x01B0, 0x011D, 0x00EE, 0x004F, 0x0162, 0x00B7, 0x0001, 
0x0109, 0x00FA, 0x0001, 0x0109, 0x0094, 0x011D, 0x0097, 0x00FE, 0x011D, 0x0097, 0x0001, 0x011D, 0x0097, 0x01B0, 0x00FA, 0x00FA, 
0x00FE, 0x0097, 0x00B3, 0x011A, 0x00C3, 0x00A8, 0x0097, 0x00B7, 0x011A, 0x004F, 0x01B0, 0x00C3, 0x00FE, 0x0109, 0x00EE, 0x0109, 
0x00C3, 0x0109, 0x0097, 0x00FA, 0x0162, 0x00FA, 0x0109, 0x01B0, 0x004F, 0x00B3, 0x00EE, 0x00B7, 0x00FA, 0x0094, 0x00FE, 0x0001, 
0x01B0, 0x00FE, 0x011A, 0x0097, 0x004F, 0x00FE, 0x0109, 0x0097, 0x00FA, 0x004F, 0x00B7, 0x00FE, 0x00FE, 0x004F, 0x0097, 0x00B7, 
0x004F, 0x004F, 0x0162, 0x0162, 0x00FA, 0x011A, 0x0162, 0x00B3, 0x00B3, 0x00FA, 0x0162, 0x00B7, 0x011A, 0x00A8, 0x00B3, 0x0162, 
0x011A, 0x0097, 0x00B3, 0x0001, 0x01B0, 0x00B3, 0x011D, 0x00B7, 0x00FA, 0x00C3, 0x00FE, 0x0162, 0x0001, 0x00A8, 0x00B7, 0x004F, 
0x00B7, 0x011A, 0x00A8, 0x00EE, 0x00A8, 0x00C3, 0x00A8, 0x00B3, 0x00EE, 0x0001, 0x0162, 0x0097, 0x00FA, 0x011A, 0x0109, 0x00EE, 
0x0097, 0x00FE, 0x011A, 0x00B3, 0x00B7, 0x00B7, 0x0001, 0x011A, 0x0094, 0x01B0, 0x011A, 0x0094, 0x00B3, 0x011A, 0x0094, 0x011D, 
0x00A8, 0x01B0, 0x00B7, 0x00A8, 0x01B0, 0x00FA, 0x004F, 0x0162, 0x00C3, 0x0094, 0x0001, 0x00FE, 0x0109, 0x011A, 0x0162, 0x01B0, 
0x00C3, 0x0001, 0x0162, 0x00C3, 0x00A8, 0x011D, 0x0094, 0x00B7, 0x00C3, 0x00EE, 0x004F, 0x011D, 0x00FA, 0x00B7, 0x00C3, 0x00B3, 
0x011A, 0x00FE, 0x00FA, 0x00A8, 0x011D, 0x004F, 0x00EE, 0x00FE, 0x011A, 0x00A8, 0x0109, 0x011D, 0x00C3, 0x00FE, 0x00B3, 0x00A8, 
0x00B3, 0x0094, 0x00B3, 0x00EE, 0x0094, 0x00EE, 0x0094, 0x004F, 0x0001, 0x00A8, 0x011D, 0x0162, 0x0109, 0x0109, 0x0097, 0x0097, 
0x0097, 0x00FA, 0x00B3, 0x00A8, 0x011A, 0x00C3, 0x00EE, 0x0109, 0x0162, 0x01B0, 0x00EE, 0x0094, 0x01B0, 0x0097, 0x0109, 0x004F, 
0x00FE, 0x00B7, 0x0162, 0x011A, 0x00B3, 0x00B7, 0x00B3, 0x0097, 0x01B0, 0x00B7, 0x00FE, 0x00A8, 0x00B7, 0x00EE, 0x00A8, 0x0001, 
0x00FA, 0x00EE, 0x011A, 0x00B7, 0x0094, 0x0094, 0x0094, 0x01B0, 0x01B0, 0x0162, 0x0001, 0x011A, 0x00C3, 0x00C3, 0x0094, 0x00EE, 
0x00FA, 0x00B3, 0x00FA, 0x004F, 0x011A, 0x011D, 0x00B3, 0x0094, 0x0094, 0x004F, 0x011D, 0x0109, 0x0097, 0x00A8, 0x00EE, 0x01B0, 
0x01B0, 0x004F, 0x0162, 0x00B7, 0x01B0, 0x00A8, 0x00A8, 0x00EE, 0x0094, 0x01B0, 0x0001, 0x00C3, 0x00FA, 0x004F, 0x00B3, 0x004F, 
0x0097, 0x01B0, 0x0162, 0x00A8, 0x0094, 0x00C3, 0x00B3, 0x01B0, 0x0001, 0x0089, 0x0003, 0x0096, 0x0144, 0x019B, 0x007B, 0x00C7, 
0x0009, 0x00DE, 0x01AE, 0x0011, 0x0110, 0x018D, 0x006A, 0x01A1, 0x0011, 0x016F, 0x00F1, 0x0068, 0x0171, 0x0016, 0x0079, 0x00A4, 
0x00BE, 0x001A, 0x001B, 0x0108, 0x0144, 0x00E9, 0x000C, 0x0196, 0x01A8, 0x00A4, 0x0010, 0x0033, 0x0118, 0x006D, 0x017F, 0x0188, 
0x0016, 0x0145, 0x009E, 0x01A0, 0x013E, 0x007B, 0x00A9, 0x0181, 0x0197, 0x0032, 0x0033, 0x0062, 0x017F, 0x00EB, 0x0147, 0x00E5, 
0x0122, 0x00DE, 0x0176, 0x0138, 0x00CC, 0x0159, 0x00F1, 0x00C6, 0x00E5, 0x0042, 0x0113, 0x0181, 0x016B, 0x001B, 0x0149, 0x003B, 
0x0040, 0x0100, 0x0089, 0x00D3, 0x0040, 0x004E, 0x01B0, 0x000C, 0x0051, 0x01A0, 0x0058, 0x0167, 0x0138, 0x01AD, 0x006A, 0x010D, 
0x010A, 0x010A, 0x0073, 0x018D, 0x0024, 0x00CC, 0x0090, 0x0160, 0x009E, 0x014F, 0x0196, 0x0163, 0x00D2, 0x003B, 0x00A7, 0x0003, 
0x0030, 0x004E, 0x00D2, 0x0099, 0x001A, 0x00C8, 0x0197, 0x00C5, 0x0044, 0x0147, 0x00EA, 0x0068, 0x011B, 0x0090, 0x0167, 0x0136, 
0x0009, 0x00EC, 0x0042, 0x0044, 0x004A, 0x006D, 0x00B1, 0x0118, 0x0029, 0x00C5, 0x0113, 0x017E, 0x00C7, 0x0004, 0x0058, 0x0160, 
0x0128, 0x0171, 0x008B, 0x00EB, 0x004A, 0x0029, 0x0032, 0x0121, 0x00BE, 0x006C, 0x0163, 0x01B0, 0x01A5, 0x0096, 0x00B3, 0x0149, 
0x0099, 0x006C, 0x01A8, 0x0126, 0x0145, 0x0128, 0x011B, 0x0159, 0x00A1, 0x0110, 0x016D, 0x010D, 0x0073, 0x016D, 0x01A1, 0x00FE, 
0x0176, 0x0136, 0x0004, 0x013E, 0x008F, 0x00E9, 0x01A5, 0x0030, 0x0100, 0x0046, 0x0001, 0x0046, 0x00D3, 0x00A7, 0x00B3, 0x0108, 
0x00DF, 0x00A9, 0x017E, 0x00EC, 0x0122, 0x00F3, 0x016F, 0x00A1, 0x0024, 0x01AD, 0x00FE, 0x01AE, 0x00F3, 0x00C6, 0x00EA, 0x008B, 
0x0188, 0x00C0, 0x0010, 0x0121, 0x00C8, 0x016B, 0x00DF, 0x019B, 0x008F, 0x0051, 0x014F, 0x0126, 0x0079, 0x00C0, 0x0062, 0x00B1, 
0x00B1, 0x0062, 0x00C0, 0x0079, 0x0126, 0x014F, 0x0051, 0x008F, 0x019B, 0x00DF, 0x016B, 0x00C8, 0x0121, 0x0010, 0x00C0, 0x0188, 
0x008B, 0x00EA, 0x00C6, 0x00F3, 0x01AE, 0x00FE, 0x01AD, 0x0024, 0x00A1, 0x016F, 0x00F3, 0x0122, 0x00EC, 0x017E, 0x00A9, 0x00DF, 
0x0108, 0x00B3, 0x00A7, 0x00D3, 0x0046, 0x0001, 0x0046, 0x0100, 0x0030, 0x01A5, 0x00E9, 0x008F, 0x013E, 0x0004, 0x0136, 0x0176, 
0x00FE, 0x01A1, 0x016D, 0x0073, 0x010D, 0x016D, 0x0110, 0x00A1, 0x0159, 0x011B, 0x0128, 0x0145, 0x0126, 0x01A8, 0x006C, 0x0099, 
0x0149, 0x00B3, 0x0096, 0x01A5, 0x01B0, 0x0163, 0x006C, 0x00BE, 0x0121, 0x0032, 0x0029, 0x004A, 0x00EB, 0x008B, 0x0171, 0x0128, 
0x0160, 0x0058, 0x0004, 0x00C7, 0x017E, 0x0113, 0x00C5, 0x0029, 0x0118, 0x00B1, 0x006D, 0x004A, 0x0044, 0x0042, 0x00EC, 0x0009, 
0x0136, 0x0167, 0x0090, 0x011B, 0x0068, 0x00EA, 0x0147, 0x0044, 0x00C5, 0x0197, 0x00C8, 0x001A, 0x0099, 0x00D2, 0x004E, 0x0030, 
0x0003, 0x00A7, 0x003B, 0x00D2, 0x0163, 0x0196, 0x014F, 0x009E, 0x0160, 0x0090, 0x00CC, 0x0024, 0x018D, 0x0073, 0x010A, 0x010A, 
0x010D, 0x006A, 0x01AD, 0x0138, 0x0167, 0x0058, 0x01A0, 0x0051, 0x000C, 0x01B0, 0x004E, 0x0040, 0x00D3, 0x0089, 0x0100, 0x0040, 
0x003B, 0x0149, 0x001B, 0x016B, 0x0181, 0x0113, 0x0042, 0x00E5, 0x00C6, 0x00F1, 0x0159, 0x00CC, 0x0138, 0x0176, 0x00DE, 0x0122, 
0x00E5, 0x0147, 0x00EB, 0x017F, 0x0062, 0x0033, 0x0032, 0x0197, 0x0181, 0x00A9, 0x007B, 0x013E, 0x01A0, 0x009E, 0x0145, 0x0016, 
0x0188, 0x017F, 0x006D, 0x0118, 0x0033, 0x0010, 0x00A4, 0x01A8, 0x0196, 0x000C, 0x00E9, 0x0144, 0x0108, 0x001B, 0x001A, 0x00BE, 
0x00A4, 0x0079, 0x0016, 0x0171, 0x0068, 0x00F1, 0x016F, 0x0011, 0x01A1, 0x006A, 0x018D, 0x0110, 0x0011, 0x01AE, 0x00DE, 0x0009, 
0x00C7, 0x007B, 0x019B, 0x0144, 0x0096, 0x0003, 0x0001, 0x0112, 0x0009, 0x00A7, 0x0141, 0x012D, 0x01AC, 0x0125, 0x0051, 0x0037, 
0x0190, 0x00CC, 0x0048, 0x016A, 0x0123, 0x00B1, 0x0121, 0x006F, 0x00F9, 0x015C, 0x0184, 0x0033, 0x00B9, 0x0027, 0x01A4, 0x00F3, 
0x0128, 0x001F, 0x012F, 0x003E, 0x0174, 0x0002, 0x0088, 0x017C, 0x007F, 0x0068, 0x0191, 0x00F5, 0x00D7, 0x005C, 0x0024, 0x00E3, 
0x012B, 0x0076, 0x0015, 0x001D, 0x0095, 0x0126, 0x0019, 0x014F, 0x0003, 0x014D, 0x017D, 0x0085, 0x00E8, 0x010B, 0x004C, 0x013F, 
0x01A0, 0x0065, 0x0140, 0x00AD, 0x001C, 0x0073, 0x00A3, 0x001A, 0x00EF, 0x00C8, 0x016E, 0x009E, 0x019A, 0x015F, 0x0156, 0x0145, 
0x013C, 0x000F, 0x00A5, 0x0016, 0x0162, 0x005E, 0x0042, 0x0152, 0x0178, 0x0117, 0x006B, 0x0059, 0x0081, 0x0122, 0x0124, 0x007D, 
0x0049, 0x0098, 0x013D, 0x007C, 0x0101, 0x0012, 0x00AB, 0x0163, 0x0166, 0x01AB, 0x01AA, 0x0185, 0x013A, 0x0138, 0x0115, 0x0029, 
0x0183, 0x0046, 0x00EC, 0x015E, 0x0091, 0x019E, 0x0143, 0x0028, 0x0040, 0x0175, 0x00CB, 0x0069, 0x011F, 0x018B, 0x00DF, 0x00D6, 
0x0144, 0x00CD, 0x009D, 0x0137, 0x018C, 0x014E, 0x005D, 0x003F, 0x0056, 0x00C4, 0x0036, 0x0067, 0x00BD, 0x00F2, 0x011B, 0x0105, 
0x010D, 0x01A9, 0x002A, 0x00C1, 0x00DE, 0x0030, 0x010F, 0x00B4, 0x00E1, 0x011D, 0x0179, 0x01A1, 0x00B7, 0x00D5, 0x001B, 0x00B2, 
0x0151, 0x018F, 0x016C, 0x0004, 0x018E, 0x00D1, 0x0176, 0x014B, 0x00AE, 0x017F, 0x0164, 0x0193, 0x0167, 0x00EE, 0x01A5, 0x0133, 
0x00FB, 0x008A, 0x003A, 0x0111, 0x0041, 0x00DD, 0x0118, 0x0150, 0x00B3, 0x002B, 0x0057, 0x0054, 0x011A, 0x0050, 0x0078, 0x0102, 
0x01A6, 0x00CA, 0x00FC, 0x0110, 0x0180, 0x00A9, 0x0014, 0x005A, 0x00A8, 0x0116, 0x00F1, 0x00EA, 0x00EB, 0x0058, 0x01A3, 0x00F7, 
0x00D9, 0x0044, 0x012A, 0x012E, 0x0107, 0x00BB, 0x000A, 0x007B, 0x006A, 0x0199, 0x00E2, 0x0182, 0x011E, 0x0080, 0x0131, 0x0093, 
0x002F, 0x00CF, 0x0018, 0x0147, 0x0136, 0x01A7, 0x00F6, 0x00AA, 0x0083, 0x0087, 0x016D, 0x00D8, 0x00BA, 0x000E, 0x0159, 0x00C6, 
0x00C7, 0x00C0, 0x009B, 0x0109, 0x0157, 0x019D, 0x0108, 0x0031, 0x00A1, 0x00B5, 0x00E7, 0x000B, 0x00AF, 0x0139, 0x0161, 0x0097, 
0x015D, 0x015A, 0x0186, 0x00FE, 0x0061, 0x0099, 0x00D4, 0x0170, 0x00A0, 0x0177, 0x0127, 0x00B6, 0x007E, 0x000C, 0x00C3, 0x004A, 
0x001E, 0x004D, 0x0032, 0x0103, 0x0066, 0x003B, 0x00E0, 0x0023, 0x01AD, 0x0045, 0x0022, 0x0060, 0x00FF, 0x0196, 0x00DC, 0x00FA, 
0x0010, 0x0038, 0x0094, 0x00D0, 0x00FD, 0x00A2, 0x0181, 0x00D3, 0x00F0, 0x0187, 0x0008, 0x00A4, 0x00AC, 0x0096, 0x00BF, 0x00F4, 
0x014A, 0x017B, 0x00ED, 0x015B, 0x0172, 0x0154, 0x0063, 0x0025, 0x007A, 0x0114, 0x00E4, 0x006D, 0x00DB, 0x00D2, 0x0026, 0x0092, 
0x0148, 0x00E6, 0x003C, 0x0171, 0x0189, 0x006E, 0x0013, 0x0120, 0x0053, 0x00C5, 0x016B, 0x002E, 0x0188, 0x009C, 0x0079, 0x0077, 
0x002C, 0x0007, 0x0006, 0x004B, 0x004E, 0x0106, 0x019F, 0x00B0, 0x0135, 0x0074, 0x0119, 0x0168, 0x0134, 0x008D, 0x008F, 0x0130, 
0x0158, 0x0146, 0x009A, 0x0039, 0x005F, 0x016F, 0x0153, 0x004F, 0x019B, 0x010C, 0x01A2, 0x0075, 0x006C, 0x005B, 0x0052, 0x0017, 
0x0113, 0x0043, 0x00E9, 0x00C2, 0x0197, 0x010E, 0x013E, 0x0195, 0x0104, 0x0071, 0x014C, 0x0011, 0x0072, 0x0165, 0x00A6, 0x00C9, 
0x012C, 0x0034, 0x0064, 0x01AE, 0x0062, 0x0198, 0x008B, 0x011C, 0x0194, 0x019C, 0x013B, 0x0086, 0x00CE, 0x018D, 0x0155, 0x00DA, 
0x00BC, 0x0020, 0x0149, 0x0132, 0x0035, 0x0129, 0x01AF, 0x003D, 0x0173, 0x0082, 0x0192, 0x0089, 0x00BE, 0x000D, 0x018A, 0x00F8, 
0x017E, 0x002D, 0x0055, 0x00B8, 0x0142, 0x0090, 0x0100, 0x008E, 0x0047, 0x0169, 0x00E5, 0x0021, 0x017A, 0x0160, 0x008C, 0x0005, 
0x0084, 0x0070, 0x010A, 0x01A8, 0x0001, 0x0073, 0x001B, 0x00EB, 0x0132, 0x004A, 0x018E, 0x00B3, 0x0128, 0x0075, 0x0046, 0x011B, 
0x0046, 0x0131, 0x0023, 0x00EA, 0x0096, 0x010A, 0x0191, 0x0020, 0x0162, 0x0100, 0x0166, 0x0046, 0x006C, 0x0100, 0x00C6, 0x0002, 
0x007F, 0x0080, 0x0112, 0x0040, 0x009E, 0x016B, 0x0073, 0x0118, 0x0073, 0x00D9, 0x009E, 0x00D8, 0x00B1, 0x0008, 0x012C, 0x01AD, 
0x004F, 0x0023, 0x004B, 0x0100, 0x0167, 0x0128, 0x0099, 0x01AD, 0x0113, 0x00FE, 0x00CB, 0x00E6, 0x0002, 0x013C, 0x0128, 0x01AF, 
0x0023, 0x014E, 0x0020, 0x01B0, 0x00CB, 0x01A1, 0x01A9, 0x00B1, 0x008C, 0x00EB, 0x0063, 0x009E, 0x011D, 0x00EB, 0x013E, 0x0112, 
0x0094, 0x01A1, 0x00FE, 0x009F, 0x0096, 0x0004, 0x0020, 0x0036, 0x0002, 0x0125, 0x018E, 0x0196, 0x0008, 0x01A9, 0x0094, 0x0080, 
0x0025, 0x018E, 0x00A7, 0x01AD, 0x0085, 0x0096, 0x0171, 0x010A, 0x009F, 0x0113, 0x012C, 0x0196, 0x004A, 0x0010, 0x0112, 0x00C7, 
0x00B1, 0x018C, 0x004A, 0x0025, 0x007F, 0x00E6, 0x01B0, 0x0191, 0x0171, 0x010A, 0x017B, 0x00CB, 0x0089, 0x0080, 0x0010, 0x0132, 
0x008C, 0x00D8, 0x0040, 0x013E, 0x0132, 0x018C, 0x0008, 0x0145, 0x00FE, 0x017B, 0x0191, 0x0004, 0x00EA, 0x004F, 0x0099, 0x00B3, 
0x0125, 0x007F, 0x0089, 0x01A1, 0x0145, 0x012C, 0x00A7, 0x00B3, 0x013C, 0x00C6, 0x0162, 0x014E, 0x00EA, 0x0085, 0x0113, 0x0145, 
0x01A9, 0x00C7, 0x0040, 0x0063, 0x001B, 0x016B, 0x00D9, 0x001B, 0x011D, 0x00D8, 0x00C7, 0x0094, 0x0089, 0x00E6, 0x0036, 0x0162, 
0x004B, 0x0131, 0x0075, 0x0167, 0x00C6, 0x0036, 0x01B0, 0x017B, 0x009F, 0x0085, 0x004F, 0x01AF, 0x0075, 0x0166, 0x006C, 0x0131, 
0x01AF, 0x0099, 0x00A7, 0x0196, 0x018C, 0x008C, 0x011D, 0x016B, 0x0118, 0x0001, 0x0001, 0x0118, 0x00D9, 0x0063, 0x013E, 0x0010, 
0x0025, 0x0125, 0x013C, 0x0167, 0x0166, 0x011B, 0x011B, 0x006C, 0x004B, 0x014E, 0x0004, 0x0171, 0x0171, 0x0004, 0x014E, 0x004B, 
0x006C, 0x011B, 0x011B, 0x0166, 0x0167, 0x013C, 0x0125, 0x0025, 0x0010, 0x013E, 0x0063, 0x00D9, 0x0118, 0x0001, 0x0001, 0x0118, 
0x016B, 0x011D, 0x008C, 0x018C, 0x0196, 0x00A7, 0x0099, 0x01AF, 0x0131, 0x006C, 0x0166, 0x0075, 0x01AF, 0x004F, 0x0085, 0x009F, 
0x017B, 0x01B0, 0x0036, 0x00C6, 0x0167, 0x0075, 0x0131, 0x004B, 0x0162, 0x0036, 0x00E6, 0x0089, 0x0094, 0x00C7, 0x00D8, 0x011D, 
0x001B, 0x00D9, 0x016B, 0x001B, 0x0063, 0x0040, 0x00C7, 0x01A9, 0x0145, 0x0113, 0x0085, 0x00EA, 0x014E, 0x0162, 0x00C6, 0x013C, 
0x00B3, 0x00A7, 0x012C, 0x0145, 0x01A1, 0x0089, 0x007F, 0x0125, 0x00B3, 0x0099, 0x004F, 0x00EA, 0x0004, 0x0191, 0x017B, 0x00FE, 
0x0145, 0x0008, 0x018C, 0x0132, 0x013E, 0x0040, 0x00D8, 0x008C, 0x0132, 0x0010, 0x0080, 0x0089, 0x00CB, 0x017B, 0x010A, 0x0171, 
0x0191, 0x01B0, 0x00E6, 0x007F, 0x0025, 0x004A, 0x018C, 0x00B1, 0x00C7, 0x0112, 0x0010, 0x004A, 0x0196, 0x012C, 0x0113, 0x009F, 
0x010A, 0x0171, 0x0096, 0x0085, 0x01AD, 0x00A7, 0x018E, 0x0025, 0x0080, 0x0094, 0x01A9, 0x0008, 0x0196, 0x018E, 0x0125, 0x0002, 
0x0036, 0x0020, 0x0004, 0x0096, 0x009F, 0x00FE, 0x01A1, 0x0094, 0x0112, 0x013E, 0x00EB, 0x011D, 0x009E, 0x0063, 0x00EB, 0x008C, 
0x00B1, 0x01A9, 0x01A1, 0x00CB, 0x01B0, 0x0020, 0x014E, 0x0023, 0x01AF, 0x0128, 0x013C, 0x0002, 0x00E6, 0x00CB, 0x00FE, 0x0113, 
0x01AD, 0x0099, 0x0128, 0x0167, 0x0100, 0x004B, 0x0023, 0x004F, 0x01AD, 0x012C, 0x0008, 0x00B1, 0x00D8, 0x009E, 0x00D9, 0x0073, 
0x0118, 0x0073, 0x016B, 0x009E, 0x0040, 0x0112, 0x0080, 0x007F, 0x0002, 0x00C6, 0x0100, 0x006C, 0x0046, 0x0166, 0x0100, 0x0162, 
0x0020, 0x0191, 0x010A, 0x0096, 0x00EA, 0x0023, 0x0131, 0x0046, 0x011B, 0x0046, 0x0075, 0x0128, 0x00B3, 0x018E, 0x004A, 0x0132, 
0x00EB, 0x001B, 0x0001, 0x00E6, 0x0051, 0x004A, 0x00E7, 0x000B, 0x00BC, 0x0085, 0x0042, 0x0130, 0x0151, 0x016D, 0x002C, 0x0175, 
0x005C, 0x0118, 0x0181, 0x0019, 0x0102, 0x00CF, 0x0049, 0x0003, 0x0007, 0x017D, 0x0066, 0x00A1, 0x0096, 0x0038, 0x00DB, 0x0178, 
0x010B, 0x013C, 0x0012, 0x00DA, 0x0080, 0x0079, 0x0166, 0x0013, 0x0064, 0x019D, 0x0149, 0x0150, 0x0157, 0x0101, 0x005B, 0x0137, 
0x003D, 0x00A4, 0x010F, 0x004E, 0x0009, 0x00E1, 0x011E, 0x0125, 0x0154, 0x0143, 0x0072, 0x008E, 0x0090, 0x0139, 0x0193, 0x0165, 
0x011C, 0x0171, 0x00CD, 0x00F3, 0x014A, 0x0159, 0x0086, 0x01AD, 0x0065, 0x0076, 0x0015, 0x0046, 0x0023, 0x0028, 0x008A, 0x0033, 
0x0094, 0x00A3, 0x001A, 0x0148, 0x003A, 0x00CE, 0x00AA, 0x0054, 0x01A3, 0x00DE, 0x0117, 0x0092, 0x002D, 0x0055, 0x019A, 0x00AE, 
0x0115, 0x0031, 0x0158, 0x019B, 0x009F, 0x00BB, 0x0026, 0x0152, 0x009D, 0x00DF, 0x0199, 0x018D, 0x0133, 0x0113, 0x00F1, 0x0104, 
0x01A4, 0x00F7, 0x003E, 0x00F0, 0x013E, 0x00B9, 0x0132, 0x00D4, 0x0045, 0x0070, 0x007B, 0x001C, 0x00EC, 0x0111, 0x00B4, 0x0172, 
0x014E, 0x0002, 0x0047, 0x0182, 0x00B6, 0x0021, 0x0008, 0x007D, 0x000A, 0x006F, 0x0010, 0x004D, 0x0032, 0x017B, 0x00B2, 0x0119, 
0x006A, 0x0126, 0x0169, 0x0043, 0x012D, 0x004F, 0x0140, 0x0100, 0x00C3, 0x006B, 0x0128, 0x0083, 0x00BF, 0x0027, 0x002B, 0x010A, 
0x00D9, 0x00FC, 0x0011, 0x015F, 0x012A, 0x0062, 0x0105, 0x015E, 0x0145, 0x00B7, 0x00CC, 0x0082, 0x008D, 0x010C, 0x01A2, 0x00F4, 
0x007C, 0x018F, 0x0196, 0x0056, 0x00FE, 0x00EF, 0x00C9, 0x0187, 0x00A8, 0x0041, 0x01AC, 0x0153, 0x0116, 0x00B8, 0x0037, 0x003B, 
0x0120, 0x000C, 0x00DC, 0x013A, 0x0097, 0x0088, 0x00A9, 0x00C6, 0x00C7, 0x008F, 0x013D, 0x0050, 0x0025, 0x00E9, 0x00E0, 0x00AB, 
0x001D, 0x00C4, 0x015A, 0x006D, 0x0188, 0x017C, 0x0183, 0x001F, 0x01AB, 0x0020, 0x0191, 0x0006, 0x0192, 0x002E, 0x0035, 0x0029, 
0x0144, 0x0057, 0x00ED, 0x0194, 0x0106, 0x00D1, 0x00C8, 0x018C, 0x0161, 0x0074, 0x0122, 0x00EA, 0x00EB, 0x0108, 0x0129, 0x011A, 
0x0077, 0x00D5, 0x01A5, 0x0091, 0x0176, 0x017A, 0x00F9, 0x009B, 0x005E, 0x0005, 0x0170, 0x0109, 0x002A, 0x00E8, 0x00C2, 0x00B3, 
0x015B, 0x001B, 0x0022, 0x0135, 0x00BD, 0x000F, 0x00A5, 0x0124, 0x012F, 0x00E5, 0x00FA, 0x006C, 0x0053, 0x00AC, 0x014F, 0x0087, 
0x0052, 0x01A0, 0x00B5, 0x00D8, 0x00A7, 0x0186, 0x018A, 0x00F2, 0x012E, 0x0089, 0x0146, 0x00EE, 0x00B1, 0x0071, 0x0162, 0x0084, 
0x016E, 0x0048, 0x008B, 0x0147, 0x0098, 0x00FF, 0x0036, 0x017F, 0x0164, 0x01A1, 0x0142, 0x01A7, 0x0134, 0x01A9, 0x0190, 0x00FB, 
0x002F, 0x016A, 0x01AF, 0x0063, 0x003F, 0x00FD, 0x00A0, 0x00C5, 0x0195, 0x0136, 0x0141, 0x016C, 0x00DD, 0x007F, 0x00F8, 0x0073, 
0x00C1, 0x0173, 0x00BA, 0x000D, 0x00AD, 0x00C0, 0x009E, 0x007E, 0x0024, 0x0018, 0x00D2, 0x0114, 0x005F, 0x018B, 0x00F6, 0x0112, 
0x0016, 0x0059, 0x0180, 0x009C, 0x0103, 0x0017, 0x015C, 0x0184, 0x011F, 0x009A, 0x00D3, 0x000E, 0x015D, 0x0107, 0x00E3, 0x0177, 
0x0069, 0x0197, 0x010E, 0x011D, 0x017E, 0x0127, 0x0189, 0x018E, 0x016B, 0x019C, 0x013B, 0x014C, 0x0004, 0x012B, 0x0058, 0x0067, 
0x00BE, 0x00E4, 0x0040, 0x0095, 0x004C, 0x001E, 0x0078, 0x0121, 0x0123, 0x013F, 0x006E, 0x005D, 0x008C, 0x0093, 0x00D0, 0x01A8, 
0x0163, 0x00A2, 0x010D, 0x0174, 0x007A, 0x0156, 0x00B0, 0x005A, 0x0061, 0x0068, 0x0014, 0x014D, 0x019E, 0x004B, 0x0138, 0x0131, 
0x00D7, 0x019F, 0x0075, 0x00A6, 0x0039, 0x00D6, 0x0179, 0x011B, 0x0110, 0x014B, 0x0034, 0x01AA, 0x01AE, 0x0168, 0x00E2, 0x00AF, 
0x0198, 0x0030, 0x0099, 0x0155, 0x003C, 0x0185, 0x0044, 0x0060, 0x0081, 0x016F, 0x012C, 0x00F5, 0x01A6, 0x00CA, 0x0167, 0x0160, 
0x0001, 0x001B, 0x00F3, 0x0128, 0x0121, 0x0042, 0x0011, 0x00C6, 0x00A1, 0x0009, 0x00F3, 0x0032, 0x008B, 0x001A, 0x0051, 0x0096, 
0x0032, 0x0011, 0x008B, 0x00F3, 0x00EA, 0x0042, 0x00A1, 0x0033, 0x0181, 0x0121, 0x0099, 0x010D, 0x0121, 0x0016, 0x0032, 0x0099, 
0x00A1, 0x0033, 0x0096, 0x001A, 0x0100, 0x0121, 0x0003, 0x0042, 0x0042, 0x0100, 0x001B, 0x0032, 0x00C6, 0x0011, 0x010D, 0x004E, 
0x0121, 0x0003, 0x001A, 0x0009, 0x0003, 0x00EA, 0x0051, 0x014F, 0x0003, 0x0009, 0x010D, 0x00A1, 0x014F, 0x0033, 0x008B, 0x00EA, 
0x014F, 0x0011, 0x001B, 0x004E, 0x0099, 0x0099, 0x00F3, 0x010D, 0x00EA, 0x01A1, 0x001B, 0x0009, 0x00EA, 0x0051, 0x0001, 0x0032, 
0x0176, 0x0032, 0x0033, 0x01A1, 0x00A1, 0x0128, 0x0051, 0x0033, 0x0096, 0x0096, 0x00C6, 0x001A, 0x001A, 0x014F, 0x014F, 0x0176, 
0x001B, 0x0009, 0x0099, 0x0051, 0x0176, 0x010D, 0x0096, 0x00F3, 0x004E, 0x0051, 0x0176, 0x0100, 0x0121, 0x0016, 0x0121, 0x0181, 
0x004E, 0x0051, 0x00C6, 0x00F3, 0x0128, 0x014F, 0x01A1, 0x0011, 0x00A1, 0x0181, 0x0011, 0x004E, 0x01A1, 0x0121, 0x01A1, 0x0100, 
0x0042, 0x0181, 0x001B, 0x001A, 0x00C6, 0x0128, 0x0033, 0x0176, 0x001B, 0x00EA, 0x0016, 0x00EA, 0x01A1, 0x0042, 0x0003, 0x014F, 
0x0181, 0x0100, 0x0051, 0x0001, 0x0032, 0x0128, 0x0001, 0x00F3, 0x0100, 0x0100, 0x00A1, 0x0016, 0x0100, 0x001B, 0x0128, 0x0033, 
0x008B, 0x008B, 0x004E, 0x0033, 0x00C6, 0x004E, 0x0096, 0x0001, 0x010D, 0x0011, 0x0128, 0x00C6, 0x0003, 0x0016, 0x0032, 0x004E, 
0x01A1, 0x0099, 0x0001, 0x0099, 0x0009, 0x0096, 0x0001, 0x010D, 0x0176, 0x010D, 0x001A, 0x0181, 0x0003, 0x0181, 0x0011, 0x008B, 
0x001A, 0x0128, 0x0001, 0x00F3, 0x0181, 0x00EA, 0x00C6, 0x0016, 0x0042, 0x008B, 0x0096, 0x014F, 0x0016, 0x0099, 0x0176, 0x0042, 
0x0003, 0x0176, 0x0009, 0x0016, 0x00A1, 0x008B, 0x0009, 0x01A1, 0x01A1, 0x0009, 0x008B, 0x00A1, 0x0016, 0x0009, 0x0176, 0x0003, 
0x0042, 0x0176, 0x0099, 0x0016, 0x014F, 0x0096, 0x008B, 0x0042, 0x0016, 0x00C6, 0x00EA, 0x0181, 0x00F3, 0x0001, 0x0128, 0x001A, 
0x008B, 0x0011, 0x0181, 0x0003, 0x0181, 0x001A, 0x010D, 0x0176, 0x010D, 0x0001, 0x0096, 0x0009, 0x0099, 0x0001, 0x0099, 0x01A1, 
0x004E, 0x0032, 0x0016, 0x0003, 0x00C6, 0x0128, 0x0011, 0x010D, 0x0001, 0x0096, 0x004E, 0x00C6, 0x0033, 0x004E, 0x008B, 0x008B, 
0x0033, 0x0128, 0x001B, 0x0100, 0x0016, 0x00A1, 0x0100, 0x0100, 0x00F3, 0x0001, 0x0128, 0x0032, 0x0001, 0x0051, 0x0100, 0x0181, 
0x014F, 0x0003, 0x0042, 0x01A1, 0x00EA, 0x0016, 0x00EA, 0x001B, 0x0176, 0x0033, 0x0128, 0x00C6, 0x001A, 0x001B, 0x0181, 0x0042, 
0x0100, 0x01A1, 0x0121, 0x01A1, 0x004E, 0x0011, 0x0181, 0x00A1, 0x0011, 0x01A1, 0x014F, 0x0128, 0x00F3, 0x00C6, 0x0051, 0x004E, 
0x0181, 0x0121, 0x0016, 0x0121, 0x0100, 0x0176, 0x0051, 0x004E, 0x00F3, 0x0096, 0x010D, 0x0176, 0x0051, 0x0099, 0x0009, 0x001B, 
0x0176, 0x014F, 0x014F, 0x001A, 0x001A, 0x00C6, 0x0096, 0x0096, 0x0033, 0x0051, 0x0128, 0x00A1, 0x01A1, 0x0033, 0x0032, 0x0176, 
0x0032, 0x0001, 0x0051, 0x00EA, 0x0009, 0x001B, 0x01A1, 0x00EA, 0x010D, 0x00F3, 0x0099, 0x0099, 0x004E, 0x001B, 0x0011, 0x014F, 
0x00EA, 0x008B, 0x0033, 0x014F, 0x00A1, 0x010D, 0x0009, 0x0003, 0x014F, 0x0051, 0x00EA, 0x0003, 0x0009, 0x001A, 0x0003, 0x0121, 
0x004E, 0x010D, 0x0011, 0x00C6, 0x0032, 0x001B, 0x0100, 0x0042, 0x0042, 0x0003, 0x0121, 0x0100, 0x001A, 0x0096, 0x0033, 0x00A1, 
0x0099, 0x0032, 0x0016, 0x0121, 0x010D, 0x0099, 0x0121, 0x0181, 0x0033, 0x00A1, 0x0042, 0x00EA, 0x00F3, 0x008B, 0x0011, 0x0032, 
0x0096, 0x0051, 0x001A, 0x008B, 0x0032, 0x00F3, 0x0009, 0x00A1, 0x00C6, 0x0011, 0x0042, 0x0121, 0x0128, 0x00F3, 0x0001, 0x0036, 
0x0128, 0x013E, 0x0092, 0x018C, 0x0077, 0x011D, 0x0096, 0x005A, 0x004B, 0x00A7, 0x004B, 0x016C, 0x015D, 0x00EB, 0x01A1, 0x0132, 
0x002B, 0x0061, 0x0097, 0x0099, 0x00EF, 0x0166, 0x0063, 0x0099, 0x00EA, 0x00AB, 0x009A, 0x00E3, 0x00FB, 0x0085, 0x0075, 0x0002, 
0x0036, 0x0046, 0x017B, 0x009D, 0x0075, 0x002A, 0x006C, 0x0168, 0x0127, 0x0023, 0x00FA, 0x015D, 0x0056, 0x0118, 0x0131, 0x0096, 
0x001B, 0x0023, 0x009F, 0x004F, 0x007D, 0x008D, 0x00AB, 0x0059, 0x011B, 0x0086, 0x0054, 0x0083, 0x0061, 0x00FE, 0x007D, 0x0100, 
0x004D, 0x006C, 0x00A5, 0x013E, 0x016E, 0x013C, 0x00C3, 0x0073, 0x0125, 0x00FB, 0x0109, 0x0100, 0x004F, 0x0067, 0x01A1, 0x00CB, 
0x0150, 0x0184, 0x0106, 0x0156, 0x0077, 0x009E, 0x0168, 0x004D, 0x0109, 0x00E3, 0x00FD, 0x013A, 0x00D8, 0x018E, 0x0015, 0x0010, 
0x01A9, 0x0132, 0x0067, 0x009F, 0x0127, 0x009E, 0x018C, 0x0167, 0x00B6, 0x0171, 0x0145, 0x00FF, 0x0025, 0x00FD, 0x009A, 0x008D, 
0x00FE, 0x002B, 0x01A9, 0x007F, 0x0105, 0x0134, 0x01AD, 0x00CE, 0x0167, 0x0092, 0x00A5, 0x002A, 0x0085, 0x0125, 0x011F, 0x00FF, 
0x0049, 0x0191, 0x0162, 0x0105, 0x0186, 0x00CB, 0x00EB, 0x00FA, 0x001B, 0x011D, 0x0156, 0x0117, 0x01AD, 0x00B1, 0x0191, 0x008A, 
0x00D8, 0x0094, 0x0059, 0x00EA, 0x0097, 0x0083, 0x00C6, 0x0015, 0x0112, 0x0191, 0x0164, 0x0171, 0x012C, 0x016E, 0x0128, 0x0002, 
0x009D, 0x0089, 0x00C3, 0x0187, 0x0171, 0x00A8, 0x01AD, 0x0124, 0x0184, 0x011A, 0x0056, 0x016C, 0x005A, 0x0131, 0x00C7, 0x0184, 
0x00B3, 0x0105, 0x014A, 0x0015, 0x00B7, 0x0086, 0x0157, 0x00EF, 0x0063, 0x0045, 0x0086, 0x0196, 0x00D8, 0x0113, 0x00FF, 0x010C, 
0x00C3, 0x01AF, 0x0046, 0x0001, 0x01B0, 0x0046, 0x0114, 0x016E, 0x008C, 0x0167, 0x00B4, 0x0156, 0x0158, 0x0131, 0x00C2, 0x00A7, 
0x00A7, 0x014E, 0x0056, 0x012E, 0x00CB, 0x0008, 0x01A9, 0x00E6, 0x0083, 0x015B, 0x0063, 0x010A, 0x010A, 0x00EF, 0x0080, 0x0059, 
0x005B, 0x00FD, 0x004A, 0x0125, 0x0043, 0x009D, 0x016B, 0x0001, 0x01B0, 0x016B, 0x0002, 0x00EE, 0x00A5, 0x00B2, 0x009E, 0x00D9, 
0x001B, 0x012B, 0x016C, 0x014E, 0x00C2, 0x005A, 0x012B, 0x00FA, 0x019C, 0x0067, 0x00AC, 0x00FE, 0x002D, 0x00EA, 0x0080, 0x0157, 
0x0045, 0x015B, 0x0097, 0x002D, 0x008D, 0x0004, 0x0109, 0x0040, 0x002A, 0x00EE, 0x0128, 0x0114, 0x01AF, 0x0089, 0x0043, 0x0085, 
0x0040, 0x004D, 0x0020, 0x009F, 0x019C, 0x00EB, 0x012E, 0x011A, 0x00C7, 0x0158, 0x011D, 0x00D9, 0x0127, 0x0020, 0x0100, 0x0004, 
0x009A, 0x005B, 0x0094, 0x0196, 0x00B7, 0x00C6, 0x00E6, 0x002B, 0x00AC, 0x004F, 0x0020, 0x0168, 0x00B2, 0x0092, 0x008C, 0x012C, 
0x0187, 0x010C, 0x011F, 0x004A, 0x00E3, 0x0004, 0x007D, 0x00AC, 0x0132, 0x0008, 0x0186, 0x00B3, 0x0124, 0x0117, 0x00B4, 0x018C, 
0x00B2, 0x006C, 0x0040, 0x00FB, 0x004A, 0x0025, 0x0113, 0x008A, 0x0112, 0x014A, 0x007F, 0x0008, 0x01A1, 0x019C, 0x0023, 0x00D9, 
0x0077, 0x00B4, 0x00CE, 0x00A8, 0x0164, 0x0049, 0x0113, 0x013A, 0x005B, 0x00AB, 0x002D, 0x0061, 0x00E6, 0x0010, 0x014A, 0x0162, 
0x00B1, 0x00A8, 0x00B6, 0x008C, 0x013E, 0x00EE, 0x0075, 0x0043, 0x0073, 0x010C, 0x0145, 0x0164, 0x00B1, 0x0134, 0x00B3, 0x0150, 
0x012E, 0x015D, 0x012B, 0x0096, 0x0158, 0x0106, 0x0124, 0x0134, 0x0162, 0x0112, 0x018E, 0x0196, 0x011B, 0x0080, 0x0099, 0x015B, 
0x0054, 0x00B7, 0x018E, 0x008A, 0x0049, 0x0145, 0x0187, 0x013C, 0x0114, 0x0036, 0x016B, 0x017B, 0x01AF, 0x013C, 0x012C, 0x00B6, 
0x00CE, 0x0117, 0x0106, 0x00C7, 0x0118, 0x014E, 0x004B, 0x00C2, 0x0118, 0x011A, 0x0150, 0x0186, 0x007F, 0x0010, 0x00C6, 0x0054, 
0x0045, 0x0166, 0x010A, 0x0166, 0x0157, 0x011B, 0x0094, 0x013A, 0x0025, 0x011F, 0x0073, 0x0089, 0x0001, 0x006C, 0x0016, 0x0196, 
0x0129, 0x00D3, 0x0190, 0x0073, 0x0033, 0x0022, 0x0188, 0x0110, 0x006D, 0x014D, 0x0027, 0x0128, 0x00A1, 0x0138, 0x0180, 0x00D0, 
0x008C, 0x014F, 0x012D, 0x016D, 0x0136, 0x0051, 0x0100, 0x0019, 0x0088, 0x013B, 0x01A4, 0x0167, 0x018D, 0x0044, 0x009E, 0x0163, 
0x00A7, 0x0151, 0x00E9, 0x017D, 0x0062, 0x018E, 0x0080, 0x00F1, 0x01A9, 0x0021, 0x0091, 0x0011, 0x00DF, 0x008B, 0x004E, 0x0058, 
0x00C8, 0x0171, 0x017C, 0x0066, 0x00DD, 0x018F, 0x00F3, 0x00F6, 0x0169, 0x0148, 0x0031, 0x00EB, 0x014B, 0x0009, 0x018C, 0x01A0, 
0x007F, 0x00B1, 0x0006, 0x00EC, 0x017B, 0x011B, 0x0145, 0x0018, 0x0036, 0x0032, 0x00B3, 0x000D, 0x0003, 0x00C0, 0x00B0, 0x0075, 
0x00BB, 0x0191, 0x018A, 0x0030, 0x01AF, 0x0002, 0x012C, 0x0064, 0x0093, 0x0048, 0x00A9, 0x0068, 0x0131, 0x010D, 0x004A, 0x0122, 
0x000B, 0x00C5, 0x004B, 0x019B, 0x000C, 0x017F, 0x01A6, 0x0010, 0x0160, 0x0152, 0x00D2, 0x00BF, 0x0052, 0x0035, 0x00C7, 0x00E1, 
0x016B, 0x0108, 0x013C, 0x009B, 0x017E, 0x0012, 0x01A8, 0x015F, 0x0112, 0x0060, 0x0004, 0x010A, 0x00DA, 0x00F2, 0x0025, 0x006A, 
0x013E, 0x014E, 0x0101, 0x0149, 0x0099, 0x0125, 0x0121, 0x0040, 0x009F, 0x00D7, 0x0126, 0x0176, 0x007B, 0x00E6, 0x008F, 0x00FE, 
0x010F, 0x001B, 0x011D, 0x01AB, 0x01A1, 0x00CB, 0x0024, 0x00CC, 0x0023, 0x0118, 0x0046, 0x0069, 0x001A, 0x0144, 0x002C, 0x0181, 
0x0085, 0x0185, 0x0089, 0x004F, 0x00BE, 0x0116, 0x0063, 0x0008, 0x009C, 0x0076, 0x00A2, 0x01A5, 0x0096, 0x00D9, 0x01B0, 0x00D8, 
0x0199, 0x0166, 0x0094, 0x0198, 0x00ED, 0x0120, 0x0147, 0x019F, 0x00D4, 0x0042, 0x0079, 0x0197, 0x011E, 0x0020, 0x0162, 0x0029, 
0x016F, 0x00C6, 0x00EA, 0x0090, 0x0034, 0x0142, 0x0113, 0x003B, 0x005F, 0x0132, 0x00C4, 0x00DE, 0x0115, 0x01AE, 0x00A4, 0x00E5, 
0x0084, 0x006F, 0x0159, 0x01AD, 0x01AD, 0x0159, 0x006F, 0x0084, 0x00E5, 0x00A4, 0x01AE, 0x0115, 0x00DE, 0x00C4, 0x0132, 0x005F, 
0x003B, 0x0113, 0x0142, 0x0034, 0x0090, 0x00EA, 0x00C6, 0x016F, 0x0029, 0x0162, 0x0020, 0x011E, 0x0197, 0x0079, 0x0042, 0x00D4, 
0x019F, 0x0147, 0x0120, 0x00ED, 0x0198, 0x0094, 0x0166, 0x0199, 0x00D8, 0x01B0, 0x00D9, 0x0096, 0x01A5, 0x00A2, 0x0076, 0x009C, 
0x0008, 0x0063, 0x0116, 0x00BE, 0x004F, 0x0089, 0x0185, 0x0085, 0x0181, 0x002C, 0x0144, 0x001A, 0x0069, 0x0046, 0x0118, 0x0023, 
0x00CC, 0x0024, 0x00CB, 0x01A1, 0x01AB, 0x011D, 0x001B, 0x010F, 0x00FE, 0x008F, 0x00E6, 0x007B, 0x0176, 0x0126, 0x00D7, 0x009F, 
0x0040, 0x0121, 0x0125, 0x0099, 0x0149, 0x0101, 0x014E, 0x013E, 0x006A, 0x0025, 0x00F2, 0x00DA, 0x010A, 0x0004, 0x0060, 0x0112, 
0x015F, 0x01A8, 0x0012, 0x017E, 0x009B, 0x013C, 0x0108, 0x016B, 0x00E1, 0x00C7, 0x0035, 0x0052, 0x00BF, 0x00D2, 0x0152, 0x0160, 
0x0010, 0x01A6, 0x017F, 0x000C, 0x019B, 0x004B, 0x00C5, 0x000B, 0x0122, 0x004A, 0x010D, 0x0131, 0x0068, 0x00A9, 0x0048, 0x0093, 
0x0064, 0x012C, 0x0002, 0x01AF, 0x0030, 0x018A, 0x0191, 0x00BB, 0x0075, 0x00B0, 0x00C0, 0x0003, 0x000D, 0x00B3, 0x0032, 0x0036, 
0x0018, 0x0145, 0x011B, 0x017B, 0x00EC, 0x0006, 0x00B1, 0x007F, 0x01A0, 0x018C, 0x0009, 0x014B, 0x00EB, 0x0031, 0x0148, 0x0169, 
0x00F6, 0x00F3, 0x018F, 0x00DD, 0x0066, 0x017C, 0x0171, 0x00C8, 0x0058, 0x004E, 0x008B, 0x00DF, 0x0011, 0x0091, 0x0021, 0x01A9, 
0x00F1, 0x0080, 0x018E, 0x0062, 0x017D, 0x00E9, 0x0151, 0x00A7, 0x0163, 0x009E, 0x0044, 0x018D, 0x0167, 0x01A4, 0x013B, 0x0088, 
0x0019, 0x0100, 0x0051, 0x0136, 0x016D, 0x012D, 0x014F, 0x008C, 0x00D0, 0x0180, 0x0138, 0x00A1, 0x0128, 0x0027, 0x014D, 0x006D, 
0x0110, 0x0188, 0x0022, 0x0033, 0x0073, 0x0190, 0x00D3, 0x0129, 0x0196, 0x0016, 0x0001, 0x00D8, 0x0042, 0x0145, 0x00BA, 0x0190, 
0x00CA, 0x0036, 0x001A, 0x0154, 0x019F, 0x00E9, 0x0076, 0x014C, 0x0098, 0x0196, 0x008B, 0x01A4, 0x0170, 0x0107, 0x0156, 0x0009, 
0x01AC, 0x0064, 0x0185, 0x0176, 0x01A1, 0x010B, 0x002F, 0x0165, 0x001E, 0x00E6, 0x006F, 0x0093, 0x014E, 0x00DF, 0x0075, 0x00F9, 
0x01AB, 0x0055, 0x0079, 0x0106, 0x0134, 0x00D4, 0x0049, 0x00DB, 0x0140, 0x017F, 0x0066, 0x0016, 0x0051, 0x00F6, 0x00D0, 0x0008, 
0x0074, 0x0053, 0x0028, 0x00C1, 0x0030, 0x0026, 0x0173, 0x01A2, 0x0038, 0x013E, 0x012A, 0x00A1, 0x0077, 0x008F, 0x0067, 0x010A, 
0x01AA, 0x0069, 0x0184, 0x009E, 0x007F, 0x005C, 0x0105, 0x0003, 0x011D, 0x00AE, 0x00F3, 0x009C, 0x013F, 0x012E, 0x0133, 0x0117, 
0x0047, 0x0147, 0x00FF, 0x00B4, 0x0015, 0x006B, 0x00F8, 0x0111, 0x0022, 0x0019, 0x008D, 0x017E, 0x018E, 0x01A6, 0x00F5, 0x00B0, 
0x016C, 0x0136, 0x018A, 0x0149, 0x007A, 0x01AD, 0x0108, 0x0177, 0x0169, 0x00AF, 0x00AD, 0x019D, 0x0171, 0x0078, 0x0025, 0x0199, 
0x016E, 0x019E, 0x0144, 0x001F, 0x00C0, 0x00E0, 0x002B, 0x0195, 0x004B, 0x0112, 0x019A, 0x011C, 0x0054, 0x0088, 0x0125, 0x009D, 
0x0037, 0x0091, 0x00B1, 0x00A5, 0x014F, 0x012C, 0x0150, 0x00DC, 0x0029, 0x00A4, 0x0052, 0x00EF, 0x00ED, 0x0162, 0x006E, 0x0099, 
0x00A8, 0x0183, 0x0096, 0x0056, 0x0180, 0x00D7, 0x012B, 0x004A, 0x0131, 0x015A, 0x0121, 0x005F, 0x00F4, 0x0163, 0x0127, 0x0039, 
0x016B, 0x011A, 0x0044, 0x003F, 0x002A, 0x004D, 0x008E, 0x00B5, 0x00CD, 0x0035, 0x0089, 0x0059, 0x00FE, 0x0157, 0x01A3, 0x00CE, 
0x00EE, 0x00A3, 0x0070, 0x0135, 0x0060, 0x0050, 0x00E8, 0x01A0, 0x00A2, 0x00CC, 0x00CF, 0x0092, 0x00B7, 0x00F2, 0x01A5, 0x00EA, 
0x00EB, 0x00DE, 0x003C, 0x005E, 0x0191, 0x0159, 0x01A7, 0x00FB, 0x012F, 0x0116, 0x0130, 0x00EC, 0x018D, 0x0034, 0x0194, 0x0174, 
0x0084, 0x0002, 0x01AF, 0x012D, 0x003D, 0x001D, 0x017D, 0x0024, 0x00C5, 0x0081, 0x009B, 0x0082, 0x00B6, 0x000A, 0x0058, 0x0020, 
0x0153, 0x0175, 0x00D3, 0x00C6, 0x00C7, 0x000C, 0x00BF, 0x00FA, 0x011F, 0x00E2, 0x00E5, 0x010F, 0x0011, 0x00C9, 0x0161, 0x0151, 
0x007C, 0x0141, 0x010E, 0x00C3, 0x00E3, 0x000E, 0x005A, 0x00B3, 0x0158, 0x0128, 0x017C, 0x00E4, 0x00FC, 0x0123, 0x0164, 0x0187, 
0x0172, 0x016D, 0x0097, 0x0046, 0x0178, 0x008A, 0x004E, 0x00BD, 0x0152, 0x0090, 0x0057, 0x0080, 0x0167, 0x0086, 0x00DA, 0x0031, 
0x015B, 0x011B, 0x002E, 0x0109, 0x0118, 0x0143, 0x004F, 0x00C4, 0x00C2, 0x015F, 0x010D, 0x0188, 0x00D5, 0x0061, 0x0085, 0x0062, 
0x010C, 0x0100, 0x0120, 0x017A, 0x0114, 0x008C, 0x0129, 0x015D, 0x0095, 0x0017, 0x009F, 0x0166, 0x001C, 0x0186, 0x00D1, 0x00F1, 
0x0192, 0x006D, 0x0013, 0x0043, 0x0018, 0x018C, 0x0139, 0x0040, 0x0014, 0x0104, 0x0102, 0x0048, 0x003A, 0x00A9, 0x0004, 0x0137, 
0x0068, 0x0027, 0x007B, 0x0045, 0x0101, 0x00BC, 0x000B, 0x0023, 0x0033, 0x0124, 0x0198, 0x018F, 0x00A0, 0x00B9, 0x0146, 0x019C, 
0x00FD, 0x00B2, 0x006A, 0x016A, 0x009A, 0x007E, 0x0083, 0x0072, 0x0115, 0x00BE, 0x0103, 0x0094, 0x01AE, 0x00AC, 0x0155, 0x0132, 
0x0113, 0x002D, 0x0148, 0x0007, 0x00A7, 0x014A, 0x0122, 0x013A, 0x0110, 0x0087, 0x0073, 0x0179, 0x000F, 0x003E, 0x018B, 0x0181, 
0x00F0, 0x0189, 0x015E, 0x013D, 0x01A9, 0x00E1, 0x00BB, 0x0160, 0x019B, 0x014B, 0x0032, 0x0071, 0x00D6, 0x0168, 0x00DD, 0x007D, 
0x00AB, 0x0138, 0x015C, 0x0006, 0x00B8, 0x013C, 0x00D2, 0x0063, 0x011E, 0x0142, 0x00CB, 0x0193, 0x004C, 0x0182, 0x00A6, 0x0010, 
0x003B, 0x002C, 0x014D, 0x0005, 0x01A8, 0x005B, 0x00AA, 0x0041, 0x000D, 0x0126, 0x001B, 0x0119, 0x0065, 0x013B, 0x00C8, 0x0012, 
0x005D, 0x0197, 0x017B, 0x00E7, 0x0021, 0x00F7, 0x006C, 0x016F, 0x0001, 0x01B0, 0x00C6, 0x0001, 0x0040, 0x00EB, 0x0073, 0x01B0, 
0x00EA, 0x0171, 0x00EB, 0x00C6, 0x00EB, 0x013E, 0x0073, 0x0001, 0x00C6, 0x00C7, 0x0040, 0x0040, 0x00FE, 0x00C6, 0x013E, 0x00EB, 
0x00C7, 0x00C6, 0x0001, 0x0073, 0x0040, 0x013E, 0x0040, 0x01B0, 0x00C7, 0x00EB, 0x01B0, 0x00EA, 0x01B0, 0x0171, 0x00C7, 0x0171, 
0x00C6, 0x00B3, 0x00FE, 0x00EB, 0x00FE, 0x0073, 0x013E, 0x00C6, 0x00EB, 0x00EA, 0x00EA, 0x00EB, 0x00C7, 0x01B0, 0x013E, 0x013E, 
0x0073, 0x0171, 0x00EA, 0x0073, 0x0073, 0x0171, 0x0040, 0x0001, 0x013E, 0x00EA, 0x00B3, 0x00C6, 0x00B3, 0x0001, 0x0171, 0x00C7, 
0x00B3, 0x0001, 0x01B0, 0x0040, 0x00B3, 0x00EA, 0x01B0, 0x0040, 0x00C6, 0x00EB, 0x0040, 0x00FE, 0x0073, 0x00B3, 0x0073, 0x00C6, 
0x00B3, 0x00B3, 0x00B3, 0x013E, 0x0073, 0x0073, 0x00C7, 0x00EB, 0x00FE, 0x00C6, 0x01B0, 0x00C7, 0x0040, 0x00C7, 0x00FE, 0x00C6, 
0x00EB, 0x00EA, 0x0040, 0x0001, 0x00C6, 0x0073, 0x00EB, 0x0073, 0x0040, 0x013E, 0x0001, 0x0040, 0x01B0, 0x00C7, 0x00FE, 0x013E, 
0x00EA, 0x013E, 0x00EA, 0x0040, 0x00B3, 0x0171, 0x01B0, 0x01B0, 0x0040, 0x0073, 0x00B3, 0x00C7, 0x01B0, 0x00FE, 0x0040, 0x00EB, 
0x0001, 0x00FE, 0x00EA, 0x01B0, 0x00B3, 0x0040, 0x00EA, 0x00EA, 0x00C7, 0x00FE, 0x00C7, 0x01B0, 0x0171, 0x0001, 0x00FE, 0x0171, 
0x0001, 0x00FE, 0x00C7, 0x00C7, 0x00B3, 0x0001, 0x01B0, 0x0171, 0x00C6, 0x00EB, 0x0171, 0x00C6, 0x00B3, 0x0171, 0x0001, 0x00B3, 
0x00EA, 0x013E, 0x00FE, 0x00FE, 0x013E, 0x013E, 0x0171, 0x00EB, 0x0001, 0x00FE, 0x0001, 0x00FE, 0x0040, 0x00FE, 0x00FE, 0x0073, 
0x0171, 0x013E, 0x00C7, 0x013E, 0x0073, 0x00EA, 0x00C7, 0x00C6, 0x0073, 0x00B3, 0x00B3, 0x00EB, 0x00EA, 0x0001, 0x0001, 0x00EA, 
0x0171, 0x0171, 0x01B0, 0x00EA, 0x0073, 0x00B3, 0x0171, 0x00EB, 0x013E, 0x00C6, 0x00C6, 0x00C7, 0x013E, 0x0171, 0x00EB, 0x01B0, 
0x01B0, 0x00EB, 0x0171, 0x013E, 0x00C7, 0x00C6, 0x00C6, 0x013E, 0x00EB, 0x0171, 0x00B3, 0x0073, 0x00EA, 0x01B0, 0x0171, 0x0171, 
0x00EA, 0x0001, 0x0001, 0x00EA, 0x00EB, 0x00B3, 0x00B3, 0x0073, 0x00C6, 0x00C7, 0x00EA, 0x0073, 0x013E, 0x00C7, 0x013E, 0x0171, 
0x0073, 0x00FE, 0x00FE, 0x0040, 0x00FE, 0x0001, 0x00FE, 0x0001, 0x00EB, 0x0171, 0x013E, 0x013E, 0x00FE, 0x00FE, 0x013E, 0x00EA, 
0x00B3, 0x0001, 0x0171, 0x00B3, 0x00C6, 0x0171, 0x00EB, 0x00C6, 0x0171, 0x01B0, 0x0001, 0x00B3, 0x00C7, 0x00C7, 0x00FE, 0x0001, 
0x0171, 0x00FE, 0x0001, 0x0171, 0x01B0, 0x00C7, 0x00FE, 0x00C7, 0x00EA, 0x00EA, 0x0040, 0x00B3, 0x01B0, 0x00EA, 0x00FE, 0x0001, 
0x00EB, 0x0040, 0x00FE, 0x01B0, 0x00C7, 0x00B3, 0x0073, 0x0040, 0x01B0, 0x01B0, 0x0171, 0x00B3, 0x0040, 0x00EA, 0x013E, 0x00EA, 
0x013E, 0x00FE, 0x00C7, 0x01B0, 0x0040, 0x0001, 0x013E, 0x0040, 0x0073, 0x00EB, 0x0073, 0x00C6, 0x0001, 0x0040, 0x00EA, 0x00EB, 
0x00C6, 0x00FE, 0x00C7, 0x0040, 0x00C7, 0x01B0, 0x00C6, 0x00FE, 0x00EB, 0x00C7, 0x0073, 0x0073, 0x013E, 0x00B3, 0x00B3, 0x00B3, 
0x00C6, 0x0073, 0x00B3, 0x0073, 0x00FE, 0x0040, 0x00EB, 0x00C6, 0x0040, 0x01B0, 0x00EA, 0x00B3, 0x0040, 0x01B0, 0x0001, 0x00B3, 
0x00C7, 0x0171, 0x0001, 0x00B3, 0x00C6, 0x00B3, 0x00EA, 0x013E, 0x0001, 0x0040, 0x0171, 0x0073, 0x0073, 0x00EA, 0x0171, 0x0073, 
0x013E, 0x013E, 0x01B0, 0x00C7, 0x00EB, 0x00EA, 0x00EA, 0x00EB, 0x00C6, 0x013E, 0x0073, 0x00FE, 0x00EB, 0x00FE, 0x00B3, 0x00C6, 
0x0171, 0x00C7, 0x0171, 0x01B0, 0x00EA, 0x01B0, 0x00EB, 0x00C7, 0x01B0, 0x0040, 0x013E, 0x0040, 0x0073, 0x0001, 0x00C6, 0x00C7, 
0x00EB, 0x013E, 0x00C6, 0x00FE, 0x0040, 0x0040, 0x00C7, 0x00C6, 0x0001, 0x0073, 0x013E, 0x00EB, 0x00C6, 0x00EB, 0x0171, 0x00EA, 
0x01B0, 0x0073, 0x00EB, 0x0040, 0x0001, 0x00C6, 0x0001, 0x01AF, 0x00A1, 0x0004, 0x0140, 0x006F, 0x0174, 0x01A9, 0x0176, 0x00E2, 
0x01A4, 0x00D3, 0x0018, 0x007A, 0x01AA, 0x0010, 0x014F, 0x0076, 0x015E, 0x019E, 0x008A, 0x001A, 0x0182, 0x000B, 0x00D4, 0x0181, 
0x001B, 0x00BD, 0x007C, 0x000E, 0x00FC, 0x0191, 0x0048, 0x00C4, 0x018E, 0x00C5, 0x018C, 0x00A6, 0x0190, 0x0026, 0x0144, 0x009D, 
0x0061, 0x017D, 0x00AC, 0x005E, 0x00E0, 0x019B, 0x0101, 0x0009, 0x00F3, 0x0060, 0x009B, 0x017B, 0x00AA, 0x0037, 0x003C, 0x00B9, 
0x017F, 0x0195, 0x0057, 0x016A, 0x0087, 0x0040, 0x013F, 0x0121, 0x012E, 0x0029, 0x00E3, 0x0046, 0x00DB, 0x0027, 0x004D, 0x004A, 
0x0166, 0x0065, 0x0168, 0x0042, 0x0162, 0x0165, 0x0011, 0x00DA, 0x0074, 0x0077, 0x00F9, 0x00EF, 0x002E, 0x0068, 0x0157, 0x0059, 
0x010C, 0x00F5, 0x012F, 0x01A2, 0x011E, 0x002C, 0x0186, 0x0160, 0x014E, 0x019F, 0x0192, 0x017C, 0x00B6, 0x00F1, 0x01AB, 0x007B, 
0x0161, 0x006C, 0x016D, 0x005D, 0x0069, 0x0143, 0x0130, 0x0139, 0x0073, 0x003F, 0x013C, 0x0064, 0x015D, 0x0038, 0x00A9, 0x0103, 
0x00CC, 0x008E, 0x0124, 0x00A3, 0x0132, 0x0131, 0x001D, 0x00E4, 0x0043, 0x0120, 0x012C, 0x0106, 0x019D, 0x015F, 0x0089, 0x019C, 
0x0033, 0x0125, 0x007D, 0x01AC, 0x0079, 0x0163, 0x0115, 0x0117, 0x00F2, 0x011D, 0x01A7, 0x0096, 0x00FA, 0x00E7, 0x0099, 0x0092, 
0x0066, 0x012D, 0x0187, 0x009E, 0x0112, 0x0098, 0x010D, 0x018F, 0x0189, 0x01AE, 0x005B, 0x00C9, 0x00A7, 0x00C3, 0x008F, 0x0170, 
0x0086, 0x0184, 0x0017, 0x0155, 0x003A, 0x00E1, 0x00B1, 0x00B4, 0x00B3, 0x00FF, 0x0146, 0x014A, 0x0097, 0x0178, 0x011C, 0x0104, 
0x0198, 0x001E, 0x0055, 0x0126, 0x0152, 0x0159, 0x0070, 0x0056, 0x0109, 0x00A2, 0x00C8, 0x00C6, 0x00C7, 0x0024, 0x007E, 0x003E, 
0x00E6, 0x006A, 0x00C1, 0x0045, 0x00AF, 0x0180, 0x00D5, 0x000C, 0x00D2, 0x00BB, 0x00BA, 0x00A0, 0x0129, 0x00D9, 0x00D8, 0x0088, 
0x0111, 0x00F7, 0x00F6, 0x00DF, 0x01A5, 0x00DC, 0x0031, 0x0102, 0x016C, 0x00F0, 0x0147, 0x00CB, 0x0173, 0x0133, 0x018D, 0x00EA, 
0x00EB, 0x00E9, 0x010F, 0x00A8, 0x015B, 0x0141, 0x0058, 0x005F, 0x008B, 0x015C, 0x0193, 0x0019, 0x00AD, 0x0095, 0x0039, 0x011A, 
0x0067, 0x006B, 0x00B2, 0x00FE, 0x00FD, 0x0100, 0x00D0, 0x0177, 0x005C, 0x019A, 0x002D, 0x012B, 0x0041, 0x0122, 0x00EE, 0x010A, 
0x00E8, 0x0156, 0x0003, 0x0028, 0x0022, 0x00A4, 0x0119, 0x009F, 0x0113, 0x002A, 0x0084, 0x014B, 0x011F, 0x0118, 0x00CA, 0x00B7, 
0x011B, 0x000A, 0x0094, 0x00BF, 0x009A, 0x009C, 0x004E, 0x0138, 0x0005, 0x0134, 0x008C, 0x017E, 0x0015, 0x0128, 0x0052, 0x0014, 
0x00AB, 0x0085, 0x0091, 0x016E, 0x00CD, 0x0194, 0x0080, 0x007F, 0x010E, 0x008D, 0x0123, 0x00E5, 0x00AE, 0x0108, 0x0179, 0x0054, 
0x014D, 0x0075, 0x0172, 0x013E, 0x0078, 0x0081, 0x006E, 0x0148, 0x0154, 0x0044, 0x0145, 0x0050, 0x0136, 0x0006, 0x00C0, 0x00FB, 
0x0035, 0x001F, 0x0012, 0x0063, 0x0051, 0x002B, 0x0185, 0x0093, 0x000F, 0x0082, 0x00BC, 0x00A5, 0x0158, 0x005A, 0x0149, 0x0183, 
0x00C2, 0x00B8, 0x013A, 0x013D, 0x00D7, 0x01A0, 0x004C, 0x004F, 0x016F, 0x0049, 0x014C, 0x004B, 0x0167, 0x0164, 0x018A, 0x00D6, 
0x016B, 0x00CE, 0x0188, 0x0083, 0x0090, 0x0072, 0x0171, 0x012A, 0x0047, 0x015A, 0x001C, 0x0032, 0x00F8, 0x0175, 0x017A, 0x0107, 
0x0036, 0x0116, 0x0151, 0x00BE, 0x01A8, 0x00B0, 0x0016, 0x00D1, 0x0153, 0x0105, 0x0034, 0x0150, 0x0114, 0x006D, 0x018B, 0x0021, 
0x010B, 0x0025, 0x00EC, 0x0023, 0x00ED, 0x0169, 0x0020, 0x00B5, 0x01A3, 0x0135, 0x00F4, 0x0196, 0x0030, 0x00DD, 0x01A6, 0x002F, 
0x0197, 0x0127, 0x0013, 0x0053, 0x013B, 0x0062, 0x01A1, 0x0007, 0x0137, 0x0199, 0x00DE, 0x000D, 0x00CF, 0x003B, 0x0008, 0x003D, 
0x0142, 0x0071, 0x01AD, 0x0110, 0x0001, 0x01AD, 0x0032, 0x0010, 0x012D, 0x00E9, 0x0006, 0x0171, 0x014F, 0x005F, 0x0122, 0x016F, 
0x0138, 0x0199, 0x0148, 0x0100, 0x0042, 0x0188, 0x009B, 0x0035, 0x012C, 0x008B, 0x00DA, 0x0108, 0x0068, 0x0033, 0x0128, 0x0060, 
0x0084, 0x01A4, 0x0012, 0x0113, 0x00D3, 0x00A9, 0x004A, 0x00A4, 0x016B, 0x00F6, 0x000C, 0x00DD, 0x0126, 0x0063, 0x0112, 0x0136, 
0x017B, 0x01AB, 0x0088, 0x00F3, 0x0024, 0x0011, 0x010D, 0x00E5, 0x01A5, 0x0073, 0x0101, 0x0031, 0x0185, 0x0152, 0x0051, 0x0034, 
0x006F, 0x0169, 0x0116, 0x00C7, 0x0180, 0x0016, 0x013C, 0x00BE, 0x004B, 0x0089, 0x018A, 0x00D2, 0x01A9, 0x0118, 0x0004, 0x013B, 
0x0008, 0x0181, 0x00FE, 0x019F, 0x004E, 0x007B, 0x0066, 0x0025, 0x017D, 0x00CB, 0x0069, 0x003B, 0x00D9, 0x00D8, 0x008C, 0x0018, 
0x0022, 0x0142, 0x0144, 0x0147, 0x009F, 0x0121, 0x009E, 0x016D, 0x014D, 0x00DF, 0x007F, 0x017F, 0x00EC, 0x0030, 0x0064, 0x0196, 
0x017E, 0x010F, 0x018D, 0x00ED, 0x0091, 0x00B0, 0x00EB, 0x017C, 0x00A7, 0x006D, 0x018C, 0x00E1, 0x0062, 0x01A6, 0x019B, 0x0120, 
0x0080, 0x00BB, 0x0145, 0x0046, 0x0115, 0x00C4, 0x0075, 0x0159, 0x0040, 0x0023, 0x014B, 0x006A, 0x0096, 0x0085, 0x00A1, 0x013E, 
0x0131, 0x009C, 0x01A0, 0x001A, 0x0149, 0x0020, 0x0044, 0x00B3, 0x00F2, 0x01A1, 0x004F, 0x0027, 0x001B, 0x0191, 0x00DE, 0x00C0, 
0x014E, 0x011B, 0x010A, 0x0048, 0x0009, 0x0079, 0x0198, 0x0176, 0x0125, 0x0019, 0x00B1, 0x011D, 0x0160, 0x00D0, 0x018E, 0x0036, 
0x0052, 0x000D, 0x00BF, 0x00C5, 0x0099, 0x01AF, 0x01B0, 0x0002, 0x0076, 0x0132, 0x0162, 0x0151, 0x0093, 0x0129, 0x0058, 0x000B, 
0x002C, 0x0003, 0x0029, 0x01A8, 0x018F, 0x00E6, 0x0094, 0x008F, 0x01AE, 0x00EA, 0x00C6, 0x0110, 0x00D4, 0x0190, 0x0167, 0x0197, 
0x00A2, 0x0166, 0x011E, 0x00C8, 0x015F, 0x0163, 0x0090, 0x00F1, 0x00D7, 0x0021, 0x00CC, 0x006C, 0x006C, 0x00CC, 0x0021, 0x00D7, 
0x00F1, 0x0090, 0x0163, 0x015F, 0x00C8, 0x011E, 0x0166, 0x00A2, 0x0197, 0x0167, 0x0190, 0x00D4, 0x0110, 0x00C6, 0x00EA, 0x01AE, 
0x008F, 0x0094, 0x00E6, 0x018F, 0x01A8, 0x0029, 0x0003, 0x002C, 0x000B, 0x0058, 0x0129, 0x0093, 0x0151, 0x0162, 0x0132, 0x0076, 
0x0002, 0x01B0, 0x01AF, 0x0099, 0x00C5, 0x00BF, 0x000D, 0x0052, 0x0036, 0x018E, 0x00D0, 0x0160, 0x011D, 0x00B1, 0x0019, 0x0125, 
0x0176, 0x0198, 0x0079, 0x0009, 0x0048, 0x010A, 0x011B, 0x014E, 0x00C0, 0x00DE, 0x0191, 0x001B, 0x0027, 0x004F, 0x01A1, 0x00F2, 
0x00B3, 0x0044, 0x0020, 0x0149, 0x001A, 0x01A0, 0x009C, 0x0131, 0x013E, 0x00A1, 0x0085, 0x0096, 0x006A, 0x014B, 0x0023, 0x0040, 
0x0159, 0x0075, 0x00C4, 0x0115, 0x0046, 0x0145, 0x00BB, 0x0080, 0x0120, 0x019B, 0x01A6, 0x0062, 0x00E1, 0x018C, 0x006D, 0x00A7, 
0x017C, 0x00EB, 0x00B0, 0x0091, 0x00ED, 0x018D, 0x010F, 0x017E, 0x0196, 0x0064, 0x0030, 0x00EC, 0x017F, 0x007F, 0x00DF, 0x014D, 
0x016D, 0x009E, 0x0121, 0x009F, 0x0147, 0x0144, 0x0142, 0x0022, 0x0018, 0x008C, 0x00D8, 0x00D9, 0x003B, 0x0069, 0x00CB, 0x017D, 
0x0025, 0x0066, 0x007B, 0x004E, 0x019F, 0x00FE, 0x0181, 0x0008, 0x013B, 0x0004, 0x0118, 0x01A9, 0x00D2, 0x018A, 0x0089, 0x004B, 
0x00BE, 0x013C, 0x0016, 0x0180, 0x00C7, 0x0116, 0x0169, 0x006F, 0x0034, 0x0051, 0x0152, 0x0185, 0x0031, 0x0101, 0x0073, 0x01A5, 
0x00E5, 0x010D, 0x0011, 0x0024, 0x00F3, 0x0088, 0x01AB, 0x017B, 0x0136, 0x0112, 0x0063, 0x0126, 0x00DD, 0x000C, 0x00F6, 0x016B, 
0x00A4, 0x004A, 0x00A9, 0x00D3, 0x0113, 0x0012, 0x01A4, 0x0084, 0x0060, 0x0128, 0x0033, 0x0068, 0x0108, 0x00DA, 0x008B, 0x012C, 
0x0035, 0x009B, 0x0188, 0x0042, 0x0100, 0x0148, 0x0199, 0x0138, 0x016F, 0x0122, 0x005F, 0x014F, 0x0171, 0x0006, 0x00E9, 0x012D, 
0x0010, 0x0032, 0x0001, 0x01A9, 0x0096, 0x0040, 0x00CE, 0x0063, 0x002A, 0x0162, 0x01A1, 0x0054, 0x009F, 0x004A, 0x009F, 0x0061, 
0x009D, 0x00C7, 0x0100, 0x0080, 0x015B, 0x00C2, 0x00EE, 0x001B, 0x00FB, 0x0112, 0x0002, 0x001B, 0x00C6, 0x005A, 0x016C, 0x002B, 
0x007D, 0x008C, 0x0023, 0x0075, 0x01A9, 0x0113, 0x0008, 0x00FF, 0x0023, 0x00B4, 0x016B, 0x0105, 0x005B, 0x00D9, 0x00A8, 0x009D, 
0x014A, 0x0196, 0x0020, 0x01A1, 0x0128, 0x00D9, 0x00E6, 0x0094, 0x0117, 0x0092, 0x005A, 0x0077, 0x0010, 0x0059, 0x0114, 0x012B, 
0x00C2, 0x00B3, 0x0117, 0x0099, 0x0184, 0x016B, 0x019C, 0x0040, 0x0106, 0x018E, 0x011A, 0x0171, 0x012C, 0x007D, 0x00B7, 0x0099, 
0x0094, 0x0124, 0x0100, 0x007F, 0x00EF, 0x004D, 0x0157, 0x008A, 0x002A, 0x01AD, 0x0105, 0x0184, 0x00B7, 0x002B, 0x0083, 0x0187, 
0x0025, 0x00D8, 0x010C, 0x00B1, 0x0036, 0x0080, 0x0124, 0x00E6, 0x005B, 0x01AD, 0x0063, 0x0145, 0x0134, 0x0073, 0x0046, 0x016E, 
0x014E, 0x0083, 0x016C, 0x0092, 0x00B3, 0x015B, 0x0036, 0x0131, 0x0168, 0x009A, 0x00A7, 0x0186, 0x0145, 0x00CE, 0x019C, 0x00B4, 
0x008C, 0x012C, 0x00E3, 0x016E, 0x00AC, 0x004B, 0x011D, 0x0168, 0x0056, 0x007F, 0x00C7, 0x00A8, 0x0128, 0x0162, 0x008A, 0x0045, 
0x00A7, 0x0118, 0x004B, 0x0156, 0x0025, 0x004F, 0x0077, 0x00C6, 0x00EE, 0x012B, 0x00EA, 0x010C, 0x00CB, 0x004B, 0x002D, 0x0073, 
0x0125, 0x0106, 0x0096, 0x0075, 0x00FF, 0x011B, 0x011A, 0x00FD, 0x0073, 0x00FA, 0x00A7, 0x011F, 0x004D, 0x00C3, 0x014A, 0x0061, 
0x0054, 0x0020, 0x00EB, 0x004D, 0x00FE, 0x0168, 0x008D, 0x010C, 0x0109, 0x0059, 0x015D, 0x00FB, 0x0002, 0x0150, 0x0059, 0x0089, 
0x0025, 0x0004, 0x016E, 0x0015, 0x011A, 0x013C, 0x0113, 0x0001, 0x01B0, 0x0113, 0x00B2, 0x0106, 0x0085, 0x0145, 0x012E, 0x008A, 
0x013A, 0x0020, 0x00B6, 0x004A, 0x004A, 0x01AF, 0x014A, 0x0086, 0x007F, 0x017B, 0x0036, 0x0132, 0x012B, 0x0067, 0x0002, 0x0167, 
0x0167, 0x00FB, 0x0191, 0x0077, 0x0127, 0x0083, 0x006C, 0x012C, 0x00AB, 0x00FF, 0x009E, 0x0001, 0x01B0, 0x009E, 0x0075, 0x0097, 
0x019C, 0x0043, 0x01AD, 0x018C, 0x0128, 0x0158, 0x0061, 0x01AF, 0x00B6, 0x0054, 0x0158, 0x00A8, 0x00A5, 0x0124, 0x0049, 0x00B3, 
0x0164, 0x00C6, 0x0191, 0x015D, 0x0150, 0x0067, 0x00EE, 0x0164, 0x0092, 0x010A, 0x00B7, 0x013E, 0x00B4, 0x0097, 0x0096, 0x00B2, 
0x013C, 0x011B, 0x00AB, 0x008C, 0x013E, 0x0184, 0x0166, 0x00E6, 0x00A5, 0x00C7, 0x0086, 0x00C3, 0x00EB, 0x013A, 0x0162, 0x018C, 
0x005B, 0x0166, 0x0099, 0x010A, 0x016C, 0x0127, 0x004F, 0x0089, 0x0109, 0x00EA, 0x0132, 0x015B, 0x0049, 0x0094, 0x0166, 0x0105, 
0x0043, 0x00CE, 0x0085, 0x0125, 0x00FD, 0x0015, 0x00E3, 0x006C, 0x002B, 0x010A, 0x0117, 0x0049, 0x0080, 0x017B, 0x0056, 0x00FE, 
0x011F, 0x0045, 0x012E, 0x0063, 0x0043, 0x016B, 0x013E, 0x007D, 0x006C, 0x014E, 0x0004, 0x0156, 0x00CB, 0x008D, 0x0131, 0x017B, 
0x0100, 0x00A5, 0x00D9, 0x018C, 0x002A, 0x012E, 0x0186, 0x00FA, 0x002D, 0x00AC, 0x0004, 0x0187, 0x0127, 0x005A, 0x0164, 0x00C2, 
0x0132, 0x00B1, 0x008D, 0x011D, 0x0118, 0x00FA, 0x0134, 0x0085, 0x0040, 0x0097, 0x0023, 0x00AB, 0x0171, 0x0015, 0x0046, 0x002D, 
0x0118, 0x009A, 0x00FE, 0x00EF, 0x0086, 0x009D, 0x0158, 0x01A1, 0x013A, 0x0157, 0x011F, 0x009A, 0x011D, 0x00CB, 0x00D8, 0x0089, 
0x0010, 0x0191, 0x001B, 0x0067, 0x0114, 0x0109, 0x00D8, 0x0156, 0x00AC, 0x0046, 0x00FD, 0x018E, 0x00B2, 0x01A9, 0x009E, 0x0008, 
0x013C, 0x018E, 0x0125, 0x0134, 0x0186, 0x0045, 0x0157, 0x00EB, 0x0196, 0x01AF, 0x009F, 0x00B6, 0x0196, 0x00C3, 0x00EF, 0x0056, 
0x0131, 0x00B1, 0x00EA, 0x0114, 0x0150, 0x0112, 0x0167, 0x0112, 0x015D, 0x0010, 0x004F, 0x0187, 0x014E, 0x00E3, 0x0171, 0x011B, 
0x0001, 0x01A1, 0x0011, 0x0100, 0x00A4, 0x00A1, 0x0126, 0x00EA, 0x0121, 0x0197, 0x0011, 0x0016, 0x014F, 0x003B, 0x00BE, 0x0099, 
0x0016, 0x008B, 0x0062, 0x01A0, 0x00EB, 0x00A1, 0x0090, 0x0051, 0x0032, 0x010D, 0x0096, 0x0163, 0x00A4, 0x01A8, 0x019B, 0x0096, 
0x0121, 0x0051, 0x0099, 0x0176, 0x0128, 0x00A4, 0x0042, 0x0110, 0x00A1, 0x0089, 0x0010, 0x0016, 0x00C7, 0x0126, 0x0163, 0x0003, 
0x010D, 0x0042, 0x0176, 0x001A, 0x0042, 0x00C6, 0x00BE, 0x017E, 0x016F, 0x0197, 0x004E, 0x0090, 0x017E, 0x0160, 0x0062, 0x00C6, 
0x017E, 0x008B, 0x0010, 0x0003, 0x011B, 0x0096, 0x01A0, 0x004E, 0x00EB, 0x001B, 0x01A1, 0x0197, 0x00EB, 0x00F3, 0x0001, 0x019B, 
0x0181, 0x0016, 0x0160, 0x0196, 0x0090, 0x00B1, 0x00BE, 0x0051, 0x0118, 0x0118, 0x00C7, 0x003B, 0x003B, 0x017E, 0x0033, 0x0181, 
0x0010, 0x001A, 0x0096, 0x00F3, 0x0030, 0x004E, 0x0118, 0x0011, 0x0003, 0x00F3, 0x0030, 0x0128, 0x010D, 0x01A8, 0x010D, 0x017F, 
0x01AE, 0x00BE, 0x00EA, 0x01A0, 0x0100, 0x0033, 0x0196, 0x0126, 0x0121, 0x017F, 0x008B, 0x01AE, 0x0196, 0x00A4, 0x001B, 0x0128, 
0x0110, 0x017F, 0x0010, 0x0176, 0x00EA, 0x00B1, 0x0160, 0x0181, 0x01A1, 0x00EB, 0x0009, 0x00C6, 0x0196, 0x0110, 0x0042, 0x0033, 
0x0032, 0x0089, 0x00F3, 0x0001, 0x019B, 0x0100, 0x01B0, 0x01A0, 0x0128, 0x0089, 0x0121, 0x0009, 0x0089, 0x01A1, 0x0100, 0x0160, 
0x014F, 0x014F, 0x01AE, 0x0051, 0x00C7, 0x01AE, 0x0099, 0x01B0, 0x004E, 0x0126, 0x00B1, 0x00C7, 0x016F, 0x01A8, 0x019B, 0x0003, 
0x001B, 0x011B, 0x0001, 0x011B, 0x0197, 0x0118, 0x01B0, 0x0163, 0x0030, 0x0163, 0x0176, 0x017F, 0x016F, 0x0032, 0x008B, 0x014F, 
0x003B, 0x00B1, 0x01B0, 0x0011, 0x0032, 0x00C6, 0x00EA, 0x0009, 0x0110, 0x0062, 0x0099, 0x0033, 0x01A8, 0x011B, 0x0030, 0x00A1, 
0x016F, 0x0181, 0x001A, 0x0009, 0x0090, 0x0062, 0x001A, 0x001B, 0x001B, 0x001A, 0x0062, 0x0090, 0x0009, 0x001A, 0x0181, 0x016F, 
0x00A1, 0x0030, 0x011B, 0x01A8, 0x0033, 0x0099, 0x0062, 0x0110, 0x0009, 0x00EA, 0x00C6, 0x0032, 0x0011, 0x01B0, 0x00B1, 0x003B, 
0x014F, 0x008B, 0x0032, 0x016F, 0x017F, 0x0176, 0x0163, 0x0030, 0x0163, 0x01B0, 0x0118, 0x0197, 0x011B, 0x0001, 0x011B, 0x001B, 
0x0003, 0x019B, 0x01A8, 0x016F, 0x00C7, 0x00B1, 0x0126, 0x004E, 0x01B0, 0x0099, 0x01AE, 0x00C7, 0x0051, 0x01AE, 0x014F, 0x014F, 
0x0160, 0x0100, 0x01A1, 0x0089, 0x0009, 0x0121, 0x0089, 0x0128, 0x01A0, 0x01B0, 0x0100, 0x019B, 0x0001, 0x00F3, 0x0089, 0x0032, 
0x0033, 0x0042, 0x0110, 0x0196, 0x00C6, 0x0009, 0x00EB, 0x01A1, 0x0181, 0x0160, 0x00B1, 0x00EA, 0x0176, 0x0010, 0x017F, 0x0110, 
0x0128, 0x001B, 0x00A4, 0x0196, 0x01AE, 0x008B, 0x017F, 0x0121, 0x0126, 0x0196, 0x0033, 0x0100, 0x01A0, 0x00EA, 0x00BE, 0x01AE, 
0x017F, 0x010D, 0x01A8, 0x010D, 0x0128, 0x0030, 0x00F3, 0x0003, 0x0011, 0x0118, 0x004E, 0x0030, 0x00F3, 0x0096, 0x001A, 0x0010, 
0x0181, 0x0033, 0x017E, 0x003B, 0x003B, 0x00C7, 0x0118, 0x0118, 0x0051, 0x00BE, 0x00B1, 0x0090, 0x0196, 0x0160, 0x0016, 0x0181, 
0x019B, 0x0001, 0x00F3, 0x00EB, 0x0197, 0x01A1, 0x001B, 0x00EB, 0x004E, 0x01A0, 0x0096, 0x011B, 0x0003, 0x0010, 0x008B, 0x017E, 
0x00C6, 0x0062, 0x0160, 0x017E, 0x0090, 0x004E, 0x0197, 0x016F, 0x017E, 0x00BE, 0x00C6, 0x0042, 0x001A, 0x0176, 0x0042, 0x010D, 
0x0003, 0x0163, 0x0126, 0x00C7, 0x0016, 0x0010, 0x0089, 0x00A1, 0x0110, 0x0042, 0x00A4, 0x0128, 0x0176, 0x0099, 0x0051, 0x0121, 
0x0096, 0x019B, 0x01A8, 0x00A4, 0x0163, 0x0096, 0x010D, 0x0032, 0x0051, 0x0090, 0x00A1, 0x00EB, 0x01A0, 0x0062, 0x008B, 0x0016, 
0x0099, 0x00BE, 0x003B, 0x014F, 0x0016, 0x0011, 0x0197, 0x0121, 0x00EA, 0x0126, 0x00A1, 0x00A4, 0x0100, 0x0011, 0x0001, 0x0191, 
0x0033, 0x009E, 0x0183, 0x0064, 0x0146, 0x008C, 0x0003, 0x00AD, 0x00BB, 0x0108, 0x0019, 0x0189, 0x00FC, 0x011B, 0x0176, 0x0151, 
0x0082, 0x005D, 0x00AC, 0x004E, 0x0119, 0x00D4, 0x0180, 0x0042, 0x0099, 0x019E, 0x01AA, 0x00A3, 0x00B8, 0x0025, 0x000B, 0x009C, 
0x009F, 0x0029, 0x007F, 0x00AA, 0x0199, 0x0037, 0x006A, 0x007D, 0x00FF, 0x0066, 0x0127, 0x0065, 0x00E7, 0x0090, 0x00BF, 0x010D, 
0x0016, 0x0035, 0x0022, 0x012C, 0x003A, 0x00AF, 0x0087, 0x00E0, 0x0110, 0x019D, 0x0161, 0x00AE, 0x0070, 0x0073, 0x0095, 0x0051, 
0x00CE, 0x00CC, 0x002A, 0x006C, 0x005C, 0x01A4, 0x010C, 0x010A, 0x0063, 0x00BD, 0x0156, 0x014F, 0x004F, 0x0195, 0x0009, 0x0048, 
0x00CD, 0x014A, 0x0074, 0x0043, 0x004C, 0x00C8, 0x00EF, 0x0056, 0x0164, 0x00E8, 0x0123, 0x0192, 0x0052, 0x009B, 0x00FD, 0x017F, 
0x0080, 0x0034, 0x0055, 0x00A2, 0x0106, 0x0024, 0x013B, 0x00D3, 0x0175, 0x0167, 0x0136, 0x0135, 0x019F, 0x001D, 0x005E, 0x000A, 
0x0040, 0x00C1, 0x004B, 0x0185, 0x00FB, 0x00CF, 0x0149, 0x018B, 0x00D2, 0x003D, 0x0059, 0x0139, 0x018E, 0x00D9, 0x000F, 0x01AC, 
0x016C, 0x0006, 0x017B, 0x0150, 0x0143, 0x0190, 0x0196, 0x0184, 0x0181, 0x0008, 0x005A, 0x0057, 0x0159, 0x01A0, 0x0142, 0x0054, 
0x00D7, 0x0094, 0x00BA, 0x0128, 0x011A, 0x000E, 0x0100, 0x013A, 0x00C4, 0x0069, 0x0124, 0x0046, 0x0002, 0x001E, 0x00F3, 0x0091, 
0x0179, 0x0126, 0x0168, 0x0170, 0x0004, 0x0109, 0x00C0, 0x00B9, 0x0186, 0x0015, 0x0111, 0x00A6, 0x002F, 0x005F, 0x0010, 0x0092, 
0x00B3, 0x0117, 0x0039, 0x012B, 0x00FA, 0x0172, 0x00DC, 0x00D6, 0x00E1, 0x007E, 0x0053, 0x0197, 0x0088, 0x00EC, 0x0081, 0x0083, 
0x00EE, 0x012D, 0x0144, 0x00EA, 0x00EB, 0x0044, 0x0072, 0x0137, 0x013C, 0x000C, 0x0140, 0x0114, 0x019A, 0x0093, 0x003E, 0x0138, 
0x0122, 0x00B0, 0x016A, 0x00BC, 0x018A, 0x00CB, 0x00E6, 0x0027, 0x00F5, 0x0047, 0x0101, 0x008F, 0x0079, 0x0173, 0x011E, 0x0017, 
0x009D, 0x0071, 0x01A5, 0x0075, 0x007A, 0x013F, 0x016D, 0x00C6, 0x00C7, 0x006D, 0x0084, 0x00C3, 0x012E, 0x0130, 0x00C5, 0x0129, 
0x001A, 0x015E, 0x0133, 0x00D0, 0x00DB, 0x00D5, 0x003F, 0x00B7, 0x0086, 0x0178, 0x009A, 0x00FE, 0x011F, 0x01A1, 0x0152, 0x0182, 
0x010B, 0x00A0, 0x019C, 0x002B, 0x00F8, 0x00F1, 0x00A8, 0x01AD, 0x0041, 0x0049, 0x008B, 0x0038, 0x0120, 0x00BE, 0x0193, 0x01AF, 
0x016B, 0x008D, 0x0148, 0x00ED, 0x0077, 0x00B1, 0x01A3, 0x0097, 0x0089, 0x00F7, 0x011D, 0x00DA, 0x015D, 0x006F, 0x0011, 0x0058, 
0x015A, 0x0157, 0x01A9, 0x0030, 0x002D, 0x001B, 0x0021, 0x006E, 0x0061, 0x0036, 0x01AB, 0x0045, 0x0005, 0x01A2, 0x00D8, 0x0023, 
0x0078, 0x0158, 0x0174, 0x00DF, 0x0026, 0x0068, 0x00E2, 0x00B6, 0x002C, 0x0166, 0x00F0, 0x0171, 0x01A7, 0x0153, 0x0194, 0x0012, 
0x007C, 0x007B, 0x004A, 0x003C, 0x00DE, 0x0076, 0x018D, 0x00AB, 0x010F, 0x015C, 0x017D, 0x0131, 0x0032, 0x00B4, 0x0116, 0x015F, 
0x001F, 0x008E, 0x00C9, 0x004D, 0x015B, 0x00C2, 0x00E9, 0x0165, 0x016E, 0x013D, 0x0067, 0x00E4, 0x0169, 0x01A8, 0x001C, 0x0162, 
0x0062, 0x005B, 0x00F4, 0x014E, 0x00A7, 0x00A5, 0x000D, 0x0155, 0x0145, 0x0187, 0x00E5, 0x00E3, 0x0160, 0x011C, 0x013E, 0x0141, 
0x0103, 0x0050, 0x0014, 0x00A1, 0x00D1, 0x012A, 0x0102, 0x0177, 0x0085, 0x018F, 0x017C, 0x019B, 0x00A4, 0x00F2, 0x0121, 0x00CA, 
0x014C, 0x008A, 0x014B, 0x00B2, 0x0134, 0x0147, 0x017A, 0x0018, 0x0107, 0x0132, 0x0188, 0x0112, 0x0115, 0x01A6, 0x018C, 0x00F9, 
0x010E, 0x0007, 0x0013, 0x0118, 0x016F, 0x0031, 0x00DD, 0x0098, 0x0163, 0x0105, 0x0154, 0x012F, 0x0060, 0x003B, 0x0096, 0x00B5, 
0x0028, 0x0198, 0x00A9, 0x00F6, 0x0104, 0x01AE, 0x0125, 0x006B, 0x014D, 0x002E, 0x0113, 0x017E, 0x0001, 0x0171, 0x0099, 0x00C7, 
0x00CB, 0x00A7, 0x0075, 0x00FE, 0x001B, 0x01AF, 0x0145, 0x0089, 0x0145, 0x0132, 0x013C, 0x00C6, 0x0128, 0x0004, 0x0131, 0x0080, 
0x0094, 0x01A1, 0x0191, 0x0145, 0x004A, 0x01A1, 0x00EA, 0x014E, 0x00E6, 0x007F, 0x004B, 0x013E, 0x016B, 0x006C, 0x0171, 0x00B1, 
0x0171, 0x018E, 0x016B, 0x0023, 0x0010, 0x0036, 0x008C, 0x009E, 0x011D, 0x013C, 0x0020, 0x01A1, 0x010A, 0x001B, 0x0100, 0x009E, 
0x0046, 0x00B3, 0x009F, 0x0112, 0x014E, 0x0002, 0x001B, 0x0063, 0x013C, 0x018C, 0x0080, 0x01B0, 0x009F, 0x0096, 0x017B, 0x0010, 
0x012C, 0x00C7, 0x0025, 0x016B, 0x004F, 0x00C7, 0x0040, 0x004B, 0x0162, 0x0096, 0x00B3, 0x0166, 0x0128, 0x0113, 0x0080, 0x0008, 
0x014E, 0x0085, 0x0075, 0x0118, 0x0036, 0x017B, 0x0162, 0x007F, 0x00D9, 0x0075, 0x01AD, 0x009E, 0x0125, 0x0128, 0x0073, 0x0004, 
0x0166, 0x0046, 0x008C, 0x0118, 0x00A7, 0x011B, 0x004B, 0x00EB, 0x0010, 0x00D8, 0x00A7, 0x00D9, 0x00E6, 0x0112, 0x01B0, 0x0131, 
0x0073, 0x0004, 0x01A9, 0x009F, 0x0196, 0x007F, 0x011B, 0x00CB, 0x012C, 0x0023, 0x013E, 0x0040, 0x00CB, 0x00D8, 0x0036, 0x0167, 
0x00B3, 0x01A9, 0x0131, 0x0113, 0x00C6, 0x011D, 0x0100, 0x00FE, 0x0085, 0x00E6, 0x0196, 0x0096, 0x0167, 0x008C, 0x01AD, 0x00FE, 
0x0002, 0x00EA, 0x0094, 0x018C, 0x00C6, 0x0125, 0x0046, 0x0167, 0x017B, 0x00EB, 0x013E, 0x0025, 0x0099, 0x006C, 0x018E, 0x0099, 
0x004F, 0x0023, 0x00EB, 0x0162, 0x0196, 0x0112, 0x0008, 0x0094, 0x0020, 0x0132, 0x01AF, 0x010A, 0x00EA, 0x0008, 0x01B0, 0x01A9, 
0x0166, 0x0125, 0x011D, 0x0063, 0x01AF, 0x0191, 0x004A, 0x0132, 0x0063, 0x0100, 0x01AD, 0x0118, 0x00D8, 0x012C, 0x004F, 0x006C, 
0x00B1, 0x0001, 0x0001, 0x00B1, 0x018E, 0x0025, 0x0040, 0x011B, 0x00D9, 0x0085, 0x0002, 0x010A, 0x0191, 0x0089, 0x0089, 0x004A, 
0x0020, 0x018C, 0x0113, 0x0073, 0x0073, 0x0113, 0x018C, 0x0020, 0x004A, 0x0089, 0x0089, 0x0191, 0x010A, 0x0002, 0x0085, 0x00D9, 
0x011B, 0x0040, 0x0025, 0x018E, 0x00B1, 0x0001, 0x0001, 0x00B1, 0x006C, 0x004F, 0x012C, 0x00D8, 0x0118, 0x01AD, 0x0100, 0x0063, 
0x0132, 0x004A, 0x0191, 0x01AF, 0x0063, 0x011D, 0x0125, 0x0166, 0x01A9, 0x01B0, 0x0008, 0x00EA, 0x010A, 0x01AF, 0x0132, 0x0020, 
0x0094, 0x0008, 0x0112, 0x0196, 0x0162, 0x00EB, 0x0023, 0x004F, 0x0099, 0x018E, 0x006C, 0x0099, 0x0025, 0x013E, 0x00EB, 0x017B, 
0x0167, 0x0046, 0x0125, 0x00C6, 0x018C, 0x0094, 0x00EA, 0x0002, 0x00FE, 0x01AD, 0x008C, 0x0167, 0x0096, 0x0196, 0x00E6, 0x0085, 
0x00FE, 0x0100, 0x011D, 0x00C6, 0x0113, 0x0131, 0x01A9, 0x00B3, 0x0167, 0x0036, 0x00D8, 0x00CB, 0x0040, 0x013E, 0x0023, 0x012C, 
0x00CB, 0x011B, 0x007F, 0x0196, 0x009F, 0x01A9, 0x0004, 0x0073, 0x0131, 0x01B0, 0x0112, 0x00E6, 0x00D9, 0x00A7, 0x00D8, 0x0010, 
0x00EB, 0x004B, 0x011B, 0x00A7, 0x0118, 0x008C, 0x0046, 0x0166, 0x0004, 0x0073, 0x0128, 0x0125, 0x009E, 0x01AD, 0x0075, 0x00D9, 
0x007F, 0x0162, 0x017B, 0x0036, 0x0118, 0x0075, 0x0085, 0x014E, 0x0008, 0x0080, 0x0113, 0x0128, 0x0166, 0x00B3, 0x0096, 0x0162, 
0x004B, 0x0040, 0x00C7, 0x004F, 0x016B, 0x0025, 0x00C7, 0x012C, 0x0010, 0x017B, 0x0096, 0x009F, 0x01B0, 0x0080, 0x018C, 0x013C, 
0x0063, 0x001B, 0x0002, 0x014E, 0x0112, 0x009F, 0x00B3, 0x0046, 0x009E, 0x0100, 0x001B, 0x010A, 0x01A1, 0x0020, 0x013C, 0x011D, 
0x009E, 0x008C, 0x0036, 0x0010, 0x0023, 0x016B, 0x018E, 0x0171, 0x00B1, 0x0171, 0x006C, 0x016B, 0x013E, 0x004B, 0x007F, 0x00E6, 
0x014E, 0x00EA, 0x01A1, 0x004A, 0x0145, 0x0191, 0x01A1, 0x0094, 0x0080, 0x0131, 0x0004, 0x0128, 0x00C6, 0x013C, 0x0132, 0x0145, 
0x0089, 0x0145, 0x01AF, 0x001B, 0x00FE, 0x0075, 0x00A7, 0x00CB, 0x00C7, 0x0099, 0x0001, 0x0131, 0x001A, 0x016B, 0x0095, 0x0088, 
0x0182, 0x012C, 0x00F3, 0x019D, 0x006F, 0x0159, 0x0148, 0x0183, 0x019A, 0x0089, 0x010D, 0x0048, 0x00A6, 0x018B, 0x004D, 0x0051, 
0x0082, 0x0006, 0x0076, 0x0011, 0x0100, 0x0103, 0x00AF, 0x015A, 0x00A0, 0x00D9, 0x0120, 0x00D0, 0x0166, 0x0136, 0x00E6, 0x0192, 
0x012D, 0x0065, 0x00DF, 0x0067, 0x0187, 0x0018, 0x010C, 0x00F7, 0x00CD, 0x0062, 0x002C, 0x0033, 0x0042, 0x01A6, 0x00F6, 0x008C, 
0x0055, 0x00BD, 0x01A3, 0x0074, 0x0126, 0x0137, 0x00E0, 0x0130, 0x010E, 0x0171, 0x0178, 0x0176, 0x0117, 0x00DE, 0x015D, 0x004A, 
0x001D, 0x009C, 0x008A, 0x0004, 0x0025, 0x0047, 0x019C, 0x0009, 0x011D, 0x003E, 0x00A1, 0x0022, 0x00E8, 0x00EF, 0x00F5, 0x00B4, 
0x00DC, 0x0188, 0x002B, 0x0150, 0x00AC, 0x01AA, 0x0107, 0x00AD, 0x0035, 0x000D, 0x0114, 0x01AE, 0x007F, 0x0190, 0x00DB, 0x00D4, 
0x0083, 0x006D, 0x00D7, 0x0079, 0x00E7, 0x010A, 0x000C, 0x017A, 0x015F, 0x0038, 0x000A, 0x003C, 0x013E, 0x0133, 0x0020, 0x0027, 
0x015B, 0x001C, 0x00C5, 0x0153, 0x00A9, 0x003A, 0x0106, 0x0050, 0x0075, 0x018E, 0x00CF, 0x0170, 0x0092, 0x00BF, 0x01A9, 0x00E3, 
0x0028, 0x00A2, 0x0118, 0x0168, 0x004E, 0x0036, 0x0086, 0x00B9, 0x0024, 0x017F, 0x005F, 0x0059, 0x0116, 0x0162, 0x012A, 0x001B, 
0x0109, 0x0005, 0x01A1, 0x005A, 0x0019, 0x0093, 0x00B6, 0x0145, 0x014E, 0x0123, 0x0181, 0x00B0, 0x0165, 0x019B, 0x002D, 0x00B5, 
0x0113, 0x0097, 0x00C8, 0x00F9, 0x0045, 0x0156, 0x0154, 0x01A2, 0x0053, 0x0034, 0x011B, 0x007D, 0x00FE, 0x0124, 0x0119, 0x0043, 
0x00C3, 0x001E, 0x003F, 0x006E, 0x019F, 0x0174, 0x005C, 0x0090, 0x0066, 0x0044, 0x0078, 0x00B2, 0x00FA, 0x0180, 0x00E5, 0x00C6, 
0x00C7, 0x0147, 0x0146, 0x0071, 0x0002, 0x008F, 0x013F, 0x0077, 0x019E, 0x0151, 0x00F0, 0x00C0, 0x0149, 0x0064, 0x0141, 0x0135, 
0x00ED, 0x009F, 0x0112, 0x00C4, 0x007C, 0x0070, 0x014D, 0x0068, 0x00F1, 0x00C1, 0x0060, 0x0013, 0x013A, 0x0072, 0x0122, 0x01AF, 
0x0140, 0x006B, 0x006A, 0x00EA, 0x00EB, 0x00CC, 0x0031, 0x00B7, 0x00FF, 0x0139, 0x016D, 0x014B, 0x0121, 0x0155, 0x003D, 0x0012, 
0x0143, 0x0172, 0x0193, 0x00EE, 0x016E, 0x0098, 0x008D, 0x00B3, 0x0134, 0x0096, 0x017D, 0x015E, 0x000F, 0x005D, 0x005B, 0x016C, 
0x00B8, 0x00E9, 0x011A, 0x009E, 0x00FC, 0x0184, 0x0016, 0x004C, 0x0101, 0x0030, 0x008E, 0x0063, 0x006C, 0x00FB, 0x011E, 0x0198, 
0x0157, 0x0010, 0x01AC, 0x00A8, 0x0196, 0x0087, 0x004F, 0x009B, 0x0158, 0x0152, 0x0032, 0x018D, 0x00F8, 0x012B, 0x017B, 0x0163, 
0x0049, 0x0099, 0x010F, 0x0189, 0x00CE, 0x0008, 0x00F2, 0x011F, 0x0041, 0x00E2, 0x0023, 0x013C, 0x0161, 0x00AB, 0x0177, 0x0108, 
0x005E, 0x00EC, 0x0195, 0x0056, 0x018A, 0x0191, 0x007E, 0x0073, 0x0175, 0x01A7, 0x0179, 0x0052, 0x0037, 0x01A5, 0x00A7, 0x00CA, 
0x0138, 0x00DA, 0x0144, 0x012E, 0x00DD, 0x00D6, 0x0021, 0x0132, 0x0003, 0x009D, 0x01A4, 0x017C, 0x0104, 0x00AA, 0x0007, 0x0105, 
0x0061, 0x0186, 0x0029, 0x00D5, 0x00FD, 0x00BC, 0x00C2, 0x00C9, 0x018F, 0x0110, 0x0173, 0x0094, 0x01A8, 0x0015, 0x016A, 0x018C, 
0x01AD, 0x0127, 0x0115, 0x0194, 0x0167, 0x0054, 0x00D3, 0x009A, 0x003B, 0x0039, 0x0040, 0x00A3, 0x0081, 0x00D1, 0x007A, 0x008B, 
0x013D, 0x000E, 0x00F4, 0x015C, 0x0125, 0x00BB, 0x000B, 0x016F, 0x017E, 0x0185, 0x014F, 0x00E4, 0x00BA, 0x00A5, 0x0199, 0x002A, 
0x014A, 0x00D2, 0x014C, 0x0084, 0x001F, 0x00CB, 0x007B, 0x004B, 0x00E1, 0x0091, 0x00D8, 0x0111, 0x0057, 0x0102, 0x00AE, 0x00B1, 
0x01A0, 0x013B, 0x01AB, 0x012F, 0x0160, 0x0164, 0x0026, 0x010B, 0x0169, 0x00A4, 0x0128, 0x0017, 0x002E, 0x0069, 0x0058, 0x0142, 
0x0014, 0x00BE, 0x0085, 0x002F, 0x0129, 0x011C, 0x0046, 0x0197, 0x0001, 0x00B1, 0x004E, 0x0099, 0x0138, 0x017F, 0x0068, 0x00EB, 
0x0016, 0x00E9, 0x0163, 0x00F3, 0x016F, 0x00DE, 0x0058, 0x001B, 0x00F3, 0x01AE, 0x007B, 0x006A, 0x013E, 0x0032, 0x0188, 0x0090, 
0x0160, 0x0009, 0x01A1, 0x0144, 0x0138, 0x01A5, 0x00C5, 0x0010, 0x019B, 0x0090, 0x0196, 0x014F, 0x011B, 0x0079, 0x0030, 0x008F, 
0x0032, 0x01AD, 0x0167, 0x00BE, 0x0171, 0x0068, 0x006D, 0x0176, 0x01A8, 0x0181, 0x014F, 0x0126, 0x0030, 0x00C7, 0x0159, 0x00C0, 
0x0044, 0x00E9, 0x001A, 0x0029, 0x00F1, 0x00E5, 0x007B, 0x00EA, 0x00C0, 0x0003, 0x004A, 0x0176, 0x010A, 0x01A1, 0x0147, 0x0197, 
0x0073, 0x0128, 0x00B1, 0x00C8, 0x0073, 0x010D, 0x01B0, 0x00C5, 0x0033, 0x00BE, 0x00CC, 0x009E, 0x0029, 0x0145, 0x0058, 0x0121, 
0x016B, 0x016B, 0x0040, 0x00DE, 0x00D3, 0x00F1, 0x0110, 0x017E, 0x0167, 0x008B, 0x0010, 0x00A4, 0x0024, 0x0197, 0x0046, 0x004E, 
0x003B, 0x010D, 0x0024, 0x0096, 0x0009, 0x000C, 0x01A8, 0x00D2, 0x0108, 0x0159, 0x00C6, 0x006A, 0x0118, 0x0110, 0x009E, 0x0149, 
0x0016, 0x00DF, 0x0003, 0x0108, 0x0113, 0x0079, 0x0089, 0x011B, 0x0122, 0x00D2, 0x004A, 0x0062, 0x00EB, 0x006C, 0x00CC, 0x017E, 
0x0100, 0x013E, 0x0011, 0x00C7, 0x0113, 0x0122, 0x0181, 0x00A1, 0x0160, 0x0004, 0x00A4, 0x01B0, 0x00EC, 0x0099, 0x00B3, 0x0147, 
0x0096, 0x0004, 0x019B, 0x01A0, 0x01AD, 0x0100, 0x0118, 0x00E5, 0x0042, 0x016F, 0x00A9, 0x0121, 0x0040, 0x00A9, 0x001B, 0x00FE, 
0x001A, 0x0149, 0x006C, 0x0171, 0x016D, 0x01A5, 0x00EC, 0x003B, 0x0128, 0x00A7, 0x0001, 0x00A7, 0x00C8, 0x0046, 0x00B3, 0x0144, 
0x018D, 0x006D, 0x0062, 0x00DF, 0x0044, 0x0051, 0x01AE, 0x0042, 0x00D3, 0x0145, 0x00FE, 0x0163, 0x0051, 0x00EA, 0x00C6, 0x0011, 
0x008F, 0x0136, 0x0196, 0x00A1, 0x000C, 0x010A, 0x018D, 0x017F, 0x016D, 0x0033, 0x008B, 0x01A0, 0x0188, 0x0136, 0x0126, 0x0089, 
0x0089, 0x0126, 0x0136, 0x0188, 0x01A0, 0x008B, 0x0033, 0x016D, 0x017F, 0x018D, 0x010A, 0x000C, 0x00A1, 0x0196, 0x0136, 0x008F, 
0x0011, 0x00C6, 0x00EA, 0x0051, 0x0163, 0x00FE, 0x0145, 0x00D3, 0x0042, 0x01AE, 0x0051, 0x0044, 0x00DF, 0x0062, 0x006D, 0x018D, 
0x0144, 0x00B3, 0x0046, 0x00C8, 0x00A7, 0x0001, 0x00A7, 0x0128, 0x003B, 0x00EC, 0x01A5, 0x016D, 0x0171, 0x006C, 0x0149, 0x001A, 
0x00FE, 0x001B, 0x00A9, 0x0040, 0x0121, 0x00A9, 0x016F, 0x0042, 0x00E5, 0x0118, 0x0100, 0x01AD, 0x01A0, 0x019B, 0x0004, 0x0096, 
0x0147, 0x00B3, 0x0099, 0x00EC, 0x01B0, 0x00A4, 0x0004, 0x0160, 0x00A1, 0x0181, 0x0122, 0x0113, 0x00C7, 0x0011, 0x013E, 0x0100, 
0x017E, 0x00CC, 0x006C, 0x00EB, 0x0062, 0x004A, 0x00D2, 0x0122, 0x011B, 0x0089, 0x0079, 0x0113, 0x0108, 0x0003, 0x00DF, 0x0016, 
0x0149, 0x009E, 0x0110, 0x0118, 0x006A, 0x00C6, 0x0159, 0x0108, 0x00D2, 0x01A8, 0x000C, 0x0009, 0x0096, 0x0024, 0x010D, 0x003B, 
0x004E, 0x0046, 0x0197, 0x0024, 0x00A4, 0x0010, 0x008B, 0x0167, 0x017E, 0x0110, 0x00F1, 0x00D3, 0x00DE, 0x0040, 0x016B, 0x016B, 
0x0121, 0x0058, 0x0145, 0x0029, 0x009E, 0x00CC, 0x00BE, 0x0033, 0x00C5, 0x01B0, 0x010D, 0x0073, 0x00C8, 0x00B1, 0x0128, 0x0073, 
0x0197, 0x0147, 0x01A1, 0x010A, 0x0176, 0x004A, 0x0003, 0x00C0, 0x00EA, 0x007B, 0x00E5, 0x00F1, 0x0029, 0x001A, 0x00E9, 0x0044, 
0x00C0, 0x0159, 0x00C7, 0x0030, 0x0126, 0x014F, 0x0181, 0x01A8, 0x0176, 0x006D, 0x0068, 0x0171, 0x00BE, 0x0167, 0x01AD, 0x0032, 
0x008F, 0x0030, 0x0079, 0x011B, 0x014F, 0x0196, 0x0090, 0x019B, 0x0010, 0x00C5, 0x01A5, 0x0138, 0x0144, 0x01A1, 0x0009, 0x0160, 
0x0090, 0x0188, 0x0032, 0x013E, 0x006A, 0x007B, 0x01AE, 0x00F3, 0x001B, 0x0058, 0x00DE, 0x016F, 0x00F3, 0x0163, 0x00E9, 0x0016, 
0x00EB, 0x0068, 0x017F, 0x0138, 0x0099, 0x004E, 0x0001, 0x0162, 0x00EA, 0x00B3, 0x0105, 0x0085, 0x0127, 0x0094, 0x00C6, 0x00A5, 
0x0008, 0x013E, 0x0008, 0x004D, 0x0015, 0x01B0, 0x00EA, 0x017B, 0x00AC, 0x0184, 0x00B7, 0x00EA, 0x0164, 0x01A9, 0x008C, 0x00EA, 
0x0001, 0x019C, 0x0184, 0x0049, 0x002D, 0x004F, 0x008C, 0x0085, 0x0162, 0x0171, 0x004F, 0x010C, 0x008C, 0x005B, 0x013E, 0x0109, 
0x011A, 0x0085, 0x0097, 0x0015, 0x0168, 0x00C7, 0x01A9, 0x00C6, 0x00C6, 0x0085, 0x017B, 0x0162, 0x0164, 0x0168, 0x019C, 0x005B, 
0x00EB, 0x0127, 0x019C, 0x0156, 0x0184, 0x00FE, 0x0164, 0x00C6, 0x00C3, 0x013E, 0x00A8, 0x00B3, 0x010C, 0x0125, 0x00A8, 0x00FE, 
0x011D, 0x002D, 0x00C3, 0x00C6, 0x0162, 0x00AC, 0x00EA, 0x01A9, 0x002D, 0x011A, 0x0015, 0x00EE, 0x0127, 0x013E, 0x0109, 0x00C3, 
0x00C3, 0x0049, 0x008A, 0x008A, 0x0125, 0x012C, 0x00B7, 0x00C7, 0x011D, 0x017B, 0x00AC, 0x017B, 0x011A, 0x013E, 0x0085, 0x0171, 
0x0184, 0x00B3, 0x0073, 0x0015, 0x012C, 0x008A, 0x0184, 0x0168, 0x00FE, 0x00AC, 0x011D, 0x0036, 0x00B7, 0x004D, 0x0040, 0x0168, 
0x0171, 0x0105, 0x00A8, 0x005B, 0x004F, 0x011D, 0x00AC, 0x0015, 0x00A8, 0x017B, 0x004F, 0x00B7, 0x0105, 0x01A9, 0x01B0, 0x0097, 
0x00C6, 0x0094, 0x00EE, 0x002D, 0x0040, 0x00EB, 0x017B, 0x0097, 0x0125, 0x011D, 0x005B, 0x0001, 0x00B7, 0x0156, 0x0001, 0x00B7, 
0x0036, 0x017B, 0x00EE, 0x00B3, 0x0162, 0x010C, 0x00EA, 0x0085, 0x010C, 0x00C7, 0x00A8, 0x0156, 0x00B3, 0x00EE, 0x0040, 0x0049, 
0x011A, 0x00FA, 0x0168, 0x004D, 0x00A5, 0x01A9, 0x01B0, 0x011A, 0x00B3, 0x00B7, 0x0105, 0x00B7, 0x011A, 0x0127, 0x010C, 0x0164, 
0x008C, 0x0164, 0x0127, 0x00EB, 0x0125, 0x0073, 0x0015, 0x0109, 0x00A8, 0x012C, 0x0171, 0x0001, 0x01B0, 0x0171, 0x00A5, 0x010C, 
0x0094, 0x0171, 0x0127, 0x00EE, 0x0156, 0x01A9, 0x004D, 0x013E, 0x013E, 0x0125, 0x0168, 0x005B, 0x01A9, 0x0094, 0x011D, 0x0008, 
0x0156, 0x0049, 0x008C, 0x0073, 0x0073, 0x0164, 0x0008, 0x005B, 0x00C3, 0x008A, 0x0040, 0x011D, 0x00A5, 0x010C, 0x0040, 0x0001, 
0x01B0, 0x0040, 0x0085, 0x0109, 0x00A8, 0x019C, 0x013E, 0x008C, 0x00C6, 0x008A, 0x004D, 0x0125, 0x004D, 0x00A5, 0x008A, 0x0097, 
0x00FA, 0x00AC, 0x00FA, 0x00FE, 0x0097, 0x0001, 0x0008, 0x010C, 0x0164, 0x0049, 0x00B7, 0x0097, 0x0168, 0x0171, 0x00C3, 0x00FE, 
0x005B, 0x0109, 0x00EA, 0x00A5, 0x012C, 0x00C7, 0x00A5, 0x004F, 0x00FE, 0x00C3, 0x0036, 0x017B, 0x00FA, 0x01B0, 0x005B, 0x00FA, 
0x01B0, 0x0156, 0x0094, 0x008C, 0x011A, 0x0036, 0x00C6, 0x0171, 0x0184, 0x00C3, 0x011D, 0x00EB, 0x011A, 0x0001, 0x0008, 0x00AC, 
0x00FA, 0x0162, 0x0036, 0x0109, 0x019C, 0x0105, 0x0094, 0x0162, 0x0156, 0x0109, 0x00AC, 0x0040, 0x0049, 0x0171, 0x0164, 0x00FA, 
0x017B, 0x0094, 0x0105, 0x00B3, 0x0049, 0x002D, 0x0127, 0x0085, 0x019C, 0x013E, 0x00FE, 0x002D, 0x0040, 0x012C, 0x0073, 0x0097, 
0x0036, 0x0105, 0x0036, 0x0094, 0x00EA, 0x00FA, 0x0085, 0x008C, 0x0127, 0x0127, 0x0168, 0x00EE, 0x00EE, 0x00A8, 0x0073, 0x008A, 
0x00C3, 0x019C, 0x0097, 0x0184, 0x0008, 0x00C7, 0x0105, 0x004F, 0x00EB, 0x00EE, 0x0184, 0x0094, 0x00B3, 0x0109, 0x008C, 0x00A5, 
0x00FE, 0x0109, 0x0073, 0x00EE, 0x00EB, 0x004D, 0x00B3, 0x002D, 0x005B, 0x0015, 0x008A, 0x00C6, 0x0156, 0x0015, 0x0049, 0x004D, 
0x004F, 0x0036, 0x012C, 0x00EB, 0x00EB, 0x0008, 0x00EA, 0x0049, 0x019C, 0x011A, 0x012C, 0x0097, 0x00A8, 0x0073, 0x0156, 0x0125, 
0x00A5, 0x0162, 0x0040, 0x004F, 0x012C, 0x0125, 0x0162, 0x0184, 0x0168, 0x002D, 0x0015, 0x01B0, 0x00C7, 0x0125, 0x0008, 0x004D, 
0x00C7, 0x00FA, 0x002D, 0x0105, 0x0036, 0x00C7, 0x0001, 0x019C, 0x0164, 0x01A9, 0x0073, 0x01A9, 0x010C, 0x00EB, 0x011D, 0x008A, 
0x012C, 0x00AC, 0x00FE, 0x00C7, 0x0001, 0x0113, 0x010D, 0x011B, 0x0006, 0x016D, 0x014D, 0x013E, 0x0032, 0x015F, 0x0058, 0x0160, 
0x0068, 0x00D4, 0x013B, 0x01A1, 0x0051, 0x0147, 0x00ED, 0x018F, 0x017B, 0x0181, 0x018A, 0x00F1, 0x0024, 0x0016, 0x001B, 0x0116, 
0x01AB, 0x0019, 0x0060, 0x016B, 0x0122, 0x00C0, 0x010A, 0x0126, 0x0145, 0x00E1, 0x0108, 0x00B0, 0x0030, 0x0131, 0x0002, 0x00DF, 
0x012C, 0x0064, 0x0021, 0x001A, 0x0029, 0x0176, 0x008B, 0x01A5, 0x00A9, 0x0040, 0x005F, 0x00F2, 0x0066, 0x0052, 0x0009, 0x017C, 
0x0012, 0x01A4, 0x00C4, 0x00EB, 0x00BF, 0x004E, 0x004B, 0x0197, 0x014E, 0x0196, 0x0199, 0x0138, 0x008C, 0x00B1, 0x009E, 0x0185, 
0x0125, 0x0121, 0x00FE, 0x0151, 0x014F, 0x00D2, 0x010F, 0x0132, 0x0035, 0x0075, 0x0076, 0x0110, 0x00CB, 0x00E6, 0x01A9, 0x00DD, 
0x0115, 0x019F, 0x007B, 0x00DE, 0x01AF, 0x0011, 0x0046, 0x00E5, 0x0034, 0x0079, 0x0023, 0x00A4, 0x006D, 0x0090, 0x017D, 0x0118, 
0x019B, 0x0091, 0x0188, 0x012D, 0x006F, 0x0152, 0x00C7, 0x0022, 0x0004, 0x0136, 0x007F, 0x0093, 0x017F, 0x00BB, 0x0163, 0x0142, 
0x00D8, 0x00D0, 0x004A, 0x006C, 0x0069, 0x0084, 0x0166, 0x00E9, 0x0073, 0x0112, 0x00A2, 0x00D3, 0x0128, 0x0036, 0x00F3, 0x0171, 
0x00D9, 0x0148, 0x003B, 0x0042, 0x018D, 0x018C, 0x00CC, 0x00B3, 0x0088, 0x0096, 0x0162, 0x0018, 0x0099, 0x0025, 0x008F, 0x00EC, 
0x0080, 0x0089, 0x01AD, 0x000D, 0x0003, 0x0149, 0x0180, 0x00A1, 0x0008, 0x0031, 0x0010, 0x0094, 0x01A8, 0x011E, 0x009F, 0x0085, 
0x0169, 0x0198, 0x0129, 0x0144, 0x0100, 0x0191, 0x01B0, 0x0020, 0x002C, 0x018E, 0x004F, 0x009B, 0x00DA, 0x0190, 0x00C8, 0x00F6, 
0x014B, 0x0033, 0x006A, 0x01AE, 0x009C, 0x013C, 0x011D, 0x0159, 0x017E, 0x00C6, 0x00EA, 0x00BE, 0x0101, 0x000B, 0x00A7, 0x016F, 
0x0120, 0x0063, 0x00D7, 0x0044, 0x0048, 0x0062, 0x01A0, 0x00C5, 0x0027, 0x01A6, 0x000C, 0x0167, 0x0167, 0x000C, 0x01A6, 0x0027, 
0x00C5, 0x01A0, 0x0062, 0x0048, 0x0044, 0x00D7, 0x0063, 0x0120, 0x016F, 0x00A7, 0x000B, 0x0101, 0x00BE, 0x00EA, 0x00C6, 0x017E, 
0x0159, 0x011D, 0x013C, 0x009C, 0x01AE, 0x006A, 0x0033, 0x014B, 0x00F6, 0x00C8, 0x0190, 0x00DA, 0x009B, 0x004F, 0x018E, 0x002C, 
0x0020, 0x01B0, 0x0191, 0x0100, 0x0144, 0x0129, 0x0198, 0x0169, 0x0085, 0x009F, 0x011E, 0x01A8, 0x0094, 0x0010, 0x0031, 0x0008, 
0x00A1, 0x0180, 0x0149, 0x0003, 0x000D, 0x01AD, 0x0089, 0x0080, 0x00EC, 0x008F, 0x0025, 0x0099, 0x0018, 0x0162, 0x0096, 0x0088, 
0x00B3, 0x00CC, 0x018C, 0x018D, 0x0042, 0x003B, 0x0148, 0x00D9, 0x0171, 0x00F3, 0x0036, 0x0128, 0x00D3, 0x00A2, 0x0112, 0x0073, 
0x00E9, 0x0166, 0x0084, 0x0069, 0x006C, 0x004A, 0x00D0, 0x00D8, 0x0142, 0x0163, 0x00BB, 0x017F, 0x0093, 0x007F, 0x0136, 0x0004, 
0x0022, 0x00C7, 0x0152, 0x006F, 0x012D, 0x0188, 0x0091, 0x019B, 0x0118, 0x017D, 0x0090, 0x006D, 0x00A4, 0x0023, 0x0079, 0x0034, 
0x00E5, 0x0046, 0x0011, 0x01AF, 0x00DE, 0x007B, 0x019F, 0x0115, 0x00DD, 0x01A9, 0x00E6, 0x00CB, 0x0110, 0x0076, 0x0075, 0x0035, 
0x0132, 0x010F, 0x00D2, 0x014F, 0x0151, 0x00FE, 0x0121, 0x0125, 0x0185, 0x009E, 0x00B1, 0x008C, 0x0138, 0x0199, 0x0196, 0x014E, 
0x0197, 0x004B, 0x004E, 0x00BF, 0x00EB, 0x00C4, 0x01A4, 0x0012, 0x017C, 0x0009, 0x0052, 0x0066, 0x00F2, 0x005F, 0x0040, 0x00A9, 
0x01A5, 0x008B, 0x0176, 0x0029, 0x001A, 0x0021, 0x0064, 0x012C, 0x00DF, 0x0002, 0x0131, 0x0030, 0x00B0, 0x0108, 0x00E1, 0x0145, 
0x0126, 0x010A, 0x00C0, 0x0122, 0x016B, 0x0060, 0x0019, 0x01AB, 0x0116, 0x001B, 0x0016, 0x0024, 0x00F1, 0x018A, 0x0181, 0x017B, 
0x018F, 0x00ED, 0x0147, 0x0051, 0x01A1, 0x013B, 0x00D4, 0x0068, 0x0160, 0x0058, 0x015F, 0x0032, 0x013E, 0x014D, 0x016D, 0x0006, 
0x011B, 0x010D, 0x0001, 0x0075, 0x0176, 0x010A, 0x001E, 0x0019, 0x00A6, 0x017B, 0x0011, 0x002E, 0x0066, 0x0147, 0x0035, 0x0172, 
0x018B, 0x00B1, 0x004E, 0x0101, 0x00AD, 0x00BA, 0x00A5, 0x00F3, 0x0192, 0x009B, 0x0022, 0x008B, 0x0128, 0x01A7, 0x0103, 0x013D, 
0x017A, 0x0166, 0x002C, 0x0021, 0x00D9, 0x00C0, 0x014E, 0x0143, 0x0151, 0x0070, 0x00EC, 0x00FD, 0x0056, 0x011E, 0x004D, 0x010E, 
0x00FC, 0x017E, 0x0115, 0x0051, 0x00A1, 0x00F2, 0x0129, 0x01A9, 0x001D, 0x0081, 0x00B9, 0x01AA, 0x0062, 0x011C, 0x00E8, 0x003C, 
0x00E0, 0x013E, 0x0123, 0x0181, 0x0106, 0x018D, 0x0061, 0x0113, 0x001C, 0x017D, 0x0105, 0x006C, 0x009F, 0x0078, 0x002D, 0x001A, 
0x0094, 0x0072, 0x0121, 0x014D, 0x019A, 0x009D, 0x00AF, 0x0067, 0x0133, 0x0079, 0x013A, 0x015D, 0x008A, 0x019E, 0x00D6, 0x0028, 
0x01AB, 0x005F, 0x00EF, 0x016F, 0x0002, 0x0180, 0x0038, 0x00DA, 0x008D, 0x00A9, 0x00BB, 0x006D, 0x0041, 0x016B, 0x00C8, 0x016A, 
0x00D4, 0x0173, 0x01A3, 0x01AC, 0x0171, 0x002F, 0x0023, 0x00D0, 0x0187, 0x0140, 0x000C, 0x012A, 0x016D, 0x005C, 0x009A, 0x00E4, 
0x0131, 0x0191, 0x007A, 0x0111, 0x0086, 0x000D, 0x008C, 0x0158, 0x00DC, 0x0076, 0x011B, 0x005B, 0x0003, 0x0085, 0x011F, 0x00F5, 
0x00D2, 0x019B, 0x0199, 0x00E3, 0x006F, 0x004F, 0x015A, 0x01A1, 0x00C3, 0x00B8, 0x001B, 0x0045, 0x0052, 0x000B, 0x00B2, 0x01AD, 
0x00E6, 0x015C, 0x0032, 0x0027, 0x00F0, 0x01A8, 0x0015, 0x0154, 0x004A, 0x00B7, 0x00D3, 0x007C, 0x0157, 0x0168, 0x0065, 0x019D, 
0x000F, 0x012D, 0x0118, 0x016E, 0x00FE, 0x0083, 0x00AA, 0x007D, 0x00A8, 0x0177, 0x003D, 0x0165, 0x00A2, 0x015E, 0x00CF, 0x00A4, 
0x0148, 0x0122, 0x00E7, 0x00FB, 0x0097, 0x0048, 0x0159, 0x00EA, 0x00EB, 0x0149, 0x0082, 0x0039, 0x007F, 0x0188, 0x0098, 0x002B, 
0x0153, 0x0120, 0x0146, 0x00E5, 0x0136, 0x00C4, 0x0050, 0x00F4, 0x019F, 0x0025, 0x018C, 0x0012, 0x00BD, 0x0161, 0x00ED, 0x007B, 
0x00CC, 0x006B, 0x0091, 0x005E, 0x0186, 0x0119, 0x0029, 0x0132, 0x0178, 0x012F, 0x0068, 0x00C6, 0x00C7, 0x0058, 0x0169, 0x011A, 
0x00B6, 0x00CA, 0x008F, 0x0069, 0x010D, 0x00E2, 0x0053, 0x010F, 0x004C, 0x0174, 0x003A, 0x0109, 0x0134, 0x0107, 0x012E, 0x00B3, 
0x0043, 0x0099, 0x0084, 0x01A2, 0x0014, 0x014C, 0x0049, 0x005A, 0x0135, 0x00DE, 0x00FA, 0x0167, 0x005D, 0x019C, 0x0009, 0x00C1, 
0x018A, 0x017F, 0x0055, 0x00CB, 0x0004, 0x00FF, 0x01A6, 0x015F, 0x016C, 0x0196, 0x00F9, 0x00EE, 0x0010, 0x0057, 0x0162, 0x0142, 
0x00CE, 0x0018, 0x0016, 0x00DF, 0x00BC, 0x0092, 0x012C, 0x01AE, 0x0156, 0x0096, 0x013B, 0x00D5, 0x0059, 0x0125, 0x01A4, 0x012B, 
0x00A0, 0x0137, 0x0020, 0x0080, 0x00CD, 0x0117, 0x0155, 0x0044, 0x0087, 0x01A5, 0x0071, 0x002A, 0x00E1, 0x018E, 0x0182, 0x0040, 
0x0005, 0x000E, 0x003E, 0x00DD, 0x0047, 0x00E9, 0x0046, 0x0170, 0x0144, 0x00F6, 0x0108, 0x0124, 0x00D7, 0x0179, 0x0031, 0x01AF, 
0x0042, 0x00C2, 0x0152, 0x0006, 0x0189, 0x00DB, 0x0013, 0x0127, 0x0054, 0x0077, 0x0138, 0x007E, 0x014A, 0x0102, 0x0114, 0x0017, 
0x0064, 0x0090, 0x013F, 0x011D, 0x0197, 0x0184, 0x0139, 0x0112, 0x0145, 0x00AC, 0x0034, 0x0195, 0x009E, 0x0150, 0x0024, 0x00AB, 
0x0030, 0x008E, 0x0073, 0x00D1, 0x0175, 0x00C9, 0x0095, 0x014F, 0x0007, 0x00F8, 0x0130, 0x0194, 0x0008, 0x0088, 0x00BF, 0x0110, 
0x0160, 0x009C, 0x0033, 0x00B5, 0x00A3, 0x0164, 0x0093, 0x015B, 0x00B4, 0x00C5, 0x0141, 0x0060, 0x006E, 0x0063, 0x00F1, 0x00D8, 
0x0190, 0x0185, 0x004B, 0x0037, 0x0074, 0x00AE, 0x000A, 0x0089, 0x0126, 0x018F, 0x0116, 0x001F, 0x00BE, 0x010C, 0x00F7, 0x0104, 
0x00B0, 0x0163, 0x0100, 0x0026, 0x003F, 0x017C, 0x006A, 0x014B, 0x0183, 0x01A0, 0x0036, 0x010B, 0x0198, 0x0193, 0x00A7, 0x003B, 
0x0001, 0x00EA, 0x0100, 0x00C6, 0x0096, 0x0096, 0x0128, 0x0001, 0x0099, 0x001B, 0x0100, 0x001B, 0x0100, 0x01A1, 0x0128, 0x00EA, 
0x001B, 0x0128, 0x0100, 0x0100, 0x0001, 0x0096, 0x0099, 0x0100, 0x01A1, 0x0096, 0x00C6, 0x0099, 0x0096, 0x01A1, 0x001B, 0x00C6, 
0x0099, 0x0100, 0x00EA, 0x01A1, 0x00EA, 0x0096, 0x0099, 0x0096, 0x0096, 0x00EA, 0x00EA, 0x001B, 0x0001, 0x0128, 0x0099, 0x0096, 
0x0096, 0x0099, 0x01A1, 0x001B, 0x0099, 0x0001, 0x0128, 0x0128, 0x0099, 0x001B, 0x0099, 0x0099, 0x0128, 0x0100, 0x0100, 0x0001, 
0x0128, 0x0128, 0x00EA, 0x0096, 0x00C6, 0x00C6, 0x0100, 0x0099, 0x0001, 0x00C6, 0x00EA, 0x001B, 0x0001, 0x0128, 0x0001, 0x001B, 
0x001B, 0x001B, 0x0100, 0x00C6, 0x0099, 0x00C6, 0x0128, 0x0100, 0x00EA, 0x00EA, 0x0001, 0x01A1, 0x01A1, 0x0128, 0x0128, 0x001B, 
0x00EA, 0x001B, 0x00C6, 0x0128, 0x001B, 0x0099, 0x00EA, 0x0100, 0x0096, 0x0128, 0x001B, 0x00EA, 0x0096, 0x01A1, 0x0096, 0x01A1, 
0x0096, 0x0128, 0x0001, 0x0100, 0x00C6, 0x0128, 0x00C6, 0x0128, 0x0099, 0x01A1, 0x0128, 0x0096, 0x00C6, 0x0096, 0x00C6, 0x00EA, 
0x0096, 0x01A1, 0x00EA, 0x01A1, 0x0001, 0x00C6, 0x0100, 0x001B, 0x00EA, 0x0001, 0x01A1, 0x0001, 0x00C6, 0x0096, 0x0099, 0x0128, 
0x01A1, 0x00EA, 0x0128, 0x0001, 0x001B, 0x00C6, 0x0001, 0x0100, 0x00EA, 0x00EA, 0x0099, 0x01A1, 0x00EA, 0x00EA, 0x00C6, 0x0100, 
0x0100, 0x0100, 0x0096, 0x0100, 0x0001, 0x0096, 0x00EA, 0x0001, 0x0099, 0x0128, 0x00C6, 0x0001, 0x0099, 0x01A1, 0x001B, 0x0096, 
0x00C6, 0x00C6, 0x0001, 0x00C6, 0x001B, 0x00EA, 0x0001, 0x0099, 0x001B, 0x0099, 0x01A1, 0x01A1, 0x0099, 0x01A1, 0x0128, 0x0100, 
0x01A1, 0x00C6, 0x0001, 0x0100, 0x01A1, 0x0001, 0x0001, 0x01A1, 0x0096, 0x0100, 0x00EA, 0x0128, 0x01A1, 0x00C6, 0x001B, 0x0096, 
0x0099, 0x001B, 0x001B, 0x01A1, 0x0099, 0x0100, 0x001B, 0x00C6, 0x00C6, 0x001B, 0x0100, 0x0099, 0x01A1, 0x001B, 0x001B, 0x0099, 
0x0096, 0x001B, 0x00C6, 0x01A1, 0x0128, 0x00EA, 0x0100, 0x0096, 0x01A1, 0x0001, 0x0001, 0x01A1, 0x0100, 0x0001, 0x00C6, 0x01A1, 
0x0100, 0x0128, 0x01A1, 0x0099, 0x01A1, 0x01A1, 0x0099, 0x001B, 0x0099, 0x0001, 0x00EA, 0x001B, 0x00C6, 0x0001, 0x00C6, 0x00C6, 
0x0096, 0x001B, 0x01A1, 0x0099, 0x0001, 0x00C6, 0x0128, 0x0099, 0x0001, 0x00EA, 0x0096, 0x0001, 0x0100, 0x0096, 0x0100, 0x0100, 
0x0100, 0x00C6, 0x00EA, 0x00EA, 0x01A1, 0x0099, 0x00EA, 0x00EA, 0x0100, 0x0001, 0x00C6, 0x001B, 0x0001, 0x0128, 0x00EA, 0x01A1, 
0x0128, 0x0099, 0x0096, 0x00C6, 0x0001, 0x01A1, 0x0001, 0x00EA, 0x001B, 0x0100, 0x00C6, 0x0001, 0x01A1, 0x00EA, 0x01A1, 0x0096, 
0x00EA, 0x00C6, 0x0096, 0x00C6, 0x0096, 0x0128, 0x01A1, 0x0099, 0x0128, 0x00C6, 0x0128, 0x00C6, 0x0100, 0x0001, 0x0128, 0x0096, 
0x01A1, 0x0096, 0x01A1, 0x0096, 0x00EA, 0x001B, 0x0128, 0x0096, 0x0100, 0x00EA, 0x0099, 0x001B, 0x0128, 0x00C6, 0x001B, 0x00EA, 
0x001B, 0x0128, 0x0128, 0x01A1, 0x01A1, 0x0001, 0x00EA, 0x00EA, 0x0100, 0x0128, 0x00C6, 0x0099, 0x00C6, 0x0100, 0x001B, 0x001B, 
0x001B, 0x0001, 0x0128, 0x0001, 0x001B, 0x00EA, 0x00C6, 0x0001, 0x0099, 0x0100, 0x00C6, 0x00C6, 0x0096, 0x00EA, 0x0128, 0x0128, 
0x0001, 0x0100, 0x0100, 0x0128, 0x0099, 0x0099, 0x001B, 0x0099, 0x0128, 0x0128, 0x0001, 0x0099, 0x001B, 0x01A1, 0x0099, 0x0096, 
0x0096, 0x0099, 0x0128, 0x0001, 0x001B, 0x00EA, 0x00EA, 0x0096, 0x0096, 0x0099, 0x0096, 0x00EA, 0x01A1, 0x00EA, 0x0100, 0x0099, 
0x00C6, 0x001B, 0x01A1, 0x0096, 0x0099, 0x00C6, 0x0096, 0x01A1, 0x0100, 0x0099, 0x0096, 0x0001, 0x0100, 0x0100, 0x0128, 0x001B, 
0x00EA, 0x0128, 0x01A1, 0x0100, 0x001B, 0x0100, 0x001B, 0x0099, 0x0001, 0x0128, 0x0096, 0x0096, 0x00C6, 0x0100, 0x0001, 0x0023, 
0x014F, 0x0167, 0x013D, 0x0022, 0x0154, 0x0008, 0x004E, 0x010E, 0x00DA, 0x0144, 0x0129, 0x00D1, 0x006E, 0x0118, 0x001A, 0x0084, 
0x0065, 0x0165, 0x0015, 0x010D, 0x0037, 0x0052, 0x0021, 0x0003, 0x0096, 0x0183, 0x0014, 0x0182, 0x0194, 0x0112, 0x011E, 0x002C, 
0x018C, 0x0122, 0x01AF, 0x0047, 0x0152, 0x0173, 0x0058, 0x012E, 0x0067, 0x0142, 0x002D, 0x00C1, 0x0107, 0x0110, 0x01A6, 0x0121, 
0x0032, 0x0069, 0x013B, 0x0036, 0x0103, 0x007A, 0x003D, 0x010B, 0x016F, 0x0057, 0x012F, 0x011C, 0x006B, 0x0040, 0x00BC, 0x0033, 
0x005A, 0x00F1, 0x00EF, 0x0004, 0x01A7, 0x00BF, 0x0049, 0x016B, 0x00E6, 0x0140, 0x004D, 0x008B, 0x004F, 0x01AC, 0x0016, 0x0031, 
0x001F, 0x00B2, 0x000F, 0x008D, 0x00CD, 0x000C, 0x002A, 0x0114, 0x005B, 0x0104, 0x00F4, 0x0070, 0x0198, 0x01AB, 0x00B6, 0x0030, 
0x0075, 0x009C, 0x0081, 0x0012, 0x011F, 0x00D3, 0x00A2, 0x00C8, 0x0123, 0x009E, 0x0149, 0x0195, 0x00C4, 0x0175, 0x003F, 0x0193, 
0x0073, 0x00FC, 0x00D9, 0x0120, 0x00B4, 0x000E, 0x0147, 0x00D5, 0x0024, 0x019E, 0x0045, 0x0119, 0x0020, 0x004B, 0x012A, 0x0055, 
0x0158, 0x0035, 0x0085, 0x0077, 0x0161, 0x00D0, 0x0010, 0x008A, 0x0176, 0x008C, 0x00CE, 0x0053, 0x00E5, 0x00BE, 0x0116, 0x0186, 
0x00D4, 0x0094, 0x007E, 0x0100, 0x0097, 0x0177, 0x0128, 0x0061, 0x014D, 0x0066, 0x016E, 0x00A7, 0x0132, 0x0102, 0x0051, 0x0151, 
0x00CA, 0x01A0, 0x00A5, 0x00DB, 0x006C, 0x00A8, 0x0136, 0x005C, 0x0054, 0x00AC, 0x0038, 0x00F7, 0x018B, 0x01A4, 0x0196, 0x00AB, 
0x00B3, 0x0086, 0x007C, 0x009A, 0x00B7, 0x0007, 0x00E8, 0x0139, 0x0027, 0x0017, 0x0153, 0x01A8, 0x00F6, 0x00DF, 0x0178, 0x0134, 
0x00C3, 0x017D, 0x0138, 0x00C6, 0x00C7, 0x0108, 0x0111, 0x00B9, 0x0131, 0x00C5, 0x00B8, 0x0056, 0x0189, 0x0018, 0x0170, 0x0029, 
0x0044, 0x0048, 0x0072, 0x00E2, 0x00B0, 0x014E, 0x0063, 0x0101, 0x00CF, 0x013F, 0x0169, 0x016D, 0x0188, 0x0041, 0x0199, 0x0028, 
0x015B, 0x00F9, 0x00EC, 0x0080, 0x00F8, 0x00A0, 0x00A9, 0x00EA, 0x00EB, 0x0079, 0x0034, 0x00EE, 0x007D, 0x0039, 0x00D2, 0x00BB, 
0x0009, 0x005E, 0x019A, 0x018A, 0x0078, 0x00C9, 0x01AA, 0x00FA, 0x0117, 0x0135, 0x012B, 0x00FE, 0x0106, 0x001B, 0x000D, 0x0026, 
0x00BA, 0x0179, 0x0105, 0x015D, 0x0155, 0x007B, 0x0109, 0x0145, 0x00D6, 0x010C, 0x0011, 0x00E7, 0x0060, 0x0160, 0x00AF, 0x007F, 
0x010A, 0x0043, 0x014B, 0x0064, 0x0150, 0x0089, 0x003A, 0x011A, 0x00B1, 0x0133, 0x011D, 0x00DD, 0x002B, 0x009B, 0x00F3, 0x00CC, 
0x015E, 0x00E3, 0x0125, 0x003B, 0x0127, 0x01A1, 0x00E1, 0x0050, 0x013A, 0x012C, 0x017C, 0x0059, 0x015C, 0x0087, 0x0166, 0x0191, 
0x0098, 0x016C, 0x0013, 0x018D, 0x00DC, 0x006A, 0x01A3, 0x00FD, 0x0091, 0x00D8, 0x00B5, 0x013E, 0x001E, 0x0172, 0x003C, 0x00ED, 
0x001C, 0x0068, 0x0113, 0x008E, 0x00E9, 0x010F, 0x00DE, 0x0092, 0x019F, 0x0130, 0x0115, 0x013C, 0x0181, 0x00FB, 0x0006, 0x0019, 
0x0141, 0x00BD, 0x00AD, 0x0156, 0x009D, 0x0187, 0x01A5, 0x00E4, 0x0124, 0x01A2, 0x00FF, 0x0192, 0x0180, 0x019B, 0x0005, 0x0162, 
0x0126, 0x0164, 0x0071, 0x00CB, 0x0046, 0x0168, 0x00F2, 0x000A, 0x01AD, 0x00C2, 0x00C0, 0x0157, 0x017E, 0x00F5, 0x0171, 0x0146, 
0x0095, 0x0082, 0x015A, 0x0042, 0x00A6, 0x0174, 0x0137, 0x00AE, 0x017B, 0x0076, 0x0148, 0x017F, 0x0090, 0x000B, 0x00A1, 0x00AA, 
0x00F0, 0x0184, 0x006F, 0x014A, 0x0083, 0x0159, 0x003E, 0x005F, 0x016A, 0x0002, 0x008F, 0x0025, 0x0185, 0x0093, 0x009F, 0x001D, 
0x002F, 0x019D, 0x002E, 0x011B, 0x01AE, 0x0190, 0x015F, 0x017A, 0x00A4, 0x019C, 0x004C, 0x014C, 0x012D, 0x0197, 0x0099, 0x0143, 
0x00E0, 0x0088, 0x006D, 0x00D7, 0x00A3, 0x0163, 0x01A9, 0x005D, 0x018F, 0x0074, 0x004A, 0x0062, 0x0001, 0x0046, 0x008B, 0x0089, 
0x011E, 0x00CC, 0x00D7, 0x0040, 0x010D, 0x0066, 0x00E9, 0x01A8, 0x018D, 0x0148, 0x015F, 0x0096, 0x0009, 0x00D3, 0x00BB, 0x00D4, 
0x0008, 0x0121, 0x018F, 0x00EC, 0x0188, 0x004E, 0x0099, 0x000B, 0x0093, 0x0142, 0x0190, 0x006C, 0x0159, 0x00C5, 0x0004, 0x0030, 
0x0167, 0x0064, 0x00C0, 0x0076, 0x0090, 0x007F, 0x0063, 0x0138, 0x0125, 0x00DA, 0x00ED, 0x0042, 0x0147, 0x00A1, 0x0181, 0x0108, 
0x00F1, 0x013E, 0x0185, 0x0151, 0x000D, 0x014B, 0x0003, 0x0018, 0x0129, 0x0120, 0x00F6, 0x00C7, 0x0060, 0x014F, 0x0191, 0x016F, 
0x0025, 0x0118, 0x009C, 0x0149, 0x0085, 0x0010, 0x016B, 0x0048, 0x012C, 0x0011, 0x00B3, 0x0021, 0x0032, 0x0079, 0x0198, 0x00E6, 
0x0199, 0x0002, 0x0052, 0x00BE, 0x0112, 0x009F, 0x0036, 0x0069, 0x00B0, 0x0088, 0x00DF, 0x0122, 0x014E, 0x0176, 0x0145, 0x000C, 
0x0027, 0x0068, 0x0075, 0x0126, 0x007B, 0x01A0, 0x018A, 0x00B1, 0x0163, 0x0180, 0x006A, 0x00D0, 0x00BF, 0x002C, 0x00EB, 0x00DD, 
0x0113, 0x00D2, 0x00CB, 0x017D, 0x00A4, 0x0006, 0x0062, 0x00F2, 0x018E, 0x014D, 0x00A7, 0x004A, 0x0152, 0x00E1, 0x0020, 0x0044, 
0x0171, 0x0166, 0x0019, 0x008F, 0x001B, 0x01A9, 0x001A, 0x0073, 0x0023, 0x005F, 0x0110, 0x0051, 0x0029, 0x00D9, 0x01A5, 0x00FE, 
0x009B, 0x0128, 0x011D, 0x0115, 0x0100, 0x00D8, 0x0058, 0x0144, 0x0132, 0x0196, 0x009E, 0x0091, 0x0033, 0x0024, 0x0012, 0x00F3, 
0x017B, 0x019F, 0x011B, 0x004F, 0x01AE, 0x0034, 0x004B, 0x008C, 0x00A2, 0x006F, 0x0116, 0x0136, 0x01A1, 0x0080, 0x01B0, 0x0131, 
0x0169, 0x013C, 0x0094, 0x01A6, 0x0035, 0x00C4, 0x016D, 0x01AB, 0x01A4, 0x0016, 0x00DE, 0x017E, 0x0101, 0x01AF, 0x0162, 0x00C8, 
0x019B, 0x00EA, 0x00C6, 0x0197, 0x013B, 0x0084, 0x01AD, 0x0160, 0x0031, 0x018C, 0x017C, 0x00E5, 0x010F, 0x017F, 0x003B, 0x006D, 
0x0022, 0x012D, 0x00A9, 0x010A, 0x010A, 0x00A9, 0x012D, 0x0022, 0x006D, 0x003B, 0x017F, 0x010F, 0x00E5, 0x017C, 0x018C, 0x0031, 
0x0160, 0x01AD, 0x0084, 0x013B, 0x0197, 0x00C6, 0x00EA, 0x019B, 0x00C8, 0x0162, 0x01AF, 0x0101, 0x017E, 0x00DE, 0x0016, 0x01A4, 
0x01AB, 0x016D, 0x00C4, 0x0035, 0x01A6, 0x0094, 0x013C, 0x0169, 0x0131, 0x01B0, 0x0080, 0x01A1, 0x0136, 0x0116, 0x006F, 0x00A2, 
0x008C, 0x004B, 0x0034, 0x01AE, 0x004F, 0x011B, 0x019F, 0x017B, 0x00F3, 0x0012, 0x0024, 0x0033, 0x0091, 0x009E, 0x0196, 0x0132, 
0x0144, 0x0058, 0x00D8, 0x0100, 0x0115, 0x011D, 0x0128, 0x009B, 0x00FE, 0x01A5, 0x00D9, 0x0029, 0x0051, 0x0110, 0x005F, 0x0023, 
0x0073, 0x001A, 0x01A9, 0x001B, 0x008F, 0x0019, 0x0166, 0x0171, 0x0044, 0x0020, 0x00E1, 0x0152, 0x004A, 0x00A7, 0x014D, 0x018E, 
0x00F2, 0x0062, 0x0006, 0x00A4, 0x017D, 0x00CB, 0x00D2, 0x0113, 0x00DD, 0x00EB, 0x002C, 0x00BF, 0x00D0, 0x006A, 0x0180, 0x0163, 
0x00B1, 0x018A, 0x01A0, 0x007B, 0x0126, 0x0075, 0x0068, 0x0027, 0x000C, 0x0145, 0x0176, 0x014E, 0x0122, 0x00DF, 0x0088, 0x00B0, 
0x0069, 0x0036, 0x009F, 0x0112, 0x00BE, 0x0052, 0x0002, 0x0199, 0x00E6, 0x0198, 0x0079, 0x0032, 0x0021, 0x00B3, 0x0011, 0x012C, 
0x0048, 0x016B, 0x0010, 0x0085, 0x0149, 0x009C, 0x0118, 0x0025, 0x016F, 0x0191, 0x014F, 0x0060, 0x00C7, 0x00F6, 0x0120, 0x0129, 
0x0018, 0x0003, 0x014B, 0x000D, 0x0151, 0x0185, 0x013E, 0x00F1, 0x0108, 0x0181, 0x00A1, 0x0147, 0x0042, 0x00ED, 0x00DA, 0x0125, 
0x0138, 0x0063, 0x007F, 0x0090, 0x0076, 0x00C0, 0x0064, 0x0167, 0x0030, 0x0004, 0x00C5, 0x0159, 0x006C, 0x0190, 0x0142, 0x0093, 
0x000B, 0x0099, 0x004E, 0x0188, 0x00EC, 0x018F, 0x0121, 0x0008, 0x00D4, 0x00BB, 0x00D3, 0x0009, 0x0096, 0x015F, 0x0148, 0x018D, 
0x01A8, 0x00E9, 0x0066, 0x010D, 0x0040, 0x00D7, 0x00CC, 0x011E, 0x0089, 0x008B, 0x0001, 0x008C, 0x01A1, 0x0073, 0x0083, 0x0166, 
0x00CE, 0x004F, 0x0100, 0x009A, 0x018E, 0x0145, 0x018E, 0x0106, 0x0045, 0x00EB, 0x0099, 0x014E, 0x0059, 0x0157, 0x00A8, 0x0128, 
0x0054, 0x0023, 0x0112, 0x0128, 0x00EA, 0x0134, 0x016E, 0x0086, 0x0114, 0x01A9, 0x007F, 0x00CB, 0x008C, 0x01AD, 0x0125, 0x0150, 
0x007F, 0x0186, 0x0113, 0x008A, 0x0168, 0x0131, 0x00C3, 0x0045, 0x013A, 0x0089, 0x0002, 0x0100, 0x0096, 0x0131, 0x00D8, 0x011D, 
0x00B2, 0x00FD, 0x0134, 0x0092, 0x00B1, 0x008D, 0x016C, 0x0067, 0x0157, 0x00B3, 0x00B2, 0x001B, 0x0015, 0x0113, 0x0184, 0x0073, 
0x00FB, 0x0132, 0x00B7, 0x013E, 0x017B, 0x0114, 0x0097, 0x001B, 0x011D, 0x002A, 0x0099, 0x018C, 0x005A, 0x010C, 0x007D, 0x00AC, 
0x00CE, 0x010A, 0x008A, 0x0015, 0x0097, 0x0086, 0x015B, 0x00E3, 0x0191, 0x0080, 0x0164, 0x0118, 0x0085, 0x014E, 0x002A, 0x00D8, 
0x0168, 0x010A, 0x0166, 0x016B, 0x009D, 0x0040, 0x009E, 0x00EF, 0x004B, 0x015B, 0x016E, 0x00FD, 0x00B3, 0x0059, 0x0085, 0x0063, 
0x0156, 0x00FF, 0x0167, 0x012B, 0x016B, 0x0083, 0x0184, 0x0186, 0x01A9, 0x017B, 0x012E, 0x00EF, 0x0127, 0x013C, 0x0094, 0x0156, 
0x0158, 0x018C, 0x00EB, 0x00C3, 0x0096, 0x004F, 0x00AC, 0x0043, 0x0167, 0x0196, 0x013C, 0x0049, 0x0191, 0x0162, 0x0092, 0x00EA, 
0x00A8, 0x0067, 0x00C6, 0x0164, 0x00D9, 0x013C, 0x019C, 0x0040, 0x0008, 0x00FB, 0x01A1, 0x00CB, 0x0150, 0x0010, 0x00B7, 0x002B, 
0x0040, 0x011A, 0x0167, 0x00B4, 0x010C, 0x0109, 0x013A, 0x0106, 0x009A, 0x0002, 0x00C7, 0x010C, 0x00FE, 0x0156, 0x0187, 0x0164, 
0x00EE, 0x008D, 0x0117, 0x0054, 0x0112, 0x00AB, 0x008D, 0x011B, 0x0191, 0x00A7, 0x00EF, 0x002D, 0x00B7, 0x00E6, 0x01AD, 0x0001, 
0x01B0, 0x01AD, 0x0061, 0x00FB, 0x0036, 0x016B, 0x0056, 0x00AC, 0x011F, 0x0002, 0x015D, 0x0145, 0x0145, 0x009F, 0x013A, 0x014A, 
0x018C, 0x012C, 0x0085, 0x0025, 0x0067, 0x0077, 0x0112, 0x006C, 0x006C, 0x0054, 0x01AF, 0x0092, 0x0105, 0x015B, 0x0046, 0x017B, 
0x00B6, 0x0150, 0x0004, 0x0001, 0x01B0, 0x0004, 0x00CB, 0x00FA, 0x0184, 0x00C2, 0x010A, 0x0020, 0x0096, 0x0124, 0x0106, 0x009F, 
0x015D, 0x009A, 0x0124, 0x00C3, 0x004D, 0x002A, 0x005B, 0x00B3, 0x00A5, 0x00EA, 0x01AF, 0x0117, 0x00AB, 0x0077, 0x00A8, 0x00A5, 
0x00FD, 0x004A, 0x0097, 0x0171, 0x0186, 0x00FA, 0x01A1, 0x0061, 0x00E6, 0x0010, 0x00B6, 0x01A9, 0x0171, 0x0015, 0x0075, 0x00D8, 
0x004D, 0x00EB, 0x014A, 0x0109, 0x00C7, 0x011F, 0x004F, 0x0020, 0x0168, 0x0075, 0x001B, 0x004A, 0x016E, 0x0105, 0x0162, 0x011B, 
0x00EE, 0x00C6, 0x0025, 0x0059, 0x005B, 0x011D, 0x0075, 0x008A, 0x00C2, 0x0083, 0x0036, 0x0008, 0x002B, 0x002D, 0x012E, 0x0046, 
0x0086, 0x004A, 0x00B2, 0x005B, 0x014E, 0x012C, 0x0158, 0x00FE, 0x00B4, 0x0043, 0x0056, 0x0166, 0x00C2, 0x0113, 0x0171, 0x0114, 
0x0046, 0x004B, 0x00A7, 0x0049, 0x00D9, 0x0187, 0x0063, 0x012C, 0x0099, 0x004D, 0x0131, 0x0020, 0x00CE, 0x0056, 0x012B, 0x011A, 
0x019C, 0x0127, 0x00A7, 0x00E3, 0x0105, 0x0134, 0x00A5, 0x0157, 0x0025, 0x0118, 0x0187, 0x0094, 0x0196, 0x011A, 0x009D, 0x0036, 
0x0073, 0x00FA, 0x007F, 0x00B6, 0x013E, 0x002D, 0x009E, 0x019C, 0x0196, 0x00FF, 0x00FE, 0x005A, 0x014A, 0x0045, 0x0124, 0x0100, 
0x011F, 0x007D, 0x00B4, 0x00FF, 0x0094, 0x00D9, 0x0080, 0x011B, 0x00B1, 0x01AF, 0x0128, 0x0077, 0x016C, 0x00EE, 0x0080, 0x0049, 
0x0127, 0x009E, 0x002B, 0x0132, 0x0061, 0x008C, 0x0004, 0x0125, 0x00E6, 0x0132, 0x0008, 0x009D, 0x012B, 0x0043, 0x007D, 0x00C7, 
0x0089, 0x009F, 0x018E, 0x015D, 0x0089, 0x0109, 0x005A, 0x0158, 0x0063, 0x0118, 0x00C6, 0x016C, 0x00AB, 0x0023, 0x006C, 0x0023, 
0x0117, 0x00B1, 0x0162, 0x00E3, 0x004B, 0x012E, 0x013E, 0x0010, 0x0001, 0x0118, 0x0181, 0x001B, 0x00DE, 0x01A0, 0x008F, 0x00C7, 
0x008B, 0x00F1, 0x0030, 0x0003, 0x019B, 0x00CC, 0x00A9, 0x0128, 0x0003, 0x017F, 0x0188, 0x016D, 0x0040, 0x0011, 0x00C8, 0x0197, 
0x0163, 0x014F, 0x0100, 0x018D, 0x00DE, 0x007B, 0x0149, 0x00B1, 0x0126, 0x0197, 0x0089, 0x0121, 0x0010, 0x00D3, 0x00BE, 0x000C, 
0x0011, 0x00A7, 0x0145, 0x01AE, 0x0073, 0x008F, 0x0024, 0x0051, 0x0062, 0x00F3, 0x0121, 0x0110, 0x00BE, 0x00EB, 0x0108, 0x0138, 
0x00EC, 0x00F1, 0x0033, 0x00E9, 0x0079, 0x0144, 0x0188, 0x00C6, 0x0138, 0x0032, 0x006C, 0x0051, 0x0167, 0x0100, 0x0044, 0x017E, 
0x0171, 0x0096, 0x0118, 0x00C0, 0x0171, 0x0176, 0x01B0, 0x0149, 0x010D, 0x01AE, 0x006D, 0x01AD, 0x00E9, 0x0046, 0x00A9, 0x001A, 
0x009E, 0x009E, 0x013E, 0x00CC, 0x00E5, 0x0079, 0x01A8, 0x00A4, 0x0145, 0x00A1, 0x00B1, 0x003B, 0x0159, 0x017E, 0x0113, 0x0181, 
0x0160, 0x0176, 0x0159, 0x01A1, 0x014F, 0x0136, 0x0062, 0x0147, 0x00DF, 0x0108, 0x00EA, 0x016D, 0x0196, 0x01A8, 0x01AD, 0x0122, 
0x008B, 0x006A, 0x0032, 0x00DF, 0x0004, 0x00D3, 0x011B, 0x0010, 0x01A5, 0x0147, 0x006C, 0x0090, 0x00C7, 0x016B, 0x006D, 0x00A4, 
0x0099, 0x0040, 0x0042, 0x00EB, 0x0004, 0x01A5, 0x00F3, 0x0009, 0x0163, 0x010A, 0x003B, 0x01B0, 0x0068, 0x001B, 0x00FE, 0x0044, 
0x01A1, 0x010A, 0x0126, 0x016F, 0x00A7, 0x0099, 0x0196, 0x0144, 0x0016, 0x019B, 0x00D2, 0x001A, 0x013E, 0x00D2, 0x0128, 0x00B3, 
0x0033, 0x0122, 0x016B, 0x0073, 0x00C5, 0x007B, 0x0068, 0x0160, 0x0096, 0x004A, 0x0001, 0x004A, 0x00C0, 0x0113, 0x00FE, 0x018D, 
0x0058, 0x0024, 0x0090, 0x006A, 0x00EC, 0x004E, 0x017F, 0x0016, 0x00E5, 0x0046, 0x00B3, 0x0030, 0x004E, 0x00C6, 0x00EA, 0x0042, 
0x000C, 0x0029, 0x0089, 0x0009, 0x0136, 0x0167, 0x0058, 0x01A0, 0x00C5, 0x010D, 0x00A1, 0x016F, 0x00C8, 0x0029, 0x0110, 0x011B, 
0x011B, 0x0110, 0x0029, 0x00C8, 0x016F, 0x00A1, 0x010D, 0x00C5, 0x01A0, 0x0058, 0x0167, 0x0136, 0x0009, 0x0089, 0x0029, 0x000C, 
0x0042, 0x00EA, 0x00C6, 0x004E, 0x0030, 0x00B3, 0x0046, 0x00E5, 0x0016, 0x017F, 0x004E, 0x00EC, 0x006A, 0x0090, 0x0024, 0x0058, 
0x018D, 0x00FE, 0x0113, 0x00C0, 0x004A, 0x0001, 0x004A, 0x0096, 0x0160, 0x0068, 0x007B, 0x00C5, 0x0073, 0x016B, 0x0122, 0x0033, 
0x00B3, 0x0128, 0x00D2, 0x013E, 0x001A, 0x00D2, 0x019B, 0x0016, 0x0144, 0x0196, 0x0099, 0x00A7, 0x016F, 0x0126, 0x010A, 0x01A1, 
0x0044, 0x00FE, 0x001B, 0x0068, 0x01B0, 0x003B, 0x010A, 0x0163, 0x0009, 0x00F3, 0x01A5, 0x0004, 0x00EB, 0x0042, 0x0040, 0x0099, 
0x00A4, 0x006D, 0x016B, 0x00C7, 0x0090, 0x006C, 0x0147, 0x01A5, 0x0010, 0x011B, 0x00D3, 0x0004, 0x00DF, 0x0032, 0x006A, 0x008B, 
0x0122, 0x01AD, 0x01A8, 0x0196, 0x016D, 0x00EA, 0x0108, 0x00DF, 0x0147, 0x0062, 0x0136, 0x014F, 0x01A1, 0x0159, 0x0176, 0x0160, 
0x0181, 0x0113, 0x017E, 0x0159, 0x003B, 0x00B1, 0x00A1, 0x0145, 0x00A4, 0x01A8, 0x0079, 0x00E5, 0x00CC, 0x013E, 0x009E, 0x009E, 
0x001A, 0x00A9, 0x0046, 0x00E9, 0x01AD, 0x006D, 0x01AE, 0x010D, 0x0149, 0x01B0, 0x0176, 0x0171, 0x00C0, 0x0118, 0x0096, 0x0171, 
0x017E, 0x0044, 0x0100, 0x0167, 0x0051, 0x006C, 0x0032, 0x0138, 0x00C6, 0x0188, 0x0144, 0x0079, 0x00E9, 0x0033, 0x00F1, 0x00EC, 
0x0138, 0x0108, 0x00EB, 0x00BE, 0x0110, 0x0121, 0x00F3, 0x0062, 0x0051, 0x0024, 0x008F, 0x0073, 0x01AE, 0x0145, 0x00A7, 0x0011, 
0x000C, 0x00BE, 0x00D3, 0x0010, 0x0121, 0x0089, 0x0197, 0x0126, 0x00B1, 0x0149, 0x007B, 0x00DE, 0x018D, 0x0100, 0x014F, 0x0163, 
0x0197, 0x00C8, 0x0011, 0x0040, 0x016D, 0x0188, 0x017F, 0x0003, 0x0128, 0x00A9, 0x00CC, 0x019B, 0x0003, 0x0030, 0x00F1, 0x008B, 
0x00C7, 0x008F, 0x01A0, 0x00DE, 0x001B, 0x0181, 0x0001, 0x007F, 0x0121, 0x006C, 0x00F4, 0x014B, 0x0087, 0x0125, 0x0181, 0x00F5, 
0x005F, 0x0024, 0x0093, 0x0102, 0x0172, 0x0196, 0x0033, 0x018F, 0x0057, 0x0174, 0x002D, 0x0176, 0x010E, 0x00F2, 0x00D7, 0x0032, 
0x01A1, 0x0123, 0x0178, 0x00E2, 0x00F0, 0x0023, 0x00B0, 0x019F, 0x0020, 0x000C, 0x009F, 0x00E0, 0x0031, 0x002F, 0x0108, 0x0056, 
0x0077, 0x012D, 0x019C, 0x0053, 0x0189, 0x01A8, 0x0027, 0x001A, 0x0011, 0x0120, 0x006F, 0x0085, 0x00E7, 0x0098, 0x001D, 0x007A, 
0x019B, 0x007C, 0x0014, 0x00AA, 0x000F, 0x0073, 0x016A, 0x010D, 0x0134, 0x0138, 0x005A, 0x00A7, 0x0041, 0x00E1, 0x005B, 0x0113, 
0x00D8, 0x012F, 0x010C, 0x00A1, 0x0162, 0x0154, 0x008B, 0x00BB, 0x0183, 0x0061, 0x0140, 0x0187, 0x019E, 0x007B, 0x00CE, 0x016C, 
0x0168, 0x0095, 0x0050, 0x0074, 0x000B, 0x009C, 0x015D, 0x00BE, 0x00CB, 0x010F, 0x00CD, 0x01AB, 0x00B4, 0x00CC, 0x009B, 0x00F1, 
0x006E, 0x0004, 0x008F, 0x0146, 0x0035, 0x00FC, 0x0055, 0x00DB, 0x0040, 0x0153, 0x0131, 0x00ED, 0x0186, 0x00A0, 0x016D, 0x0177, 
0x0058, 0x0175, 0x0043, 0x00AD, 0x0002, 0x013C, 0x00B8, 0x004C, 0x0124, 0x0185, 0x0036, 0x0092, 0x01AA, 0x00DD, 0x00B1, 0x00AC, 
0x0051, 0x01A9, 0x0083, 0x001C, 0x006D, 0x01AE, 0x017D, 0x012B, 0x000D, 0x011D, 0x0155, 0x0099, 0x00FA, 0x0179, 0x0096, 0x0106, 
0x0069, 0x0060, 0x00EF, 0x0167, 0x0025, 0x0139, 0x004E, 0x014D, 0x0017, 0x016F, 0x004D, 0x00DC, 0x0046, 0x00C3, 0x0188, 0x0173, 
0x009A, 0x0127, 0x0133, 0x00B9, 0x000E, 0x0021, 0x0089, 0x00B6, 0x00B3, 0x014A, 0x0070, 0x00FF, 0x0097, 0x0130, 0x0103, 0x00C9, 
0x0052, 0x000A, 0x0005, 0x0062, 0x0199, 0x0147, 0x001F, 0x009D, 0x0109, 0x013B, 0x00D3, 0x00EA, 0x00EB, 0x00D2, 0x00F7, 0x0037, 
0x0063, 0x0068, 0x014C, 0x0158, 0x001E, 0x0169, 0x0026, 0x00C8, 0x00C5, 0x0129, 0x00A6, 0x0072, 0x0019, 0x004B, 0x0166, 0x0198, 
0x013F, 0x010B, 0x0088, 0x00EC, 0x00E9, 0x018B, 0x0048, 0x0193, 0x0059, 0x0065, 0x0149, 0x014E, 0x017A, 0x00BA, 0x00DF, 0x00C6, 
0x00C7, 0x00DE, 0x0076, 0x00A8, 0x0114, 0x0192, 0x006A, 0x0018, 0x014F, 0x01AC, 0x01A7, 0x015F, 0x00E8, 0x00AE, 0x0081, 0x011A, 
0x00B2, 0x0141, 0x0067, 0x00FE, 0x00FB, 0x0128, 0x0190, 0x01A3, 0x00F8, 0x007E, 0x008A, 0x0117, 0x003E, 0x0029, 0x00EE, 0x016B, 
0x00D5, 0x0164, 0x0042, 0x019A, 0x0064, 0x0163, 0x0078, 0x018C, 0x004A, 0x00C2, 0x0151, 0x0148, 0x00AB, 0x011B, 0x0038, 0x00B7, 
0x0118, 0x005C, 0x0094, 0x01A4, 0x0086, 0x0034, 0x0003, 0x0144, 0x0195, 0x012E, 0x0008, 0x0160, 0x0105, 0x0100, 0x00D4, 0x0007, 
0x011F, 0x017B, 0x002C, 0x008D, 0x0165, 0x00F9, 0x0075, 0x01AF, 0x0104, 0x016E, 0x003C, 0x0159, 0x003A, 0x0044, 0x0111, 0x002B, 
0x00C4, 0x0080, 0x005E, 0x0171, 0x00D6, 0x015C, 0x00B5, 0x017C, 0x006B, 0x0122, 0x01AD, 0x0143, 0x00C0, 0x0116, 0x00E5, 0x00FD, 
0x0006, 0x00E4, 0x00A2, 0x00E6, 0x00F3, 0x0054, 0x0115, 0x01A6, 0x013D, 0x0161, 0x011C, 0x0049, 0x0045, 0x00E3, 0x0136, 0x0013, 
0x002A, 0x0071, 0x0150, 0x002E, 0x00F6, 0x0126, 0x005D, 0x004F, 0x0110, 0x00A5, 0x0082, 0x00D9, 0x009E, 0x0156, 0x00D0, 0x0170, 
0x010A, 0x0157, 0x0079, 0x007D, 0x00A4, 0x0047, 0x013E, 0x01A2, 0x0107, 0x019D, 0x0135, 0x0016, 0x0137, 0x0194, 0x0119, 0x00CA, 
0x012C, 0x0142, 0x0091, 0x01A0, 0x0197, 0x018A, 0x0009, 0x0028, 0x015E, 0x0015, 0x0084, 0x013A, 0x015B, 0x00A9, 0x0182, 0x0180, 
0x00D1, 0x0112, 0x01A5, 0x0191, 0x0012, 0x0101, 0x018E, 0x00C1, 0x00CF, 0x0039, 0x008E, 0x0010, 0x017F, 0x00DA, 0x00BF, 0x00A3, 
0x003B, 0x0184, 0x003D, 0x015A, 0x0022, 0x017E, 0x001B, 0x003F, 0x00AF, 0x011E, 0x018D, 0x0152, 0x00BC, 0x0030, 0x008C, 0x012A, 
0x0066, 0x00BD, 0x0145, 0x0090, 0x0001, 0x00FE, 0x0001, 0x01B0, 0x0162, 0x00FE, 0x004F, 0x00B3, 0x0001, 0x011D, 0x00B3, 0x01B0, 
0x00B3, 0x0094, 0x0162, 0x0001, 0x0001, 0x00FE, 0x0162, 0x004F, 0x004F, 0x0001, 0x0094, 0x00B3, 0x00B3, 0x0001, 0x0001, 0x0162, 
0x004F, 0x011D, 0x004F, 0x00FE, 0x00B3, 0x00FE, 0x00FE, 0x01B0, 0x00FE, 0x011D, 0x00B3, 0x0094, 0x01B0, 0x0094, 0x0162, 0x00FE, 
0x0162, 0x0162, 0x011D, 0x0001, 0x00B3, 0x0001, 0x0001, 0x00FE, 0x00FE, 0x00FE, 0x0094, 0x011D, 0x0162, 0x0094, 0x0001, 0x004F, 
0x0162, 0x0094, 0x004F, 0x01B0, 0x0094, 0x0001, 0x011D, 0x01B0, 0x0094, 0x01B0, 0x011D, 0x00B3, 0x0094, 0x01B0, 0x00B3, 0x004F, 
0x011D, 0x0001, 0x00FE, 0x0162, 0x0001, 0x00B3, 0x004F, 0x0162, 0x0162, 0x011D, 0x004F, 0x01B0, 0x0094, 0x011D, 0x011D, 0x011D, 
0x004F, 0x004F, 0x00B3, 0x00FE, 0x004F, 0x0001, 0x00B3, 0x00FE, 0x0162, 0x00FE, 0x0162, 0x01B0, 0x00FE, 0x01B0, 0x004F, 0x01B0, 
0x01B0, 0x0162, 0x00FE, 0x004F, 0x004F, 0x011D, 0x01B0, 0x0162, 0x00B3, 0x00FE, 0x004F, 0x0094, 0x01B0, 0x011D, 0x01B0, 0x0162, 
0x0094, 0x0094, 0x00FE, 0x00B3, 0x0162, 0x0162, 0x0094, 0x00FE, 0x00FE, 0x004F, 0x0162, 0x00B3, 0x0001, 0x0162, 0x0001, 0x00B3, 
0x011D, 0x004F, 0x01B0, 0x0001, 0x00FE, 0x0162, 0x00B3, 0x00B3, 0x0094, 0x0001, 0x004F, 0x0094, 0x0001, 0x004F, 0x00FE, 0x00FE, 
0x011D, 0x01B0, 0x00FE, 0x011D, 0x0001, 0x00FE, 0x011D, 0x0001, 0x0094, 0x0094, 0x01B0, 0x011D, 0x01B0, 0x011D, 0x0162, 0x004F, 
0x011D, 0x0094, 0x011D, 0x00B3, 0x0001, 0x0162, 0x01B0, 0x004F, 0x0162, 0x004F, 0x0162, 0x004F, 0x011D, 0x0094, 0x00B3, 0x0094, 
0x004F, 0x0001, 0x00B3, 0x01B0, 0x0162, 0x0094, 0x0094, 0x00FE, 0x01B0, 0x0001, 0x0001, 0x01B0, 0x011D, 0x011D, 0x00B3, 0x01B0, 
0x004F, 0x011D, 0x0094, 0x00B3, 0x0094, 0x01B0, 0x01B0, 0x00B3, 0x011D, 0x0094, 0x00B3, 0x00B3, 0x00B3, 0x00B3, 0x0094, 0x011D, 
0x00B3, 0x01B0, 0x01B0, 0x0094, 0x00B3, 0x0094, 0x011D, 0x004F, 0x01B0, 0x00B3, 0x011D, 0x011D, 0x01B0, 0x0001, 0x0001, 0x01B0, 
0x00FE, 0x0094, 0x0094, 0x0162, 0x01B0, 0x00B3, 0x0001, 0x004F, 0x0094, 0x00B3, 0x0094, 0x011D, 0x004F, 0x0162, 0x004F, 0x0162, 
0x004F, 0x01B0, 0x0162, 0x0001, 0x00B3, 0x011D, 0x0094, 0x011D, 0x004F, 0x0162, 0x011D, 0x01B0, 0x011D, 0x01B0, 0x0094, 0x0094, 
0x0001, 0x011D, 0x00FE, 0x0001, 0x011D, 0x00FE, 0x01B0, 0x011D, 0x00FE, 0x00FE, 0x004F, 0x0001, 0x0094, 0x004F, 0x0001, 0x0094, 
0x00B3, 0x00B3, 0x0162, 0x00FE, 0x0001, 0x01B0, 0x004F, 0x011D, 0x00B3, 0x0001, 0x0162, 0x0001, 0x00B3, 0x0162, 0x004F, 0x00FE, 
0x00FE, 0x0094, 0x0162, 0x0162, 0x00B3, 0x00FE, 0x0094, 0x0094, 0x0162, 0x01B0, 0x011D, 0x01B0, 0x0094, 0x004F, 0x00FE, 0x00B3, 
0x0162, 0x01B0, 0x011D, 0x004F, 0x004F, 0x00FE, 0x0162, 0x01B0, 0x01B0, 0x004F, 0x01B0, 0x00FE, 0x01B0, 0x0162, 0x00FE, 0x0162, 
0x00FE, 0x00B3, 0x0001, 0x004F, 0x00FE, 0x00B3, 0x004F, 0x004F, 0x011D, 0x011D, 0x011D, 0x0094, 0x01B0, 0x004F, 0x011D, 0x0162, 
0x0162, 0x004F, 0x00B3, 0x0001, 0x0162, 0x00FE, 0x0001, 0x011D, 0x004F, 0x00B3, 0x01B0, 0x0094, 0x00B3, 0x011D, 0x01B0, 0x0094, 
0x01B0, 0x011D, 0x0001, 0x0094, 0x01B0, 0x004F, 0x0094, 0x0162, 0x004F, 0x0001, 0x0094, 0x0162, 0x011D, 0x0094, 0x00FE, 0x00FE, 
0x00FE, 0x0001, 0x0001, 0x00B3, 0x0001, 0x011D, 0x0162, 0x0162, 0x00FE, 0x0162, 0x0094, 0x01B0, 0x0094, 0x00B3, 0x011D, 0x00FE, 
0x01B0, 0x00FE, 0x00FE, 0x00B3, 0x00FE, 0x004F, 0x011D, 0x004F, 0x0162, 0x0001, 0x0001, 0x00B3, 0x00B3, 0x0094, 0x0001, 0x004F, 
0x004F, 0x0162, 0x00FE, 0x0001, 0x0001, 0x0162, 0x0094, 0x00B3, 0x01B0, 0x00B3, 0x011D, 0x0001, 0x00B3, 0x004F, 0x00FE, 0x0162, 
0x01B0, 0x0001, 0x0001, 0x004B, 0x0003, 0x01AD, 0x0026, 0x00E1, 0x0078, 0x0085, 0x0009, 0x00FC, 0x00ED, 0x01A5, 0x00A2, 0x0154, 
0x0072, 0x0010, 0x0011, 0x00F2, 0x00E7, 0x0119, 0x0168, 0x0016, 0x0175, 0x018F, 0x0091, 0x001A, 0x001B, 0x0182, 0x007E, 0x0143, 
0x011C, 0x014E, 0x0116, 0x0199, 0x00E6, 0x018D, 0x0131, 0x0005, 0x0035, 0x0123, 0x0188, 0x009A, 0x0043, 0x015F, 0x0156, 0x0107, 
0x0195, 0x0030, 0x006F, 0x0032, 0x0033, 0x00DA, 0x0027, 0x0125, 0x015A, 0x0174, 0x0104, 0x0165, 0x003B, 0x019A, 0x0179, 0x0053, 
0x00D6, 0x0171, 0x005E, 0x0042, 0x002B, 0x016D, 0x00FD, 0x016B, 0x013D, 0x014B, 0x019C, 0x0167, 0x0002, 0x0177, 0x0127, 0x004E, 
0x0094, 0x00AF, 0x0051, 0x0185, 0x003E, 0x0124, 0x00D5, 0x0106, 0x017A, 0x0159, 0x00B6, 0x0067, 0x0184, 0x00F0, 0x01A3, 0x0041, 
0x0076, 0x0088, 0x012E, 0x0062, 0x0191, 0x011E, 0x00F8, 0x0169, 0x005A, 0x0149, 0x0101, 0x0147, 0x00E2, 0x0145, 0x0144, 0x0193, 
0x0031, 0x00BC, 0x010B, 0x000F, 0x013E, 0x016A, 0x009F, 0x005F, 0x0134, 0x0007, 0x0138, 0x0082, 0x0136, 0x00A3, 0x013A, 0x001D, 
0x00D8, 0x018C, 0x00C9, 0x007A, 0x0150, 0x00BB, 0x0008, 0x00C2, 0x00A0, 0x0060, 0x0089, 0x0164, 0x008B, 0x017B, 0x015D, 0x0189, 
0x0122, 0x0090, 0x0019, 0x009D, 0x014D, 0x004F, 0x0192, 0x0096, 0x00EE, 0x019D, 0x0099, 0x002A, 0x0190, 0x00DD, 0x0092, 0x0113, 
0x0075, 0x0087, 0x00A1, 0x000D, 0x007C, 0x00A4, 0x00AC, 0x0140, 0x010A, 0x00FA, 0x0108, 0x0183, 0x015B, 0x00A5, 0x0178, 0x00CD, 
0x0050, 0x0148, 0x00B1, 0x00E3, 0x00FE, 0x016C, 0x01A7, 0x0059, 0x0109, 0x00F7, 0x014C, 0x00F9, 0x0084, 0x0070, 0x00D1, 0x00BE, 
0x019F, 0x00F1, 0x0155, 0x0086, 0x011A, 0x01A6, 0x00EC, 0x00C6, 0x00C7, 0x00E9, 0x0081, 0x019E, 0x018E, 0x00E5, 0x00AE, 0x00FF, 
0x0146, 0x01AB, 0x00BD, 0x00DF, 0x00DE, 0x0115, 0x0055, 0x003F, 0x017D, 0x007F, 0x0132, 0x0034, 0x0172, 0x015C, 0x009C, 0x00D3, 
0x00D2, 0x00F4, 0x0006, 0x006B, 0x00B2, 0x0103, 0x00CC, 0x0023, 0x0013, 0x0130, 0x00C8, 0x00EA, 0x00EB, 0x00C5, 0x000B, 0x0097, 
0x012B, 0x005C, 0x00C0, 0x0012, 0x00F3, 0x00E0, 0x0141, 0x012D, 0x00B8, 0x0065, 0x00BA, 0x00A8, 0x0158, 0x000A, 0x0045, 0x00B3, 
0x00CE, 0x0100, 0x0069, 0x0161, 0x00E4, 0x0039, 0x010C, 0x0056, 0x002E, 0x00A9, 0x00B7, 0x00A7, 0x0071, 0x0105, 0x010D, 0x0135, 
0x01A4, 0x0110, 0x012A, 0x013C, 0x009E, 0x011F, 0x00D4, 0x0021, 0x0187, 0x0118, 0x0014, 0x00C3, 0x011B, 0x001F, 0x0162, 0x0064, 
0x0114, 0x0198, 0x0121, 0x008F, 0x0028, 0x0054, 0x0036, 0x0126, 0x004D, 0x0128, 0x0151, 0x0111, 0x00EF, 0x01A9, 0x00F6, 0x0061, 
0x0137, 0x00E8, 0x0025, 0x00D9, 0x0194, 0x0077, 0x010E, 0x007B, 0x012F, 0x0079, 0x01AA, 0x007D, 0x0152, 0x0112, 0x0047, 0x0073, 
0x01A2, 0x00A6, 0x00F5, 0x0180, 0x001E, 0x006D, 0x006C, 0x00CF, 0x006A, 0x00B0, 0x0068, 0x0157, 0x0048, 0x00B9, 0x0093, 0x0020, 
0x014F, 0x0083, 0x0129, 0x013B, 0x0170, 0x000E, 0x00C1, 0x002D, 0x014A, 0x00FB, 0x0058, 0x0037, 0x00AB, 0x00DC, 0x008D, 0x0173, 
0x002C, 0x0160, 0x0102, 0x011D, 0x0163, 0x008A, 0x003A, 0x01AF, 0x004A, 0x0015, 0x0066, 0x0074, 0x0046, 0x00B4, 0x0044, 0x0186, 
0x016F, 0x0153, 0x0040, 0x00DB, 0x015E, 0x0038, 0x0017, 0x0176, 0x004C, 0x00AD, 0x003D, 0x0057, 0x008C, 0x018A, 0x00D7, 0x017E, 
0x017F, 0x0142, 0x0181, 0x001C, 0x00AA, 0x005B, 0x0052, 0x016E, 0x0117, 0x0029, 0x008E, 0x017C, 0x01AC, 0x0080, 0x0024, 0x00CB, 
0x0018, 0x009B, 0x0063, 0x0095, 0x006E, 0x0133, 0x002F, 0x0196, 0x0197, 0x0120, 0x0022, 0x003C, 0x019B, 0x0049, 0x0098, 0x00CA, 
0x00BF, 0x01A0, 0x01A1, 0x013F, 0x005D, 0x010F, 0x000C, 0x00C4, 0x00B5, 0x01A8, 0x012C, 0x0139, 0x00D0, 0x018B, 0x0004, 0x01AE, 
0x0001, 0x0096, 0x0009, 0x01A1, 0x00BE, 0x0033, 0x0197, 0x00C6, 0x0051, 0x0163, 0x0009, 0x0121, 0x0176, 0x01AE, 0x019B, 0x0100, 
0x0121, 0x001A, 0x003B, 0x01A8, 0x00C7, 0x0033, 0x0160, 0x0032, 0x00A1, 0x00F3, 0x0128, 0x01A0, 0x00BE, 0x00A4, 0x0090, 0x0128, 
0x0051, 0x0032, 0x0100, 0x0003, 0x001B, 0x00BE, 0x014F, 0x017E, 0x0033, 0x0196, 0x011B, 0x0121, 0x00EB, 0x0197, 0x01A0, 0x008B, 
0x00F3, 0x014F, 0x0003, 0x004E, 0x014F, 0x00EA, 0x019B, 0x0030, 0x0062, 0x0163, 0x0011, 0x0160, 0x0030, 0x017F, 0x003B, 0x00EA, 
0x0030, 0x001A, 0x011B, 0x008B, 0x0089, 0x0128, 0x01A8, 0x0011, 0x00C7, 0x0099, 0x0096, 0x0163, 0x00C7, 0x0016, 0x0001, 0x0090, 
0x0042, 0x0121, 0x017F, 0x0118, 0x0160, 0x0010, 0x019B, 0x0032, 0x00B1, 0x00B1, 0x00EB, 0x01AE, 0x01AE, 0x0030, 0x0181, 0x0042, 
0x011B, 0x004E, 0x0128, 0x0016, 0x016F, 0x0011, 0x00B1, 0x0009, 0x008B, 0x0016, 0x016F, 0x001B, 0x00F3, 0x00A4, 0x00F3, 0x0110, 
0x0126, 0x019B, 0x00C6, 0x01A8, 0x01A1, 0x0181, 0x0118, 0x0197, 0x0051, 0x0110, 0x001A, 0x0126, 0x0118, 0x00BE, 0x0099, 0x001B, 
0x017E, 0x0110, 0x011B, 0x0003, 0x00C6, 0x0010, 0x017F, 0x0042, 0x0096, 0x00C7, 0x010D, 0x00EA, 0x0118, 0x017E, 0x014F, 0x0181, 
0x00A1, 0x0196, 0x0016, 0x0001, 0x0090, 0x01A1, 0x01B0, 0x01A8, 0x001B, 0x0196, 0x0051, 0x010D, 0x0196, 0x0096, 0x01A1, 0x017F, 
0x0176, 0x0176, 0x0126, 0x0032, 0x00EB, 0x0126, 0x0100, 0x01B0, 0x0011, 0x0197, 0x0010, 0x00EB, 0x0062, 0x00A4, 0x0090, 0x008B, 
0x0099, 0x0089, 0x0001, 0x0089, 0x0163, 0x00B1, 0x01B0, 0x01A0, 0x016F, 0x01A0, 0x0003, 0x0110, 0x0062, 0x00A1, 0x001A, 0x0176, 
0x01AE, 0x0010, 0x01B0, 0x0009, 0x00A1, 0x00EA, 0x00C6, 0x010D, 0x017E, 0x003B, 0x0100, 0x0181, 0x00A4, 0x0089, 0x016F, 0x0033, 
0x0062, 0x0042, 0x004E, 0x010D, 0x0160, 0x003B, 0x004E, 0x0099, 0x0099, 0x004E, 0x003B, 0x0160, 0x010D, 0x004E, 0x0042, 0x0062, 
0x0033, 0x016F, 0x0089, 0x00A4, 0x0181, 0x0100, 0x003B, 0x017E, 0x010D, 0x00C6, 0x00EA, 0x00A1, 0x0009, 0x01B0, 0x0010, 0x01AE, 
0x0176, 0x001A, 0x00A1, 0x0062, 0x0110, 0x0003, 0x01A0, 0x016F, 0x01A0, 0x01B0, 0x00B1, 0x0163, 0x0089, 0x0001, 0x0089, 0x0099, 
0x008B, 0x0090, 0x00A4, 0x0062, 0x00EB, 0x0010, 0x0197, 0x0011, 0x01B0, 0x0100, 0x0126, 0x00EB, 0x0032, 0x0126, 0x0176, 0x0176, 
0x017F, 0x01A1, 0x0096, 0x0196, 0x010D, 0x0051, 0x0196, 0x001B, 0x01A8, 0x01B0, 0x01A1, 0x0090, 0x0001, 0x0016, 0x0196, 0x00A1, 
0x0181, 0x014F, 0x017E, 0x0118, 0x00EA, 0x010D, 0x00C7, 0x0096, 0x0042, 0x017F, 0x0010, 0x00C6, 0x0003, 0x011B, 0x0110, 0x017E, 
0x001B, 0x0099, 0x00BE, 0x0118, 0x0126, 0x001A, 0x0110, 0x0051, 0x0197, 0x0118, 0x0181, 0x01A1, 0x01A8, 0x00C6, 0x019B, 0x0126, 
0x0110, 0x00F3, 0x00A4, 0x00F3, 0x001B, 0x016F, 0x0016, 0x008B, 0x0009, 0x00B1, 0x0011, 0x016F, 0x0016, 0x0128, 0x004E, 0x011B, 
0x0042, 0x0181, 0x0030, 0x01AE, 0x01AE, 0x00EB, 0x00B1, 0x00B1, 0x0032, 0x019B, 0x0010, 0x0160, 0x0118, 0x017F, 0x0121, 0x0042, 
0x0090, 0x0001, 0x0016, 0x00C7, 0x0163, 0x0096, 0x0099, 0x00C7, 0x0011, 0x01A8, 0x0128, 0x0089, 0x008B, 0x011B, 0x001A, 0x0030, 
0x00EA, 0x003B, 0x017F, 0x0030, 0x0160, 0x0011, 0x0163, 0x0062, 0x0030, 0x019B, 0x00EA, 0x014F, 0x004E, 0x0003, 0x014F, 0x00F3, 
0x008B, 0x01A0, 0x0197, 0x00EB, 0x0121, 0x011B, 0x0196, 0x0033, 0x017E, 0x014F, 0x00BE, 0x001B, 0x0003, 0x0100, 0x0032, 0x0051, 
0x0128, 0x0090, 0x00A4, 0x00BE, 0x01A0, 0x0128, 0x00F3, 0x00A1, 0x0032, 0x0160, 0x0033, 0x00C7, 0x01A8, 0x003B, 0x001A, 0x0121, 
0x0100, 0x019B, 0x01AE, 0x0176, 0x0121, 0x0009, 0x0163, 0x0051, 0x00C6, 0x0197, 0x0033, 0x00BE, 0x01A1, 0x0009, 0x0001, 0x012C, 
0x001B, 0x0171, 0x0054, 0x0132, 0x00FB, 0x011D, 0x0128, 0x0056, 0x0063, 0x0004, 0x0063, 0x0187, 0x0067, 0x00C7, 0x0096, 0x0023, 
0x00FF, 0x00FD, 0x011A, 0x0100, 0x012E, 0x014E, 0x0080, 0x0100, 0x00C6, 0x0186, 0x013A, 0x009D, 0x0086, 0x017B, 0x004B, 0x0191, 
0x012C, 0x006C, 0x0085, 0x0124, 0x004B, 0x007D, 0x0167, 0x00A5, 0x002D, 0x009F, 0x00B7, 0x0067, 0x0043, 0x00B1, 0x00D8, 0x0128, 
0x0099, 0x009F, 0x0002, 0x004F, 0x0059, 0x005A, 0x0186, 0x00EF, 0x0089, 0x0150, 0x014A, 0x016C, 0x00FD, 0x00FE, 0x0059, 0x01A1, 
0x0156, 0x0167, 0x0168, 0x0171, 0x00E3, 0x0166, 0x00EE, 0x0040, 0x01A9, 0x0086, 0x00A8, 0x01A1, 0x004F, 0x0106, 0x0096, 0x013C, 
0x00B4, 0x008A, 0x002B, 0x004D, 0x00FB, 0x0046, 0x00A5, 0x0156, 0x00A8, 0x009D, 0x009A, 0x00B6, 0x00CB, 0x0112, 0x00AC, 0x011B, 
0x0125, 0x0023, 0x0106, 0x0002, 0x002D, 0x0046, 0x0132, 0x00A7, 0x012B, 0x013E, 0x004A, 0x011F, 0x007F, 0x009A, 0x013A, 0x005A, 
0x00FE, 0x00FF, 0x0125, 0x018E, 0x019C, 0x0158, 0x0113, 0x0114, 0x00A7, 0x0054, 0x0168, 0x007D, 0x017B, 0x01A9, 0x015D, 0x011F, 
0x010C, 0x018C, 0x0162, 0x019C, 0x00B2, 0x013C, 0x00C7, 0x00B7, 0x0099, 0x011D, 0x004D, 0x0077, 0x0113, 0x0010, 0x018C, 0x0184, 
0x00CB, 0x0094, 0x00EF, 0x00C6, 0x011A, 0x016C, 0x00EA, 0x00AC, 0x01AF, 0x018C, 0x005B, 0x013E, 0x0036, 0x00E3, 0x001B, 0x0191, 
0x0124, 0x0196, 0x00EE, 0x0134, 0x013E, 0x0109, 0x0113, 0x0157, 0x008A, 0x0097, 0x0043, 0x0187, 0x0056, 0x00D8, 0x00EB, 0x008A, 
0x00B3, 0x019C, 0x00AB, 0x00AC, 0x00FA, 0x0150, 0x015B, 0x012E, 0x0080, 0x002A, 0x0150, 0x0118, 0x00CB, 0x016B, 0x011F, 0x0049, 
0x00EE, 0x0020, 0x006C, 0x0001, 0x01B0, 0x006C, 0x008D, 0x00E3, 0x0008, 0x00A7, 0x0117, 0x004D, 0x00C2, 0x00D8, 0x0083, 0x0004, 
0x0004, 0x0131, 0x0043, 0x0045, 0x013C, 0x008C, 0x0125, 0x0075, 0x016C, 0x016E, 0x0080, 0x01AD, 0x01AD, 0x012E, 0x00D9, 0x00EF, 
0x0164, 0x009A, 0x010A, 0x01A9, 0x00CE, 0x0124, 0x0145, 0x0001, 0x01B0, 0x0145, 0x0191, 0x00C3, 0x0168, 0x0092, 0x0046, 0x00E6, 
0x0099, 0x0061, 0x0187, 0x0131, 0x0083, 0x0056, 0x0061, 0x00B7, 0x0105, 0x0106, 0x0015, 0x00FE, 0x0127, 0x00C6, 0x00D9, 0x015B, 
0x002A, 0x016E, 0x011A, 0x0127, 0x005A, 0x009E, 0x00A8, 0x0073, 0x007D, 0x00C3, 0x001B, 0x008D, 0x0020, 0x0196, 0x00CE, 0x017B, 
0x0073, 0x0156, 0x0025, 0x0002, 0x0105, 0x00C7, 0x0045, 0x0097, 0x00EB, 0x00C2, 0x011D, 0x00E6, 0x002D, 0x0025, 0x01A1, 0x009E, 
0x013A, 0x0164, 0x0094, 0x0118, 0x00FA, 0x00EA, 0x0075, 0x00FF, 0x0015, 0x004F, 0x0025, 0x00A5, 0x0092, 0x0054, 0x0008, 0x0036, 
0x0134, 0x0049, 0x015D, 0x010A, 0x009D, 0x009E, 0x0059, 0x0015, 0x0023, 0x008C, 0x00B2, 0x00B3, 0x0157, 0x0077, 0x0117, 0x0132, 
0x0092, 0x0167, 0x0073, 0x0086, 0x010A, 0x007F, 0x016B, 0x0184, 0x01AF, 0x00AB, 0x018E, 0x008C, 0x0096, 0x0105, 0x009F, 0x00E6, 
0x00FB, 0x0117, 0x0114, 0x0109, 0x005B, 0x010C, 0x016B, 0x00B6, 0x0164, 0x0186, 0x0127, 0x00FD, 0x0075, 0x011B, 0x00AB, 0x0162, 
0x0010, 0x0109, 0x012B, 0x0008, 0x0171, 0x00C3, 0x004B, 0x00CE, 0x0040, 0x0049, 0x004A, 0x005B, 0x0010, 0x0158, 0x00B3, 0x00B4, 
0x0045, 0x0067, 0x0061, 0x0128, 0x00C2, 0x002B, 0x0157, 0x0158, 0x0162, 0x01AF, 0x0112, 0x0118, 0x0089, 0x00D9, 0x0100, 0x016E, 
0x014A, 0x00FA, 0x0112, 0x0184, 0x010C, 0x004A, 0x0134, 0x0166, 0x008D, 0x012C, 0x0145, 0x0085, 0x0020, 0x0166, 0x0036, 0x012B, 
0x0114, 0x0077, 0x002B, 0x00EB, 0x00B1, 0x0131, 0x0063, 0x0083, 0x00B1, 0x0097, 0x00B4, 0x00B2, 0x018E, 0x011B, 0x00EA, 0x014A, 
0x002A, 0x014E, 0x01AD, 0x014E, 0x015B, 0x0089, 0x0094, 0x00B6, 0x007F, 0x015D, 0x0040, 0x0196, 0x0001, 0x00A7, 0x0051, 0x00B1, 
0x01A4, 0x0068, 0x0019, 0x0073, 0x0042, 0x01AB, 0x00DF, 0x0030, 0x01A5, 0x0116, 0x00F6, 0x0099, 0x0181, 0x00C5, 0x0052, 0x0129, 
0x0125, 0x0003, 0x0012, 0x00DE, 0x00A9, 0x00A1, 0x0096, 0x005F, 0x000D, 0x017C, 0x0101, 0x0004, 0x0136, 0x00D3, 0x006C, 0x01A8, 
0x009E, 0x010F, 0x0147, 0x00ED, 0x01AE, 0x0002, 0x00CB, 0x0044, 0x0008, 0x0198, 0x0076, 0x010D, 0x00C0, 0x004E, 0x0009, 0x0029, 
0x006A, 0x0171, 0x0084, 0x0115, 0x0093, 0x0006, 0x0121, 0x00F2, 0x00D4, 0x0034, 0x015F, 0x00EB, 0x009C, 0x00F3, 0x018E, 0x00A4, 
0x009F, 0x011B, 0x0060, 0x00E5, 0x0036, 0x0196, 0x010A, 0x00E1, 0x017B, 0x0033, 0x00B3, 0x00B0, 0x001A, 0x016D, 0x00DA, 0x014E, 
0x00BF, 0x007F, 0x00BB, 0x0062, 0x018C, 0x0025, 0x0085, 0x009B, 0x0021, 0x00DD, 0x00E9, 0x0144, 0x00E6, 0x0016, 0x01AD, 0x0024, 
0x0031, 0x00CC, 0x0131, 0x0160, 0x0058, 0x017E, 0x0180, 0x0089, 0x0110, 0x018A, 0x00F1, 0x0169, 0x0199, 0x012D, 0x00C7, 0x0088, 
0x004A, 0x00C8, 0x0063, 0x0091, 0x016F, 0x014B, 0x00BE, 0x0018, 0x0191, 0x00A2, 0x0046, 0x0113, 0x01A6, 0x0048, 0x0023, 0x0138, 
0x013E, 0x00D9, 0x00D7, 0x006D, 0x01A1, 0x008C, 0x0032, 0x0040, 0x0020, 0x000B, 0x0163, 0x008B, 0x0108, 0x0166, 0x018D, 0x00FE, 
0x0069, 0x0100, 0x0094, 0x0151, 0x0128, 0x004B, 0x007B, 0x0122, 0x01AF, 0x0010, 0x0167, 0x017D, 0x0011, 0x000C, 0x018F, 0x014F, 
0x012C, 0x0022, 0x0118, 0x0162, 0x0090, 0x0120, 0x00D8, 0x01A9, 0x014D, 0x0035, 0x0148, 0x0159, 0x001B, 0x013C, 0x01B0, 0x0075, 
0x00D0, 0x0080, 0x011D, 0x0152, 0x006F, 0x013B, 0x0079, 0x0066, 0x011E, 0x0176, 0x00EC, 0x01A0, 0x0190, 0x0132, 0x004F, 0x00D2, 
0x003B, 0x00C6, 0x00EA, 0x017F, 0x00C4, 0x0185, 0x0145, 0x0126, 0x0027, 0x0112, 0x0142, 0x0149, 0x0064, 0x0197, 0x019B, 0x008F, 
0x019F, 0x002C, 0x0188, 0x016B, 0x016B, 0x0188, 0x002C, 0x019F, 0x008F, 0x019B, 0x0197, 0x0064, 0x0149, 0x0142, 0x0112, 0x0027, 
0x0126, 0x0145, 0x0185, 0x00C4, 0x017F, 0x00EA, 0x00C6, 0x003B, 0x00D2, 0x004F, 0x0132, 0x0190, 0x01A0, 0x00EC, 0x0176, 0x011E, 
0x0066, 0x0079, 0x013B, 0x006F, 0x0152, 0x011D, 0x0080, 0x00D0, 0x0075, 0x01B0, 0x013C, 0x001B, 0x0159, 0x0148, 0x0035, 0x014D, 
0x01A9, 0x00D8, 0x0120, 0x0090, 0x0162, 0x0118, 0x0022, 0x012C, 0x014F, 0x018F, 0x000C, 0x0011, 0x017D, 0x0167, 0x0010, 0x01AF, 
0x0122, 0x007B, 0x004B, 0x0128, 0x0151, 0x0094, 0x0100, 0x0069, 0x00FE, 0x018D, 0x0166, 0x0108, 0x008B, 0x0163, 0x000B, 0x0020, 
0x0040, 0x0032, 0x008C, 0x01A1, 0x006D, 0x00D7, 0x00D9, 0x013E, 0x0138, 0x0023, 0x0048, 0x01A6, 0x0113, 0x0046, 0x00A2, 0x0191, 
0x0018, 0x00BE, 0x014B, 0x016F, 0x0091, 0x0063, 0x00C8, 0x004A, 0x0088, 0x00C7, 0x012D, 0x0199, 0x0169, 0x00F1, 0x018A, 0x0110, 
0x0089, 0x0180, 0x017E, 0x0058, 0x0160, 0x0131, 0x00CC, 0x0031, 0x0024, 0x01AD, 0x0016, 0x00E6, 0x0144, 0x00E9, 0x00DD, 0x0021, 
0x009B, 0x0085, 0x0025, 0x018C, 0x0062, 0x00BB, 0x007F, 0x00BF, 0x014E, 0x00DA, 0x016D, 0x001A, 0x00B0, 0x00B3, 0x0033, 0x017B, 
0x00E1, 0x010A, 0x0196, 0x0036, 0x00E5, 0x0060, 0x011B, 0x009F, 0x00A4, 0x018E, 0x00F3, 0x009C, 0x00EB, 0x015F, 0x0034, 0x00D4, 
0x00F2, 0x0121, 0x0006, 0x0093, 0x0115, 0x0084, 0x0171, 0x006A, 0x0029, 0x0009, 0x004E, 0x00C0, 0x010D, 0x0076, 0x0198, 0x0008, 
0x0044, 0x00CB, 0x0002, 0x01AE, 0x00ED, 0x0147, 0x010F, 0x009E, 0x01A8, 0x006C, 0x00D3, 0x0136, 0x0004, 0x0101, 0x017C, 0x000D, 
0x005F, 0x0096, 0x00A1, 0x00A9, 0x00DE, 0x0012, 0x0003, 0x0125, 0x0129, 0x0052, 0x00C5, 0x0181, 0x0099, 0x00F6, 0x0116, 0x01A5, 
0x0030, 0x00DF, 0x01AB, 0x0042, 0x0073, 0x0019, 0x0068, 0x01A4, 0x00B1, 0x0051, 0x0001, 0x014E, 0x00F3, 0x0113, 0x0170, 0x00BF, 
0x00AF, 0x0036, 0x00A1, 0x0175, 0x0120, 0x008F, 0x0115, 0x01AC, 0x00E2, 0x011B, 0x0032, 0x0052, 0x0103, 0x0137, 0x005B, 0x0042, 
0x019E, 0x0084, 0x0148, 0x0121, 0x0099, 0x003E, 0x0179, 0x008E, 0x00AD, 0x0080, 0x010F, 0x00F6, 0x013C, 0x006D, 0x00D9, 0x0153, 
0x00C4, 0x0183, 0x0136, 0x0054, 0x0045, 0x018A, 0x0168, 0x0095, 0x015E, 0x0163, 0x013B, 0x0003, 0x001A, 0x0190, 0x01A6, 0x0008, 
0x014C, 0x0165, 0x0098, 0x015C, 0x00A4, 0x00E7, 0x0177, 0x00C1, 0x001E, 0x013E, 0x00B5, 0x0011, 0x00FD, 0x0147, 0x0092, 0x0145, 
0x0141, 0x0022, 0x002D, 0x00A7, 0x0020, 0x00D5, 0x00AC, 0x0051, 0x011D, 0x00E0, 0x0176, 0x0035, 0x0155, 0x0158, 0x00D6, 0x0061, 
0x00F8, 0x018D, 0x00AB, 0x012B, 0x019C, 0x0194, 0x0026, 0x01A7, 0x0034, 0x0169, 0x00E3, 0x01A8, 0x0025, 0x0088, 0x00BA, 0x0018, 
0x00EF, 0x00EC, 0x0093, 0x00DF, 0x0182, 0x004A, 0x00CC, 0x0028, 0x0152, 0x00A3, 0x013F, 0x006B, 0x0171, 0x00BC, 0x01AF, 0x00DA, 
0x005A, 0x0050, 0x00F1, 0x0071, 0x01A5, 0x017A, 0x014A, 0x003D, 0x00E6, 0x007F, 0x0139, 0x010B, 0x00FF, 0x0031, 0x0125, 0x0043, 
0x000E, 0x0066, 0x0196, 0x010C, 0x0016, 0x012C, 0x00B6, 0x0107, 0x0068, 0x0062, 0x00B0, 0x0134, 0x0151, 0x0162, 0x0039, 0x0128, 
0x0109, 0x0082, 0x0100, 0x0124, 0x000D, 0x00D0, 0x0077, 0x016B, 0x0166, 0x0154, 0x008B, 0x00D4, 0x0057, 0x017E, 0x008A, 0x000F, 
0x01AD, 0x0097, 0x0058, 0x001F, 0x0083, 0x0164, 0x0014, 0x0081, 0x00F4, 0x0064, 0x0010, 0x0187, 0x00FE, 0x0114, 0x019A, 0x015B, 
0x00C3, 0x0111, 0x00B8, 0x0087, 0x006F, 0x007C, 0x016A, 0x0030, 0x002C, 0x00C8, 0x007E, 0x002B, 0x00FA, 0x0019, 0x016D, 0x00EA, 
0x00EB, 0x0188, 0x01AA, 0x00CD, 0x009F, 0x00DE, 0x00C9, 0x009A, 0x0195, 0x0012, 0x0074, 0x00A9, 0x0079, 0x0006, 0x003F, 0x0143, 
0x0116, 0x0023, 0x018E, 0x009B, 0x006E, 0x0172, 0x01AB, 0x0138, 0x0108, 0x013D, 0x019F, 0x001C, 0x0117, 0x00E8, 0x00D3, 0x0112, 
0x00E4, 0x0007, 0x0029, 0x00C6, 0x00C7, 0x0044, 0x0198, 0x00B7, 0x0186, 0x0133, 0x00E9, 0x0185, 0x0181, 0x0047, 0x0135, 0x0142, 
0x012A, 0x00F9, 0x00A0, 0x00EE, 0x0056, 0x0017, 0x009D, 0x00B3, 0x002A, 0x01A1, 0x014D, 0x00BD, 0x0130, 0x019D, 0x004D, 0x012E, 
0x0192, 0x0159, 0x011A, 0x0004, 0x01A2, 0x0127, 0x0033, 0x015A, 0x00DD, 0x0126, 0x005D, 0x004B, 0x0046, 0x013A, 0x00E1, 0x01A4, 
0x008D, 0x00B1, 0x012F, 0x00A8, 0x0089, 0x0178, 0x004F, 0x0060, 0x007D, 0x0101, 0x014F, 0x0149, 0x00AA, 0x00FB, 0x0085, 0x019B, 
0x00A5, 0x001B, 0x014B, 0x01A3, 0x016E, 0x008C, 0x0180, 0x00B2, 0x00A6, 0x0078, 0x0132, 0x00CB, 0x0174, 0x0067, 0x0037, 0x000C, 
0x0140, 0x00C0, 0x0161, 0x0157, 0x00D7, 0x0002, 0x00F5, 0x0040, 0x0146, 0x0072, 0x010E, 0x005F, 0x0189, 0x00E5, 0x0167, 0x002F, 
0x00D2, 0x011E, 0x00C5, 0x00C2, 0x0199, 0x00F7, 0x0129, 0x018C, 0x0009, 0x00CE, 0x0048, 0x017D, 0x000A, 0x018B, 0x001D, 0x0015, 
0x0086, 0x0106, 0x0024, 0x00B9, 0x0150, 0x00DB, 0x0059, 0x005C, 0x017C, 0x003B, 0x00D1, 0x0094, 0x0160, 0x0105, 0x00DC, 0x0191, 
0x010A, 0x0184, 0x018F, 0x0070, 0x006C, 0x011F, 0x006A, 0x00B4, 0x01A0, 0x00FC, 0x0073, 0x0193, 0x00F0, 0x003A, 0x00CA, 0x010D, 
0x0055, 0x0119, 0x004C, 0x0065, 0x01A9, 0x000B, 0x0021, 0x0197, 0x01AE, 0x0076, 0x004E, 0x0053, 0x011C, 0x0049, 0x0027, 0x016C, 
0x015D, 0x007B, 0x002E, 0x00ED, 0x005E, 0x00D8, 0x0144, 0x0075, 0x00BB, 0x00A2, 0x0131, 0x0104, 0x0123, 0x0038, 0x0173, 0x0118, 
0x0090, 0x0069, 0x012D, 0x0013, 0x016F, 0x0156, 0x007A, 0x00AE, 0x015F, 0x017F, 0x0096, 0x00CF, 0x0005, 0x009C, 0x0122, 0x0091, 
0x003C, 0x0110, 0x017B, 0x0102, 0x00F2, 0x0041, 0x009E, 0x00BE, 0x0001, 0x00EB, 0x0128, 0x00EA, 0x006C, 0x0118, 0x0167, 0x01B0, 
0x0096, 0x010A, 0x0089, 0x01A1, 0x0089, 0x016B, 0x0167, 0x00C6, 0x01A1, 0x00B1, 0x009E, 0x009E, 0x00B3, 0x0099, 0x01AD, 0x0089, 
0x0196, 0x0099, 0x00EA, 0x0004, 0x006C, 0x016B, 0x00A7, 0x00C7, 0x011B, 0x0089, 0x00EB, 0x001B, 0x00EB, 0x0145, 0x011B, 0x0145, 
0x0099, 0x0040, 0x0171, 0x0010, 0x00B3, 0x0167, 0x01AD, 0x0099, 0x0118, 0x0096, 0x001B, 0x0010, 0x011B, 0x01B0, 0x004A, 0x004A, 
0x0004, 0x010A, 0x0096, 0x0004, 0x0167, 0x0113, 0x009E, 0x0001, 0x004A, 0x0100, 0x0040, 0x0099, 0x0073, 0x00EA, 0x0113, 0x011B, 
0x00FE, 0x00EA, 0x00EB, 0x00A7, 0x00FE, 0x0100, 0x01B0, 0x00A7, 0x01A1, 0x0010, 0x009E, 0x013E, 0x0004, 0x0073, 0x0167, 0x0128, 
0x0040, 0x0040, 0x00FE, 0x016B, 0x0046, 0x0167, 0x00B1, 0x0010, 0x0171, 0x01A1, 0x00C7, 0x00B1, 0x00A7, 0x011B, 0x0171, 0x0128, 
0x0118, 0x0100, 0x00A7, 0x00C6, 0x0099, 0x0046, 0x0118, 0x0046, 0x006C, 0x004A, 0x0001, 0x009E, 0x00C7, 0x00B1, 0x013E, 0x004A, 
0x0096, 0x016B, 0x0100, 0x006C, 0x0073, 0x0145, 0x00C7, 0x00EB, 0x006C, 0x0046, 0x0040, 0x0196, 0x01B0, 0x013E, 0x009E, 0x0010, 
0x00C6, 0x00B3, 0x001B, 0x01B0, 0x0073, 0x006C, 0x0096, 0x0100, 0x0196, 0x0171, 0x00B1, 0x01B0, 0x010A, 0x00EA, 0x00B3, 0x0113, 
0x00C6, 0x0171, 0x011B, 0x0196, 0x0040, 0x00C6, 0x00C7, 0x0113, 0x0128, 0x0089, 0x0145, 0x0128, 0x00FE, 0x0145, 0x00C6, 0x00FE, 
0x0096, 0x004A, 0x013E, 0x00B3, 0x01AD, 0x016B, 0x010A, 0x0118, 0x00EA, 0x013E, 0x0001, 0x013E, 0x00A7, 0x0171, 0x00B3, 0x0004, 
0x010A, 0x01AD, 0x0196, 0x016B, 0x0004, 0x001B, 0x00B1, 0x0128, 0x0046, 0x0073, 0x00FE, 0x0089, 0x001B, 0x0001, 0x0001, 0x001B, 
0x0145, 0x0113, 0x00EB, 0x0100, 0x0046, 0x0073, 0x010A, 0x0118, 0x01AD, 0x01A1, 0x01A1, 0x0196, 0x01AD, 0x0113, 0x0010, 0x00C7, 
0x00C7, 0x0010, 0x0113, 0x01AD, 0x0196, 0x01A1, 0x01A1, 0x01AD, 0x0118, 0x010A, 0x0073, 0x0046, 0x0100, 0x00EB, 0x0113, 0x0145, 
0x001B, 0x0001, 0x0001, 0x001B, 0x0089, 0x00FE, 0x0073, 0x0046, 0x0128, 0x00B1, 0x001B, 0x0004, 0x016B, 0x0196, 0x01AD, 0x010A, 
0x0004, 0x00B3, 0x0171, 0x00A7, 0x013E, 0x0001, 0x013E, 0x00EA, 0x0118, 0x010A, 0x016B, 0x01AD, 0x00B3, 0x013E, 0x004A, 0x0096, 
0x00FE, 0x00C6, 0x0145, 0x00FE, 0x0128, 0x0145, 0x0089, 0x0128, 0x0113, 0x00C7, 0x00C6, 0x0040, 0x0196, 0x011B, 0x0171, 0x00C6, 
0x0113, 0x00B3, 0x00EA, 0x010A, 0x01B0, 0x00B1, 0x0171, 0x0196, 0x0100, 0x0096, 0x006C, 0x0073, 0x01B0, 0x001B, 0x00B3, 0x00C6, 
0x0010, 0x009E, 0x013E, 0x01B0, 0x0196, 0x0040, 0x0046, 0x006C, 0x00EB, 0x00C7, 0x0145, 0x0073, 0x006C, 0x0100, 0x016B, 0x0096, 
0x004A, 0x013E, 0x00B1, 0x00C7, 0x009E, 0x0001, 0x004A, 0x006C, 0x0046, 0x0118, 0x0046, 0x0099, 0x00C6, 0x00A7, 0x0100, 0x0118, 
0x0128, 0x0171, 0x011B, 0x00A7, 0x00B1, 0x00C7, 0x01A1, 0x0171, 0x0010, 0x00B1, 0x0167, 0x0046, 0x016B, 0x00FE, 0x0040, 0x0040, 
0x0128, 0x0167, 0x0073, 0x0004, 0x013E, 0x009E, 0x0010, 0x01A1, 0x00A7, 0x01B0, 0x0100, 0x00FE, 0x00A7, 0x00EB, 0x00EA, 0x00FE, 
0x011B, 0x0113, 0x00EA, 0x0073, 0x0099, 0x0040, 0x0100, 0x004A, 0x0001, 0x009E, 0x0113, 0x0167, 0x0004, 0x0096, 0x010A, 0x0004, 
0x004A, 0x004A, 0x01B0, 0x011B, 0x0010, 0x001B, 0x0096, 0x0118, 0x0099, 0x01AD, 0x0167, 0x00B3, 0x0010, 0x0171, 0x0040, 0x0099, 
0x0145, 0x011B, 0x0145, 0x00EB, 0x001B, 0x00EB, 0x0089, 0x011B, 0x00C7, 0x00A7, 0x016B, 0x006C, 0x0004, 0x00EA, 0x0099, 0x0196, 
0x0089, 0x01AD, 0x0099, 0x00B3, 0x009E, 0x009E, 0x00B1, 0x01A1, 0x00C6, 0x0167, 0x016B, 0x0089, 0x01A1, 0x0089, 0x010A, 0x0096, 
0x01B0, 0x0167, 0x0118, 0x006C, 0x00EA, 0x0128, 0x0001, 0x0025, 0x0016, 0x0046, 0x006B, 0x017D, 0x015C, 0x01A9, 0x0033, 0x003E, 
0x00D0, 0x00F1, 0x0031, 0x013F, 0x00BD, 0x0089, 0x00A1, 0x009B, 0x0194, 0x0081, 0x0127, 0x014F, 0x0155, 0x0101, 0x00BF, 0x0051, 
0x0100, 0x0070, 0x0065, 0x0041, 0x019E, 0x0132, 0x00F6, 0x0148, 0x01AF, 0x006A, 0x0023, 0x00E2, 0x00D4, 0x000A, 0x00D3, 0x005A, 
0x0117, 0x010F, 0x0105, 0x003C, 0x00F5, 0x01A0, 0x0129, 0x008B, 0x004E, 0x018F, 0x0115, 0x017B, 0x00AD, 0x00F7, 0x00E4, 0x0111, 
0x00BE, 0x00F0, 0x00F9, 0x00A3, 0x01AC, 0x0040, 0x002F, 0x0009, 0x0187, 0x000C, 0x008D, 0x0167, 0x0028, 0x0019, 0x0164, 0x01AD, 
0x0131, 0x0087, 0x0049, 0x0032, 0x0162, 0x0172, 0x0003, 0x000D, 0x007C, 0x012B, 0x0154, 0x016C, 0x0039, 0x0044, 0x0043, 0x0083, 
0x00A5, 0x0037, 0x000F, 0x0195, 0x0169, 0x00ED, 0x011F, 0x00A4, 0x00D8, 0x017C, 0x019D, 0x0120, 0x0150, 0x0029, 0x0185, 0x0122, 
0x0074, 0x00A7, 0x00DF, 0x0153, 0x0151, 0x002E, 0x0050, 0x00D1, 0x0073, 0x008E, 0x014E, 0x0066, 0x00AB, 0x00DC, 0x018D, 0x0078, 
0x0138, 0x0192, 0x0056, 0x00F8, 0x009F, 0x00CB, 0x004C, 0x0007, 0x009D, 0x014D, 0x012C, 0x00B2, 0x0071, 0x000B, 0x0118, 0x0015, 
0x0121, 0x0125, 0x00C2, 0x00B5, 0x00E9, 0x003B, 0x019F, 0x00B6, 0x0027, 0x011D, 0x00E7, 0x001B, 0x00B7, 0x00E8, 0x01A1, 0x0067, 
0x0084, 0x0076, 0x0059, 0x006C, 0x0020, 0x010B, 0x001A, 0x006F, 0x0095, 0x0030, 0x0156, 0x0102, 0x009E, 0x00EE, 0x00EC, 0x0017, 
0x00FD, 0x002D, 0x00AE, 0x0179, 0x00DB, 0x015F, 0x011B, 0x013A, 0x00B3, 0x0054, 0x015E, 0x002B, 0x011A, 0x012F, 0x0119, 0x007A, 
0x0093, 0x0107, 0x0143, 0x016F, 0x0021, 0x006D, 0x0057, 0x00E3, 0x00A8, 0x0006, 0x007B, 0x00C6, 0x00C7, 0x00CC, 0x0177, 0x007E, 
0x004B, 0x0108, 0x003D, 0x0134, 0x0047, 0x00DA, 0x001E, 0x0068, 0x0058, 0x0152, 0x000E, 0x018B, 0x0199, 0x0075, 0x013C, 0x0018, 
0x0026, 0x01A3, 0x005F, 0x0159, 0x0149, 0x0193, 0x00D7, 0x016A, 0x007D, 0x0174, 0x00A9, 0x0166, 0x0133, 0x003A, 0x00E5, 0x00EA, 
0x00EB, 0x0136, 0x01AB, 0x0109, 0x00CE, 0x015A, 0x0144, 0x0190, 0x0042, 0x006E, 0x00AA, 0x011E, 0x0137, 0x0098, 0x0082, 0x0097, 
0x0186, 0x0053, 0x015D, 0x00FE, 0x0077, 0x0096, 0x0052, 0x00D6, 0x0038, 0x0103, 0x0184, 0x00B4, 0x019A, 0x00C5, 0x00C3, 0x0113, 
0x00AF, 0x005B, 0x0181, 0x011C, 0x0142, 0x0197, 0x00A6, 0x0191, 0x0145, 0x0158, 0x013B, 0x012D, 0x014A, 0x0010, 0x00C9, 0x00FA, 
0x0196, 0x00CA, 0x0094, 0x018A, 0x00FB, 0x0012, 0x0176, 0x00C8, 0x00FC, 0x00EF, 0x008C, 0x0090, 0x019C, 0x0099, 0x01A6, 0x0140, 
0x00FF, 0x0085, 0x0064, 0x0114, 0x01AA, 0x0165, 0x00E6, 0x0112, 0x00B9, 0x015B, 0x001F, 0x0079, 0x0139, 0x0024, 0x00D5, 0x0106, 
0x014B, 0x0063, 0x0123, 0x013E, 0x00E0, 0x0161, 0x0183, 0x0060, 0x005E, 0x00D2, 0x010A, 0x013D, 0x008F, 0x002C, 0x0188, 0x0061, 
0x0091, 0x0014, 0x0035, 0x00D9, 0x010D, 0x0092, 0x00C4, 0x0048, 0x001C, 0x01A2, 0x017A, 0x010C, 0x012E, 0x016E, 0x016D, 0x0178, 
0x0045, 0x005D, 0x0086, 0x0135, 0x01A4, 0x01AE, 0x003F, 0x004F, 0x017F, 0x0168, 0x012A, 0x0080, 0x0004, 0x004D, 0x0198, 0x0189, 
0x004A, 0x0124, 0x01A5, 0x002A, 0x01A8, 0x0182, 0x0171, 0x0005, 0x010E, 0x00B8, 0x00C1, 0x00F3, 0x00A0, 0x00CD, 0x00BA, 0x0104, 
0x0036, 0x009C, 0x0022, 0x0163, 0x0126, 0x0088, 0x0011, 0x00BC, 0x0175, 0x00AC, 0x00A2, 0x009A, 0x0157, 0x00DE, 0x01A7, 0x00DD, 
0x00CF, 0x018E, 0x0147, 0x0002, 0x0069, 0x00BB, 0x007F, 0x0013, 0x0170, 0x014C, 0x0141, 0x00B1, 0x0160, 0x00F2, 0x00B0, 0x005C, 
0x0062, 0x008A, 0x0130, 0x001D, 0x0116, 0x0110, 0x0128, 0x00F4, 0x0072, 0x0180, 0x00C0, 0x00E1, 0x0173, 0x017E, 0x0008, 0x0055, 
0x0034, 0x0146, 0x016B, 0x019B, 0x0001, 0x004A, 0x0042, 0x0118, 0x0066, 0x0079, 0x010F, 0x0171, 0x001A, 0x00BB, 0x007B, 0x0126, 
0x00CC, 0x0088, 0x00ED, 0x001B, 0x008B, 0x00C0, 0x013B, 0x019F, 0x0085, 0x0009, 0x0031, 0x006A, 0x000C, 0x0176, 0x01A1, 0x0069, 
0x014B, 0x00DA, 0x0115, 0x010A, 0x0144, 0x0147, 0x016B, 0x0160, 0x01AD, 0x0169, 0x0029, 0x0190, 0x01A8, 0x013C, 0x0132, 0x00E9, 
0x0036, 0x00A2, 0x0101, 0x0032, 0x0108, 0x0016, 0x0051, 0x018D, 0x0188, 0x0073, 0x01A6, 0x0199, 0x0006, 0x00F6, 0x0181, 0x006F, 
0x0022, 0x0093, 0x0076, 0x00C7, 0x0018, 0x00A1, 0x00D9, 0x017F, 0x00CB, 0x0010, 0x00F2, 0x0044, 0x0008, 0x0089, 0x0167, 0x012D, 
0x01A9, 0x0003, 0x00FE, 0x009C, 0x00F3, 0x00C8, 0x014D, 0x0002, 0x0142, 0x0080, 0x00C4, 0x0163, 0x014E, 0x0063, 0x0125, 0x0129, 
0x0060, 0x018F, 0x0058, 0x00EC, 0x007F, 0x0033, 0x00A7, 0x0149, 0x0091, 0x016D, 0x0191, 0x016F, 0x008F, 0x01AE, 0x0120, 0x011B, 
0x003B, 0x0034, 0x00A9, 0x0185, 0x017C, 0x000B, 0x00EB, 0x0012, 0x006C, 0x0159, 0x01AF, 0x01A4, 0x0197, 0x015F, 0x0110, 0x0035, 
0x0166, 0x0048, 0x0113, 0x0004, 0x0116, 0x002C, 0x00D8, 0x00DF, 0x0040, 0x0025, 0x0064, 0x00C5, 0x0100, 0x012C, 0x014F, 0x013E, 
0x004B, 0x009B, 0x019B, 0x010D, 0x01A5, 0x009F, 0x0068, 0x00B3, 0x00D4, 0x0099, 0x0162, 0x00BF, 0x0096, 0x0112, 0x006D, 0x00DE, 
0x0075, 0x00B1, 0x0145, 0x011E, 0x0121, 0x00E5, 0x0027, 0x004E, 0x008C, 0x018A, 0x0196, 0x0094, 0x0030, 0x000D, 0x018C, 0x017B, 
0x00E1, 0x00D7, 0x00DD, 0x0122, 0x0128, 0x0023, 0x01B0, 0x018E, 0x0084, 0x0020, 0x004F, 0x0148, 0x0019, 0x00B0, 0x00D2, 0x0052, 
0x01AB, 0x0011, 0x00F1, 0x0090, 0x0151, 0x0131, 0x011D, 0x0136, 0x01A0, 0x00EA, 0x00C6, 0x0062, 0x0021, 0x0152, 0x0046, 0x00A4, 
0x017D, 0x00E6, 0x0198, 0x0138, 0x00D0, 0x00BE, 0x017E, 0x00D3, 0x0180, 0x005F, 0x0024, 0x009E, 0x009E, 0x0024, 0x005F, 0x0180, 
0x00D3, 0x017E, 0x00BE, 0x00D0, 0x0138, 0x0198, 0x00E6, 0x017D, 0x00A4, 0x0046, 0x0152, 0x0021, 0x0062, 0x00C6, 0x00EA, 0x01A0, 
0x0136, 0x011D, 0x0131, 0x0151, 0x0090, 0x00F1, 0x0011, 0x01AB, 0x0052, 0x00D2, 0x00B0, 0x0019, 0x0148, 0x004F, 0x0020, 0x0084, 
0x018E, 0x01B0, 0x0023, 0x0128, 0x0122, 0x00DD, 0x00D7, 0x00E1, 0x017B, 0x018C, 0x000D, 0x0030, 0x0094, 0x0196, 0x018A, 0x008C, 
0x004E, 0x0027, 0x00E5, 0x0121, 0x011E, 0x0145, 0x00B1, 0x0075, 0x00DE, 0x006D, 0x0112, 0x0096, 0x00BF, 0x0162, 0x0099, 0x00D4, 
0x00B3, 0x0068, 0x009F, 0x01A5, 0x010D, 0x019B, 0x009B, 0x004B, 0x013E, 0x014F, 0x012C, 0x0100, 0x00C5, 0x0064, 0x0025, 0x0040, 
0x00DF, 0x00D8, 0x002C, 0x0116, 0x0004, 0x0113, 0x0048, 0x0166, 0x0035, 0x0110, 0x015F, 0x0197, 0x01A4, 0x01AF, 0x0159, 0x006C, 
0x0012, 0x00EB, 0x000B, 0x017C, 0x0185, 0x00A9, 0x0034, 0x003B, 0x011B, 0x0120, 0x01AE, 0x008F, 0x016F, 0x0191, 0x016D, 0x0091, 
0x0149, 0x00A7, 0x0033, 0x007F, 0x00EC, 0x0058, 0x018F, 0x0060, 0x0129, 0x0125, 0x0063, 0x014E, 0x0163, 0x00C4, 0x0080, 0x0142, 
0x0002, 0x014D, 0x00C8, 0x00F3, 0x009C, 0x00FE, 0x0003, 0x01A9, 0x012D, 0x0167, 0x0089, 0x0008, 0x0044, 0x00F2, 0x0010, 0x00CB, 
0x017F, 0x00D9, 0x00A1, 0x0018, 0x00C7, 0x0076, 0x0093, 0x0022, 0x006F, 0x0181, 0x00F6, 0x0006, 0x0199, 0x01A6, 0x0073, 0x0188, 
0x018D, 0x0051, 0x0016, 0x0108, 0x0032, 0x0101, 0x00A2, 0x0036, 0x00E9, 0x0132, 0x013C, 0x01A8, 0x0190, 0x0029, 0x0169, 0x01AD, 
0x0160, 0x016B, 0x0147, 0x0144, 0x010A, 0x0115, 0x00DA, 0x014B, 0x0069, 0x01A1, 0x0176, 0x000C, 0x006A, 0x0031, 0x0009, 0x0085, 
0x019F, 0x013B, 0x00C0, 0x008B, 0x001B, 0x00ED, 0x0088, 0x00CC, 0x0126, 0x007B, 0x00BB, 0x001A, 0x0171, 0x010F, 0x0079, 0x0066, 
0x0118, 0x0042, 0x0001, 0x0094, 0x00C6, 0x00FE, 0x004D, 0x0125, 0x00A5, 0x0162, 0x00EA, 0x008A, 0x0036, 0x0040, 0x0036, 0x00AC, 
0x005B, 0x01B0, 0x00C6, 0x01A9, 0x0164, 0x0049, 0x00C3, 0x00C6, 0x0105, 0x017B, 0x012C, 0x00C6, 0x0001, 0x0156, 0x0049, 0x002D, 
0x0168, 0x011D, 0x012C, 0x0125, 0x0094, 0x0073, 0x011D, 0x0127, 0x012C, 0x019C, 0x0040, 0x011A, 0x00A8, 0x0125, 0x0109, 0x005B, 
0x0184, 0x00EB, 0x017B, 0x00EA, 0x00EA, 0x0125, 0x01A9, 0x0094, 0x0105, 0x0184, 0x0156, 0x019C, 0x00C7, 0x00A5, 0x0156, 0x0015, 
0x0049, 0x00B3, 0x0105, 0x00EA, 0x00FA, 0x0040, 0x0097, 0x00FE, 0x0127, 0x0085, 0x0097, 0x00B3, 0x004F, 0x0168, 0x00FA, 0x00EA, 
0x0094, 0x0164, 0x00C6, 0x017B, 0x0168, 0x00A8, 0x005B, 0x00B7, 0x00A5, 0x0040, 0x011A, 0x00FA, 0x00FA, 0x002D, 0x010C, 0x010C, 
0x0085, 0x008C, 0x00C3, 0x00EB, 0x004F, 0x01A9, 0x0164, 0x01A9, 0x00A8, 0x0040, 0x0125, 0x0073, 0x0049, 0x00FE, 0x0171, 0x005B, 
0x008C, 0x010C, 0x0049, 0x0184, 0x00B3, 0x0164, 0x004F, 0x0008, 0x00C3, 0x00AC, 0x013E, 0x0184, 0x0073, 0x004D, 0x0097, 0x019C, 
0x011D, 0x004F, 0x0164, 0x005B, 0x0097, 0x01A9, 0x011D, 0x00C3, 0x004D, 0x017B, 0x01B0, 0x0109, 0x00EA, 0x0162, 0x00B7, 0x0168, 
0x013E, 0x00C7, 0x01A9, 0x0109, 0x0085, 0x004F, 0x019C, 0x0001, 0x00C3, 0x0015, 0x0001, 0x00C3, 0x0008, 0x01A9, 0x00B7, 0x00FE, 
0x0094, 0x0127, 0x00C6, 0x0125, 0x0127, 0x00EB, 0x0097, 0x0015, 0x00FE, 0x00B7, 0x013E, 0x002D, 0x00A8, 0x00EE, 0x0184, 0x00AC, 
0x008A, 0x017B, 0x01B0, 0x00A8, 0x00FE, 0x00C3, 0x004D, 0x00C3, 0x00A8, 0x00A5, 0x0127, 0x0105, 0x012C, 0x0105, 0x00A5, 0x00C7, 
0x0085, 0x0171, 0x005B, 0x011A, 0x0097, 0x008C, 0x0073, 0x0001, 0x01B0, 0x0073, 0x008A, 0x0127, 0x0162, 0x0073, 0x00A5, 0x00B7, 
0x0015, 0x017B, 0x00AC, 0x0040, 0x0040, 0x0085, 0x0184, 0x019C, 0x017B, 0x0162, 0x004F, 0x0036, 0x0015, 0x002D, 0x012C, 0x0171, 
0x0171, 0x0105, 0x0036, 0x019C, 0x00FA, 0x010C, 0x013E, 0x004F, 0x008A, 0x0127, 0x013E, 0x0001, 0x01B0, 0x013E, 0x0125, 0x011A, 
0x0097, 0x0156, 0x0040, 0x012C, 0x00EA, 0x010C, 0x00AC, 0x0085, 0x00AC, 0x008A, 0x010C, 0x0109, 0x00EE, 0x0164, 0x00EE, 0x00B3, 
0x0109, 0x0001, 0x0036, 0x0127, 0x0105, 0x002D, 0x00C3, 0x0109, 0x0184, 0x0073, 0x00FA, 0x00B3, 0x019C, 0x011A, 0x00C6, 0x008A, 
0x008C, 0x00EB, 0x008A, 0x011D, 0x00B3, 0x00FA, 0x0008, 0x01A9, 0x00EE, 0x01B0, 0x019C, 0x00EE, 0x01B0, 0x0015, 0x0162, 0x012C, 
0x00A8, 0x0008, 0x00EA, 0x0073, 0x0049, 0x00FA, 0x004F, 0x00C7, 0x00A8, 0x0001, 0x0036, 0x0164, 0x00EE, 0x0094, 0x0008, 0x011A, 
0x0156, 0x004D, 0x0162, 0x0094, 0x0015, 0x011A, 0x0164, 0x013E, 0x002D, 0x0073, 0x0105, 0x00EE, 0x01A9, 0x0162, 0x004D, 0x00FE, 
0x002D, 0x0168, 0x00A5, 0x0125, 0x0156, 0x0040, 0x00B3, 0x0168, 0x013E, 0x008C, 0x0171, 0x0109, 0x0008, 0x004D, 0x0008, 0x0162, 
0x00C6, 0x00EE, 0x0125, 0x012C, 0x00A5, 0x00A5, 0x0184, 0x00B7, 0x00B7, 0x0097, 0x0171, 0x010C, 0x00FA, 0x0156, 0x0109, 0x0049, 
0x0036, 0x00EB, 0x004D, 0x011D, 0x00C7, 0x00B7, 0x0049, 0x0162, 0x00FE, 0x011A, 0x012C, 0x008A, 0x00B3, 0x011A, 0x0171, 0x00B7, 
0x00C7, 0x00AC, 0x00FE, 0x0168, 0x019C, 0x005B, 0x010C, 0x00EA, 0x0015, 0x005B, 0x002D, 0x00AC, 0x011D, 0x0008, 0x008C, 0x00C7, 
0x00C7, 0x0036, 0x00C6, 0x002D, 0x0156, 0x00A8, 0x008C, 0x0109, 0x0097, 0x0171, 0x0015, 0x0085, 0x008A, 0x0094, 0x013E, 0x011D, 
0x008C, 0x0085, 0x0094, 0x0049, 0x0184, 0x0168, 0x005B, 0x01B0, 0x00EB, 0x0085, 0x0036, 0x00AC, 0x00EB, 0x00EE, 0x0168, 0x004D, 
0x0008, 0x00EB, 0x0001, 0x0156, 0x0105, 0x017B, 0x0171, 0x017B, 0x0127, 0x00C7, 0x004F, 0x010C, 0x008C, 0x0164, 0x00B3, 0x00EB, 
0x0001, 0x0128, 0x00A1, 0x0096, 0x0181, 0x001A, 0x0121, 0x00EA, 0x0176, 0x0051, 0x00A1, 0x014F, 0x010D, 0x00F3, 0x0042, 0x01A1, 
0x014F, 0x0121, 0x010D, 0x00A1, 0x00C6, 0x001A, 0x0176, 0x0003, 0x008B, 0x0181, 0x001B, 0x0032, 0x0181, 0x0033, 0x014F, 0x001B, 
0x0176, 0x0003, 0x01A1, 0x00F3, 0x0099, 0x0181, 0x0009, 0x001A, 0x001A, 0x0099, 0x0128, 0x014F, 0x00EA, 0x0121, 0x0032, 0x0016, 
0x0181, 0x0009, 0x00F3, 0x0051, 0x0009, 0x00C6, 0x0042, 0x004E, 0x0009, 0x0051, 0x0032, 0x0176, 0x004E, 0x0003, 0x010D, 0x00C6, 
0x004E, 0x0121, 0x0128, 0x0016, 0x001B, 0x001B, 0x00A1, 0x0032, 0x00C6, 0x0100, 0x0128, 0x0051, 0x00C6, 0x0042, 0x0001, 0x014F, 
0x0011, 0x014F, 0x0003, 0x0100, 0x0176, 0x0096, 0x0042, 0x0003, 0x01A1, 0x01A1, 0x00EA, 0x00F3, 0x00F3, 0x004E, 0x004E, 0x0011, 
0x0128, 0x0051, 0x001B, 0x0042, 0x0011, 0x0032, 0x01A1, 0x00A1, 0x0016, 0x0042, 0x0011, 0x0099, 0x0181, 0x0033, 0x0181, 0x008B, 
0x0016, 0x0042, 0x00EA, 0x00A1, 0x0096, 0x004E, 0x0100, 0x0121, 0x0176, 0x008B, 0x0121, 0x0016, 0x0100, 0x0181, 0x0100, 0x0099, 
0x001A, 0x008B, 0x0128, 0x00F3, 0x00EA, 0x0096, 0x0003, 0x0011, 0x0128, 0x00C6, 0x0033, 0x00C6, 0x0100, 0x001A, 0x0009, 0x004E, 
0x008B, 0x0099, 0x0042, 0x0001, 0x014F, 0x0096, 0x0001, 0x00A1, 0x0099, 0x0099, 0x0176, 0x0033, 0x0099, 0x0128, 0x0096, 0x0003, 
0x010D, 0x010D, 0x0016, 0x0003, 0x00EA, 0x0016, 0x01A1, 0x0001, 0x0032, 0x0121, 0x0096, 0x00EA, 0x0009, 0x0033, 0x014F, 0x0016, 
0x0100, 0x001B, 0x0001, 0x001B, 0x0051, 0x01A1, 0x0001, 0x0032, 0x0011, 0x0032, 0x00F3, 0x008B, 0x0009, 0x008B, 0x0121, 0x010D, 
0x00F3, 0x0096, 0x0001, 0x00A1, 0x008B, 0x00C6, 0x00EA, 0x0033, 0x001A, 0x010D, 0x01A1, 0x004E, 0x0033, 0x001B, 0x0011, 0x001A, 
0x0009, 0x0011, 0x0051, 0x0033, 0x0176, 0x010D, 0x0051, 0x0100, 0x0100, 0x0051, 0x010D, 0x0176, 0x0033, 0x0051, 0x0011, 0x0009, 
0x001A, 0x0011, 0x001B, 0x0033, 0x004E, 0x01A1, 0x010D, 0x001A, 0x0033, 0x00EA, 0x00C6, 0x008B, 0x00A1, 0x0001, 0x0096, 0x00F3, 
0x010D, 0x0121, 0x008B, 0x0009, 0x008B, 0x00F3, 0x0032, 0x0011, 0x0032, 0x0001, 0x01A1, 0x0051, 0x001B, 0x0001, 0x001B, 0x0100, 
0x0016, 0x014F, 0x0033, 0x0009, 0x00EA, 0x0096, 0x0121, 0x0032, 0x0001, 0x01A1, 0x0016, 0x00EA, 0x0003, 0x0016, 0x010D, 0x010D, 
0x0003, 0x0096, 0x0128, 0x0099, 0x0033, 0x0176, 0x0099, 0x0099, 0x00A1, 0x0001, 0x0096, 0x014F, 0x0001, 0x0042, 0x0099, 0x008B, 
0x004E, 0x0009, 0x001A, 0x0100, 0x00C6, 0x0033, 0x00C6, 0x0128, 0x0011, 0x0003, 0x0096, 0x00EA, 0x00F3, 0x0128, 0x008B, 0x001A, 
0x0099, 0x0100, 0x0181, 0x0100, 0x0016, 0x0121, 0x008B, 0x0176, 0x0121, 0x0100, 0x004E, 0x0096, 0x00A1, 0x00EA, 0x0042, 0x0016, 
0x008B, 0x0181, 0x0033, 0x0181, 0x0099, 0x0011, 0x0042, 0x0016, 0x00A1, 0x01A1, 0x0032, 0x0011, 0x0042, 0x001B, 0x0051, 0x0128, 
0x0011, 0x004E, 0x004E, 0x00F3, 0x00F3, 0x00EA, 0x01A1, 0x01A1, 0x0003, 0x0042, 0x0096, 0x0176, 0x0100, 0x0003, 0x014F, 0x0011, 
0x014F, 0x0001, 0x0042, 0x00C6, 0x0051, 0x0128, 0x0100, 0x00C6, 0x0032, 0x00A1, 0x001B, 0x001B, 0x0016, 0x0128, 0x0121, 0x004E, 
0x00C6, 0x010D, 0x0003, 0x004E, 0x0176, 0x0032, 0x0051, 0x0009, 0x004E, 0x0042, 0x00C6, 0x0009, 0x0051, 0x00F3, 0x0009, 0x0181, 
0x0016, 0x0032, 0x0121, 0x00EA, 0x014F, 0x0128, 0x0099, 0x001A, 0x001A, 0x0009, 0x0181, 0x0099, 0x00F3, 0x01A1, 0x0003, 0x0176, 
0x001B, 0x014F, 0x0033, 0x0181, 0x0032, 0x001B, 0x0181, 0x008B, 0x0003, 0x0176, 0x001A, 0x00C6, 0x00A1, 0x010D, 0x0121, 0x014F, 
0x01A1, 0x0042, 0x00F3, 0x010D, 0x014F, 0x00A1, 0x0051, 0x0176, 0x00EA, 0x0121, 0x001A, 0x0181, 0x0096, 0x00A1, 0x0001, 0x009F, 
0x0032, 0x00A7, 0x00C1, 0x009C, 0x0123, 0x008C, 0x014F, 0x0179, 0x0027, 0x007B, 0x0021, 0x0173, 0x007C, 0x00B1, 0x0042, 0x0006, 
0x015C, 0x00BD, 0x0105, 0x008B, 0x0177, 0x0048, 0x000B, 0x0033, 0x0128, 0x0065, 0x0154, 0x00E7, 0x01AA, 0x01AF, 0x00DA, 0x0066, 
0x0132, 0x0058, 0x0020, 0x0155, 0x015F, 0x00AE, 0x00C8, 0x016C, 0x00AB, 0x0012, 0x008A, 0x0130, 0x00B9, 0x00BE, 0x00F6, 0x0011, 
0x010D, 0x013B, 0x002C, 0x012C, 0x00A6, 0x0026, 0x0050, 0x0170, 0x0160, 0x0165, 0x01AC, 0x00BA, 0x003C, 0x0073, 0x0133, 0x0016, 
0x015B, 0x00C5, 0x0083, 0x009E, 0x00AD, 0x0088, 0x00A5, 0x0145, 0x0075, 0x005E, 0x005B, 0x0181, 0x004F, 0x0183, 0x004E, 0x00BF, 
0x00F9, 0x011F, 0x00B5, 0x0157, 0x0071, 0x0108, 0x0134, 0x0124, 0x004D, 0x0111, 0x0053, 0x0194, 0x0031, 0x014D, 0x0086, 0x0090, 
0x004B, 0x0069, 0x01A2, 0x0151, 0x0054, 0x0122, 0x0091, 0x0044, 0x0057, 0x0046, 0x018D, 0x019E, 0x012D, 0x019D, 0x0141, 0x00A3, 
0x0040, 0x0039, 0x00E6, 0x006F, 0x009A, 0x0028, 0x00DE, 0x0047, 0x0029, 0x0082, 0x0187, 0x000E, 0x0025, 0x0063, 0x0143, 0x013D, 
0x00EF, 0x0022, 0x017B, 0x00B6, 0x0195, 0x0093, 0x011B, 0x002D, 0x00A1, 0x0008, 0x009D, 0x00E4, 0x01A5, 0x0197, 0x00ED, 0x00FF, 
0x00B0, 0x0094, 0x0078, 0x01A1, 0x0097, 0x00E0, 0x001B, 0x00B4, 0x017D, 0x00A2, 0x00CE, 0x0004, 0x0023, 0x002F, 0x0009, 0x0116, 
0x007A, 0x003B, 0x0049, 0x00BC, 0x0167, 0x00A8, 0x00DF, 0x00C9, 0x0067, 0x019C, 0x0102, 0x00D6, 0x00AA, 0x0198, 0x0118, 0x002B, 
0x00B3, 0x0061, 0x0174, 0x0077, 0x00B7, 0x006B, 0x0072, 0x00CF, 0x0199, 0x0098, 0x0192, 0x01AE, 0x00D0, 0x0079, 0x0087, 0x0059, 
0x00C3, 0x017C, 0x0068, 0x00EA, 0x00EB, 0x00F1, 0x001E, 0x00D5, 0x00D8, 0x0144, 0x003F, 0x016E, 0x0037, 0x00D4, 0x0095, 0x006A, 
0x00CC, 0x01A4, 0x01A7, 0x019A, 0x005F, 0x0131, 0x0080, 0x0152, 0x0017, 0x000A, 0x000D, 0x00E5, 0x0147, 0x011C, 0x00DD, 0x017A, 
0x0043, 0x0172, 0x006D, 0x00D9, 0x00DC, 0x0193, 0x00C0, 0x00C6, 0x00C7, 0x0149, 0x0035, 0x00EE, 0x0158, 0x012A, 0x0138, 0x00E1, 
0x0003, 0x001F, 0x0119, 0x0018, 0x00E2, 0x013F, 0x0146, 0x00FA, 0x013A, 0x003D, 0x0150, 0x00FE, 0x0186, 0x0099, 0x0019, 0x0107, 
0x00DB, 0x00AF, 0x0015, 0x014A, 0x00E8, 0x00D2, 0x0109, 0x004A, 0x00F5, 0x0168, 0x0176, 0x0137, 0x009B, 0x01A8, 0x0182, 0x018E, 
0x01AD, 0x00E3, 0x010F, 0x0034, 0x00FD, 0x0196, 0x00D1, 0x011A, 0x0010, 0x0139, 0x011D, 0x0101, 0x00B2, 0x00C4, 0x001A, 0x000C, 
0x00CD, 0x0114, 0x01A9, 0x0110, 0x0184, 0x0096, 0x011E, 0x001C, 0x00FB, 0x0036, 0x018F, 0x00C2, 0x0074, 0x006E, 0x014E, 0x018C, 
0x01A3, 0x002A, 0x012F, 0x0188, 0x016A, 0x00D3, 0x0189, 0x0117, 0x0142, 0x00CB, 0x0178, 0x0171, 0x010E, 0x0070, 0x0014, 0x0084, 
0x0013, 0x0024, 0x016B, 0x015A, 0x016D, 0x0120, 0x008F, 0x015D, 0x0060, 0x000F, 0x0148, 0x0166, 0x0121, 0x012B, 0x0064, 0x0180, 
0x001D, 0x015E, 0x00A0, 0x0164, 0x008D, 0x007D, 0x00A9, 0x0140, 0x005A, 0x00FC, 0x0092, 0x00B8, 0x00F2, 0x0163, 0x002E, 0x0162, 
0x0030, 0x0156, 0x0153, 0x013C, 0x006C, 0x010C, 0x0129, 0x0104, 0x0113, 0x012E, 0x00EC, 0x0056, 0x019B, 0x007E, 0x013E, 0x0175, 
0x00F7, 0x0005, 0x004C, 0x0051, 0x0041, 0x0161, 0x018B, 0x010B, 0x0085, 0x0185, 0x0076, 0x00A4, 0x01A0, 0x00BB, 0x00F3, 0x00F8, 
0x0081, 0x0127, 0x019F, 0x0106, 0x0045, 0x00E9, 0x0103, 0x0052, 0x005C, 0x0191, 0x0159, 0x007F, 0x014B, 0x00D7, 0x0002, 0x0007, 
0x00CA, 0x005D, 0x014C, 0x0089, 0x017E, 0x01A6, 0x0169, 0x003A, 0x0126, 0x00AC, 0x00F4, 0x0055, 0x01AB, 0x016F, 0x0100, 0x0135, 
0x003E, 0x0190, 0x0136, 0x018A, 0x0038, 0x0062, 0x0125, 0x008E, 0x0115, 0x00F0, 0x010A, 0x017F, 0x0001, 0x013E, 0x0096, 0x00EB, 
0x0063, 0x0046, 0x0131, 0x00FE, 0x01A1, 0x0132, 0x01AD, 0x00B1, 0x01AD, 0x01AF, 0x0080, 0x00EA, 0x0100, 0x006C, 0x0075, 0x013C, 
0x011D, 0x001B, 0x018E, 0x01AD, 0x0113, 0x001B, 0x00C6, 0x00E6, 0x014E, 0x0002, 0x00D8, 0x0171, 0x010A, 0x0004, 0x013E, 0x0089, 
0x013E, 0x0191, 0x010A, 0x0020, 0x0196, 0x0085, 0x01A9, 0x0167, 0x0094, 0x0080, 0x0023, 0x001B, 0x016B, 0x01A1, 0x0128, 0x0167, 
0x00A7, 0x00B3, 0x0025, 0x018C, 0x00E6, 0x007F, 0x01A1, 0x00CB, 0x0080, 0x0112, 0x013C, 0x01B0, 0x0025, 0x0099, 0x012C, 0x0196, 
0x017B, 0x00EB, 0x009F, 0x010A, 0x0162, 0x00EB, 0x0073, 0x00D8, 0x004F, 0x0099, 0x00B3, 0x00D9, 0x0100, 0x004A, 0x013C, 0x0125, 
0x00E6, 0x0036, 0x0131, 0x011B, 0x0085, 0x012C, 0x004F, 0x0002, 0x0166, 0x0131, 0x0145, 0x0167, 0x0008, 0x0100, 0x0040, 0x006C, 
0x00D9, 0x00A7, 0x01A9, 0x011B, 0x0046, 0x0118, 0x00D8, 0x00C7, 0x0196, 0x004B, 0x0046, 0x0166, 0x014E, 0x018C, 0x01B0, 0x0075, 
0x0040, 0x006C, 0x008C, 0x0025, 0x0010, 0x0002, 0x0118, 0x0063, 0x017B, 0x0020, 0x0171, 0x0073, 0x0063, 0x004B, 0x0085, 0x009E, 
0x00B3, 0x008C, 0x0075, 0x004A, 0x00EA, 0x0094, 0x0128, 0x00FE, 0x0036, 0x014E, 0x0010, 0x0099, 0x009E, 0x01A9, 0x0145, 0x00FE, 
0x007F, 0x00C6, 0x011D, 0x0112, 0x00EA, 0x0008, 0x00A7, 0x009E, 0x012C, 0x00C7, 0x0171, 0x009F, 0x0096, 0x0004, 0x0191, 0x0096, 
0x0162, 0x0020, 0x00C7, 0x004F, 0x0010, 0x018C, 0x0125, 0x011D, 0x0023, 0x01AF, 0x0132, 0x016B, 0x00C6, 0x0125, 0x01B0, 0x008C, 
0x00D9, 0x0008, 0x0094, 0x00CB, 0x0132, 0x018E, 0x0113, 0x01AF, 0x00CB, 0x0128, 0x0145, 0x011B, 0x004B, 0x017B, 0x0162, 0x0004, 
0x0089, 0x0001, 0x0001, 0x0089, 0x0191, 0x009F, 0x0073, 0x0118, 0x0166, 0x0036, 0x007F, 0x016B, 0x018E, 0x00B1, 0x00B1, 0x0113, 
0x0023, 0x0112, 0x004A, 0x0040, 0x0040, 0x004A, 0x0112, 0x0023, 0x0113, 0x00B1, 0x00B1, 0x018E, 0x016B, 0x007F, 0x0036, 0x0166, 
0x0118, 0x0073, 0x009F, 0x0191, 0x0089, 0x0001, 0x0001, 0x0089, 0x0004, 0x0162, 0x017B, 0x004B, 0x011B, 0x0145, 0x0128, 0x00CB, 
0x01AF, 0x0113, 0x018E, 0x0132, 0x00CB, 0x0094, 0x0008, 0x00D9, 0x008C, 0x01B0, 0x0125, 0x00C6, 0x016B, 0x0132, 0x01AF, 0x0023, 
0x011D, 0x0125, 0x018C, 0x0010, 0x004F, 0x00C7, 0x0020, 0x0162, 0x0096, 0x0191, 0x0004, 0x0096, 0x009F, 0x0171, 0x00C7, 0x012C, 
0x009E, 0x00A7, 0x0008, 0x00EA, 0x0112, 0x011D, 0x00C6, 0x007F, 0x00FE, 0x0145, 0x01A9, 0x009E, 0x0099, 0x0010, 0x014E, 0x0036, 
0x00FE, 0x0128, 0x0094, 0x00EA, 0x004A, 0x0075, 0x008C, 0x00B3, 0x009E, 0x0085, 0x004B, 0x0063, 0x0073, 0x0171, 0x0020, 0x017B, 
0x0063, 0x0118, 0x0002, 0x0010, 0x0025, 0x008C, 0x006C, 0x0040, 0x0075, 0x01B0, 0x018C, 0x014E, 0x0166, 0x0046, 0x004B, 0x0196, 
0x00C7, 0x00D8, 0x0118, 0x0046, 0x011B, 0x01A9, 0x00A7, 0x00D9, 0x006C, 0x0040, 0x0100, 0x0008, 0x0167, 0x0145, 0x0131, 0x0166, 
0x0002, 0x004F, 0x012C, 0x0085, 0x011B, 0x0131, 0x0036, 0x00E6, 0x0125, 0x013C, 0x004A, 0x0100, 0x00D9, 0x00B3, 0x0099, 0x004F, 
0x00D8, 0x0073, 0x00EB, 0x0162, 0x010A, 0x009F, 0x00EB, 0x017B, 0x0196, 0x012C, 0x0099, 0x0025, 0x01B0, 0x013C, 0x0112, 0x0080, 
0x00CB, 0x01A1, 0x007F, 0x00E6, 0x018C, 0x0025, 0x00B3, 0x00A7, 0x0167, 0x0128, 0x01A1, 0x016B, 0x001B, 0x0023, 0x0080, 0x0094, 
0x0167, 0x01A9, 0x0085, 0x0196, 0x0020, 0x010A, 0x0191, 0x013E, 0x0089, 0x013E, 0x0004, 0x010A, 0x0171, 0x00D8, 0x0002, 0x014E, 
0x00E6, 0x00C6, 0x001B, 0x0113, 0x01AD, 0x018E, 0x001B, 0x011D, 0x013C, 0x0075, 0x006C, 0x0100, 0x00EA, 0x0080, 0x01AF, 0x01AD, 
0x00B1, 0x01AD, 0x0132, 0x01A1, 0x00FE, 0x0131, 0x0046, 0x0063, 0x00EB, 0x0096, 0x0001, 0x00CB, 0x0011, 0x004A, 0x003E, 0x01A4, 
0x0193, 0x012C, 0x0121, 0x001D, 0x0185, 0x0188, 0x017D, 0x0195, 0x00BC, 0x0118, 0x0016, 0x00D4, 0x003A, 0x0102, 0x0164, 0x00A1, 
0x003D, 0x0151, 0x017C, 0x010D, 0x0096, 0x017A, 0x00A0, 0x003C, 0x00C9, 0x0075, 0x0076, 0x0088, 0x0131, 0x00A9, 0x004B, 0x0053, 
0x019F, 0x019E, 0x00C0, 0x0186, 0x0059, 0x00D0, 0x00A5, 0x0103, 0x015A, 0x01AE, 0x0022, 0x0042, 0x0176, 0x0031, 0x00BF, 0x008C, 
0x012F, 0x005D, 0x0078, 0x0005, 0x0163, 0x0038, 0x000E, 0x0065, 0x01A7, 0x0171, 0x00F0, 0x008B, 0x00B6, 0x0149, 0x00AB, 0x01AD, 
0x001F, 0x0064, 0x0127, 0x0046, 0x018E, 0x018B, 0x0015, 0x00F3, 0x011D, 0x0028, 0x0181, 0x0006, 0x00F8, 0x016C, 0x0041, 0x013A, 
0x007A, 0x00DF, 0x0092, 0x009A, 0x0105, 0x00B8, 0x0182, 0x005C, 0x0084, 0x0101, 0x0157, 0x0197, 0x0112, 0x0198, 0x010B, 0x0093, 
0x002A, 0x01A5, 0x01A6, 0x00EC, 0x00A3, 0x0113, 0x0058, 0x0017, 0x0199, 0x0104, 0x0047, 0x0070, 0x013E, 0x0095, 0x007F, 0x00BB, 
0x00CE, 0x006E, 0x00CC, 0x00F4, 0x00E9, 0x0098, 0x00B2, 0x0087, 0x0063, 0x01AF, 0x00D6, 0x00E0, 0x0067, 0x0048, 0x01A9, 0x008D, 
0x00CF, 0x0069, 0x0010, 0x0049, 0x0009, 0x0036, 0x00FD, 0x00E7, 0x007B, 0x017E, 0x018A, 0x0083, 0x0091, 0x0162, 0x0130, 0x0100, 
0x00A8, 0x0050, 0x0128, 0x016E, 0x0152, 0x0190, 0x0150, 0x010A, 0x00D8, 0x0146, 0x014F, 0x00D7, 0x019D, 0x0160, 0x0184, 0x0074, 
0x0145, 0x011A, 0x006A, 0x00CD, 0x0134, 0x005B, 0x01AA, 0x0055, 0x0123, 0x00ED, 0x0196, 0x00C2, 0x00FE, 0x0056, 0x0133, 0x009D, 
0x00EE, 0x0072, 0x0140, 0x01A2, 0x014B, 0x0039, 0x0107, 0x017F, 0x009C, 0x00D3, 0x00BA, 0x015D, 0x00B7, 0x015F, 0x008F, 0x00C6, 
0x00C7, 0x0079, 0x003F, 0x004C, 0x018C, 0x018D, 0x00D5, 0x012B, 0x0135, 0x00A2, 0x002E, 0x016D, 0x006D, 0x0116, 0x005E, 0x00B5, 
0x0142, 0x0191, 0x0020, 0x006F, 0x00FC, 0x0153, 0x009B, 0x0144, 0x0044, 0x0183, 0x010F, 0x007C, 0x0086, 0x00DC, 0x0024, 0x0025, 
0x0165, 0x0172, 0x0138, 0x00EA, 0x00EB, 0x0122, 0x0052, 0x00FA, 0x0054, 0x00F7, 0x00DE, 0x0115, 0x0032, 0x00AA, 0x0178, 0x0066, 
0x000F, 0x0071, 0x013F, 0x00C3, 0x0114, 0x007E, 0x015B, 0x00B3, 0x00EF, 0x001B, 0x00C4, 0x008E, 0x015C, 0x0007, 0x0156, 0x007D, 
0x00E4, 0x0147, 0x0097, 0x006C, 0x013D, 0x002D, 0x0051, 0x0014, 0x00DA, 0x0062, 0x006B, 0x00D9, 0x00A7, 0x0061, 0x0021, 0x005F, 
0x0043, 0x0089, 0x0161, 0x0109, 0x00B1, 0x0081, 0x004F, 0x0120, 0x012E, 0x0027, 0x0033, 0x0136, 0x00CA, 0x00B4, 0x017B, 0x01A8, 
0x0168, 0x01A1, 0x0148, 0x00E2, 0x0124, 0x0008, 0x0169, 0x014A, 0x00D1, 0x00DB, 0x0002, 0x014E, 0x012A, 0x00FF, 0x0119, 0x00C8, 
0x00BD, 0x00E5, 0x0143, 0x00E3, 0x00F6, 0x0132, 0x011C, 0x0073, 0x0141, 0x016A, 0x00AD, 0x0018, 0x019A, 0x0159, 0x009E, 0x010E, 
0x00C5, 0x000B, 0x000C, 0x0187, 0x011E, 0x00A6, 0x0019, 0x009F, 0x001A, 0x005A, 0x00B0, 0x012D, 0x0155, 0x002F, 0x00F9, 0x00AC, 
0x0117, 0x011F, 0x00D2, 0x0137, 0x0077, 0x0170, 0x0045, 0x00B9, 0x01AB, 0x0030, 0x0189, 0x0094, 0x00BE, 0x019C, 0x0026, 0x0023, 
0x016B, 0x008A, 0x014D, 0x0192, 0x0004, 0x0106, 0x0068, 0x00FB, 0x0126, 0x00C1, 0x0040, 0x000A, 0x014C, 0x01A3, 0x0179, 0x004E, 
0x01AC, 0x0139, 0x0154, 0x0082, 0x0125, 0x00F2, 0x0180, 0x003B, 0x016F, 0x018F, 0x0003, 0x0057, 0x00AE, 0x010C, 0x00E1, 0x0158, 
0x002B, 0x00F1, 0x0013, 0x0012, 0x015E, 0x0166, 0x0108, 0x0080, 0x0129, 0x013B, 0x013C, 0x00E8, 0x0175, 0x0111, 0x0037, 0x011B, 
0x00A4, 0x0035, 0x0060, 0x0174, 0x0110, 0x004D, 0x00AF, 0x0177, 0x00DD, 0x019B, 0x0099, 0x00F5, 0x001C, 0x0034, 0x0029, 0x002C, 
0x0194, 0x0090, 0x0085, 0x001E, 0x000D, 0x0173, 0x0167, 0x01A0, 0x0001, 0x0196, 0x0033, 0x0128, 0x0136, 0x0163, 0x00DF, 0x00EB, 
0x0003, 0x0122, 0x017E, 0x0176, 0x00BE, 0x0029, 0x00DE, 0x0096, 0x0176, 0x0160, 0x00EC, 0x018D, 0x0073, 0x004E, 0x0068, 0x0126, 
0x0197, 0x0042, 0x0099, 0x00C0, 0x0136, 0x0044, 0x00A9, 0x0118, 0x01AE, 0x0126, 0x011B, 0x0016, 0x00B1, 0x007B, 0x00A4, 0x006A, 
0x004E, 0x0167, 0x016B, 0x003B, 0x0040, 0x00DF, 0x00F1, 0x0121, 0x016F, 0x010D, 0x0016, 0x017F, 0x00A4, 0x00C7, 0x00D3, 0x000C, 
0x0159, 0x0122, 0x00A1, 0x0149, 0x01A5, 0x00C8, 0x00EC, 0x00EA, 0x000C, 0x0051, 0x0046, 0x0121, 0x006C, 0x0099, 0x0024, 0x0110, 
0x013E, 0x01A1, 0x0196, 0x008F, 0x013E, 0x014F, 0x01B0, 0x00A9, 0x0009, 0x003B, 0x00E9, 0x010A, 0x0149, 0x009E, 0x00DE, 0x008B, 
0x0004, 0x0004, 0x0171, 0x0029, 0x0188, 0x01A5, 0x01A0, 0x01A8, 0x016B, 0x0032, 0x0118, 0x0062, 0x0079, 0x0110, 0x01AD, 0x0033, 
0x0090, 0x014F, 0x0079, 0x0100, 0x0042, 0x016D, 0x016F, 0x006D, 0x00E5, 0x00D3, 0x00C6, 0x018D, 0x0089, 0x01A0, 0x010A, 0x00D2, 
0x0003, 0x0144, 0x0051, 0x00E5, 0x00A7, 0x007B, 0x0010, 0x00B1, 0x0147, 0x006D, 0x0046, 0x019B, 0x00EB, 0x0113, 0x00E9, 0x01A8, 
0x001B, 0x0073, 0x0181, 0x00C7, 0x00A7, 0x0147, 0x010D, 0x0011, 0x0197, 0x004A, 0x0062, 0x01B0, 0x0108, 0x0128, 0x00FE, 0x0024, 
0x0100, 0x004A, 0x01AE, 0x0030, 0x0167, 0x001B, 0x0089, 0x00C8, 0x00F3, 0x00BE, 0x00CC, 0x008B, 0x0171, 0x00CC, 0x0096, 0x00B3, 
0x00A1, 0x00D2, 0x0113, 0x0040, 0x0058, 0x0044, 0x0108, 0x0090, 0x01A1, 0x0145, 0x0001, 0x0145, 0x008F, 0x01AD, 0x00FE, 0x00C0, 
0x0138, 0x00F1, 0x019B, 0x0144, 0x0159, 0x001A, 0x0160, 0x00F3, 0x0188, 0x009E, 0x00B3, 0x017E, 0x001A, 0x00EA, 0x00C6, 0x0181, 
0x006A, 0x00C5, 0x011B, 0x0011, 0x016D, 0x006C, 0x0138, 0x0163, 0x0058, 0x0009, 0x0032, 0x0030, 0x0068, 0x00C5, 0x017F, 0x0010, 
0x0010, 0x017F, 0x00C5, 0x0068, 0x0030, 0x0032, 0x0009, 0x0058, 0x0163, 0x0138, 0x006C, 0x016D, 0x0011, 0x011B, 0x00C5, 0x006A, 
0x0181, 0x00C6, 0x00EA, 0x001A, 0x017E, 0x00B3, 0x009E, 0x0188, 0x00F3, 0x0160, 0x001A, 0x0159, 0x0144, 0x019B, 0x00F1, 0x0138, 
0x00C0, 0x00FE, 0x01AD, 0x008F, 0x0145, 0x0001, 0x0145, 0x01A1, 0x0090, 0x0108, 0x0044, 0x0058, 0x0040, 0x0113, 0x00D2, 0x00A1, 
0x00B3, 0x0096, 0x00CC, 0x0171, 0x008B, 0x00CC, 0x00BE, 0x00F3, 0x00C8, 0x0089, 0x001B, 0x0167, 0x0030, 0x01AE, 0x004A, 0x0100, 
0x0024, 0x00FE, 0x0128, 0x0108, 0x01B0, 0x0062, 0x004A, 0x0197, 0x0011, 0x010D, 0x0147, 0x00A7, 0x00C7, 0x0181, 0x0073, 0x001B, 
0x01A8, 0x00E9, 0x0113, 0x00EB, 0x019B, 0x0046, 0x006D, 0x0147, 0x00B1, 0x0010, 0x007B, 0x00A7, 0x00E5, 0x0051, 0x0144, 0x0003, 
0x00D2, 0x010A, 0x01A0, 0x0089, 0x018D, 0x00C6, 0x00D3, 0x00E5, 0x006D, 0x016F, 0x016D, 0x0042, 0x0100, 0x0079, 0x014F, 0x0090, 
0x0033, 0x01AD, 0x0110, 0x0079, 0x0062, 0x0118, 0x0032, 0x016B, 0x01A8, 0x01A0, 0x01A5, 0x0188, 0x0029, 0x0171, 0x0004, 0x0004, 
0x008B, 0x00DE, 0x009E, 0x0149, 0x010A, 0x00E9, 0x003B, 0x0009, 0x00A9, 0x01B0, 0x014F, 0x013E, 0x008F, 0x0196, 0x01A1, 0x013E, 
0x0110, 0x0024, 0x0099, 0x006C, 0x0121, 0x0046, 0x0051, 0x000C, 0x00EA, 0x00EC, 0x00C8, 0x01A5, 0x0149, 0x00A1, 0x0122, 0x0159, 
0x000C, 0x00D3, 0x00C7, 0x00A4, 0x017F, 0x0016, 0x010D, 0x016F, 0x0121, 0x00F1, 0x00DF, 0x0040, 0x003B, 0x016B, 0x0167, 0x004E, 
0x006A, 0x00A4, 0x007B, 0x00B1, 0x0016, 0x011B, 0x0126, 0x01AE, 0x0118, 0x00A9, 0x0044, 0x0136, 0x00C0, 0x0099, 0x0042, 0x0197, 
0x0126, 0x0068, 0x004E, 0x0073, 0x018D, 0x00EC, 0x0160, 0x0176, 0x0096, 0x00DE, 0x0029, 0x00BE, 0x0176, 0x017E, 0x0122, 0x0003, 
0x00EB, 0x00DF, 0x0163, 0x0136, 0x0128, 0x0033, 0x0001, 0x017B, 0x0099, 0x013E, 0x00FB, 0x018E, 0x0106, 0x0094, 0x001B, 0x012E, 
0x0131, 0x009E, 0x0131, 0x008D, 0x012B, 0x00EB, 0x0128, 0x0112, 0x009A, 0x0092, 0x00FA, 0x01A1, 0x00E3, 0x0080, 0x00D8, 0x01A1, 
0x00EA, 0x00B4, 0x014A, 0x0134, 0x002B, 0x012C, 0x014E, 0x0025, 0x017B, 0x0167, 0x0036, 0x0158, 0x014E, 0x0157, 0x00A7, 0x0164, 
0x0015, 0x01AF, 0x011A, 0x012B, 0x0045, 0x0010, 0x00E6, 0x001B, 0x0100, 0x01AF, 0x0020, 0x0162, 0x015B, 0x00EF, 0x00B4, 0x016E, 
0x0196, 0x00FF, 0x0086, 0x0114, 0x0092, 0x00FE, 0x015B, 0x0096, 0x0168, 0x00A7, 0x005B, 0x013E, 0x0187, 0x0063, 0x0109, 0x0073, 
0x008C, 0x002B, 0x00EE, 0x0096, 0x0162, 0x0061, 0x0128, 0x004B, 0x011F, 0x0105, 0x00FD, 0x00A5, 0x0106, 0x006C, 0x0164, 0x0168, 
0x00EE, 0x0134, 0x0054, 0x00AB, 0x0075, 0x0002, 0x008A, 0x0089, 0x0008, 0x0112, 0x0061, 0x0020, 0x0015, 0x006C, 0x018E, 0x0004, 
0x0186, 0x0171, 0x010A, 0x013A, 0x0023, 0x0054, 0x014A, 0x00EF, 0x00FE, 0x009A, 0x0008, 0x009F, 0x002D, 0x0056, 0x016B, 0x007D, 
0x0004, 0x00FB, 0x005B, 0x0157, 0x012C, 0x008C, 0x00B6, 0x013A, 0x004D, 0x007F, 0x004F, 0x002D, 0x0117, 0x004B, 0x00EB, 0x011A, 
0x0100, 0x0094, 0x00A5, 0x0067, 0x016B, 0x011B, 0x007F, 0x019C, 0x0075, 0x011D, 0x016E, 0x00EA, 0x00FA, 0x0114, 0x00C6, 0x008A, 
0x0191, 0x007F, 0x0049, 0x0171, 0x0085, 0x0187, 0x0099, 0x0025, 0x0158, 0x0118, 0x0109, 0x005A, 0x0171, 0x00C3, 0x016B, 0x00C2, 
0x0105, 0x00B7, 0x0045, 0x008D, 0x012E, 0x00E6, 0x00C7, 0x0105, 0x00B3, 0x002D, 0x0150, 0x008A, 0x0097, 0x00FF, 0x0083, 0x00E3, 
0x00D8, 0x0124, 0x00FF, 0x00B1, 0x0075, 0x0145, 0x013A, 0x0156, 0x0109, 0x018C, 0x0167, 0x0001, 0x01B0, 0x0167, 0x0059, 0x0187, 
0x0125, 0x0004, 0x015D, 0x00A5, 0x0043, 0x00E6, 0x00CE, 0x009E, 0x009E, 0x00D9, 0x0045, 0x009D, 0x004B, 0x01A9, 0x0008, 0x0166, 
0x0114, 0x016C, 0x00D8, 0x0113, 0x0113, 0x00E3, 0x00CB, 0x016E, 0x010C, 0x0054, 0x01AD, 0x008C, 0x002A, 0x0158, 0x004A, 0x0001, 
0x01B0, 0x004A, 0x0025, 0x00A8, 0x005B, 0x0077, 0x006C, 0x013C, 0x0100, 0x00B2, 0x008D, 0x00D9, 0x00CE, 0x012E, 0x00B2, 0x011A, 
0x0127, 0x0061, 0x0184, 0x00FE, 0x00AC, 0x00EA, 0x00CB, 0x0083, 0x0124, 0x016C, 0x00FA, 0x00AC, 0x00EF, 0x0046, 0x00EE, 0x0040, 
0x0157, 0x00A8, 0x0099, 0x0059, 0x018C, 0x0118, 0x002A, 0x012C, 0x0040, 0x0168, 0x0132, 0x0020, 0x0127, 0x00EB, 0x009D, 0x00B7, 
0x00C7, 0x0043, 0x0094, 0x013C, 0x0015, 0x0132, 0x0096, 0x0046, 0x014A, 0x010C, 0x011D, 0x00B1, 0x0097, 0x00C6, 0x0166, 0x009A, 
0x0184, 0x0162, 0x0132, 0x0164, 0x0077, 0x00FB, 0x0125, 0x0085, 0x005A, 0x0156, 0x00B6, 0x01AD, 0x0134, 0x0046, 0x015B, 0x0184, 
0x0112, 0x01A9, 0x0117, 0x00B3, 0x00C2, 0x0067, 0x015D, 0x018E, 0x0077, 0x00A7, 0x0040, 0x002B, 0x01AD, 0x0023, 0x0145, 0x019C, 
0x0191, 0x0150, 0x009F, 0x01A9, 0x0128, 0x0127, 0x01AF, 0x013C, 0x0106, 0x015D, 0x007D, 0x00C3, 0x0049, 0x004D, 0x0145, 0x00AB, 
0x010C, 0x00B4, 0x00AC, 0x0092, 0x0166, 0x0089, 0x0150, 0x004F, 0x011B, 0x00C3, 0x0186, 0x0125, 0x013E, 0x00A8, 0x014E, 0x002A, 
0x0073, 0x0156, 0x010A, 0x0049, 0x011B, 0x0056, 0x00B3, 0x011F, 0x009D, 0x012B, 0x00B2, 0x001B, 0x0043, 0x00FD, 0x00C2, 0x0056, 
0x004F, 0x0191, 0x0002, 0x00B1, 0x0196, 0x00CB, 0x01A1, 0x016C, 0x0086, 0x0097, 0x0002, 0x019C, 0x004D, 0x010A, 0x005A, 0x0063, 
0x0059, 0x017B, 0x004A, 0x0036, 0x018C, 0x0063, 0x0085, 0x0186, 0x007D, 0x0067, 0x00FD, 0x00C7, 0x0010, 0x00D9, 0x0131, 0x00CE, 
0x0010, 0x00B7, 0x011F, 0x0117, 0x009F, 0x0089, 0x00C6, 0x0086, 0x0124, 0x0080, 0x0113, 0x0080, 0x0083, 0x0196, 0x011D, 0x00AB, 
0x0023, 0x00B6, 0x0073, 0x0118, 0x0001, 0x0145, 0x001A, 0x0196, 0x0185, 0x00DF, 0x0066, 0x013E, 0x00F3, 0x01A6, 0x0144, 0x00A4, 
0x0044, 0x00F2, 0x009B, 0x0128, 0x010D, 0x00A9, 0x0148, 0x0142, 0x0036, 0x0051, 0x0019, 0x0029, 0x00CC, 0x0011, 0x0100, 0x0115, 
0x002C, 0x0093, 0x0022, 0x004A, 0x00C5, 0x0188, 0x0113, 0x016F, 0x010A, 0x0052, 0x0024, 0x0129, 0x0160, 0x00E6, 0x0025, 0x0159, 
0x0085, 0x014B, 0x00D4, 0x014F, 0x000C, 0x0033, 0x0042, 0x0149, 0x018D, 0x0040, 0x0021, 0x018A, 0x012D, 0x000B, 0x008B, 0x0091, 
0x017C, 0x00E1, 0x0069, 0x00EB, 0x0027, 0x0176, 0x0131, 0x0062, 0x00D9, 0x00B1, 0x0031, 0x00C8, 0x0125, 0x011B, 0x006C, 0x00ED, 
0x008C, 0x0009, 0x00FE, 0x018F, 0x00A1, 0x0058, 0x0006, 0x0112, 0x0120, 0x014E, 0x0116, 0x019B, 0x004B, 0x0166, 0x0008, 0x00BF, 
0x0012, 0x0035, 0x0122, 0x00C0, 0x018C, 0x0003, 0x0167, 0x0079, 0x010F, 0x00E9, 0x01AF, 0x0197, 0x00DE, 0x01A8, 0x00A2, 0x0010, 
0x01A0, 0x014D, 0x01A5, 0x013B, 0x0034, 0x0190, 0x00C7, 0x006F, 0x0046, 0x008F, 0x009F, 0x0169, 0x00BE, 0x005F, 0x003B, 0x017D, 
0x0075, 0x015F, 0x01AD, 0x00A7, 0x0060, 0x0076, 0x0080, 0x0136, 0x0073, 0x0191, 0x01AB, 0x00F1, 0x0099, 0x017B, 0x004E, 0x0171, 
0x013C, 0x0151, 0x017E, 0x0032, 0x00E5, 0x018E, 0x0138, 0x00B3, 0x0199, 0x001B, 0x004F, 0x0180, 0x01A1, 0x0023, 0x00EC, 0x0147, 
0x00CB, 0x0118, 0x016B, 0x00D0, 0x0181, 0x016D, 0x00D7, 0x0016, 0x01A9, 0x00DA, 0x0089, 0x011D, 0x0126, 0x0048, 0x0020, 0x012C, 
0x00F6, 0x011E, 0x0018, 0x00D3, 0x0096, 0x007F, 0x01B0, 0x0132, 0x00C4, 0x0002, 0x0162, 0x009C, 0x01A4, 0x00DD, 0x007B, 0x0152, 
0x0084, 0x0121, 0x0108, 0x0030, 0x019F, 0x0063, 0x0094, 0x006D, 0x0090, 0x00C6, 0x00EA, 0x0163, 0x0088, 0x00B0, 0x009E, 0x017F, 
0x0064, 0x00D8, 0x000D, 0x00D2, 0x00BB, 0x0110, 0x01AE, 0x006A, 0x0198, 0x0101, 0x0068, 0x0004, 0x0004, 0x0068, 0x0101, 0x0198, 
0x006A, 0x01AE, 0x0110, 0x00BB, 0x00D2, 0x000D, 0x00D8, 0x0064, 0x017F, 0x009E, 0x00B0, 0x0088, 0x0163, 0x00EA, 0x00C6, 0x0090, 
0x006D, 0x0094, 0x0063, 0x019F, 0x0030, 0x0108, 0x0121, 0x0084, 0x0152, 0x007B, 0x00DD, 0x01A4, 0x009C, 0x0162, 0x0002, 0x00C4, 
0x0132, 0x01B0, 0x007F, 0x0096, 0x00D3, 0x0018, 0x011E, 0x00F6, 0x012C, 0x0020, 0x0048, 0x0126, 0x011D, 0x0089, 0x00DA, 0x01A9, 
0x0016, 0x00D7, 0x016D, 0x0181, 0x00D0, 0x016B, 0x0118, 0x00CB, 0x0147, 0x00EC, 0x0023, 0x01A1, 0x0180, 0x004F, 0x001B, 0x0199, 
0x00B3, 0x0138, 0x018E, 0x00E5, 0x0032, 0x017E, 0x0151, 0x013C, 0x0171, 0x004E, 0x017B, 0x0099, 0x00F1, 0x01AB, 0x0191, 0x0073, 
0x0136, 0x0080, 0x0076, 0x0060, 0x00A7, 0x01AD, 0x015F, 0x0075, 0x017D, 0x003B, 0x005F, 0x00BE, 0x0169, 0x009F, 0x008F, 0x0046, 
0x006F, 0x00C7, 0x0190, 0x0034, 0x013B, 0x01A5, 0x014D, 0x01A0, 0x0010, 0x00A2, 0x01A8, 0x00DE, 0x0197, 0x01AF, 0x00E9, 0x010F, 
0x0079, 0x0167, 0x0003, 0x018C, 0x00C0, 0x0122, 0x0035, 0x0012, 0x00BF, 0x0008, 0x0166, 0x004B, 0x019B, 0x0116, 0x014E, 0x0120, 
0x0112, 0x0006, 0x0058, 0x00A1, 0x018F, 0x00FE, 0x0009, 0x008C, 0x00ED, 0x006C, 0x011B, 0x0125, 0x00C8, 0x0031, 0x00B1, 0x00D9, 
0x0062, 0x0131, 0x0176, 0x0027, 0x00EB, 0x0069, 0x00E1, 0x017C, 0x0091, 0x008B, 0x000B, 0x012D, 0x018A, 0x0021, 0x0040, 0x018D, 
0x0149, 0x0042, 0x0033, 0x000C, 0x014F, 0x00D4, 0x014B, 0x0085, 0x0159, 0x0025, 0x00E6, 0x0160, 0x0129, 0x0024, 0x0052, 0x010A, 
0x016F, 0x0113, 0x0188, 0x00C5, 0x004A, 0x0022, 0x0093, 0x002C, 0x0115, 0x0100, 0x0011, 0x00CC, 0x0029, 0x0019, 0x0051, 0x0036, 
0x0142, 0x0148, 0x00A9, 0x010D, 0x0128, 0x009B, 0x00F2, 0x0044, 0x00A4, 0x0144, 0x01A6, 0x00F3, 0x013E, 0x0066, 0x00DF, 0x0185, 
0x0196, 0x001A, 0x0001, 0x00D9, 0x004E, 0x0145, 0x00D5, 0x0027, 0x0119, 0x017B, 0x0016, 0x0143, 0x0064, 0x00EC, 0x0012, 0x0165, 
0x00A0, 0x0196, 0x00F3, 0x000B, 0x00AA, 0x017A, 0x010C, 0x0032, 0x008E, 0x0076, 0x0151, 0x0009, 0x01A1, 0x018B, 0x019A, 0x0050, 
0x00BC, 0x00CB, 0x0006, 0x0152, 0x0063, 0x00DE, 0x013C, 0x0055, 0x0069, 0x00BD, 0x008F, 0x0086, 0x0124, 0x0019, 0x0164, 0x0047, 
0x0005, 0x003B, 0x009B, 0x0181, 0x014F, 0x00DD, 0x0101, 0x01A9, 0x0053, 0x019E, 0x010E, 0x00CD, 0x0197, 0x0028, 0x00E7, 0x005E, 
0x0078, 0x013E, 0x0172, 0x0003, 0x0054, 0x00A9, 0x00FB, 0x010A, 0x000F, 0x006F, 0x00AC, 0x009E, 0x0132, 0x0103, 0x0184, 0x010D, 
0x0094, 0x0137, 0x0033, 0x0120, 0x0041, 0x0043, 0x00E8, 0x0092, 0x0173, 0x00E5, 0x00B4, 0x00B2, 0x0127, 0x00FC, 0x0177, 0x00DB, 
0x010F, 0x00F6, 0x0134, 0x0126, 0x0023, 0x0199, 0x005C, 0x0180, 0x00E3, 0x0147, 0x0169, 0x0159, 0x000E, 0x01AD, 0x0138, 0x0102, 
0x0190, 0x00CF, 0x00F7, 0x0087, 0x0171, 0x013F, 0x018C, 0x01A4, 0x012E, 0x0014, 0x0029, 0x014C, 0x0149, 0x002F, 0x0150, 0x003C, 
0x0166, 0x009F, 0x0104, 0x00B9, 0x013A, 0x00DA, 0x008C, 0x002A, 0x0038, 0x012D, 0x00B1, 0x0156, 0x0011, 0x0085, 0x0186, 0x00E0, 
0x0044, 0x0110, 0x0129, 0x0056, 0x018F, 0x004F, 0x0141, 0x0099, 0x00EE, 0x015A, 0x0096, 0x00C2, 0x00D0, 0x015F, 0x0106, 0x004A, 
0x0080, 0x0174, 0x0042, 0x00F2, 0x0195, 0x0090, 0x019C, 0x00F9, 0x016B, 0x00FA, 0x0144, 0x0074, 0x0114, 0x0049, 0x007C, 0x0192, 
0x012F, 0x014B, 0x0089, 0x005A, 0x00FE, 0x0059, 0x0193, 0x016C, 0x0109, 0x007E, 0x00C1, 0x0194, 0x0034, 0x0146, 0x010B, 0x0160, 
0x00C4, 0x007B, 0x01A7, 0x009A, 0x011A, 0x0093, 0x00DF, 0x00EA, 0x00EB, 0x01A5, 0x0039, 0x002E, 0x0020, 0x00C0, 0x0095, 0x014A, 
0x005D, 0x017C, 0x0071, 0x018D, 0x00E9, 0x0185, 0x0130, 0x0007, 0x0115, 0x01AF, 0x0002, 0x009C, 0x01AA, 0x0081, 0x002C, 0x00C8, 
0x0024, 0x0140, 0x0035, 0x0154, 0x0067, 0x011C, 0x00F1, 0x0191, 0x0183, 0x0178, 0x000C, 0x00C6, 0x00C7, 0x00D2, 0x011E, 0x0097, 
0x0117, 0x000A, 0x0136, 0x00ED, 0x0051, 0x00A6, 0x006B, 0x017D, 0x001D, 0x00F0, 0x0133, 0x00A8, 0x0045, 0x001E, 0x0158, 0x00B3, 
0x0157, 0x0128, 0x0066, 0x0082, 0x001F, 0x0135, 0x0168, 0x009D, 0x013D, 0x006D, 0x00B7, 0x0046, 0x00B8, 0x0015, 0x0121, 0x001C, 
0x00BF, 0x016F, 0x003D, 0x0131, 0x0167, 0x00AB, 0x0052, 0x00E1, 0x00EF, 0x011B, 0x0057, 0x00C3, 0x0118, 0x0070, 0x0162, 0x0022, 
0x015B, 0x0088, 0x00A1, 0x016D, 0x00D1, 0x002B, 0x012C, 0x01A0, 0x005B, 0x0100, 0x0084, 0x0179, 0x0187, 0x0125, 0x00D7, 0x0077, 
0x00F8, 0x00AD, 0x0112, 0x004B, 0x0175, 0x0061, 0x0182, 0x0068, 0x0065, 0x0188, 0x019D, 0x0083, 0x000D, 0x0025, 0x0072, 0x0040, 
0x012A, 0x00BA, 0x00E2, 0x0021, 0x00AF, 0x0079, 0x0004, 0x01A3, 0x0058, 0x0048, 0x006A, 0x00CE, 0x0031, 0x0155, 0x0018, 0x018E, 
0x008B, 0x007D, 0x00BB, 0x00A2, 0x00D6, 0x003A, 0x00B5, 0x008A, 0x00FF, 0x00FD, 0x00CC, 0x003E, 0x011F, 0x00C9, 0x016E, 0x0170, 
0x0091, 0x017E, 0x007A, 0x011D, 0x00A4, 0x002D, 0x00AE, 0x007F, 0x0113, 0x0105, 0x0142, 0x01A2, 0x00A7, 0x00B6, 0x0108, 0x015D, 
0x01AE, 0x003F, 0x0073, 0x0139, 0x0153, 0x00CA, 0x0189, 0x001A, 0x00E4, 0x00A3, 0x0013, 0x015E, 0x0008, 0x00B0, 0x00D4, 0x0062, 
0x0030, 0x0116, 0x0176, 0x01AC, 0x016A, 0x004D, 0x0198, 0x008D, 0x012B, 0x0122, 0x00F4, 0x0148, 0x015C, 0x0075, 0x00D3, 0x014E, 
0x005F, 0x01AB, 0x00E6, 0x00F5, 0x0161, 0x0017, 0x0026, 0x0010, 0x01A8, 0x0060, 0x013B, 0x0123, 0x017F, 0x00A5, 0x0037, 0x0107, 
0x01A6, 0x00BE, 0x001B, 0x0111, 0x004C, 0x019F, 0x00C5, 0x014D, 0x006E, 0x019B, 0x0036, 0x0098, 0x018A, 0x00DC, 0x006C, 0x0163, 
0x0001, 0x0001, 0x00EA, 0x0001, 0x00C7, 0x00EA, 0x00EB, 0x0001, 0x00C6, 0x00C7, 0x00EA, 0x00EA, 0x00EA, 0x00EB, 0x00EB, 0x0001, 
0x00EA, 0x00C6, 0x00C7, 0x00C7, 0x01B0, 0x00EA, 0x00EB, 0x00EA, 0x00C6, 0x00EA, 0x0001, 0x00EB, 0x00C7, 0x00EB, 0x00C7, 0x0001, 
0x00C6, 0x00EA, 0x0001, 0x00C6, 0x0001, 0x00C7, 0x00C6, 0x00C7, 0x00EA, 0x01B0, 0x01B0, 0x00EA, 0x01B0, 0x00EB, 0x00EB, 0x00EA, 
0x00EA, 0x00C6, 0x00C6, 0x00EA, 0x00C6, 0x0001, 0x00EB, 0x00EB, 0x00EB, 0x00C7, 0x00C6, 0x00EB, 0x00EB, 0x00C7, 0x00C7, 0x0001, 
0x00EB, 0x00C6, 0x01B0, 0x00EA, 0x01B0, 0x0001, 0x00C7, 0x00C6, 0x01B0, 0x0001, 0x0001, 0x00C7, 0x01B0, 0x00C6, 0x0001, 0x00C7, 
0x00EA, 0x00EA, 0x00C7, 0x01B0, 0x00EB, 0x01B0, 0x00EB, 0x00EA, 0x01B0, 0x01B0, 0x01B0, 0x00EB, 0x00EB, 0x00EB, 0x00C6, 0x00EA, 
0x01B0, 0x00EA, 0x0001, 0x00C6, 0x00C7, 0x00C6, 0x01B0, 0x00EA, 0x00EA, 0x00C6, 0x00C7, 0x0001, 0x00EA, 0x00EB, 0x00EA, 0x00EB, 
0x00C7, 0x00EB, 0x0001, 0x00C7, 0x0001, 0x00C6, 0x01B0, 0x00EB, 0x00C6, 0x00EB, 0x00C6, 0x00C7, 0x01B0, 0x00C7, 0x0001, 0x0001, 
0x00C7, 0x00EB, 0x01B0, 0x00C6, 0x0001, 0x01B0, 0x00C7, 0x00EA, 0x0001, 0x01B0, 0x00C6, 0x0001, 0x01B0, 0x00C7, 0x00C6, 0x00C6, 
0x00C6, 0x01B0, 0x00C6, 0x0001, 0x00C7, 0x0001, 0x01B0, 0x00C7, 0x0001, 0x01B0, 0x00C6, 0x00C6, 0x01B0, 0x0001, 0x0001, 0x00C7, 
0x00EA, 0x00EA, 0x00C7, 0x00EA, 0x01B0, 0x00C7, 0x0001, 0x01B0, 0x00C6, 0x00EB, 0x01B0, 0x01B0, 0x00EB, 0x00EB, 0x00C7, 0x00EA, 
0x0001, 0x01B0, 0x0001, 0x01B0, 0x00C7, 0x01B0, 0x01B0, 0x00EB, 0x00C7, 0x00EB, 0x00C6, 0x00EB, 0x00EB, 0x00C6, 0x00C6, 0x00EA, 
0x00EB, 0x01B0, 0x01B0, 0x00EA, 0x00C6, 0x0001, 0x0001, 0x00C6, 0x00C7, 0x00C7, 0x0001, 0x00C6, 0x00EB, 0x01B0, 0x00C7, 0x00EA, 
0x00EB, 0x00EA, 0x00EA, 0x00C6, 0x00EB, 0x00C7, 0x00EA, 0x0001, 0x0001, 0x00EA, 0x00C7, 0x00EB, 0x00C6, 0x00EA, 0x00EA, 0x00EB, 
0x00EA, 0x00C7, 0x01B0, 0x00EB, 0x00C6, 0x0001, 0x00C7, 0x00C7, 0x00C6, 0x0001, 0x0001, 0x00C6, 0x00EA, 0x01B0, 0x01B0, 0x00EB, 
0x00EA, 0x00C6, 0x00C6, 0x00EB, 0x00EB, 0x00C6, 0x00EB, 0x00C7, 0x00EB, 0x01B0, 0x01B0, 0x00C7, 0x01B0, 0x0001, 0x01B0, 0x0001, 
0x00EA, 0x00C7, 0x00EB, 0x00EB, 0x01B0, 0x01B0, 0x00EB, 0x00C6, 0x01B0, 0x0001, 0x00C7, 0x01B0, 0x00EA, 0x00C7, 0x00EA, 0x00EA, 
0x00C7, 0x0001, 0x0001, 0x01B0, 0x00C6, 0x00C6, 0x01B0, 0x0001, 0x00C7, 0x01B0, 0x0001, 0x00C7, 0x0001, 0x00C6, 0x01B0, 0x00C6, 
0x00C6, 0x00C6, 0x00C7, 0x01B0, 0x0001, 0x00C6, 0x01B0, 0x0001, 0x00EA, 0x00C7, 0x01B0, 0x0001, 0x00C6, 0x01B0, 0x00EB, 0x00C7, 
0x0001, 0x0001, 0x00C7, 0x01B0, 0x00C7, 0x00C6, 0x00EB, 0x00C6, 0x00EB, 0x01B0, 0x00C6, 0x0001, 0x00C7, 0x0001, 0x00EB, 0x00C7, 
0x00EB, 0x00EA, 0x00EB, 0x00EA, 0x0001, 0x00C7, 0x00C6, 0x00EA, 0x00EA, 0x01B0, 0x00C6, 0x00C7, 0x00C6, 0x0001, 0x00EA, 0x01B0, 
0x00EA, 0x00C6, 0x00EB, 0x00EB, 0x00EB, 0x01B0, 0x01B0, 0x01B0, 0x00EA, 0x00EB, 0x01B0, 0x00EB, 0x01B0, 0x00C7, 0x00EA, 0x00EA, 
0x00C7, 0x0001, 0x00C6, 0x01B0, 0x00C7, 0x0001, 0x0001, 0x01B0, 0x00C6, 0x00C7, 0x0001, 0x01B0, 0x00EA, 0x01B0, 0x00C6, 0x00EB, 
0x0001, 0x00C7, 0x00C7, 0x00EB, 0x00EB, 0x00C6, 0x00C7, 0x00EB, 0x00EB, 0x00EB, 0x0001, 0x00C6, 0x00EA, 0x00C6, 0x00C6, 0x00EA, 
0x00EA, 0x00EB, 0x00EB, 0x01B0, 0x00EA, 0x01B0, 0x01B0, 0x00EA, 0x00C7, 0x00C6, 0x00C7, 0x0001, 0x00C6, 0x0001, 0x00EA, 0x00C6, 
0x0001, 0x00C7, 0x00EB, 0x00C7, 0x00EB, 0x0001, 0x00EA, 0x00C6, 0x00EA, 0x00EB, 0x00EA, 0x01B0, 0x00C7, 0x00C7, 0x00C6, 0x00EA, 
0x0001, 0x00EB, 0x00EB, 0x00EA, 0x00EA, 0x00EA, 0x00C7, 0x00C6, 0x0001, 0x00EB, 0x00EA, 0x00C7, 0x0001, 0x00EA, 0x0001, 0x0002, 
0x010D, 0x0004, 0x0081, 0x0069, 0x015A, 0x0008, 0x0032, 0x0102, 0x0199, 0x00D2, 0x000B, 0x0103, 0x003D, 0x0010, 0x0051, 0x0064, 
0x013D, 0x0053, 0x019C, 0x0181, 0x00D1, 0x01A4, 0x00BB, 0x0016, 0x001B, 0x0055, 0x008E, 0x007A, 0x006B, 0x0020, 0x0027, 0x00A2, 
0x0023, 0x00C8, 0x0025, 0x00C9, 0x0169, 0x00A6, 0x0044, 0x0187, 0x0186, 0x0151, 0x0184, 0x01A2, 0x00DC, 0x0197, 0x00D0, 0x0176, 
0x008B, 0x002C, 0x0066, 0x0036, 0x0170, 0x00AA, 0x0195, 0x011C, 0x01A8, 0x00F4, 0x002E, 0x00D6, 0x019D, 0x0040, 0x0078, 0x004E, 
0x016E, 0x0144, 0x016C, 0x0046, 0x0111, 0x0190, 0x0168, 0x004A, 0x004B, 0x0192, 0x0164, 0x0121, 0x004F, 0x014C, 0x014F, 0x0088, 
0x003F, 0x015D, 0x0039, 0x015B, 0x005E, 0x00F1, 0x0158, 0x0157, 0x0156, 0x0193, 0x00CD, 0x0007, 0x00BF, 0x017D, 0x0150, 0x01A0, 
0x0063, 0x013B, 0x00B5, 0x0116, 0x014A, 0x0058, 0x0142, 0x00CC, 0x004C, 0x006C, 0x0188, 0x012F, 0x01AB, 0x0154, 0x0194, 0x0179, 
0x0073, 0x0087, 0x0075, 0x019F, 0x013A, 0x0037, 0x008F, 0x005C, 0x006A, 0x01AC, 0x0134, 0x0189, 0x007F, 0x0080, 0x007C, 0x00F0, 
0x012E, 0x009C, 0x0085, 0x012B, 0x0013, 0x00D7, 0x0089, 0x0127, 0x00F3, 0x008C, 0x0124, 0x0071, 0x00A9, 0x016F, 0x0084, 0x011F, 
0x005F, 0x0094, 0x00CF, 0x0096, 0x011A, 0x0173, 0x0099, 0x0117, 0x017C, 0x0091, 0x0114, 0x009E, 0x009F, 0x00E7, 0x0003, 0x00ED, 
0x018B, 0x0110, 0x010C, 0x007E, 0x00A7, 0x0109, 0x0079, 0x0072, 0x0106, 0x0105, 0x0182, 0x00BC, 0x00B9, 0x0031, 0x00B1, 0x00FF, 
0x00B3, 0x00FD, 0x0050, 0x00FB, 0x00FA, 0x0175, 0x000A, 0x019A, 0x00DD, 0x000E, 0x00F9, 0x017E, 0x0093, 0x0149, 0x0143, 0x00EF, 
0x00EE, 0x018F, 0x0024, 0x00C6, 0x00C7, 0x00C5, 0x00A3, 0x016A, 0x00CB, 0x007B, 0x0070, 0x00E3, 0x003A, 0x00B0, 0x00BA, 0x00D3, 
0x000C, 0x0198, 0x0104, 0x0098, 0x0052, 0x00D8, 0x00D9, 0x015F, 0x0119, 0x00AD, 0x0019, 0x01A5, 0x00DE, 0x00F7, 0x0101, 0x0177, 
0x00CE, 0x0141, 0x0136, 0x00E6, 0x0047, 0x010E, 0x00EC, 0x00EA, 0x00EB, 0x018D, 0x0022, 0x00C3, 0x00C2, 0x006E, 0x0068, 0x011E, 
0x0033, 0x00B8, 0x01A3, 0x00D4, 0x0017, 0x01A7, 0x003C, 0x00B7, 0x00B6, 0x0161, 0x00B4, 0x00FE, 0x00B2, 0x0100, 0x0180, 0x00F8, 
0x00F5, 0x002F, 0x00AC, 0x00AB, 0x013F, 0x0138, 0x00A8, 0x010A, 0x0133, 0x00A5, 0x00A1, 0x0026, 0x00C4, 0x01AE, 0x00CA, 0x0112, 
0x0113, 0x009D, 0x0120, 0x0035, 0x009A, 0x0118, 0x003E, 0x0097, 0x011B, 0x00E2, 0x011D, 0x0152, 0x0092, 0x012D, 0x0042, 0x0108, 
0x0140, 0x008D, 0x0125, 0x00BE, 0x008A, 0x0128, 0x00DA, 0x019E, 0x0086, 0x012C, 0x0115, 0x0083, 0x00C1, 0x0135, 0x0131, 0x0132, 
0x0028, 0x007D, 0x0005, 0x0147, 0x0155, 0x0122, 0x017A, 0x0077, 0x0012, 0x013C, 0x012A, 0x013E, 0x0038, 0x001D, 0x005D, 0x0006, 
0x0082, 0x0029, 0x0145, 0x0165, 0x00E5, 0x006F, 0x0159, 0x0067, 0x009B, 0x00FC, 0x0076, 0x014E, 0x0011, 0x0061, 0x0034, 0x00F2, 
0x01AA, 0x00E4, 0x001E, 0x005B, 0x005A, 0x0059, 0x00C0, 0x0153, 0x0056, 0x0178, 0x0054, 0x0172, 0x0129, 0x0062, 0x0065, 0x0162, 
0x0090, 0x004D, 0x001F, 0x0166, 0x0167, 0x0049, 0x0021, 0x00A0, 0x016B, 0x0045, 0x006D, 0x0043, 0x0163, 0x0139, 0x0171, 0x0014, 
0x00DB, 0x0183, 0x00BD, 0x0009, 0x0095, 0x001C, 0x0107, 0x0041, 0x017B, 0x014B, 0x0185, 0x0126, 0x003B, 0x00E1, 0x001A, 0x00D5, 
0x000F, 0x002D, 0x0060, 0x002B, 0x002A, 0x016D, 0x010B, 0x0048, 0x00E8, 0x018C, 0x00E9, 0x018E, 0x010F, 0x018A, 0x0191, 0x0146, 
0x0137, 0x0123, 0x015C, 0x0196, 0x019B, 0x00F6, 0x000D, 0x00E0, 0x0030, 0x0015, 0x015E, 0x0074, 0x014D, 0x0160, 0x01A1, 0x0174, 
0x00AE, 0x01A6, 0x00DF, 0x0018, 0x00AF, 0x017F, 0x01A9, 0x0057, 0x0148, 0x0130, 0x01AD, 0x00A4, 0x0001, 0x0004, 0x0176, 0x0010, 
0x00D4, 0x00C5, 0x0101, 0x0040, 0x0011, 0x019F, 0x00A9, 0x0163, 0x008F, 0x00A2, 0x0031, 0x0100, 0x004E, 0x0044, 0x018A, 0x0169, 
0x01A9, 0x00F3, 0x002C, 0x0079, 0x0159, 0x008B, 0x0128, 0x00D7, 0x00DD, 0x00C4, 0x011E, 0x009E, 0x01A5, 0x0138, 0x0167, 0x0110, 
0x0046, 0x0115, 0x00DF, 0x0091, 0x00BE, 0x0191, 0x013C, 0x006A, 0x008C, 0x00B0, 0x017D, 0x0033, 0x00E9, 0x0051, 0x00A1, 0x007B, 
0x00D2, 0x013E, 0x0142, 0x01AB, 0x0088, 0x0012, 0x014F, 0x015F, 0x00D0, 0x0116, 0x0027, 0x00C7, 0x0006, 0x0181, 0x0112, 0x017E, 
0x0002, 0x0089, 0x014B, 0x00DE, 0x012C, 0x0118, 0x01AD, 0x00F2, 0x0085, 0x001A, 0x00B3, 0x0093, 0x0121, 0x0147, 0x0021, 0x0131, 
0x0052, 0x018E, 0x0180, 0x01A8, 0x0132, 0x007F, 0x017B, 0x010F, 0x000D, 0x00E1, 0x0188, 0x00CC, 0x0075, 0x0042, 0x0113, 0x0144, 
0x005F, 0x00D3, 0x00D8, 0x003B, 0x0024, 0x0197, 0x0152, 0x0196, 0x0126, 0x01A6, 0x00C8, 0x0199, 0x00BB, 0x006F, 0x00EB, 0x0048, 
0x010A, 0x0029, 0x0080, 0x0069, 0x01A0, 0x018F, 0x0030, 0x00F6, 0x018C, 0x009C, 0x006C, 0x016B, 0x0198, 0x0018, 0x009F, 0x00F1, 
0x0171, 0x00E6, 0x0190, 0x00E5, 0x0096, 0x0008, 0x0003, 0x0073, 0x0025, 0x0019, 0x0160, 0x0016, 0x0058, 0x014E, 0x006D, 0x00FE, 
0x0064, 0x01A1, 0x0094, 0x0066, 0x001B, 0x0063, 0x000C, 0x0068, 0x0020, 0x011B, 0x00A7, 0x009B, 0x0032, 0x0122, 0x012D, 0x0009, 
0x0036, 0x0084, 0x00B1, 0x0162, 0x0062, 0x0148, 0x00CB, 0x0125, 0x0060, 0x00ED, 0x014D, 0x018D, 0x0099, 0x0166, 0x01B0, 0x004B, 
0x00BF, 0x00D9, 0x011D, 0x00DA, 0x0076, 0x0034, 0x00C0, 0x0022, 0x0129, 0x010D, 0x016D, 0x017F, 0x01A4, 0x0023, 0x004F, 0x0108, 
0x00A4, 0x00EA, 0x00C6, 0x01AE, 0x0120, 0x017C, 0x004A, 0x019B, 0x000B, 0x01AF, 0x013B, 0x00EC, 0x0151, 0x0090, 0x016F, 0x0149, 
0x0185, 0x0035, 0x0136, 0x0145, 0x0145, 0x0136, 0x0035, 0x0185, 0x0149, 0x016F, 0x0090, 0x0151, 0x00EC, 0x013B, 0x01AF, 0x000B, 
0x019B, 0x004A, 0x017C, 0x0120, 0x01AE, 0x00C6, 0x00EA, 0x00A4, 0x0108, 0x004F, 0x0023, 0x01A4, 0x017F, 0x016D, 0x010D, 0x0129, 
0x0022, 0x00C0, 0x0034, 0x0076, 0x00DA, 0x011D, 0x00D9, 0x00BF, 0x004B, 0x01B0, 0x0166, 0x0099, 0x018D, 0x014D, 0x00ED, 0x0060, 
0x0125, 0x00CB, 0x0148, 0x0062, 0x0162, 0x00B1, 0x0084, 0x0036, 0x0009, 0x012D, 0x0122, 0x0032, 0x009B, 0x00A7, 0x011B, 0x0020, 
0x0068, 0x000C, 0x0063, 0x001B, 0x0066, 0x0094, 0x01A1, 0x0064, 0x00FE, 0x006D, 0x014E, 0x0058, 0x0016, 0x0160, 0x0019, 0x0025, 
0x0073, 0x0003, 0x0008, 0x0096, 0x00E5, 0x0190, 0x00E6, 0x0171, 0x00F1, 0x009F, 0x0018, 0x0198, 0x016B, 0x006C, 0x009C, 0x018C, 
0x00F6, 0x0030, 0x018F, 0x01A0, 0x0069, 0x0080, 0x0029, 0x010A, 0x0048, 0x00EB, 0x006F, 0x00BB, 0x0199, 0x00C8, 0x01A6, 0x0126, 
0x0196, 0x0152, 0x0197, 0x0024, 0x003B, 0x00D8, 0x00D3, 0x005F, 0x0144, 0x0113, 0x0042, 0x0075, 0x00CC, 0x0188, 0x00E1, 0x000D, 
0x010F, 0x017B, 0x007F, 0x0132, 0x01A8, 0x0180, 0x018E, 0x0052, 0x0131, 0x0021, 0x0147, 0x0121, 0x0093, 0x00B3, 0x001A, 0x0085, 
0x00F2, 0x01AD, 0x0118, 0x012C, 0x00DE, 0x014B, 0x0089, 0x0002, 0x017E, 0x0112, 0x0181, 0x0006, 0x00C7, 0x0027, 0x0116, 0x00D0, 
0x015F, 0x014F, 0x0012, 0x0088, 0x01AB, 0x0142, 0x013E, 0x00D2, 0x007B, 0x00A1, 0x0051, 0x00E9, 0x0033, 0x017D, 0x00B0, 0x008C, 
0x006A, 0x013C, 0x0191, 0x00BE, 0x0091, 0x00DF, 0x0115, 0x0046, 0x0110, 0x0167, 0x0138, 0x01A5, 0x009E, 0x011E, 0x00C4, 0x00DD, 
0x00D7, 0x0128, 0x008B, 0x0159, 0x0079, 0x002C, 0x00F3, 0x01A9, 0x0169, 0x018A, 0x0044, 0x004E, 0x0100, 0x0031, 0x00A2, 0x008F, 
0x0163, 0x00A9, 0x019F, 0x0011, 0x0040, 0x0101, 0x00C5, 0x00D4, 0x0010, 0x0176, 0x0001, 0x0008, 0x0100, 0x0040, 0x00C2, 0x013C, 
0x0043, 0x004F, 0x0099, 0x00FD, 0x007F, 0x016B, 0x007F, 0x0067, 0x012E, 0x00C7, 0x001B, 0x0166, 0x007D, 0x0124, 0x0109, 0x0096, 
0x0092, 0x0132, 0x018E, 0x0096, 0x00C6, 0x0187, 0x015B, 0x00FB, 0x00CE, 0x0125, 0x0025, 0x00D8, 0x0008, 0x010A, 0x01A9, 0x0086, 
0x0025, 0x00AB, 0x01AD, 0x0184, 0x00A5, 0x014E, 0x00EE, 0x012E, 0x009A, 0x011B, 0x009F, 0x0099, 0x01A1, 0x014E, 0x0131, 0x011D, 
0x0186, 0x0061, 0x0187, 0x00B2, 0x0118, 0x0114, 0x0083, 0x015D, 0x0124, 0x00B3, 0x0186, 0x0128, 0x00AC, 0x01AD, 0x008A, 0x0040, 
0x0077, 0x018C, 0x00FA, 0x0171, 0x0085, 0x00CE, 0x011A, 0x0128, 0x011D, 0x0045, 0x001B, 0x0191, 0x008D, 0x0049, 0x002A, 0x0015, 
0x0043, 0x004A, 0x0184, 0x00AC, 0x011A, 0x00FB, 0x0157, 0x016E, 0x0002, 0x0063, 0x005B, 0x0196, 0x017B, 0x0166, 0x0045, 0x0131, 
0x00A5, 0x004A, 0x013C, 0x0113, 0x00E3, 0x0073, 0x0004, 0x0059, 0x0075, 0x0157, 0x015B, 0x0061, 0x00B3, 0x007D, 0x017B, 0x004B, 
0x004D, 0x002B, 0x006C, 0x00B6, 0x0113, 0x00C2, 0x008A, 0x00AB, 0x0125, 0x0085, 0x00EF, 0x0059, 0x002D, 0x00CB, 0x0094, 0x004D, 
0x0134, 0x0191, 0x00C7, 0x00EE, 0x01A1, 0x004F, 0x0015, 0x0056, 0x006C, 0x0089, 0x00CB, 0x010C, 0x0002, 0x0162, 0x00B2, 0x00C6, 
0x0109, 0x015D, 0x00EA, 0x005B, 0x0080, 0x00CB, 0x0105, 0x0073, 0x008C, 0x0077, 0x0100, 0x00D8, 0x0086, 0x00B1, 0x00FA, 0x0106, 
0x0073, 0x0097, 0x006C, 0x0150, 0x0049, 0x00A8, 0x009A, 0x0067, 0x00FD, 0x009F, 0x00EB, 0x0049, 0x00FE, 0x004D, 0x016C, 0x005B, 
0x00C3, 0x0114, 0x00B4, 0x0092, 0x018E, 0x014A, 0x0114, 0x0010, 0x0002, 0x0167, 0x0059, 0x0127, 0x00FA, 0x00D9, 0x010A, 0x0001, 
0x01B0, 0x010A, 0x012B, 0x0077, 0x012C, 0x0113, 0x005A, 0x0015, 0x00FF, 0x009F, 0x011F, 0x016B, 0x016B, 0x0023, 0x009A, 0x0054, 
0x0191, 0x0036, 0x017B, 0x0020, 0x015D, 0x0117, 0x018E, 0x0046, 0x0046, 0x0092, 0x0112, 0x00B2, 0x019C, 0x0157, 0x009E, 0x0085, 
0x013A, 0x0086, 0x00A7, 0x0001, 0x01B0, 0x00A7, 0x00D8, 0x00B7, 0x008A, 0x0158, 0x004A, 0x01AF, 0x01A1, 0x009D, 0x0067, 0x0023, 
0x011F, 0x00FD, 0x009D, 0x00EE, 0x0156, 0x0045, 0x0164, 0x00B3, 0x0168, 0x00C6, 0x0112, 0x00B4, 0x014A, 0x0117, 0x0109, 0x0168, 
0x0061, 0x0145, 0x011A, 0x013E, 0x00AB, 0x00B7, 0x0100, 0x012B, 0x00D9, 0x00B1, 0x013A, 0x0125, 0x013E, 0x00AC, 0x00E6, 0x0131, 
0x0156, 0x00C7, 0x0054, 0x00A8, 0x00EB, 0x00FF, 0x004F, 0x01AF, 0x00A5, 0x00E6, 0x0128, 0x0145, 0x015B, 0x019C, 0x0162, 0x0010, 
0x00C3, 0x00EA, 0x0020, 0x007D, 0x0164, 0x011D, 0x00E6, 0x0184, 0x0158, 0x00C2, 0x012C, 0x008C, 0x0106, 0x0127, 0x00EF, 0x009E, 
0x00FB, 0x0145, 0x0186, 0x0164, 0x0166, 0x0036, 0x0134, 0x00FE, 0x0150, 0x0056, 0x005A, 0x013C, 0x0158, 0x01AD, 0x013E, 0x00CE, 
0x009E, 0x0075, 0x0167, 0x010C, 0x0080, 0x016C, 0x004B, 0x0036, 0x001B, 0x0156, 0x014E, 0x01AF, 0x0043, 0x005A, 0x00B6, 0x0097, 
0x0105, 0x002D, 0x0167, 0x016E, 0x019C, 0x0187, 0x0168, 0x0124, 0x0020, 0x0196, 0x016C, 0x0094, 0x0089, 0x0097, 0x00E3, 0x012C, 
0x0040, 0x00B7, 0x0025, 0x013A, 0x0171, 0x0127, 0x0004, 0x0105, 0x0089, 0x002B, 0x00FE, 0x008D, 0x0054, 0x012E, 0x009D, 0x0099, 
0x00FF, 0x002A, 0x0150, 0x002B, 0x0094, 0x0080, 0x0063, 0x0010, 0x0118, 0x0112, 0x0096, 0x0117, 0x0083, 0x00C3, 0x0063, 0x010C, 
0x002D, 0x0004, 0x0106, 0x018C, 0x012B, 0x0008, 0x00A7, 0x01A9, 0x00D9, 0x018C, 0x008C, 0x00E3, 0x00B6, 0x0056, 0x002A, 0x00EB, 
0x011B, 0x0023, 0x007F, 0x011F, 0x011B, 0x00A8, 0x008D, 0x0134, 0x004B, 0x0196, 0x00EA, 0x0083, 0x014A, 0x0132, 0x0046, 0x0132, 
0x00B4, 0x0118, 0x0162, 0x016E, 0x0075, 0x00EF, 0x0171, 0x00B1, 0x0001, 0x0010, 0x014F, 0x0100, 0x0068, 0x00A4, 0x0024, 0x00C7, 
0x004E, 0x016D, 0x0062, 0x001A, 0x0160, 0x008F, 0x00C8, 0x0099, 0x001A, 0x017E, 0x00D2, 0x00D3, 0x0171, 0x010D, 0x0147, 0x01A0, 
0x01A8, 0x0003, 0x0096, 0x007B, 0x0068, 0x00A9, 0x0144, 0x011B, 0x0163, 0x01A0, 0x0118, 0x0032, 0x0089, 0x0149, 0x0090, 0x0159, 
0x010D, 0x0113, 0x00A7, 0x0197, 0x013E, 0x0024, 0x0136, 0x00A1, 0x01AE, 0x0121, 0x0032, 0x0030, 0x0090, 0x00EB, 0x00E9, 0x00EC, 
0x00CC, 0x016D, 0x0042, 0x006A, 0x00C5, 0x01A5, 0x00D2, 0x00C6, 0x00EC, 0x0033, 0x010A, 0x00A1, 0x01AD, 0x0096, 0x00DE, 0x016F, 
0x0040, 0x001B, 0x0010, 0x0044, 0x0040, 0x008B, 0x01B0, 0x0144, 0x0016, 0x0197, 0x000C, 0x0046, 0x006A, 0x004A, 0x00C8, 0x0011, 
0x0145, 0x0145, 0x0073, 0x008F, 0x0122, 0x00C5, 0x00BE, 0x019B, 0x00A7, 0x0181, 0x011B, 0x0126, 0x0029, 0x016F, 0x006C, 0x014F, 
0x0110, 0x008B, 0x0029, 0x0128, 0x0003, 0x0108, 0x01AE, 0x0138, 0x00F1, 0x00E9, 0x00EA, 0x00D3, 0x00B1, 0x00BE, 0x0046, 0x018D, 
0x004E, 0x0079, 0x0033, 0x00F1, 0x016B, 0x0149, 0x0196, 0x0089, 0x0058, 0x0138, 0x010A, 0x017F, 0x00C7, 0x0167, 0x000C, 0x019B, 
0x01A1, 0x0171, 0x0176, 0x00EB, 0x016B, 0x0058, 0x0121, 0x00F3, 0x01A8, 0x009E, 0x0126, 0x01B0, 0x006D, 0x0100, 0x00B3, 0x00DE, 
0x0128, 0x009E, 0x0163, 0x003B, 0x0113, 0x01A1, 0x00B1, 0x01A5, 0x0051, 0x0160, 0x00C0, 0x0011, 0x0073, 0x00C0, 0x0099, 0x00FE, 
0x0042, 0x018D, 0x0167, 0x013E, 0x00E5, 0x00A9, 0x006D, 0x0110, 0x001B, 0x0004, 0x0001, 0x0004, 0x0044, 0x006C, 0x00B3, 0x007B, 
0x0188, 0x0136, 0x017F, 0x0079, 0x00CC, 0x0009, 0x017E, 0x0051, 0x0122, 0x004A, 0x00FE, 0x0062, 0x0009, 0x00C6, 0x00EA, 0x0176, 
0x0159, 0x00DF, 0x0118, 0x00F3, 0x0108, 0x01AD, 0x0188, 0x00A4, 0x00E5, 0x0016, 0x0181, 0x003B, 0x0147, 0x00DF, 0x0030, 0x0196, 
0x0196, 0x0030, 0x00DF, 0x0147, 0x003B, 0x0181, 0x0016, 0x00E5, 0x00A4, 0x0188, 0x01AD, 0x0108, 0x00F3, 0x0118, 0x00DF, 0x0159, 
0x0176, 0x00EA, 0x00C6, 0x0009, 0x0062, 0x00FE, 0x004A, 0x0122, 0x0051, 0x017E, 0x0009, 0x00CC, 0x0079, 0x017F, 0x0136, 0x0188, 
0x007B, 0x00B3, 0x006C, 0x0044, 0x0004, 0x0001, 0x0004, 0x001B, 0x0110, 0x006D, 0x00A9, 0x00E5, 0x013E, 0x0167, 0x018D, 0x0042, 
0x00FE, 0x0099, 0x00C0, 0x0073, 0x0011, 0x00C0, 0x0160, 0x0051, 0x01A5, 0x00B1, 0x01A1, 0x0113, 0x003B, 0x0163, 0x009E, 0x0128, 
0x00DE, 0x00B3, 0x0100, 0x006D, 0x01B0, 0x0126, 0x009E, 0x01A8, 0x00F3, 0x0121, 0x0058, 0x016B, 0x00EB, 0x0176, 0x0171, 0x01A1, 
0x019B, 0x000C, 0x0167, 0x00C7, 0x017F, 0x010A, 0x0138, 0x0058, 0x0089, 0x0196, 0x0149, 0x016B, 0x00F1, 0x0033, 0x0079, 0x004E, 
0x018D, 0x0046, 0x00BE, 0x00B1, 0x00D3, 0x00EA, 0x00E9, 0x00F1, 0x0138, 0x01AE, 0x0108, 0x0003, 0x0128, 0x0029, 0x008B, 0x0110, 
0x014F, 0x006C, 0x016F, 0x0029, 0x0126, 0x011B, 0x0181, 0x00A7, 0x019B, 0x00BE, 0x00C5, 0x0122, 0x008F, 0x0073, 0x0145, 0x0145, 
0x0011, 0x00C8, 0x004A, 0x006A, 0x0046, 0x000C, 0x0197, 0x0016, 0x0144, 0x01B0, 0x008B, 0x0040, 0x0044, 0x0010, 0x001B, 0x0040, 
0x016F, 0x00DE, 0x0096, 0x01AD, 0x00A1, 0x010A, 0x0033, 0x00EC, 0x00C6, 0x00D2, 0x01A5, 0x00C5, 0x006A, 0x0042, 0x016D, 0x00CC, 
0x00EC, 0x00E9, 0x00EB, 0x0090, 0x0030, 0x0032, 0x0121, 0x01AE, 0x00A1, 0x0136, 0x0024, 0x013E, 0x0197, 0x00A7, 0x0113, 0x010D, 
0x0159, 0x0090, 0x0149, 0x0089, 0x0032, 0x0118, 0x01A0, 0x0163, 0x011B, 0x0144, 0x00A9, 0x0068, 0x007B, 0x0096, 0x0003, 0x01A8, 
0x01A0, 0x0147, 0x010D, 0x0171, 0x00D3, 0x00D2, 0x017E, 0x001A, 0x0099, 0x00C8, 0x008F, 0x0160, 0x001A, 0x0062, 0x016D, 0x004E, 
0x00C7, 0x0024, 0x00A4, 0x0068, 0x0100, 0x014F, 0x0001, 0x0020, 0x008B, 0x009E, 0x0057, 0x0076, 0x00FC, 0x0125, 0x010D, 0x00BA, 
0x00D4, 0x0138, 0x00F6, 0x010E, 0x0192, 0x011B, 0x0009, 0x017D, 0x005D, 0x0143, 0x0184, 0x0121, 0x00A0, 0x0019, 0x00D0, 0x004E, 
0x0099, 0x019D, 0x01A2, 0x0133, 0x0055, 0x018C, 0x0018, 0x0120, 0x0112, 0x0044, 0x0132, 0x017A, 0x01A4, 0x0179, 0x00CC, 0x0124, 
0x00FD, 0x009B, 0x0015, 0x0165, 0x0119, 0x016F, 0x011E, 0x00A1, 0x0181, 0x014B, 0x010F, 0x0085, 0x0102, 0x00E2, 0x0172, 0x0182, 
0x01AE, 0x012A, 0x0146, 0x007A, 0x00F0, 0x0073, 0x00B9, 0x014F, 0x0045, 0x007B, 0x009D, 0x006C, 0x00AE, 0x000B, 0x0156, 0x010A, 
0x014E, 0x0195, 0x00A5, 0x0011, 0x0162, 0x0175, 0x0032, 0x0021, 0x0082, 0x00FB, 0x015E, 0x012E, 0x0050, 0x00C5, 0x015B, 0x00EF, 
0x0049, 0x00A6, 0x007C, 0x014C, 0x0129, 0x0035, 0x00B2, 0x003B, 0x0131, 0x0185, 0x00F4, 0x00C4, 0x012B, 0x00C8, 0x019F, 0x000C, 
0x0039, 0x0167, 0x0147, 0x001D, 0x0064, 0x0130, 0x0183, 0x0095, 0x0040, 0x00E4, 0x0166, 0x0151, 0x0067, 0x000A, 0x0159, 0x0028, 
0x00D3, 0x0007, 0x0157, 0x013F, 0x0023, 0x00D8, 0x005E, 0x0123, 0x00CE, 0x0148, 0x0036, 0x002B, 0x0141, 0x0027, 0x0196, 0x0105, 
0x001A, 0x01A9, 0x0059, 0x0174, 0x00C0, 0x0160, 0x01AB, 0x0077, 0x015F, 0x011D, 0x00DC, 0x0128, 0x00B7, 0x0193, 0x0100, 0x0054, 
0x0022, 0x006F, 0x0134, 0x0046, 0x01AF, 0x00F5, 0x0033, 0x012D, 0x0078, 0x00BE, 0x0164, 0x0107, 0x0004, 0x00EE, 0x0149, 0x0177, 
0x0150, 0x008A, 0x00D6, 0x018B, 0x0017, 0x00F2, 0x0010, 0x0117, 0x00B3, 0x011F, 0x00B8, 0x00AB, 0x011A, 0x0074, 0x00D1, 0x0047, 
0x00B0, 0x00E8, 0x0013, 0x019B, 0x00DA, 0x018D, 0x0071, 0x0043, 0x00A8, 0x009C, 0x0029, 0x00EA, 0x00EB, 0x0144, 0x0041, 0x000E, 
0x0075, 0x00D2, 0x01AC, 0x002A, 0x00AD, 0x0152, 0x00E7, 0x0122, 0x0108, 0x0180, 0x0173, 0x005C, 0x0169, 0x00E6, 0x00CB, 0x0048, 
0x0155, 0x003E, 0x0031, 0x00A9, 0x008F, 0x00CA, 0x005F, 0x0104, 0x0187, 0x0005, 0x00DF, 0x013C, 0x01A3, 0x0170, 0x006D, 0x00C6, 
0x00C7, 0x0188, 0x0115, 0x0109, 0x016E, 0x0140, 0x0024, 0x00D7, 0x0016, 0x019E, 0x00C9, 0x0101, 0x016A, 0x00E0, 0x013D, 0x0097, 
0x0106, 0x00F9, 0x0092, 0x00FE, 0x009A, 0x01A1, 0x00BF, 0x019A, 0x0026, 0x00DB, 0x0127, 0x0061, 0x003A, 0x0068, 0x00C3, 0x01AD, 
0x00AA, 0x004D, 0x00F3, 0x0139, 0x0084, 0x017E, 0x00BC, 0x0002, 0x016B, 0x007D, 0x0142, 0x018F, 0x015D, 0x00B1, 0x001E, 0x00FA, 
0x0089, 0x00D5, 0x0094, 0x0052, 0x013A, 0x0006, 0x0051, 0x00F1, 0x003D, 0x0158, 0x0008, 0x0197, 0x00AC, 0x001B, 0x018A, 0x0070, 
0x0186, 0x017B, 0x0069, 0x00E3, 0x008E, 0x0153, 0x00D9, 0x018E, 0x0072, 0x005A, 0x01AA, 0x00DE, 0x0189, 0x0058, 0x01A7, 0x014A, 
0x0060, 0x004B, 0x00CD, 0x0171, 0x011C, 0x002E, 0x0081, 0x014D, 0x0194, 0x006A, 0x004A, 0x0178, 0x01A5, 0x0012, 0x00E9, 0x0086, 
0x00ED, 0x00BD, 0x002C, 0x0080, 0x0176, 0x00FF, 0x017C, 0x0088, 0x0065, 0x0135, 0x010B, 0x0168, 0x00C2, 0x0056, 0x00EC, 0x0161, 
0x0083, 0x0053, 0x00B6, 0x012F, 0x0190, 0x017F, 0x003C, 0x004F, 0x01A0, 0x010C, 0x001C, 0x0063, 0x00A7, 0x005B, 0x01A6, 0x0103, 
0x0145, 0x0114, 0x0136, 0x016C, 0x0062, 0x00F8, 0x013E, 0x00C1, 0x0137, 0x006B, 0x0087, 0x0003, 0x002F, 0x003F, 0x00CF, 0x00AF, 
0x012C, 0x00A2, 0x0066, 0x0030, 0x0110, 0x0093, 0x0042, 0x0098, 0x004C, 0x019C, 0x0116, 0x00B4, 0x008D, 0x00E5, 0x0038, 0x000D, 
0x0037, 0x007F, 0x016D, 0x009F, 0x0091, 0x0199, 0x0025, 0x015C, 0x007E, 0x000F, 0x0014, 0x0118, 0x0163, 0x00E1, 0x0198, 0x0111, 
0x0090, 0x002D, 0x006E, 0x0154, 0x0034, 0x01A8, 0x0096, 0x001F, 0x00A3, 0x00BB, 0x0079, 0x00DD, 0x00F7, 0x00A4, 0x008C, 0x00B5, 
0x013B, 0x015A, 0x0113, 0x0126, 0x0001, 0x0040, 0x01A1, 0x00C7, 0x0002, 0x0113, 0x0020, 0x00B3, 0x0100, 0x0080, 0x00A7, 0x0118, 
0x00A7, 0x013C, 0x0191, 0x00C6, 0x0099, 0x016B, 0x0023, 0x018E, 0x0162, 0x0128, 0x00D8, 0x00A7, 0x0004, 0x0128, 0x00EA, 0x0132, 
0x01AF, 0x0075, 0x0025, 0x0073, 0x0167, 0x010A, 0x0040, 0x011B, 0x0040, 0x004B, 0x0167, 0x0166, 0x0089, 0x008C, 0x0036, 0x0145, 
0x004F, 0x0191, 0x00D9, 0x0128, 0x009E, 0x0100, 0x0096, 0x0145, 0x004A, 0x00FE, 0x014E, 0x0063, 0x0132, 0x0131, 0x0100, 0x007F, 
0x0191, 0x00CB, 0x018E, 0x01B0, 0x014E, 0x001B, 0x0125, 0x0089, 0x0008, 0x00C7, 0x00E6, 0x0167, 0x011D, 0x00C7, 0x0171, 0x0025, 
0x0094, 0x001B, 0x00FE, 0x018C, 0x0099, 0x006C, 0x018E, 0x012C, 0x0132, 0x01A9, 0x0020, 0x0010, 0x008C, 0x0125, 0x0094, 0x0075, 
0x0112, 0x0020, 0x0046, 0x0145, 0x017B, 0x0099, 0x013E, 0x016B, 0x018C, 0x004A, 0x0036, 0x0010, 0x0113, 0x0196, 0x0025, 0x00EB, 
0x0089, 0x009F, 0x0113, 0x0112, 0x01AF, 0x0063, 0x01B0, 0x0023, 0x013E, 0x016B, 0x0085, 0x014E, 0x00B1, 0x0075, 0x0196, 0x0002, 
0x0008, 0x0166, 0x0073, 0x0171, 0x0002, 0x009F, 0x008C, 0x01AD, 0x00FE, 0x0085, 0x0023, 0x006C, 0x00C6, 0x004F, 0x0096, 0x00B3, 
0x01A9, 0x01AF, 0x00B1, 0x001B, 0x01AD, 0x0036, 0x0046, 0x00B3, 0x0131, 0x00EA, 0x0162, 0x00CB, 0x00C6, 0x017B, 0x004A, 0x01AD, 
0x0125, 0x00EB, 0x0073, 0x00E6, 0x01A1, 0x010A, 0x004B, 0x01A1, 0x011D, 0x0166, 0x00EB, 0x0094, 0x00B1, 0x0063, 0x012C, 0x0162, 
0x00D9, 0x013C, 0x0080, 0x009E, 0x00EA, 0x012C, 0x01B0, 0x0085, 0x018C, 0x017B, 0x004F, 0x007F, 0x0080, 0x00D8, 0x0004, 0x013C, 
0x007F, 0x0096, 0x0046, 0x0010, 0x009F, 0x0008, 0x011D, 0x010A, 0x011B, 0x0001, 0x0001, 0x011B, 0x004B, 0x00E6, 0x0171, 0x0196, 
0x0112, 0x01A9, 0x0131, 0x009E, 0x00D8, 0x0118, 0x0118, 0x0004, 0x00D9, 0x00CB, 0x006C, 0x013E, 0x013E, 0x006C, 0x00CB, 0x00D9, 
0x0004, 0x0118, 0x0118, 0x00D8, 0x009E, 0x0131, 0x01A9, 0x0112, 0x0196, 0x0171, 0x00E6, 0x004B, 0x011B, 0x0001, 0x0001, 0x011B, 
0x010A, 0x011D, 0x0008, 0x009F, 0x0010, 0x0046, 0x0096, 0x007F, 0x013C, 0x0004, 0x00D8, 0x0080, 0x007F, 0x004F, 0x017B, 0x018C, 
0x0085, 0x01B0, 0x012C, 0x00EA, 0x009E, 0x0080, 0x013C, 0x00D9, 0x0162, 0x012C, 0x0063, 0x00B1, 0x0094, 0x00EB, 0x0166, 0x011D, 
0x01A1, 0x004B, 0x010A, 0x01A1, 0x00E6, 0x0073, 0x00EB, 0x0125, 0x01AD, 0x004A, 0x017B, 0x00C6, 0x00CB, 0x0162, 0x00EA, 0x0131, 
0x00B3, 0x0046, 0x0036, 0x01AD, 0x001B, 0x00B1, 0x01AF, 0x01A9, 0x00B3, 0x0096, 0x004F, 0x00C6, 0x006C, 0x0023, 0x0085, 0x00FE, 
0x01AD, 0x008C, 0x009F, 0x0002, 0x0171, 0x0073, 0x0166, 0x0008, 0x0002, 0x0196, 0x0075, 0x00B1, 0x014E, 0x0085, 0x016B, 0x013E, 
0x0023, 0x01B0, 0x0063, 0x01AF, 0x0112, 0x0113, 0x009F, 0x0089, 0x00EB, 0x0025, 0x0196, 0x0113, 0x0010, 0x0036, 0x004A, 0x018C, 
0x016B, 0x013E, 0x0099, 0x017B, 0x0145, 0x0046, 0x0020, 0x0112, 0x0075, 0x0094, 0x0125, 0x008C, 0x0010, 0x0020, 0x01A9, 0x0132, 
0x012C, 0x018E, 0x006C, 0x0099, 0x018C, 0x00FE, 0x001B, 0x0094, 0x0025, 0x0171, 0x00C7, 0x011D, 0x0167, 0x00E6, 0x00C7, 0x0008, 
0x0089, 0x0125, 0x001B, 0x014E, 0x01B0, 0x018E, 0x00CB, 0x0191, 0x007F, 0x0100, 0x0131, 0x0132, 0x0063, 0x014E, 0x00FE, 0x004A, 
0x0145, 0x0096, 0x0100, 0x009E, 0x0128, 0x00D9, 0x0191, 0x004F, 0x0145, 0x0036, 0x008C, 0x0089, 0x0166, 0x0167, 0x004B, 0x0040, 
0x011B, 0x0040, 0x010A, 0x0167, 0x0073, 0x0025, 0x0075, 0x01AF, 0x0132, 0x00EA, 0x0128, 0x0004, 0x00A7, 0x00D8, 0x0128, 0x0162, 
0x018E, 0x0023, 0x016B, 0x0099, 0x00C6, 0x0191, 0x013C, 0x00A7, 0x0118, 0x00A7, 0x0080, 0x0100, 0x00B3, 0x0020, 0x0113, 0x0002, 
0x00C7, 0x01A1, 0x0001, 0x0080, 0x0181, 0x016B, 0x000A, 0x015F, 0x00E0, 0x0085, 0x008B, 0x019E, 0x0069, 0x0149, 0x0006, 0x005E, 
0x0182, 0x0089, 0x0003, 0x0027, 0x00E8, 0x00A6, 0x0049, 0x0011, 0x00CD, 0x006F, 0x0064, 0x014F, 0x0100, 0x0155, 0x0177, 0x002E, 
0x0119, 0x00D8, 0x009C, 0x0180, 0x004B, 0x00E5, 0x00CB, 0x00FC, 0x0091, 0x001F, 0x01A5, 0x00FB, 0x009D, 0x000B, 0x005B, 0x0104, 
0x00F0, 0x0160, 0x017D, 0x00F3, 0x0121, 0x000D, 0x0019, 0x0125, 0x00B8, 0x015C, 0x007A, 0x0172, 0x017E, 0x0103, 0x00D5, 0x001D, 
0x0189, 0x0171, 0x003C, 0x0032, 0x0092, 0x00DF, 0x0077, 0x004A, 0x0135, 0x012D, 0x0015, 0x0004, 0x018C, 0x00D6, 0x008A, 0x0176, 
0x0094, 0x0047, 0x010D, 0x00C4, 0x007E, 0x0056, 0x001E, 0x00B2, 0x00BA, 0x006D, 0x0150, 0x0186, 0x002D, 0x0174, 0x0170, 0x019A, 
0x009B, 0x0018, 0x0187, 0x0110, 0x0132, 0x0169, 0x00A0, 0x00BB, 0x016E, 0x016D, 0x0129, 0x00A9, 0x003E, 0x010A, 0x00D3, 0x00AA, 
0x00D7, 0x017A, 0x00CF, 0x001C, 0x013E, 0x00A3, 0x0191, 0x0190, 0x00EF, 0x00F4, 0x00C8, 0x01A2, 0x008F, 0x00F8, 0x0086, 0x004C, 
0x013C, 0x0023, 0x0102, 0x013F, 0x009A, 0x0152, 0x0008, 0x0045, 0x018B, 0x018F, 0x0118, 0x004D, 0x0042, 0x017B, 0x00AB, 0x0095, 
0x00C5, 0x01A8, 0x011E, 0x005A, 0x014B, 0x004F, 0x019D, 0x001B, 0x00C3, 0x0071, 0x01A1, 0x0158, 0x00D4, 0x00F2, 0x0067, 0x0145, 
0x0063, 0x01AC, 0x0016, 0x00E1, 0x0065, 0x0197, 0x0105, 0x006B, 0x0113, 0x00B7, 0x0024, 0x0178, 0x00CE, 0x010C, 0x012F, 0x01AA, 
0x013D, 0x0060, 0x011B, 0x008D, 0x00FE, 0x007D, 0x00E7, 0x0083, 0x00A8, 0x01A3, 0x012A, 0x0154, 0x013B, 0x0057, 0x00BC, 0x0163, 
0x017C, 0x0029, 0x0179, 0x00FD, 0x0097, 0x00B0, 0x0147, 0x00C6, 0x00C7, 0x0136, 0x0161, 0x0081, 0x01AF, 0x0079, 0x0139, 0x0054, 
0x015E, 0x0185, 0x0070, 0x0159, 0x00C0, 0x019F, 0x0143, 0x008E, 0x010F, 0x0112, 0x009F, 0x00A2, 0x0123, 0x006E, 0x0012, 0x00F1, 
0x0058, 0x0141, 0x002C, 0x0053, 0x015D, 0x0078, 0x0138, 0x0002, 0x0130, 0x0050, 0x007B, 0x00EA, 0x00EB, 0x006A, 0x0101, 0x011A, 
0x00B4, 0x0038, 0x0188, 0x0035, 0x004E, 0x00F5, 0x015A, 0x0076, 0x005D, 0x0087, 0x000E, 0x0109, 0x012E, 0x00CA, 0x0134, 0x00B3, 
0x0124, 0x0096, 0x0151, 0x0074, 0x0007, 0x0082, 0x00A5, 0x00E3, 0x0039, 0x018D, 0x00FA, 0x009E, 0x0146, 0x00AC, 0x001A, 0x014C, 
0x00D0, 0x019B, 0x0005, 0x014E, 0x006C, 0x014A, 0x00BF, 0x00DD, 0x0059, 0x0010, 0x0140, 0x00EE, 0x0196, 0x0014, 0x0162, 0x0066, 
0x0157, 0x0093, 0x0009, 0x00EC, 0x011C, 0x0106, 0x0036, 0x016F, 0x0164, 0x0099, 0x0022, 0x0026, 0x016C, 0x01A9, 0x005F, 0x0117, 
0x0072, 0x00AF, 0x018E, 0x0075, 0x0165, 0x012B, 0x00B9, 0x0122, 0x000F, 0x00E9, 0x00BD, 0x00C2, 0x0021, 0x0020, 0x010E, 0x0073, 
0x0195, 0x00E2, 0x0037, 0x00DA, 0x0107, 0x00DE, 0x00A7, 0x0173, 0x0108, 0x0088, 0x0044, 0x0043, 0x00F6, 0x0111, 0x0048, 0x007F, 
0x00A1, 0x002A, 0x0199, 0x0116, 0x0017, 0x0041, 0x003D, 0x0184, 0x002B, 0x0061, 0x0144, 0x00F7, 0x00FF, 0x0193, 0x015B, 0x0133, 
0x00ED, 0x00A4, 0x016A, 0x011D, 0x003B, 0x0127, 0x00DB, 0x0025, 0x01AD, 0x019C, 0x0084, 0x007C, 0x0167, 0x013A, 0x00D2, 0x011F, 
0x017F, 0x0175, 0x0040, 0x0028, 0x0194, 0x00DC, 0x00AE, 0x0033, 0x003F, 0x0137, 0x0055, 0x00F9, 0x008C, 0x0198, 0x01A4, 0x0090, 
0x00BE, 0x0034, 0x0051, 0x00C1, 0x00AD, 0x0156, 0x01A6, 0x0114, 0x00B6, 0x000C, 0x0192, 0x0120, 0x00B5, 0x00E6, 0x00CC, 0x0166, 
0x0031, 0x0115, 0x00D9, 0x0098, 0x0183, 0x003A, 0x005C, 0x00B1, 0x0062, 0x014D, 0x0142, 0x00E4, 0x01A0, 0x0168, 0x010B, 0x00C9, 
0x018A, 0x01AE, 0x0128, 0x002F, 0x0153, 0x01AB, 0x0068, 0x0148, 0x0013, 0x0126, 0x012C, 0x00D1, 0x0052, 0x01A7, 0x0046, 0x0030, 
0x0001, 0x0100, 0x0121, 0x0099, 0x0032, 0x0176, 0x010D, 0x00C6, 0x0181, 0x00F3, 0x0121, 0x0033, 0x004E, 0x0011, 0x00A1, 0x001B, 
0x0033, 0x010D, 0x004E, 0x0121, 0x00EA, 0x0176, 0x0181, 0x0042, 0x014F, 0x0032, 0x01A1, 0x0016, 0x0032, 0x0051, 0x0033, 0x01A1, 
0x0181, 0x0042, 0x001B, 0x0011, 0x0096, 0x0032, 0x001A, 0x0176, 0x0176, 0x0096, 0x0100, 0x0033, 0x00C6, 0x010D, 0x0016, 0x0009, 
0x0032, 0x001A, 0x0011, 0x00F3, 0x001A, 0x00EA, 0x00A1, 0x0003, 0x001A, 0x00F3, 0x0016, 0x0181, 0x0003, 0x0042, 0x004E, 0x00EA, 
0x0003, 0x010D, 0x0100, 0x0009, 0x01A1, 0x01A1, 0x0121, 0x0016, 0x00EA, 0x0128, 0x0100, 0x00F3, 0x00EA, 0x00A1, 0x0001, 0x0033, 
0x008B, 0x0033, 0x0042, 0x0128, 0x0181, 0x0099, 0x00A1, 0x0042, 0x001B, 0x001B, 0x00C6, 0x0011, 0x0011, 0x0003, 0x0003, 0x008B, 
0x0100, 0x00F3, 0x01A1, 0x00A1, 0x008B, 0x0016, 0x001B, 0x0121, 0x0009, 0x00A1, 0x008B, 0x0096, 0x0032, 0x0051, 0x0032, 0x014F, 
0x0009, 0x00A1, 0x00C6, 0x0121, 0x0099, 0x0003, 0x0128, 0x010D, 0x0181, 0x014F, 0x010D, 0x0009, 0x0128, 0x0032, 0x0128, 0x0096, 
0x0176, 0x014F, 0x0100, 0x0011, 0x00C6, 0x0099, 0x0042, 0x008B, 0x0100, 0x00EA, 0x0051, 0x00EA, 0x0128, 0x0176, 0x001A, 0x0003, 
0x014F, 0x0096, 0x00A1, 0x0001, 0x0033, 0x0099, 0x0001, 0x0121, 0x0096, 0x0096, 0x0181, 0x0051, 0x0096, 0x0100, 0x0099, 0x0042, 
0x004E, 0x004E, 0x0009, 0x0042, 0x00C6, 0x0009, 0x001B, 0x0001, 0x0016, 0x010D, 0x0099, 0x00C6, 0x001A, 0x0051, 0x0033, 0x0009, 
0x0128, 0x01A1, 0x0001, 0x01A1, 0x00F3, 0x001B, 0x0001, 0x0016, 0x008B, 0x0016, 0x0011, 0x014F, 0x001A, 0x014F, 0x010D, 0x004E, 
0x0011, 0x0099, 0x0001, 0x0121, 0x014F, 0x00EA, 0x00C6, 0x0051, 0x0176, 0x004E, 0x001B, 0x0003, 0x0051, 0x01A1, 0x008B, 0x0176, 
0x001A, 0x008B, 0x00F3, 0x0051, 0x0181, 0x004E, 0x00F3, 0x0128, 0x0128, 0x00F3, 0x004E, 0x0181, 0x0051, 0x00F3, 0x008B, 0x001A, 
0x0176, 0x008B, 0x01A1, 0x0051, 0x0003, 0x001B, 0x004E, 0x0176, 0x0051, 0x00C6, 0x00EA, 0x014F, 0x0121, 0x0001, 0x0099, 0x0011, 
0x004E, 0x010D, 0x014F, 0x001A, 0x014F, 0x0011, 0x0016, 0x008B, 0x0016, 0x0001, 0x001B, 0x00F3, 0x01A1, 0x0001, 0x01A1, 0x0128, 
0x0009, 0x0033, 0x0051, 0x001A, 0x00C6, 0x0099, 0x010D, 0x0016, 0x0001, 0x001B, 0x0009, 0x00C6, 0x0042, 0x0009, 0x004E, 0x004E, 
0x0042, 0x0099, 0x0100, 0x0096, 0x0051, 0x0181, 0x0096, 0x0096, 0x0121, 0x0001, 0x0099, 0x0033, 0x0001, 0x00A1, 0x0096, 0x014F, 
0x0003, 0x001A, 0x0176, 0x0128, 0x00EA, 0x0051, 0x00EA, 0x0100, 0x008B, 0x0042, 0x0099, 0x00C6, 0x0011, 0x0100, 0x014F, 0x0176, 
0x0096, 0x0128, 0x0032, 0x0128, 0x0009, 0x010D, 0x014F, 0x0181, 0x010D, 0x0128, 0x0003, 0x0099, 0x0121, 0x00C6, 0x00A1, 0x0009, 
0x014F, 0x0032, 0x0051, 0x0032, 0x0096, 0x008B, 0x00A1, 0x0009, 0x0121, 0x001B, 0x0016, 0x008B, 0x00A1, 0x01A1, 0x00F3, 0x0100, 
0x008B, 0x0003, 0x0003, 0x0011, 0x0011, 0x00C6, 0x001B, 0x001B, 0x0042, 0x00A1, 0x0099, 0x0181, 0x0128, 0x0042, 0x0033, 0x008B, 
0x0033, 0x0001, 0x00A1, 0x00EA, 0x00F3, 0x0100, 0x0128, 0x00EA, 0x0016, 0x0121, 0x01A1, 0x01A1, 0x0009, 0x0100, 0x010D, 0x0003, 
0x00EA, 0x004E, 0x0042, 0x0003, 0x0181, 0x0016, 0x00F3, 0x001A, 0x0003, 0x00A1, 0x00EA, 0x001A, 0x00F3, 0x0011, 0x001A, 0x0032, 
0x0009, 0x0016, 0x010D, 0x00C6, 0x0033, 0x0100, 0x0096, 0x0176, 0x0176, 0x001A, 0x0032, 0x0096, 0x0011, 0x001B, 0x0042, 0x0181, 
0x01A1, 0x0033, 0x0051, 0x0032, 0x0016, 0x01A1, 0x0032, 0x014F, 0x0042, 0x0181, 0x0176, 0x00EA, 0x0121, 0x004E, 0x010D, 0x0033, 
0x001B, 0x00A1, 0x0011, 0x004E, 0x0033, 0x0121, 0x00F3, 0x0181, 0x00C6, 0x010D, 0x0176, 0x0032, 0x0099, 0x0121, 0x0001, 0x004F, 
0x0001, 0x00B3, 0x00FA, 0x004F, 0x0097, 0x011D, 0x0001, 0x0109, 0x0094, 0x00B3, 0x0094, 0x00EE, 0x00FA, 0x01B0, 0x0001, 0x004F, 
0x00B7, 0x0097, 0x0097, 0x0001, 0x00C3, 0x011D, 0x0094, 0x0001, 0x0001, 0x00B7, 0x0097, 0x0109, 0x011A, 0x0162, 0x0094, 0x004F, 
0x004F, 0x00B3, 0x0162, 0x00A8, 0x0094, 0x00EE, 0x00B3, 0x00EE, 0x00B7, 0x004F, 0x00FA, 0x00FA, 0x00A8, 0x01B0, 0x011D, 0x0001, 
0x0001, 0x004F, 0x004F, 0x004F, 0x00C3, 0x00A8, 0x00B7, 0x00EE, 0x01B0, 0x0097, 0x00B7, 0x00C3, 0x0097, 0x00FE, 0x00C3, 0x0001, 
0x0109, 0x00B3, 0x00C3, 0x00B3, 0x00A8, 0x011D, 0x00C3, 0x00FE, 0x0094, 0x011A, 0x0109, 0x0001, 0x004F, 0x00B7, 0x0001, 0x011D, 
0x011A, 0x00B7, 0x00FA, 0x00A8, 0x0097, 0x00B3, 0x00EE, 0x0109, 0x0109, 0x0109, 0x011A, 0x011A, 0x011D, 0x0162, 0x0097, 0x01B0, 
0x0094, 0x004F, 0x00B7, 0x004F, 0x00B7, 0x00B3, 0x004F, 0x00B3, 0x0097, 0x00B3, 0x00FE, 0x00FA, 0x0162, 0x011A, 0x0097, 0x00A8, 
0x00FE, 0x00B7, 0x0094, 0x0162, 0x0097, 0x00EE, 0x00FE, 0x00A8, 0x00B3, 0x00FA, 0x00C3, 0x00EE, 0x0162, 0x0094, 0x00B7, 0x00FA, 
0x00C3, 0x004F, 0x0162, 0x0097, 0x00FA, 0x011D, 0x01B0, 0x00FA, 0x0001, 0x011D, 0x00A8, 0x011A, 0x00FE, 0x01B0, 0x004F, 0x00FA, 
0x011D, 0x0094, 0x00EE, 0x0001, 0x0097, 0x00C3, 0x0001, 0x0097, 0x0162, 0x004F, 0x00A8, 0x00B3, 0x004F, 0x00A8, 0x0001, 0x004F, 
0x00A8, 0x01B0, 0x00C3, 0x00C3, 0x00B3, 0x00A8, 0x00FE, 0x0109, 0x00B7, 0x011A, 0x00A8, 0x00EE, 0x0109, 0x011D, 0x01B0, 0x00B7, 
0x00B3, 0x0097, 0x00FA, 0x0097, 0x00B7, 0x0097, 0x00A8, 0x00C3, 0x0094, 0x00C3, 0x0097, 0x01B0, 0x011D, 0x00FE, 0x00FA, 0x00EE, 
0x00C3, 0x0162, 0x00B3, 0x0001, 0x01B0, 0x00B3, 0x0109, 0x00A8, 0x011D, 0x00B3, 0x0097, 0x00A8, 0x00C3, 0x011D, 0x00EE, 0x00B3, 
0x00B3, 0x011D, 0x00A8, 0x00EE, 0x011D, 0x011D, 0x0094, 0x0094, 0x00C3, 0x0109, 0x0094, 0x00FE, 0x00FE, 0x00C3, 0x0094, 0x00EE, 
0x0109, 0x011A, 0x00FE, 0x0094, 0x0109, 0x00A8, 0x00FE, 0x0001, 0x01B0, 0x00FE, 0x004F, 0x00EE, 0x00C3, 0x00B7, 0x00B3, 0x0094, 
0x0001, 0x011A, 0x00EE, 0x011D, 0x00EE, 0x0109, 0x011A, 0x00FA, 0x011A, 0x00B7, 0x011A, 0x00FE, 0x00FA, 0x0001, 0x0094, 0x00A8, 
0x00C3, 0x0109, 0x0097, 0x00FA, 0x00A8, 0x00B3, 0x0109, 0x00FE, 0x00EE, 0x00EE, 0x0001, 0x0109, 0x0162, 0x01B0, 0x0109, 0x0162, 
0x00FE, 0x0109, 0x0162, 0x004F, 0x011A, 0x01B0, 0x00EE, 0x011A, 0x01B0, 0x00C3, 0x011D, 0x0094, 0x00B7, 0x0162, 0x0001, 0x00B3, 
0x0097, 0x0109, 0x0094, 0x01B0, 0x00B7, 0x0001, 0x0094, 0x00B7, 0x011A, 0x004F, 0x0162, 0x00EE, 0x00B7, 0x00FA, 0x011D, 0x004F, 
0x00C3, 0x00EE, 0x00B7, 0x00FE, 0x0109, 0x00B3, 0x00C3, 0x011A, 0x004F, 0x011D, 0x00FA, 0x00B3, 0x0109, 0x011A, 0x0097, 0x004F, 
0x00B7, 0x00B3, 0x00FE, 0x011A, 0x00FE, 0x0162, 0x00FE, 0x00FA, 0x0162, 0x00FA, 0x0162, 0x011D, 0x0001, 0x011A, 0x004F, 0x0094, 
0x0097, 0x0097, 0x00A8, 0x00A8, 0x00A8, 0x00C3, 0x00FE, 0x011A, 0x0109, 0x00B7, 0x00FA, 0x0097, 0x0094, 0x01B0, 0x00FA, 0x0162, 
0x01B0, 0x00A8, 0x0097, 0x011D, 0x00B3, 0x00EE, 0x0094, 0x0109, 0x00FE, 0x00EE, 0x00FE, 0x00A8, 0x01B0, 0x00EE, 0x00B3, 0x011A, 
0x00EE, 0x00FA, 0x011A, 0x0001, 0x00C3, 0x00FA, 0x0109, 0x00EE, 0x0162, 0x0162, 0x0162, 0x01B0, 0x01B0, 0x0094, 0x0001, 0x0109, 
0x00B7, 0x00B7, 0x0162, 0x00FA, 0x00C3, 0x00FE, 0x00C3, 0x011D, 0x0109, 0x004F, 0x00FE, 0x0162, 0x0162, 0x011D, 0x004F, 0x0097, 
0x00A8, 0x011A, 0x00FA, 0x01B0, 0x01B0, 0x011D, 0x0094, 0x00EE, 0x01B0, 0x011A, 0x011A, 0x00FA, 0x0162, 0x01B0, 0x0001, 0x00B7, 
0x00C3, 0x011D, 0x00FE, 0x011D, 0x00A8, 0x01B0, 0x0094, 0x011A, 0x0162, 0x00B7, 0x00FE, 0x01B0, 0x0001, 0x009E, 0x0003, 0x011B, 
0x0180, 0x0029, 0x00BF, 0x0073, 0x0009, 0x0034, 0x0149, 0x01A0, 0x00C0, 0x012D, 0x011E, 0x01A1, 0x0011, 0x007B, 0x000D, 0x01A6, 
0x008C, 0x0016, 0x009B, 0x0159, 0x00EC, 0x001A, 0x001B, 0x0169, 0x0031, 0x009C, 0x0052, 0x0046, 0x0079, 0x0058, 0x00A7, 0x017E, 
0x006C, 0x0142, 0x008F, 0x01AB, 0x019B, 0x0025, 0x004B, 0x000C, 0x01A9, 0x00F2, 0x0066, 0x0181, 0x006D, 0x0032, 0x0033, 0x00D3, 
0x0122, 0x0171, 0x014D, 0x013B, 0x0027, 0x017D, 0x0176, 0x0190, 0x0152, 0x018F, 0x01A4, 0x00EB, 0x0076, 0x0042, 0x0002, 0x0030, 
0x0020, 0x0196, 0x00ED, 0x00A9, 0x017B, 0x00B1, 0x0113, 0x00D7, 0x0036, 0x004E, 0x00B3, 0x015F, 0x0051, 0x01A5, 0x0018, 0x00D9, 
0x0021, 0x009F, 0x0093, 0x00A4, 0x018E, 0x0023, 0x012C, 0x0084, 0x00F6, 0x005F, 0x00E5, 0x00D2, 0x0166, 0x014F, 0x016B, 0x006A, 
0x0129, 0x0108, 0x00E6, 0x01AE, 0x0044, 0x0163, 0x0088, 0x0118, 0x0197, 0x00DD, 0x0144, 0x0198, 0x00B0, 0x0064, 0x00C7, 0x000B, 
0x01AD, 0x00CC, 0x00D8, 0x019F, 0x01A8, 0x0091, 0x016F, 0x0101, 0x007F, 0x006F, 0x0167, 0x0145, 0x00E1, 0x0019, 0x01AF, 0x0024, 
0x013E, 0x013C, 0x0199, 0x00DF, 0x0128, 0x0125, 0x008B, 0x0040, 0x0132, 0x00D0, 0x017F, 0x0121, 0x00C5, 0x0080, 0x0147, 0x00FE, 
0x0185, 0x0096, 0x011D, 0x00C4, 0x0099, 0x0131, 0x0138, 0x00C8, 0x018C, 0x0089, 0x0004, 0x0022, 0x00A1, 0x00F1, 0x0069, 0x010D, 
0x0085, 0x0148, 0x0010, 0x004F, 0x003B, 0x0012, 0x0075, 0x0008, 0x0035, 0x0115, 0x002C, 0x016D, 0x0100, 0x0063, 0x01B0, 0x014E, 
0x00DA, 0x00CB, 0x0094, 0x0048, 0x0151, 0x014B, 0x018D, 0x0120, 0x018A, 0x00F3, 0x0136, 0x0110, 0x00BB, 0x0112, 0x0162, 0x0068, 
0x00BE, 0x00C6, 0x00EA, 0x0126, 0x0006, 0x00A2, 0x010A, 0x0090, 0x00D4, 0x0191, 0x0060, 0x0188, 0x017C, 0x0160, 0x0062, 0x00E9, 
0x0116, 0x010F, 0x00DE, 0x004A, 0x004A, 0x00DE, 0x010F, 0x0116, 0x00E9, 0x0062, 0x0160, 0x017C, 0x0188, 0x0060, 0x0191, 0x00D4, 
0x0090, 0x010A, 0x00A2, 0x0006, 0x0126, 0x00EA, 0x00C6, 0x00BE, 0x0068, 0x0162, 0x0112, 0x00BB, 0x0110, 0x0136, 0x00F3, 0x018A, 
0x0120, 0x018D, 0x014B, 0x0151, 0x0048, 0x0094, 0x00CB, 0x00DA, 0x014E, 0x01B0, 0x0063, 0x0100, 0x016D, 0x002C, 0x0115, 0x0035, 
0x0008, 0x0075, 0x0012, 0x003B, 0x004F, 0x0010, 0x0148, 0x0085, 0x010D, 0x0069, 0x00F1, 0x00A1, 0x0022, 0x0004, 0x0089, 0x018C, 
0x00C8, 0x0138, 0x0131, 0x0099, 0x00C4, 0x011D, 0x0096, 0x0185, 0x00FE, 0x0147, 0x0080, 0x00C5, 0x0121, 0x017F, 0x00D0, 0x0132, 
0x0040, 0x008B, 0x0125, 0x0128, 0x00DF, 0x0199, 0x013C, 0x013E, 0x0024, 0x01AF, 0x0019, 0x00E1, 0x0145, 0x0167, 0x006F, 0x007F, 
0x0101, 0x016F, 0x0091, 0x01A8, 0x019F, 0x00D8, 0x00CC, 0x01AD, 0x000B, 0x00C7, 0x0064, 0x00B0, 0x0198, 0x0144, 0x00DD, 0x0197, 
0x0118, 0x0088, 0x0163, 0x0044, 0x01AE, 0x00E6, 0x0108, 0x0129, 0x006A, 0x016B, 0x014F, 0x0166, 0x00D2, 0x00E5, 0x005F, 0x00F6, 
0x0084, 0x012C, 0x0023, 0x018E, 0x00A4, 0x0093, 0x009F, 0x0021, 0x00D9, 0x0018, 0x01A5, 0x0051, 0x015F, 0x00B3, 0x004E, 0x0036, 
0x00D7, 0x0113, 0x00B1, 0x017B, 0x00A9, 0x00ED, 0x0196, 0x0020, 0x0030, 0x0002, 0x0042, 0x0076, 0x00EB, 0x01A4, 0x018F, 0x0152, 
0x0190, 0x0176, 0x017D, 0x0027, 0x013B, 0x014D, 0x0171, 0x0122, 0x00D3, 0x0033, 0x0032, 0x006D, 0x0181, 0x0066, 0x00F2, 0x01A9, 
0x000C, 0x004B, 0x0025, 0x019B, 0x01AB, 0x008F, 0x0142, 0x006C, 0x017E, 0x00A7, 0x0058, 0x0079, 0x0046, 0x0052, 0x009C, 0x0031, 
0x0169, 0x001B, 0x001A, 0x00EC, 0x0159, 0x009B, 0x0016, 0x008C, 0x01A6, 0x000D, 0x007B, 0x0011, 0x01A1, 0x011E, 0x012D, 0x00C0, 
0x01A0, 0x0149, 0x0034, 0x0009, 0x0073, 0x00BF, 0x0029, 0x0180, 0x011B, 0x0003, 0x0001, 0x013C, 0x0009, 0x010A, 0x00BC, 0x00F6, 
0x0026, 0x0036, 0x0051, 0x0057, 0x009B, 0x00E5, 0x014B, 0x013D, 0x0189, 0x00B1, 0x0121, 0x0031, 0x00F7, 0x00D5, 0x0156, 0x0033, 
0x0065, 0x0035, 0x010F, 0x00F3, 0x0128, 0x0095, 0x007A, 0x015E, 0x0179, 0x004B, 0x0060, 0x018A, 0x00D8, 0x0149, 0x0063, 0x0070, 
0x017D, 0x00C1, 0x018D, 0x00FF, 0x00C2, 0x005F, 0x0049, 0x0133, 0x001F, 0x0126, 0x0091, 0x014F, 0x0003, 0x0093, 0x00D7, 0x0008, 
0x0081, 0x0140, 0x003A, 0x000F, 0x01A0, 0x00B9, 0x010B, 0x0039, 0x002F, 0x013E, 0x0135, 0x001A, 0x0086, 0x00E9, 0x002B, 0x0113, 
0x0175, 0x002C, 0x0184, 0x006C, 0x0112, 0x013F, 0x0105, 0x0016, 0x011D, 0x0170, 0x0042, 0x013B, 0x0104, 0x002A, 0x00CF, 0x00FB, 
0x00E8, 0x008F, 0x015D, 0x0077, 0x0015, 0x0014, 0x016A, 0x010E, 0x0069, 0x00F2, 0x0056, 0x0163, 0x01AF, 0x00D0, 0x0078, 0x0052, 
0x0134, 0x0079, 0x00D4, 0x0188, 0x0107, 0x016B, 0x00C5, 0x003E, 0x0019, 0x00E7, 0x0193, 0x008E, 0x0171, 0x019A, 0x018E, 0x0101, 
0x009D, 0x0005, 0x00D2, 0x0172, 0x006D, 0x0103, 0x011F, 0x0082, 0x0080, 0x0020, 0x000E, 0x00DB, 0x00AB, 0x01A6, 0x0125, 0x0157, 
0x00E0, 0x0012, 0x011B, 0x00A5, 0x010D, 0x012C, 0x0117, 0x005C, 0x00D3, 0x0030, 0x01A4, 0x0045, 0x0006, 0x0162, 0x0174, 0x01A1, 
0x00A8, 0x015C, 0x001B, 0x00CE, 0x0129, 0x0018, 0x00FD, 0x01AD, 0x00CB, 0x00F4, 0x0176, 0x0048, 0x00E4, 0x017F, 0x0127, 0x0143, 
0x004A, 0x011A, 0x000C, 0x001D, 0x0059, 0x004D, 0x004C, 0x0087, 0x0153, 0x009C, 0x0118, 0x012E, 0x00FE, 0x016E, 0x0037, 0x008D, 
0x00EE, 0x0102, 0x01AA, 0x0050, 0x00C4, 0x0013, 0x01A7, 0x0110, 0x0142, 0x0108, 0x0098, 0x014A, 0x00B7, 0x0021, 0x00C0, 0x00EA, 
0x00EB, 0x0159, 0x0154, 0x00F9, 0x0132, 0x016D, 0x00A0, 0x0150, 0x0183, 0x0084, 0x00B5, 0x0136, 0x0147, 0x0022, 0x0146, 0x0195, 
0x0064, 0x018C, 0x0025, 0x014D, 0x001C, 0x006B, 0x018F, 0x006A, 0x007B, 0x00FC, 0x012D, 0x002E, 0x0061, 0x0111, 0x0044, 0x007F, 
0x00B8, 0x005D, 0x0058, 0x00C6, 0x00C7, 0x00F1, 0x0190, 0x00FA, 0x0067, 0x0119, 0x00A9, 0x006F, 0x00A1, 0x000A, 0x019E, 0x00ED, 
0x0161, 0x0007, 0x00AF, 0x00C3, 0x0124, 0x017A, 0x0043, 0x00B3, 0x0083, 0x0099, 0x0115, 0x005E, 0x012A, 0x0165, 0x0164, 0x0158, 
0x0194, 0x01A5, 0x0097, 0x0167, 0x006E, 0x008A, 0x0032, 0x00CD, 0x0169, 0x003B, 0x00BD, 0x00E6, 0x0004, 0x00B4, 0x0199, 0x0088, 
0x00E3, 0x0196, 0x0055, 0x0109, 0x0010, 0x003D, 0x004F, 0x01AB, 0x016C, 0x000D, 0x0181, 0x00DE, 0x0155, 0x009A, 0x0085, 0x00A4, 
0x010C, 0x0096, 0x019F, 0x00D1, 0x005A, 0x008C, 0x000B, 0x0106, 0x00D6, 0x01A3, 0x0191, 0x0131, 0x012F, 0x0092, 0x00AE, 0x0144, 
0x003F, 0x00DF, 0x01AC, 0x0114, 0x00B0, 0x0023, 0x0017, 0x0040, 0x0123, 0x001E, 0x00CA, 0x0198, 0x0173, 0x00EC, 0x0046, 0x00AA, 
0x0029, 0x00DD, 0x0138, 0x007D, 0x015F, 0x0139, 0x00E1, 0x0002, 0x004E, 0x015B, 0x00BF, 0x0148, 0x00A3, 0x0047, 0x019D, 0x019C, 
0x013A, 0x0054, 0x0122, 0x00C9, 0x00B6, 0x00E2, 0x0187, 0x00AD, 0x0076, 0x016F, 0x0041, 0x0094, 0x019B, 0x00AC, 0x0072, 0x009F, 
0x0145, 0x002D, 0x0185, 0x003C, 0x009E, 0x0186, 0x00C8, 0x012B, 0x0197, 0x007C, 0x0073, 0x0182, 0x0178, 0x00A6, 0x00F8, 0x0011, 
0x01A2, 0x0177, 0x0071, 0x0130, 0x01A9, 0x00DA, 0x011E, 0x01AE, 0x0062, 0x0120, 0x008B, 0x0192, 0x007E, 0x0168, 0x0152, 0x00EF, 
0x00B2, 0x0024, 0x00F0, 0x0034, 0x0141, 0x014E, 0x0068, 0x00D9, 0x0027, 0x0151, 0x0166, 0x0038, 0x0053, 0x0137, 0x011C, 0x0089, 
0x00BE, 0x00A2, 0x017C, 0x014C, 0x017E, 0x005B, 0x00DC, 0x00BA, 0x0180, 0x0090, 0x0100, 0x0028, 0x0074, 0x0066, 0x00CC, 0x0116, 
0x015A, 0x0160, 0x017B, 0x018B, 0x00BB, 0x00F5, 0x00A7, 0x01A8, 0x0001, 0x00C7, 0x001B, 0x00C6, 0x004A, 0x00B1, 0x010A, 0x01B0, 
0x0128, 0x0004, 0x0196, 0x0096, 0x0196, 0x006C, 0x010A, 0x00EA, 0x0096, 0x0010, 0x016B, 0x016B, 0x00FE, 0x0100, 0x009E, 0x0196, 
0x0118, 0x0100, 0x00C6, 0x0113, 0x004A, 0x006C, 0x01AD, 0x00EB, 0x0089, 0x0196, 0x00C7, 0x0099, 0x00C7, 0x0167, 0x0089, 0x0167, 
0x0100, 0x013E, 0x0073, 0x011B, 0x00FE, 0x010A, 0x009E, 0x0100, 0x00B1, 0x0128, 0x0099, 0x011B, 0x0089, 0x01B0, 0x00A7, 0x00A7, 
0x0113, 0x0004, 0x0128, 0x0113, 0x010A, 0x0046, 0x016B, 0x0001, 0x00A7, 0x01A1, 0x013E, 0x0100, 0x0171, 0x00C6, 0x0046, 0x0089, 
0x00B3, 0x00C6, 0x00C7, 0x01AD, 0x00B3, 0x01A1, 0x01B0, 0x01AD, 0x0096, 0x011B, 0x016B, 0x0040, 0x0113, 0x0171, 0x010A, 0x001B, 
0x013E, 0x013E, 0x00B3, 0x006C, 0x0145, 0x010A, 0x0010, 0x011B, 0x0073, 0x0096, 0x00EB, 0x0010, 0x01AD, 0x0089, 0x0073, 0x001B, 
0x00B1, 0x01A1, 0x01AD, 0x00EA, 0x0100, 0x0145, 0x00B1, 0x0145, 0x004A, 0x00A7, 0x0001, 0x016B, 0x00EB, 0x0010, 0x0040, 0x00A7, 
0x0128, 0x006C, 0x01A1, 0x004A, 0x0171, 0x0167, 0x00EB, 0x00C7, 0x004A, 0x0145, 0x013E, 0x0118, 0x01B0, 0x0040, 0x016B, 0x011B, 
0x00EA, 0x00FE, 0x0099, 0x01B0, 0x0171, 0x004A, 0x0128, 0x01A1, 0x0118, 0x0073, 0x0010, 0x01B0, 0x0004, 0x00C6, 0x00FE, 0x0046, 
0x00EA, 0x0073, 0x0089, 0x0118, 0x013E, 0x00EA, 0x00EB, 0x0046, 0x001B, 0x0196, 0x0167, 0x001B, 0x00B3, 0x0167, 0x00EA, 0x00B3, 
0x0128, 0x00A7, 0x0040, 0x00FE, 0x009E, 0x006C, 0x0004, 0x00B1, 0x00C6, 0x0040, 0x0001, 0x0040, 0x01AD, 0x0073, 0x00FE, 0x0113, 
0x0004, 0x009E, 0x0118, 0x006C, 0x0113, 0x0099, 0x0010, 0x001B, 0x0145, 0x0171, 0x00B3, 0x0196, 0x0099, 0x0001, 0x0001, 0x0099, 
0x0167, 0x0046, 0x00C7, 0x01A1, 0x0145, 0x0171, 0x0004, 0x00B1, 0x009E, 0x0096, 0x0096, 0x0118, 0x009E, 0x0046, 0x011B, 0x00EB, 
0x00EB, 0x011B, 0x0046, 0x009E, 0x0118, 0x0096, 0x0096, 0x009E, 0x00B1, 0x0004, 0x0171, 0x0145, 0x01A1, 0x00C7, 0x0046, 0x0167, 
0x0099, 0x0001, 0x0001, 0x0099, 0x0196, 0x00B3, 0x0171, 0x0145, 0x001B, 0x0010, 0x0099, 0x0113, 0x006C, 0x0118, 0x009E, 0x0004, 
0x0113, 0x00FE, 0x0073, 0x01AD, 0x0040, 0x0001, 0x0040, 0x00C6, 0x00B1, 0x0004, 0x006C, 0x009E, 0x00FE, 0x0040, 0x00A7, 0x0128, 
0x00B3, 0x00EA, 0x0167, 0x00B3, 0x001B, 0x0167, 0x0196, 0x001B, 0x0046, 0x00EB, 0x00EA, 0x013E, 0x0118, 0x0089, 0x0073, 0x00EA, 
0x0046, 0x00FE, 0x00C6, 0x0004, 0x01B0, 0x0010, 0x0073, 0x0118, 0x01A1, 0x0128, 0x004A, 0x0171, 0x01B0, 0x0099, 0x00FE, 0x00EA, 
0x011B, 0x016B, 0x0040, 0x01B0, 0x0118, 0x013E, 0x0145, 0x004A, 0x00C7, 0x00EB, 0x0167, 0x0171, 0x004A, 0x01A1, 0x006C, 0x0128, 
0x00A7, 0x0040, 0x0010, 0x00EB, 0x016B, 0x0001, 0x00A7, 0x004A, 0x0145, 0x00B1, 0x0145, 0x0100, 0x00EA, 0x01AD, 0x01A1, 0x00B1, 
0x001B, 0x0073, 0x0089, 0x01AD, 0x0010, 0x00EB, 0x0096, 0x0073, 0x011B, 0x0010, 0x010A, 0x0145, 0x006C, 0x00B3, 0x013E, 0x013E, 
0x001B, 0x010A, 0x0171, 0x0113, 0x0040, 0x016B, 0x011B, 0x0096, 0x01AD, 0x01B0, 0x01A1, 0x00B3, 0x01AD, 0x00C7, 0x00C6, 0x00B3, 
0x0089, 0x0046, 0x00C6, 0x0171, 0x0100, 0x013E, 0x01A1, 0x00A7, 0x0001, 0x016B, 0x0046, 0x010A, 0x0113, 0x0128, 0x0004, 0x0113, 
0x00A7, 0x00A7, 0x01B0, 0x0089, 0x011B, 0x0099, 0x0128, 0x00B1, 0x0100, 0x009E, 0x010A, 0x00FE, 0x011B, 0x0073, 0x013E, 0x0100, 
0x0167, 0x0089, 0x0167, 0x00C7, 0x0099, 0x00C7, 0x0196, 0x0089, 0x00EB, 0x01AD, 0x006C, 0x004A, 0x0113, 0x00C6, 0x0100, 0x0118, 
0x0196, 0x009E, 0x0100, 0x00FE, 0x016B, 0x016B, 0x0010, 0x0096, 0x00EA, 0x010A, 0x006C, 0x0196, 0x0096, 0x0196, 0x0004, 0x0128, 
0x01B0, 0x010A, 0x00B1, 0x004A, 0x00C6, 0x001B, 0x0001, 0x018E, 0x0051, 0x0167, 0x0172, 0x00C4, 0x0082, 0x01A9, 0x0042, 0x0028, 
0x0088, 0x0044, 0x0052, 0x00D5, 0x005D, 0x0118, 0x0181, 0x0120, 0x0192, 0x014C, 0x008A, 0x0003, 0x00AA, 0x00DA, 0x0048, 0x00A1, 
0x0096, 0x0153, 0x019E, 0x00D1, 0x0135, 0x009F, 0x00BF, 0x017D, 0x0025, 0x0138, 0x0002, 0x00DB, 0x0093, 0x0047, 0x0068, 0x016E, 
0x00B6, 0x0148, 0x00AC, 0x0070, 0x0041, 0x00A4, 0x000D, 0x004E, 0x0009, 0x01AB, 0x014D, 0x017B, 0x005C, 0x0103, 0x0057, 0x00E8, 
0x0090, 0x002E, 0x00CD, 0x000A, 0x0161, 0x0040, 0x001E, 0x00F3, 0x0059, 0x0058, 0x015B, 0x0004, 0x00CF, 0x0152, 0x004D, 0x016B, 
0x00CB, 0x0081, 0x0168, 0x0033, 0x0162, 0x0071, 0x001A, 0x0101, 0x00FC, 0x00B4, 0x01AA, 0x007D, 0x00C1, 0x00D3, 0x009D, 0x002A, 
0x010C, 0x019A, 0x015C, 0x0143, 0x00DD, 0x0142, 0x014A, 0x019B, 0x013C, 0x012D, 0x001D, 0x0076, 0x009A, 0x00D2, 0x018F, 0x0024, 
0x0005, 0x009E, 0x00C0, 0x00F4, 0x00A2, 0x001C, 0x0087, 0x01A3, 0x0073, 0x006B, 0x00D8, 0x009C, 0x00FF, 0x007A, 0x0136, 0x00BA, 
0x00C5, 0x0053, 0x00E3, 0x00CA, 0x0191, 0x0166, 0x0014, 0x00F9, 0x005A, 0x009B, 0x012C, 0x015D, 0x004C, 0x0180, 0x0010, 0x019C, 
0x0032, 0x0125, 0x0045, 0x0074, 0x0147, 0x0126, 0x014B, 0x0150, 0x00BB, 0x011D, 0x00A3, 0x0100, 0x00FA, 0x00F8, 0x0128, 0x0186, 
0x0012, 0x017C, 0x0083, 0x00A7, 0x007F, 0x0177, 0x0011, 0x0185, 0x003E, 0x0062, 0x005B, 0x0111, 0x006C, 0x00C3, 0x00E5, 0x00F5, 
0x0077, 0x0184, 0x0037, 0x00AD, 0x010B, 0x0199, 0x0196, 0x0086, 0x00B3, 0x0106, 0x008E, 0x0092, 0x0097, 0x0174, 0x0133, 0x0179, 
0x0190, 0x0182, 0x000F, 0x003B, 0x0019, 0x01A5, 0x0175, 0x008D, 0x0109, 0x0151, 0x0108, 0x00C6, 0x00C7, 0x0122, 0x0119, 0x011C, 
0x0080, 0x00C8, 0x0178, 0x00EF, 0x018B, 0x000B, 0x0072, 0x0144, 0x0029, 0x0027, 0x0139, 0x0102, 0x00E1, 0x0063, 0x014E, 0x00D0, 
0x00AF, 0x0078, 0x018A, 0x0188, 0x006D, 0x013F, 0x01A6, 0x0026, 0x00C2, 0x0039, 0x00E9, 0x0131, 0x0095, 0x0098, 0x008F, 0x00EA, 
0x00EB, 0x00A9, 0x0060, 0x00A8, 0x0124, 0x003C, 0x000C, 0x0198, 0x0176, 0x01A2, 0x002F, 0x0021, 0x0038, 0x007E, 0x003D, 0x011A, 
0x011F, 0x0123, 0x00AB, 0x00FE, 0x012B, 0x001B, 0x0018, 0x00A6, 0x0104, 0x017A, 0x002D, 0x013A, 0x00BC, 0x00CC, 0x00EE, 0x0145, 
0x00A0, 0x0156, 0x014F, 0x0173, 0x002C, 0x01A0, 0x003A, 0x0132, 0x010A, 0x012E, 0x0035, 0x019F, 0x002B, 0x0089, 0x00B9, 0x00B7, 
0x00B1, 0x010E, 0x0094, 0x00F6, 0x0061, 0x0066, 0x008B, 0x006A, 0x013D, 0x016C, 0x008C, 0x017F, 0x0015, 0x01A1, 0x0031, 0x0165, 
0x0054, 0x0085, 0x0116, 0x0157, 0x00B8, 0x019D, 0x004B, 0x0020, 0x00E7, 0x00CE, 0x015E, 0x00EC, 0x00F7, 0x007B, 0x0137, 0x00B2, 
0x0115, 0x00D9, 0x0146, 0x013E, 0x000E, 0x012A, 0x0195, 0x010F, 0x00BD, 0x00F1, 0x0113, 0x01AC, 0x018D, 0x0022, 0x00DF, 0x0117, 
0x013B, 0x0194, 0x0084, 0x0075, 0x0016, 0x0067, 0x006F, 0x00D4, 0x006E, 0x0055, 0x0017, 0x00A5, 0x0187, 0x0114, 0x00DE, 0x00F0, 
0x0134, 0x0007, 0x00FD, 0x00B5, 0x00B0, 0x0197, 0x0140, 0x004F, 0x017E, 0x0049, 0x0130, 0x00E6, 0x0046, 0x0164, 0x005F, 0x00E2, 
0x01AD, 0x0056, 0x0159, 0x0158, 0x00BE, 0x0193, 0x0171, 0x0050, 0x01A7, 0x00E4, 0x0183, 0x0121, 0x00C9, 0x015A, 0x00AE, 0x0155, 
0x0036, 0x0064, 0x0006, 0x01A8, 0x0163, 0x01A4, 0x010D, 0x0170, 0x0141, 0x0105, 0x0069, 0x00FB, 0x0043, 0x0149, 0x016A, 0x011E, 
0x00D6, 0x01AF, 0x0079, 0x018C, 0x0034, 0x00F2, 0x0112, 0x007C, 0x00E0, 0x0013, 0x005E, 0x011B, 0x0110, 0x0169, 0x00D7, 0x0107, 
0x01AE, 0x0127, 0x0065, 0x001F, 0x0091, 0x0030, 0x0099, 0x0154, 0x00DC, 0x015F, 0x016D, 0x0129, 0x0189, 0x016F, 0x0008, 0x012F, 
0x00ED, 0x003F, 0x004A, 0x0160, 0x0001, 0x016B, 0x00F3, 0x0089, 0x0076, 0x0136, 0x002C, 0x0171, 0x00A1, 0x0190, 0x00C5, 0x017F, 
0x00C8, 0x0180, 0x0060, 0x0096, 0x0032, 0x01A5, 0x0115, 0x0091, 0x012C, 0x0042, 0x000D, 0x0024, 0x0044, 0x0121, 0x0099, 0x018F, 
0x013B, 0x00D0, 0x0035, 0x0145, 0x00F1, 0x018D, 0x01AD, 0x0197, 0x004A, 0x005F, 0x0068, 0x00F2, 0x016F, 0x00D9, 0x0020, 0x008F, 
0x017B, 0x0185, 0x0018, 0x004E, 0x00CC, 0x0003, 0x001A, 0x0079, 0x0149, 0x0073, 0x0129, 0x00D7, 0x00C4, 0x0021, 0x010D, 0x00A2, 
0x017D, 0x00BB, 0x009C, 0x00C7, 0x00DA, 0x0011, 0x014E, 0x0163, 0x0080, 0x0118, 0x0198, 0x0058, 0x01A9, 0x0010, 0x0046, 0x0116, 
0x0008, 0x0051, 0x00FE, 0x017C, 0x0176, 0x0122, 0x0084, 0x018E, 0x010F, 0x0166, 0x0151, 0x017E, 0x0075, 0x013C, 0x008C, 0x0031, 
0x0142, 0x0034, 0x00D3, 0x00A9, 0x0191, 0x0009, 0x006C, 0x00DF, 0x014B, 0x0159, 0x0112, 0x00BE, 0x0147, 0x0160, 0x0066, 0x00B1, 
0x0090, 0x01AB, 0x00E5, 0x0069, 0x0064, 0x0088, 0x00EB, 0x0120, 0x009E, 0x00DE, 0x0023, 0x015F, 0x0110, 0x00B0, 0x01A0, 0x014D, 
0x00E6, 0x0152, 0x010A, 0x0167, 0x019F, 0x0148, 0x0063, 0x006D, 0x0040, 0x0002, 0x012D, 0x0108, 0x001B, 0x0085, 0x0016, 0x013E, 
0x00CB, 0x0012, 0x01AE, 0x014F, 0x016D, 0x007F, 0x00D2, 0x00B3, 0x0027, 0x0128, 0x004F, 0x0019, 0x0100, 0x0132, 0x00C0, 0x0188, 
0x00D8, 0x0196, 0x0113, 0x00F6, 0x008B, 0x00E9, 0x0093, 0x0033, 0x0125, 0x011E, 0x011B, 0x011D, 0x00A4, 0x0052, 0x01AF, 0x0036, 
0x01A6, 0x00E1, 0x018A, 0x006A, 0x01A1, 0x0025, 0x01B0, 0x018C, 0x009B, 0x009F, 0x0162, 0x0022, 0x0048, 0x0199, 0x0144, 0x0101, 
0x00ED, 0x0181, 0x000C, 0x0126, 0x006F, 0x004B, 0x0094, 0x00EC, 0x0030, 0x00EA, 0x00C6, 0x019B, 0x00BF, 0x00D4, 0x0004, 0x0062, 
0x0006, 0x0131, 0x0169, 0x007B, 0x000B, 0x003B, 0x01A8, 0x0029, 0x01A4, 0x00DD, 0x0138, 0x00A7, 0x00A7, 0x0138, 0x00DD, 0x01A4, 
0x0029, 0x01A8, 0x003B, 0x000B, 0x007B, 0x0169, 0x0131, 0x0006, 0x0062, 0x0004, 0x00D4, 0x00BF, 0x019B, 0x00C6, 0x00EA, 0x0030, 
0x00EC, 0x0094, 0x004B, 0x006F, 0x0126, 0x000C, 0x0181, 0x00ED, 0x0101, 0x0144, 0x0199, 0x0048, 0x0022, 0x0162, 0x009F, 0x009B, 
0x018C, 0x01B0, 0x0025, 0x01A1, 0x006A, 0x018A, 0x00E1, 0x01A6, 0x0036, 0x01AF, 0x0052, 0x00A4, 0x011D, 0x011B, 0x011E, 0x0125, 
0x0033, 0x0093, 0x00E9, 0x008B, 0x00F6, 0x0113, 0x0196, 0x00D8, 0x0188, 0x00C0, 0x0132, 0x0100, 0x0019, 0x004F, 0x0128, 0x0027, 
0x00B3, 0x00D2, 0x007F, 0x016D, 0x014F, 0x01AE, 0x0012, 0x00CB, 0x013E, 0x0016, 0x0085, 0x001B, 0x0108, 0x012D, 0x0002, 0x0040, 
0x006D, 0x0063, 0x0148, 0x019F, 0x0167, 0x010A, 0x0152, 0x00E6, 0x014D, 0x01A0, 0x00B0, 0x0110, 0x015F, 0x0023, 0x00DE, 0x009E, 
0x0120, 0x00EB, 0x0088, 0x0064, 0x0069, 0x00E5, 0x01AB, 0x0090, 0x00B1, 0x0066, 0x0160, 0x0147, 0x00BE, 0x0112, 0x0159, 0x014B, 
0x00DF, 0x006C, 0x0009, 0x0191, 0x00A9, 0x00D3, 0x0034, 0x0142, 0x0031, 0x008C, 0x013C, 0x0075, 0x017E, 0x0151, 0x0166, 0x010F, 
0x018E, 0x0084, 0x0122, 0x0176, 0x017C, 0x00FE, 0x0051, 0x0008, 0x0116, 0x0046, 0x0010, 0x01A9, 0x0058, 0x0198, 0x0118, 0x0080, 
0x0163, 0x014E, 0x0011, 0x00DA, 0x00C7, 0x009C, 0x00BB, 0x017D, 0x00A2, 0x010D, 0x0021, 0x00C4, 0x00D7, 0x0129, 0x0073, 0x0149, 
0x0079, 0x001A, 0x0003, 0x00CC, 0x004E, 0x0018, 0x0185, 0x017B, 0x008F, 0x0020, 0x00D9, 0x016F, 0x00F2, 0x0068, 0x005F, 0x004A, 
0x0197, 0x01AD, 0x018D, 0x00F1, 0x0145, 0x0035, 0x00D0, 0x013B, 0x018F, 0x0099, 0x0121, 0x0044, 0x0024, 0x000D, 0x0042, 0x012C, 
0x0091, 0x0115, 0x01A5, 0x0032, 0x0096, 0x0060, 0x0180, 0x00C8, 0x017F, 0x00C5, 0x0190, 0x00A1, 0x0171, 0x002C, 0x0136, 0x0076, 
0x0089, 0x00F3, 0x0001, 0x0125, 0x0128, 0x0073, 0x009D, 0x0080, 0x0134, 0x0162, 0x0096, 0x0067, 0x0002, 0x010A, 0x0002, 0x00B4, 
0x008D, 0x00EB, 0x01A1, 0x00D9, 0x0043, 0x012E, 0x00EE, 0x0099, 0x012B, 0x01AF, 0x0191, 0x0099, 0x00EA, 0x015B, 0x002A, 0x00B2, 
0x0158, 0x0008, 0x009F, 0x004B, 0x0125, 0x016B, 0x008C, 0x0092, 0x009F, 0x009A, 0x0145, 0x0015, 0x004D, 0x00E6, 0x00A8, 0x008D, 
0x0106, 0x0118, 0x0025, 0x0096, 0x001B, 0x00E6, 0x0075, 0x0094, 0x013A, 0x015D, 0x015B, 0x00B6, 0x011B, 0x00C2, 0x0124, 0x0150, 
0x012E, 0x00B3, 0x013A, 0x0100, 0x0127, 0x0145, 0x00AC, 0x0073, 0x0186, 0x0112, 0x011A, 0x013E, 0x0036, 0x0158, 0x00B7, 0x0100, 
0x0094, 0x005A, 0x01A1, 0x018E, 0x0083, 0x005B, 0x0056, 0x002D, 0x0134, 0x0113, 0x0015, 0x0127, 0x00B7, 0x00B2, 0x0045, 0x007D, 
0x007F, 0x00CB, 0x0168, 0x0010, 0x012C, 0x00D9, 0x005A, 0x0075, 0x004D, 0x0113, 0x0080, 0x004A, 0x0059, 0x0040, 0x006C, 0x00CE, 
0x0131, 0x0045, 0x002A, 0x015D, 0x00B3, 0x0043, 0x012C, 0x00D8, 0x010C, 0x0077, 0x0004, 0x00FF, 0x004A, 0x009D, 0x00AC, 0x009A, 
0x0008, 0x0036, 0x0114, 0x00CE, 0x019C, 0x0063, 0x011D, 0x010C, 0x016E, 0x018E, 0x00EB, 0x00A8, 0x001B, 0x0162, 0x002D, 0x0187, 
0x0004, 0x00B1, 0x0063, 0x0164, 0x007F, 0x004F, 0x00B6, 0x00EA, 0x00EE, 0x0150, 0x00C6, 0x0168, 0x013C, 0x0063, 0x008A, 0x0040, 
0x01A9, 0x0186, 0x0128, 0x004B, 0x0092, 0x0089, 0x011A, 0x0117, 0x0040, 0x00FA, 0x0004, 0x0054, 0x005B, 0x00C3, 0x0106, 0x00B4, 
0x0067, 0x0025, 0x00C7, 0x005B, 0x00FE, 0x010C, 0x0157, 0x0168, 0x0109, 0x00C2, 0x014A, 0x012B, 0x0191, 0x00FD, 0x00C2, 0x0196, 
0x007F, 0x009E, 0x00CE, 0x0105, 0x011A, 0x0166, 0x016B, 0x0001, 0x01B0, 0x016B, 0x011F, 0x0186, 0x017B, 0x004A, 0x016C, 0x002D, 
0x00FB, 0x0025, 0x0086, 0x010A, 0x010A, 0x0020, 0x0106, 0x0061, 0x018E, 0x0085, 0x012C, 0x0023, 0x0150, 0x00AB, 0x0191, 0x00A7, 
0x00A7, 0x012B, 0x018C, 0x00B6, 0x0184, 0x0045, 0x0167, 0x0036, 0x002B, 0x0092, 0x0046, 0x0001, 0x01B0, 0x0046, 0x004B, 0x0097, 
0x00AC, 0x00E3, 0x0113, 0x0132, 0x001B, 0x00EF, 0x00B4, 0x0020, 0x0086, 0x0067, 0x00EF, 0x00A8, 0x0049, 0x005A, 0x00A5, 0x00B3, 
0x0156, 0x00EA, 0x018C, 0x014A, 0x00FD, 0x00AB, 0x00EE, 0x0156, 0x015D, 0x01AD, 0x00B7, 0x0171, 0x009A, 0x0097, 0x0128, 0x011F, 
0x0166, 0x0089, 0x002B, 0x0008, 0x0171, 0x0127, 0x014E, 0x0075, 0x0049, 0x00EB, 0x0061, 0x00C3, 0x00C7, 0x00FB, 0x0162, 0x0132, 
0x004D, 0x014E, 0x0100, 0x01AD, 0x002A, 0x0184, 0x004F, 0x0196, 0x0109, 0x00C6, 0x0023, 0x0043, 0x00A5, 0x0094, 0x014E, 0x0015, 
0x00E3, 0x009D, 0x017B, 0x01A9, 0x0117, 0x0105, 0x0114, 0x0167, 0x00B2, 0x01AD, 0x013A, 0x00A5, 0x00D9, 0x0085, 0x016E, 0x00FE, 
0x0054, 0x0187, 0x016C, 0x0080, 0x00E3, 0x0145, 0x0171, 0x0158, 0x0167, 0x0131, 0x009E, 0x0164, 0x013C, 0x0157, 0x00D8, 0x0085, 
0x01A1, 0x0049, 0x00E6, 0x0132, 0x0134, 0x016C, 0x00FF, 0x00FA, 0x008A, 0x019C, 0x009E, 0x007D, 0x0184, 0x015B, 0x0156, 0x012E, 
0x0023, 0x0010, 0x0157, 0x011D, 0x00B1, 0x00FA, 0x0059, 0x017B, 0x0073, 0x0097, 0x009F, 0x002B, 0x013E, 0x0105, 0x006C, 0x008A, 
0x00B1, 0x0077, 0x00FE, 0x0083, 0x0061, 0x008D, 0x00EF, 0x0096, 0x00FB, 0x0056, 0x0054, 0x0077, 0x011D, 0x013C, 0x00CB, 0x0196, 
0x011B, 0x018C, 0x0099, 0x00AB, 0x0124, 0x0109, 0x00CB, 0x0164, 0x019C, 0x006C, 0x0117, 0x0112, 0x011F, 0x0125, 0x0046, 0x008C, 
0x0166, 0x0112, 0x01A9, 0x0059, 0x00FF, 0x0187, 0x0056, 0x00C7, 0x0118, 0x0020, 0x0002, 0x0086, 0x0118, 0x00C3, 0x0083, 0x016E, 
0x00D8, 0x0010, 0x00C6, 0x0124, 0x00FD, 0x01AF, 0x00A7, 0x01AF, 0x014A, 0x011B, 0x004F, 0x007D, 0x0131, 0x0114, 0x013E, 0x0089, 
0x0001, 0x0099, 0x0016, 0x001B, 0x0160, 0x014F, 0x01A8, 0x00EA, 0x0033, 0x00A4, 0x0016, 0x00A1, 0x001A, 0x0163, 0x017F, 0x0128, 
0x00A1, 0x0009, 0x0197, 0x019B, 0x00EB, 0x014F, 0x017E, 0x0181, 0x0042, 0x0051, 0x0100, 0x00BE, 0x0160, 0x0090, 0x0110, 0x0100, 
0x0033, 0x0181, 0x0128, 0x004E, 0x01A1, 0x0160, 0x008B, 0x0062, 0x014F, 0x0010, 0x0118, 0x00A1, 0x00C7, 0x01A8, 0x00BE, 0x0011, 
0x0051, 0x008B, 0x004E, 0x010D, 0x008B, 0x00C6, 0x017F, 0x003B, 0x0126, 0x00A4, 0x00F3, 0x017E, 0x003B, 0x0030, 0x0197, 0x00C6, 
0x003B, 0x0009, 0x0118, 0x0011, 0x00B1, 0x0100, 0x019B, 0x00F3, 0x00EB, 0x0096, 0x0099, 0x00A4, 0x00EB, 0x0032, 0x0001, 0x0110, 
0x0003, 0x00A1, 0x0030, 0x011B, 0x017E, 0x0196, 0x017F, 0x0181, 0x0089, 0x0089, 0x00C7, 0x0163, 0x0163, 0x003B, 0x0176, 0x0003, 
0x0118, 0x010D, 0x0100, 0x0032, 0x01AE, 0x00F3, 0x0089, 0x0016, 0x0011, 0x0032, 0x01AE, 0x01A1, 0x0051, 0x0090, 0x0051, 0x016F, 
0x01A0, 0x017F, 0x00EA, 0x019B, 0x001B, 0x0176, 0x011B, 0x01A8, 0x0033, 0x016F, 0x0009, 0x01A0, 0x011B, 0x0160, 0x0096, 0x01A1, 
0x0062, 0x016F, 0x0118, 0x004E, 0x00EA, 0x0196, 0x0030, 0x0003, 0x0099, 0x00EB, 0x0121, 0x00C6, 0x011B, 0x0062, 0x008B, 0x0176, 
0x0042, 0x0010, 0x0032, 0x0001, 0x0110, 0x001B, 0x01B0, 0x019B, 0x01A1, 0x0010, 0x0033, 0x0121, 0x0010, 0x0099, 0x001B, 0x0030, 
0x001A, 0x001A, 0x01A0, 0x0181, 0x00C7, 0x01A0, 0x0128, 0x01B0, 0x00F3, 0x01A8, 0x0196, 0x00C7, 0x0126, 0x0090, 0x0110, 0x0011, 
0x0096, 0x00B1, 0x0001, 0x00B1, 0x00A4, 0x0089, 0x01B0, 0x00BE, 0x01AE, 0x00BE, 0x004E, 0x016F, 0x0126, 0x0042, 0x0009, 0x001A, 
0x0163, 0x0196, 0x01B0, 0x0016, 0x0042, 0x00C6, 0x00EA, 0x0121, 0x0062, 0x0197, 0x0128, 0x0176, 0x0090, 0x00B1, 0x01AE, 0x014F, 
0x0126, 0x0003, 0x010D, 0x0121, 0x017E, 0x0197, 0x010D, 0x0096, 0x0096, 0x010D, 0x0197, 0x017E, 0x0121, 0x010D, 0x0003, 0x0126, 
0x014F, 0x01AE, 0x00B1, 0x0090, 0x0176, 0x0128, 0x0197, 0x0062, 0x0121, 0x00EA, 0x00C6, 0x0042, 0x0016, 0x01B0, 0x0196, 0x0163, 
0x001A, 0x0009, 0x0042, 0x0126, 0x016F, 0x004E, 0x00BE, 0x01AE, 0x00BE, 0x01B0, 0x0089, 0x00A4, 0x00B1, 0x0001, 0x00B1, 0x0096, 
0x0011, 0x0110, 0x0090, 0x0126, 0x00C7, 0x0196, 0x01A8, 0x00F3, 0x01B0, 0x0128, 0x01A0, 0x00C7, 0x0181, 0x01A0, 0x001A, 0x001A, 
0x0030, 0x001B, 0x0099, 0x0010, 0x0121, 0x0033, 0x0010, 0x01A1, 0x019B, 0x01B0, 0x001B, 0x0110, 0x0001, 0x0032, 0x0010, 0x0042, 
0x0176, 0x008B, 0x0062, 0x011B, 0x00C6, 0x0121, 0x00EB, 0x0099, 0x0003, 0x0030, 0x0196, 0x00EA, 0x004E, 0x0118, 0x016F, 0x0062, 
0x01A1, 0x0096, 0x0160, 0x011B, 0x01A0, 0x0009, 0x016F, 0x0033, 0x01A8, 0x011B, 0x0176, 0x001B, 0x019B, 0x00EA, 0x017F, 0x01A0, 
0x016F, 0x0051, 0x0090, 0x0051, 0x01A1, 0x01AE, 0x0032, 0x0011, 0x0016, 0x0089, 0x00F3, 0x01AE, 0x0032, 0x0100, 0x010D, 0x0118, 
0x0003, 0x0176, 0x003B, 0x0163, 0x0163, 0x00C7, 0x0089, 0x0089, 0x0181, 0x017F, 0x0196, 0x017E, 0x011B, 0x0030, 0x00A1, 0x0003, 
0x0110, 0x0001, 0x0032, 0x00EB, 0x00A4, 0x0099, 0x0096, 0x00EB, 0x00F3, 0x019B, 0x0100, 0x00B1, 0x0011, 0x0118, 0x0009, 0x003B, 
0x00C6, 0x0197, 0x0030, 0x003B, 0x017E, 0x00F3, 0x00A4, 0x0126, 0x003B, 0x017F, 0x00C6, 0x008B, 0x010D, 0x004E, 0x008B, 0x0051, 
0x0011, 0x00BE, 0x01A8, 0x00C7, 0x00A1, 0x0118, 0x0010, 0x014F, 0x0062, 0x008B, 0x0160, 0x01A1, 0x004E, 0x0128, 0x0181, 0x0033, 
0x0100, 0x0110, 0x0090, 0x0160, 0x00BE, 0x0100, 0x0051, 0x0042, 0x0181, 0x017E, 0x014F, 0x00EB, 0x019B, 0x0197, 0x0009, 0x00A1, 
0x0128, 0x017F, 0x0163, 0x001A, 0x00A1, 0x0016, 0x00A4, 0x0033, 0x00EA, 0x01A8, 0x014F, 0x0160, 0x001B, 0x0016, 0x0001, 0x0132, 
0x0042, 0x006C, 0x001C, 0x0116, 0x0172, 0x008C, 0x001A, 0x0155, 0x00F2, 0x00C8, 0x0152, 0x00CF, 0x0074, 0x0196, 0x008B, 0x00A2, 
0x0174, 0x01AA, 0x00AC, 0x0009, 0x007E, 0x0093, 0x015F, 0x0176, 0x01A1, 0x007C, 0x00F9, 0x01A7, 0x00CD, 0x018E, 0x0180, 0x0064, 
0x0191, 0x00D2, 0x0112, 0x0182, 0x00E1, 0x0017, 0x0138, 0x00EF, 0x015D, 0x009C, 0x0127, 0x0013, 0x010E, 0x017F, 0x0048, 0x0016, 
0x0051, 0x0084, 0x0006, 0x012C, 0x0119, 0x0111, 0x0130, 0x01A3, 0x0030, 0x0194, 0x0087, 0x017A, 0x005E, 0x0073, 0x0173, 0x00A1, 
0x008D, 0x0122, 0x0059, 0x00A7, 0x00AA, 0x00B0, 0x010C, 0x0113, 0x00D9, 0x0154, 0x0156, 0x0003, 0x004F, 0x006E, 0x00F3, 0x00D4, 
0x0057, 0x0186, 0x01AC, 0x0114, 0x019D, 0x006A, 0x0045, 0x00CE, 0x0164, 0x00B9, 0x006B, 0x015E, 0x0018, 0x0120, 0x013A, 0x017E, 
0x00E6, 0x00ED, 0x0082, 0x0069, 0x00FF, 0x007B, 0x0035, 0x0068, 0x0070, 0x0004, 0x00A9, 0x00FC, 0x014B, 0x0192, 0x00F4, 0x016A, 
0x0040, 0x002E, 0x0080, 0x018F, 0x0150, 0x00DB, 0x006D, 0x00AF, 0x00F1, 0x0039, 0x012E, 0x00BA, 0x01AF, 0x0075, 0x0055, 0x0050, 
0x0134, 0x0151, 0x017B, 0x0117, 0x01A2, 0x0198, 0x00B1, 0x0184, 0x014F, 0x0008, 0x0043, 0x003C, 0x0188, 0x00A4, 0x002C, 0x00AB, 
0x01A6, 0x0094, 0x0103, 0x0099, 0x011A, 0x0078, 0x0096, 0x012B, 0x006F, 0x0034, 0x015B, 0x0167, 0x018C, 0x013F, 0x0121, 0x013B, 
0x0104, 0x0163, 0x0168, 0x00D1, 0x0046, 0x0109, 0x016D, 0x00CA, 0x0092, 0x0015, 0x00C9, 0x0177, 0x0193, 0x018A, 0x0089, 0x014A, 
0x00B3, 0x00FB, 0x00F0, 0x00FD, 0x00FA, 0x0140, 0x0137, 0x010B, 0x0129, 0x0095, 0x008E, 0x01A0, 0x01A4, 0x00E5, 0x0065, 0x0187, 
0x00EE, 0x019F, 0x000C, 0x00EA, 0x00EB, 0x00D3, 0x00D5, 0x0179, 0x014E, 0x0058, 0x004C, 0x005A, 0x00F5, 0x0190, 0x0189, 0x00C5, 
0x0024, 0x00D7, 0x018B, 0x0041, 0x00F6, 0x0166, 0x004B, 0x00BB, 0x0170, 0x0026, 0x00DA, 0x018D, 0x00EC, 0x0028, 0x0021, 0x00BC, 
0x0157, 0x0165, 0x0159, 0x0063, 0x0038, 0x00DC, 0x00DE, 0x00C6, 0x00C7, 0x01A5, 0x0012, 0x00C3, 0x002A, 0x014C, 0x00CC, 0x000D, 
0x0011, 0x0123, 0x011C, 0x0088, 0x00A6, 0x007A, 0x0071, 0x00B7, 0x00B4, 0x00C1, 0x00B6, 0x00FE, 0x0067, 0x0128, 0x0027, 0x001E, 
0x003A, 0x00E8, 0x019C, 0x011F, 0x00E7, 0x0044, 0x00A8, 0x016B, 0x00E0, 0x0049, 0x004E, 0x00AD, 0x0076, 0x0090, 0x0072, 0x0025, 
0x004A, 0x0056, 0x017D, 0x0142, 0x0086, 0x011B, 0x0139, 0x0097, 0x0118, 0x00AE, 0x011D, 0x000B, 0x0106, 0x0185, 0x010D, 0x0029, 
0x0175, 0x016E, 0x01A9, 0x0062, 0x002D, 0x0100, 0x0019, 0x000F, 0x009A, 0x0036, 0x0060, 0x007D, 0x0161, 0x015C, 0x013C, 0x0002, 
0x00F7, 0x0083, 0x0178, 0x00C0, 0x0102, 0x0144, 0x00D6, 0x0061, 0x0022, 0x0131, 0x0183, 0x0171, 0x0047, 0x00BD, 0x001F, 0x0066, 
0x00B5, 0x0108, 0x01AD, 0x0141, 0x0149, 0x017C, 0x0136, 0x00B2, 0x0148, 0x012F, 0x00C4, 0x00CB, 0x0033, 0x0077, 0x0091, 0x0199, 
0x0053, 0x0146, 0x00F8, 0x004D, 0x00E3, 0x016C, 0x0147, 0x0014, 0x009D, 0x0005, 0x002B, 0x015A, 0x00DD, 0x00BE, 0x0143, 0x0162, 
0x01AE, 0x005B, 0x005D, 0x00D8, 0x009E, 0x00A5, 0x0101, 0x0107, 0x010A, 0x0158, 0x008F, 0x0124, 0x0110, 0x003E, 0x013E, 0x0153, 
0x0037, 0x012A, 0x001D, 0x0181, 0x000E, 0x0081, 0x00A0, 0x0098, 0x0085, 0x01AB, 0x012D, 0x0160, 0x019B, 0x0169, 0x0032, 0x00A3, 
0x019E, 0x008A, 0x0115, 0x0054, 0x00C2, 0x0079, 0x019A, 0x00D0, 0x002F, 0x009F, 0x00DF, 0x0020, 0x014D, 0x0031, 0x0023, 0x00E4, 
0x000A, 0x00B8, 0x0135, 0x0010, 0x003B, 0x0052, 0x011E, 0x0133, 0x01A8, 0x0105, 0x0007, 0x003D, 0x010F, 0x0126, 0x001B, 0x013D, 
0x00E2, 0x005F, 0x00E9, 0x00BF, 0x005C, 0x0197, 0x0125, 0x003F, 0x009B, 0x0195, 0x0145, 0x016F, 0x0001, 0x00B3, 0x00C6, 0x01B0, 
0x008C, 0x0171, 0x01A9, 0x00FE, 0x00EA, 0x017B, 0x0040, 0x00EB, 0x0040, 0x012C, 0x0008, 0x0001, 0x00C6, 0x013E, 0x008C, 0x0125, 
0x0094, 0x00C6, 0x012C, 0x0040, 0x0073, 0x00C6, 0x0001, 0x0008, 0x0125, 0x0085, 0x0125, 0x00B3, 0x0073, 0x0171, 0x00B3, 0x00C7, 
0x00B3, 0x017B, 0x0073, 0x0036, 0x00EB, 0x004F, 0x011D, 0x0171, 0x011D, 0x0008, 0x0085, 0x00C6, 0x0040, 0x00EA, 0x00EA, 0x0171, 
0x013E, 0x00B3, 0x012C, 0x0085, 0x0008, 0x0036, 0x00EA, 0x01A9, 0x0008, 0x0036, 0x0125, 0x01B0, 0x012C, 0x00EA, 0x0162, 0x00EB, 
0x004F, 0x01B0, 0x017B, 0x0073, 0x004F, 0x01B0, 0x00FE, 0x0125, 0x0162, 0x00EA, 0x00B3, 0x008C, 0x00C6, 0x0040, 0x0125, 0x011D, 
0x0008, 0x0162, 0x01A9, 0x00EB, 0x004F, 0x0162, 0x0162, 0x0085, 0x01A9, 0x01A9, 0x0073, 0x0171, 0x0094, 0x00C6, 0x00FE, 0x013E, 
0x008C, 0x013E, 0x011D, 0x00EB, 0x0171, 0x00C7, 0x0125, 0x01B0, 0x00EB, 0x0008, 0x0171, 0x01A9, 0x0125, 0x0085, 0x01B0, 0x008C, 
0x00FE, 0x013E, 0x0094, 0x012C, 0x00C7, 0x0085, 0x00C7, 0x008C, 0x004F, 0x0036, 0x00B3, 0x00FE, 0x008C, 0x0008, 0x004F, 0x013E, 
0x00B3, 0x0094, 0x008C, 0x0040, 0x0001, 0x011D, 0x00EA, 0x00FE, 0x0162, 0x0125, 0x00C7, 0x00EA, 0x013E, 0x011D, 0x0073, 0x00FE, 
0x0036, 0x0001, 0x0094, 0x0036, 0x0001, 0x0094, 0x013E, 0x013E, 0x0162, 0x01B0, 0x00B3, 0x017B, 0x00C6, 0x0171, 0x017B, 0x00C6, 
0x004F, 0x0036, 0x01B0, 0x0162, 0x00C7, 0x0085, 0x011D, 0x0094, 0x0085, 0x012C, 0x017B, 0x0040, 0x0001, 0x011D, 0x01B0, 0x0094, 
0x008C, 0x0094, 0x011D, 0x01A9, 0x017B, 0x012C, 0x0073, 0x012C, 0x01A9, 0x00EA, 0x0073, 0x00EB, 0x0008, 0x004F, 0x004F, 0x0171, 
0x00C7, 0x0001, 0x0001, 0x00C7, 0x017B, 0x017B, 0x00FE, 0x00C7, 0x01A9, 0x0162, 0x0036, 0x0040, 0x012C, 0x00EB, 0x00EB, 0x0073, 
0x0085, 0x0036, 0x0040, 0x00FE, 0x00FE, 0x0040, 0x0036, 0x0085, 0x0073, 0x00EB, 0x00EB, 0x012C, 0x0040, 0x0036, 0x0162, 0x01A9, 
0x00C7, 0x00FE, 0x017B, 0x017B, 0x00C7, 0x0001, 0x0001, 0x00C7, 0x0171, 0x004F, 0x004F, 0x0008, 0x00EB, 0x0073, 0x00EA, 0x01A9, 
0x012C, 0x0073, 0x012C, 0x017B, 0x01A9, 0x011D, 0x0094, 0x008C, 0x0094, 0x01B0, 0x011D, 0x0001, 0x0040, 0x017B, 0x012C, 0x0085, 
0x0094, 0x011D, 0x0085, 0x00C7, 0x0162, 0x01B0, 0x0036, 0x004F, 0x00C6, 0x017B, 0x0171, 0x00C6, 0x017B, 0x00B3, 0x01B0, 0x0162, 
0x013E, 0x013E, 0x0094, 0x0001, 0x0036, 0x0094, 0x0001, 0x0036, 0x00FE, 0x0073, 0x011D, 0x013E, 0x00EA, 0x00C7, 0x0125, 0x0162, 
0x00FE, 0x00EA, 0x011D, 0x0001, 0x0040, 0x008C, 0x0094, 0x00B3, 0x013E, 0x004F, 0x0008, 0x008C, 0x00FE, 0x00B3, 0x0036, 0x004F, 
0x008C, 0x00C7, 0x0085, 0x00C7, 0x012C, 0x0094, 0x013E, 0x00FE, 0x008C, 0x01B0, 0x0085, 0x0125, 0x01A9, 0x0171, 0x0008, 0x00EB, 
0x01B0, 0x0125, 0x00C7, 0x0171, 0x00EB, 0x011D, 0x013E, 0x008C, 0x013E, 0x00FE, 0x00C6, 0x0094, 0x0171, 0x0073, 0x01A9, 0x01A9, 
0x0085, 0x0162, 0x0162, 0x004F, 0x00EB, 0x01A9, 0x0162, 0x0008, 0x011D, 0x0125, 0x0040, 0x00C6, 0x008C, 0x00B3, 0x00EA, 0x0162, 
0x0125, 0x00FE, 0x01B0, 0x004F, 0x0073, 0x017B, 0x01B0, 0x004F, 0x00EB, 0x0162, 0x00EA, 0x012C, 0x01B0, 0x0125, 0x0036, 0x0008, 
0x01A9, 0x00EA, 0x0036, 0x0008, 0x0085, 0x012C, 0x00B3, 0x013E, 0x0171, 0x00EA, 0x00EA, 0x0040, 0x00C6, 0x0085, 0x0008, 0x011D, 
0x0171, 0x011D, 0x004F, 0x00EB, 0x0036, 0x0073, 0x017B, 0x00B3, 0x00C7, 0x00B3, 0x0171, 0x0073, 0x00B3, 0x0125, 0x0085, 0x0125, 
0x0008, 0x0001, 0x00C6, 0x0073, 0x0040, 0x012C, 0x00C6, 0x0094, 0x0125, 0x008C, 0x013E, 0x00C6, 0x0001, 0x0008, 0x012C, 0x0040, 
0x00EB, 0x0040, 0x017B, 0x00EA, 0x00FE, 0x01A9, 0x0171, 0x008C, 0x01B0, 0x00C6, 0x0001, 0x0166, 0x00A1, 0x01AD, 0x010B, 0x0031, 
0x0179, 0x012C, 0x0176, 0x0146, 0x010F, 0x00DE, 0x018F, 0x012F, 0x0078, 0x0010, 0x014F, 0x005F, 0x003E, 0x00E7, 0x004D, 0x001A, 
0x0195, 0x00ED, 0x0115, 0x0181, 0x001B, 0x00E0, 0x010E, 0x005D, 0x01A7, 0x0063, 0x014B, 0x01A6, 0x00CB, 0x00EC, 0x0080, 0x0071, 
0x009B, 0x01AC, 0x006D, 0x011F, 0x0083, 0x00D7, 0x010C, 0x0170, 0x00BD, 0x019B, 0x0069, 0x0009, 0x00F3, 0x0088, 0x0190, 0x008C, 
0x002E, 0x0057, 0x0017, 0x0065, 0x017F, 0x0182, 0x0037, 0x013D, 0x0111, 0x0171, 0x000F, 0x0121, 0x0150, 0x0188, 0x00FF, 0x016B, 
0x003F, 0x0035, 0x008A, 0x0167, 0x01AF, 0x00B9, 0x019C, 0x0042, 0x011D, 0x0177, 0x0011, 0x0034, 0x0047, 0x007D, 0x00F7, 0x0086, 
0x00AA, 0x0149, 0x0067, 0x00FB, 0x00AC, 0x0070, 0x007A, 0x0072, 0x0064, 0x015F, 0x0043, 0x0160, 0x0020, 0x00BF, 0x011C, 0x018A, 
0x0158, 0x00C0, 0x00D0, 0x0136, 0x00AF, 0x0145, 0x0044, 0x000E, 0x0101, 0x0193, 0x00C9, 0x0007, 0x013E, 0x00DB, 0x0112, 0x011E, 
0x0124, 0x003D, 0x0108, 0x00CD, 0x00E5, 0x0028, 0x015D, 0x0135, 0x00D9, 0x0025, 0x0133, 0x00AE, 0x0186, 0x0198, 0x01A9, 0x015B, 
0x0119, 0x002C, 0x0089, 0x0168, 0x0033, 0x0036, 0x0077, 0x0026, 0x0138, 0x0163, 0x00D4, 0x002A, 0x0012, 0x0162, 0x00FC, 0x0096, 
0x0109, 0x019E, 0x0099, 0x0114, 0x0169, 0x00F6, 0x009A, 0x0113, 0x013C, 0x0014, 0x010D, 0x0018, 0x0123, 0x01AE, 0x002D, 0x0130, 
0x010A, 0x0097, 0x0122, 0x005E, 0x00EF, 0x0156, 0x003C, 0x00F0, 0x004C, 0x0006, 0x00B1, 0x0045, 0x00FE, 0x00E3, 0x00E2, 0x005A, 
0x00C3, 0x0104, 0x0192, 0x0178, 0x0120, 0x006E, 0x00DC, 0x0126, 0x013B, 0x0058, 0x00F5, 0x00AB, 0x00FA, 0x000D, 0x00E9, 0x00C6, 
0x00C7, 0x018D, 0x0194, 0x015E, 0x0023, 0x0147, 0x005C, 0x00B4, 0x0161, 0x0142, 0x015C, 0x01A5, 0x00DF, 0x0084, 0x00B8, 0x012A, 
0x0151, 0x0132, 0x007F, 0x0060, 0x0087, 0x00F9, 0x012D, 0x00D2, 0x000C, 0x0055, 0x006F, 0x0050, 0x00FD, 0x0155, 0x006A, 0x018E, 
0x0053, 0x001D, 0x0024, 0x00EA, 0x00EB, 0x00C8, 0x01A4, 0x00B7, 0x0106, 0x00BC, 0x0159, 0x0076, 0x008B, 0x00D5, 0x0143, 0x0091, 
0x0039, 0x001F, 0x00AD, 0x00EE, 0x0157, 0x00CF, 0x00CE, 0x00B3, 0x016C, 0x0100, 0x01AB, 0x0165, 0x00C1, 0x0175, 0x005B, 0x00C2, 
0x0153, 0x008F, 0x011A, 0x00A7, 0x0081, 0x0184, 0x0003, 0x008E, 0x0199, 0x00A4, 0x019D, 0x0075, 0x009E, 0x0117, 0x00BB, 0x0048, 
0x009D, 0x0118, 0x0013, 0x00A8, 0x011B, 0x00B5, 0x004F, 0x019F, 0x0187, 0x00DD, 0x004E, 0x0079, 0x018B, 0x013A, 0x017B, 0x017E, 
0x0049, 0x0128, 0x0185, 0x0098, 0x0056, 0x0008, 0x0019, 0x002B, 0x0103, 0x007E, 0x018C, 0x00D8, 0x007C, 0x0054, 0x0189, 0x00CC, 
0x00E4, 0x00A9, 0x0174, 0x008D, 0x0093, 0x009F, 0x00D6, 0x0073, 0x01AA, 0x00E8, 0x001E, 0x00B0, 0x01A3, 0x016D, 0x006C, 0x0102, 
0x007B, 0x00E1, 0x00F1, 0x0059, 0x0027, 0x0095, 0x00F2, 0x0191, 0x0051, 0x016E, 0x0052, 0x014D, 0x013F, 0x0137, 0x0141, 0x0105, 
0x00B6, 0x014A, 0x0068, 0x0107, 0x012B, 0x00BA, 0x0134, 0x016A, 0x017D, 0x01A0, 0x003A, 0x0094, 0x016F, 0x0015, 0x00F8, 0x0002, 
0x004A, 0x0127, 0x017C, 0x0172, 0x0046, 0x00B2, 0x0029, 0x0061, 0x0090, 0x01A2, 0x0040, 0x00A0, 0x0074, 0x017A, 0x002F, 0x0032, 
0x014C, 0x019A, 0x015A, 0x0183, 0x0125, 0x0021, 0x0129, 0x00BE, 0x01A8, 0x0148, 0x0016, 0x00F4, 0x0041, 0x00A5, 0x00DA, 0x012E, 
0x0092, 0x0144, 0x0005, 0x0116, 0x0140, 0x0131, 0x00C5, 0x00E6, 0x000B, 0x0066, 0x014E, 0x000A, 0x0154, 0x00A3, 0x00D1, 0x0196, 
0x0030, 0x009C, 0x00C4, 0x001C, 0x0197, 0x0164, 0x00CA, 0x0173, 0x0152, 0x0062, 0x01A1, 0x0139, 0x0082, 0x0022, 0x00D3, 0x00A2, 
0x006B, 0x003B, 0x0085, 0x0038, 0x0180, 0x00A6, 0x0004, 0x0110, 0x0001, 0x011B, 0x0032, 0x01A1, 0x0024, 0x0126, 0x0029, 0x00EB, 
0x014F, 0x00E5, 0x017F, 0x0042, 0x01A8, 0x0159, 0x0044, 0x0100, 0x0042, 0x019B, 0x0138, 0x0122, 0x013E, 0x008B, 0x00DE, 0x003B, 
0x01AE, 0x0033, 0x0128, 0x00D2, 0x0024, 0x00C0, 0x007B, 0x0089, 0x0062, 0x003B, 0x00B1, 0x010D, 0x0196, 0x018D, 0x01A0, 0x00E9, 
0x008B, 0x016B, 0x0004, 0x016F, 0x0171, 0x0029, 0x00DF, 0x00F3, 0x017E, 0x0011, 0x010D, 0x0090, 0x01A0, 0x00C7, 0x016D, 0x006D, 
0x000C, 0x00E5, 0x0051, 0x00D3, 0x0144, 0x00A9, 0x0138, 0x00EA, 0x006D, 0x0016, 0x01AD, 0x00F3, 0x0113, 0x0128, 0x008F, 0x0160, 
0x0073, 0x0099, 0x011B, 0x00CC, 0x0073, 0x0181, 0x01B0, 0x007B, 0x004E, 0x016F, 0x0108, 0x006C, 0x00D3, 0x010A, 0x0044, 0x0176, 
0x004A, 0x004A, 0x0040, 0x0159, 0x0058, 0x0144, 0x0197, 0x0163, 0x0004, 0x0121, 0x0089, 0x0030, 0x006A, 0x0160, 0x0167, 0x0032, 
0x00BE, 0x0181, 0x006A, 0x001B, 0x0033, 0x00F1, 0x017E, 0x0068, 0x00C5, 0x016D, 0x00C6, 0x0122, 0x0010, 0x0197, 0x006C, 0x0188, 
0x014F, 0x0149, 0x0016, 0x00C5, 0x0145, 0x018D, 0x0118, 0x0196, 0x00C8, 0x0068, 0x01AD, 0x00A4, 0x00EB, 0x00A7, 0x0108, 0x0163, 
0x0096, 0x013E, 0x00A1, 0x00C7, 0x0145, 0x00C8, 0x0011, 0x001A, 0x01AE, 0x0046, 0x0030, 0x01B0, 0x0136, 0x01A1, 0x00B3, 0x008F, 
0x001B, 0x0046, 0x0062, 0x0110, 0x016B, 0x0096, 0x0010, 0x00A9, 0x0009, 0x01A8, 0x00EC, 0x0176, 0x0040, 0x00EC, 0x0100, 0x00FE, 
0x0051, 0x0188, 0x00A7, 0x0171, 0x01A5, 0x00C0, 0x0136, 0x00BE, 0x0099, 0x009E, 0x0001, 0x009E, 0x00CC, 0x0167, 0x00B3, 0x00D2, 
0x0147, 0x00DF, 0x00A4, 0x0149, 0x000C, 0x0003, 0x019B, 0x0009, 0x0058, 0x010A, 0x00FE, 0x017F, 0x0003, 0x00EA, 0x00C6, 0x00A1, 
0x00E9, 0x0079, 0x00B1, 0x001A, 0x00F1, 0x0113, 0x0147, 0x0126, 0x01A5, 0x004E, 0x0121, 0x0110, 0x00DE, 0x0079, 0x0090, 0x0118, 
0x0118, 0x0090, 0x0079, 0x00DE, 0x0110, 0x0121, 0x004E, 0x01A5, 0x0126, 0x0147, 0x0113, 0x00F1, 0x001A, 0x00B1, 0x0079, 0x00E9, 
0x00A1, 0x00C6, 0x00EA, 0x0003, 0x017F, 0x00FE, 0x010A, 0x0058, 0x0009, 0x019B, 0x0003, 0x000C, 0x0149, 0x00A4, 0x00DF, 0x0147, 
0x00D2, 0x00B3, 0x0167, 0x00CC, 0x009E, 0x0001, 0x009E, 0x0099, 0x00BE, 0x0136, 0x00C0, 0x01A5, 0x0171, 0x00A7, 0x0188, 0x0051, 
0x00FE, 0x0100, 0x00EC, 0x0040, 0x0176, 0x00EC, 0x01A8, 0x0009, 0x00A9, 0x0010, 0x0096, 0x016B, 0x0110, 0x0062, 0x0046, 0x001B, 
0x008F, 0x00B3, 0x01A1, 0x0136, 0x01B0, 0x0030, 0x0046, 0x01AE, 0x001A, 0x0011, 0x00C8, 0x0145, 0x00C7, 0x00A1, 0x013E, 0x0096, 
0x0163, 0x0108, 0x00A7, 0x00EB, 0x00A4, 0x01AD, 0x0068, 0x00C8, 0x0196, 0x0118, 0x018D, 0x0145, 0x00C5, 0x0016, 0x0149, 0x014F, 
0x0188, 0x006C, 0x0197, 0x0010, 0x0122, 0x00C6, 0x016D, 0x00C5, 0x0068, 0x017E, 0x00F1, 0x0033, 0x001B, 0x006A, 0x0181, 0x00BE, 
0x0032, 0x0167, 0x0160, 0x006A, 0x0030, 0x0089, 0x0121, 0x0004, 0x0163, 0x0197, 0x0144, 0x0058, 0x0159, 0x0040, 0x004A, 0x004A, 
0x0176, 0x0044, 0x010A, 0x00D3, 0x006C, 0x0108, 0x016F, 0x004E, 0x007B, 0x01B0, 0x0181, 0x0073, 0x00CC, 0x011B, 0x0099, 0x0073, 
0x0160, 0x008F, 0x0128, 0x0113, 0x00F3, 0x01AD, 0x0016, 0x006D, 0x00EA, 0x0138, 0x00A9, 0x0144, 0x00D3, 0x0051, 0x00E5, 0x000C, 
0x006D, 0x016D, 0x00C7, 0x01A0, 0x0090, 0x010D, 0x0011, 0x017E, 0x00F3, 0x00DF, 0x0029, 0x0171, 0x016F, 0x0004, 0x016B, 0x008B, 
0x00E9, 0x01A0, 0x018D, 0x0196, 0x010D, 0x00B1, 0x003B, 0x0062, 0x0089, 0x007B, 0x00C0, 0x0024, 0x00D2, 0x0128, 0x0033, 0x01AE, 
0x003B, 0x00DE, 0x008B, 0x013E, 0x0122, 0x0138, 0x019B, 0x0042, 0x0100, 0x0044, 0x0159, 0x01A8, 0x0042, 0x017F, 0x00E5, 0x014F, 
0x00EB, 0x0029, 0x0126, 0x0024, 0x01A1, 0x0032, 0x0001, 0x0085, 0x0096, 0x0171, 0x00B4, 0x0020, 0x011F, 0x0094, 0x01A1, 0x007D, 
0x013C, 0x0167, 0x013C, 0x0043, 0x009A, 0x00C7, 0x0100, 0x0025, 0x012B, 0x00AB, 0x00B7, 0x001B, 0x0157, 0x0075, 0x0166, 0x001B, 
0x00C6, 0x00FB, 0x00B2, 0x0083, 0x015D, 0x0036, 0x00CB, 0x0112, 0x0085, 0x009E, 0x012C, 0x016C, 0x00CB, 0x00E3, 0x0046, 0x005B, 
0x00AC, 0x007F, 0x0097, 0x009A, 0x0059, 0x0196, 0x0063, 0x01A1, 0x0128, 0x007F, 0x018E, 0x0162, 0x009D, 0x002A, 0x00FB, 0x0124, 
0x0010, 0x0067, 0x0117, 0x0056, 0x00AB, 0x00FE, 0x009D, 0x0099, 0x00A5, 0x0046, 0x0164, 0x0171, 0x00C2, 0x00E6, 0x00A8, 0x0040, 
0x0008, 0x015D, 0x00C3, 0x0099, 0x0162, 0x013A, 0x0100, 0x00D9, 0x0106, 0x019C, 0x00B6, 0x0168, 0x011F, 0x0004, 0x005B, 0x00A5, 
0x00C3, 0x0083, 0x0186, 0x0092, 0x0080, 0x0132, 0x0184, 0x00B1, 0x008C, 0x0025, 0x013A, 0x018E, 0x00AC, 0x0004, 0x0020, 0x006C, 
0x0054, 0x013E, 0x016B, 0x0061, 0x0191, 0x0186, 0x00B2, 0x002A, 0x00FE, 0x012B, 0x008C, 0x018C, 0x0127, 0x0114, 0x010A, 0x012E, 
0x006C, 0x00B4, 0x0164, 0x00E3, 0x0036, 0x0008, 0x00FD, 0x0061, 0x0156, 0x01AF, 0x004F, 0x0127, 0x0086, 0x00D9, 0x00C7, 0x0097, 
0x0128, 0x0094, 0x0168, 0x00FF, 0x010A, 0x0118, 0x01AF, 0x0105, 0x0080, 0x011D, 0x0124, 0x00C6, 0x00B7, 0x0056, 0x00EA, 0x0184, 
0x0023, 0x01AF, 0x010C, 0x013E, 0x017B, 0x00C2, 0x0096, 0x0112, 0x016C, 0x011B, 0x00A8, 0x00CE, 0x013E, 0x00EE, 0x010A, 0x0187, 
0x019C, 0x00FA, 0x0059, 0x0043, 0x007D, 0x0063, 0x00EB, 0x019C, 0x00B3, 0x0127, 0x0077, 0x0184, 0x011A, 0x0067, 0x0134, 0x0157, 
0x0166, 0x016E, 0x0067, 0x0089, 0x0080, 0x01AD, 0x0061, 0x004D, 0x00A8, 0x009F, 0x009E, 0x0001, 0x01B0, 0x009E, 0x0045, 0x00C2, 
0x01A9, 0x006C, 0x002B, 0x0168, 0x008D, 0x0063, 0x005A, 0x0167, 0x0167, 0x004B, 0x0059, 0x015B, 0x00D9, 0x0125, 0x008C, 0x00D8, 
0x0056, 0x0158, 0x0166, 0x004A, 0x004A, 0x0157, 0x014E, 0x0124, 0x0049, 0x0186, 0x0145, 0x0008, 0x00EF, 0x016C, 0x0113, 0x0001, 
0x01B0, 0x0113, 0x0112, 0x0109, 0x0164, 0x0150, 0x0004, 0x0131, 0x0128, 0x014A, 0x0043, 0x004B, 0x005A, 0x007D, 0x014A, 0x0097, 
0x002D, 0x013A, 0x008A, 0x00FE, 0x0015, 0x00C6, 0x014E, 0x0134, 0x016E, 0x0158, 0x00B7, 0x0015, 0x002A, 0x00A7, 0x00C3, 0x0073, 
0x00E3, 0x0109, 0x0096, 0x0045, 0x009F, 0x011B, 0x00EF, 0x0036, 0x0073, 0x00A5, 0x0002, 0x018E, 0x002D, 0x00C7, 0x015B, 0x00FA, 
0x00EB, 0x008D, 0x0094, 0x0131, 0x00AC, 0x0002, 0x0099, 0x00A7, 0x00B2, 0x0049, 0x011D, 0x0089, 0x011A, 0x00EA, 0x00D8, 0x012B, 
0x008A, 0x0162, 0x0002, 0x005B, 0x0150, 0x00B4, 0x01A9, 0x017B, 0x00CE, 0x004D, 0x00FD, 0x0145, 0x0083, 0x00A7, 0x009D, 0x008A, 
0x0025, 0x0125, 0x0086, 0x00B3, 0x0187, 0x00FF, 0x002B, 0x0020, 0x0150, 0x0046, 0x0073, 0x015D, 0x0145, 0x0191, 0x01AD, 0x0105, 
0x0023, 0x0077, 0x018C, 0x0125, 0x0100, 0x002D, 0x007F, 0x0131, 0x011F, 0x002B, 0x012E, 0x00EE, 0x010C, 0x0156, 0x01AD, 0x0092, 
0x0049, 0x00FB, 0x0015, 0x00AB, 0x00D8, 0x00B1, 0x0077, 0x004F, 0x0118, 0x00EE, 0x0054, 0x01A9, 0x0171, 0x0109, 0x00CB, 0x00EF, 
0x0040, 0x004D, 0x016B, 0x010C, 0x0118, 0x0114, 0x00B3, 0x0106, 0x015B, 0x009A, 0x014A, 0x01A1, 0x008D, 0x00B6, 0x0187, 0x0114, 
0x004F, 0x0023, 0x0132, 0x0089, 0x0010, 0x014E, 0x001B, 0x0158, 0x0117, 0x011A, 0x0132, 0x0105, 0x0156, 0x016B, 0x00CE, 0x00E6, 
0x0045, 0x0085, 0x0113, 0x012C, 0x009F, 0x00E6, 0x017B, 0x0054, 0x012E, 0x00FF, 0x00B6, 0x00EB, 0x0196, 0x004B, 0x013C, 0x005A, 
0x0196, 0x00FA, 0x0106, 0x0086, 0x018C, 0x00B1, 0x00EA, 0x0117, 0x016E, 0x0075, 0x004A, 0x0075, 0x0134, 0x0010, 0x011D, 0x0092, 
0x0191, 0x00FD, 0x0040, 0x011B, 0x0001, 0x010A, 0x0011, 0x00B1, 0x0022, 0x00C0, 0x0115, 0x013E, 0x0121, 0x0180, 0x000C, 0x019B, 
0x00D3, 0x0048, 0x0091, 0x0099, 0x0016, 0x00E9, 0x0034, 0x0185, 0x017B, 0x00A1, 0x005F, 0x00D2, 0x0122, 0x010D, 0x0096, 0x0064, 
0x018F, 0x0021, 0x01AB, 0x01AD, 0x00CC, 0x00DF, 0x0145, 0x003B, 0x0113, 0x0199, 0x007B, 0x01A4, 0x0110, 0x0166, 0x0023, 0x0188, 
0x012C, 0x009C, 0x011E, 0x0003, 0x0058, 0x0042, 0x0176, 0x006D, 0x0136, 0x0040, 0x0198, 0x00BB, 0x0012, 0x0031, 0x004E, 0x0076, 
0x0084, 0x0088, 0x017D, 0x00EB, 0x00F6, 0x008B, 0x00E6, 0x01AE, 0x013C, 0x011B, 0x015F, 0x006A, 0x008C, 0x0196, 0x00A7, 0x006F, 
0x0125, 0x00F3, 0x00FE, 0x0006, 0x0181, 0x0029, 0x0060, 0x0191, 0x013B, 0x00D9, 0x0120, 0x0160, 0x0131, 0x0080, 0x01A9, 0x0169, 
0x014B, 0x012D, 0x0024, 0x016D, 0x018E, 0x001A, 0x0004, 0x00EC, 0x0069, 0x0147, 0x018C, 0x01A0, 0x0149, 0x00BE, 0x0148, 0x0089, 
0x00A4, 0x0116, 0x0159, 0x017C, 0x00C4, 0x0019, 0x00C7, 0x002C, 0x0167, 0x018D, 0x0020, 0x00D4, 0x0090, 0x0027, 0x0126, 0x00ED, 
0x014E, 0x0018, 0x016B, 0x009E, 0x00A2, 0x0035, 0x00CB, 0x00A9, 0x0073, 0x007F, 0x0151, 0x0044, 0x01A1, 0x0036, 0x0009, 0x0171, 
0x0063, 0x010F, 0x016F, 0x0033, 0x008F, 0x0002, 0x00C5, 0x00B3, 0x00D0, 0x0100, 0x0162, 0x0052, 0x0128, 0x01AF, 0x00E5, 0x0079, 
0x004B, 0x0010, 0x004A, 0x0129, 0x014F, 0x00DE, 0x000B, 0x0051, 0x0008, 0x01A6, 0x0118, 0x0094, 0x0163, 0x00DD, 0x0132, 0x0085, 
0x00F2, 0x0190, 0x00E1, 0x0068, 0x001B, 0x009F, 0x01B0, 0x0112, 0x0142, 0x0025, 0x004F, 0x014D, 0x0101, 0x0093, 0x0108, 0x018A, 
0x019F, 0x0032, 0x00C8, 0x0062, 0x0066, 0x00D8, 0x011D, 0x01A5, 0x017F, 0x00C6, 0x00EA, 0x01A8, 0x000D, 0x00DA, 0x006C, 0x017E, 
0x009B, 0x0075, 0x00B0, 0x00F1, 0x00BF, 0x0030, 0x0197, 0x0138, 0x0152, 0x00D7, 0x0144, 0x0046, 0x0046, 0x0144, 0x00D7, 0x0152, 
0x0138, 0x0197, 0x0030, 0x00BF, 0x00F1, 0x00B0, 0x0075, 0x009B, 0x017E, 0x006C, 0x00DA, 0x000D, 0x01A8, 0x00EA, 0x00C6, 0x017F, 
0x01A5, 0x011D, 0x00D8, 0x0066, 0x0062, 0x00C8, 0x0032, 0x019F, 0x018A, 0x0108, 0x0093, 0x0101, 0x014D, 0x004F, 0x0025, 0x0142, 
0x0112, 0x01B0, 0x009F, 0x001B, 0x0068, 0x00E1, 0x0190, 0x00F2, 0x0085, 0x0132, 0x00DD, 0x0163, 0x0094, 0x0118, 0x01A6, 0x0008, 
0x0051, 0x000B, 0x00DE, 0x014F, 0x0129, 0x004A, 0x0010, 0x004B, 0x0079, 0x00E5, 0x01AF, 0x0128, 0x0052, 0x0162, 0x0100, 0x00D0, 
0x00B3, 0x00C5, 0x0002, 0x008F, 0x0033, 0x016F, 0x010F, 0x0063, 0x0171, 0x0009, 0x0036, 0x01A1, 0x0044, 0x0151, 0x007F, 0x0073, 
0x00A9, 0x00CB, 0x0035, 0x00A2, 0x009E, 0x016B, 0x0018, 0x014E, 0x00ED, 0x0126, 0x0027, 0x0090, 0x00D4, 0x0020, 0x018D, 0x0167, 
0x002C, 0x00C7, 0x0019, 0x00C4, 0x017C, 0x0159, 0x0116, 0x00A4, 0x0089, 0x0148, 0x00BE, 0x0149, 0x01A0, 0x018C, 0x0147, 0x0069, 
0x00EC, 0x0004, 0x001A, 0x018E, 0x016D, 0x0024, 0x012D, 0x014B, 0x0169, 0x01A9, 0x0080, 0x0131, 0x0160, 0x0120, 0x00D9, 0x013B, 
0x0191, 0x0060, 0x0029, 0x0181, 0x0006, 0x00FE, 0x00F3, 0x0125, 0x006F, 0x00A7, 0x0196, 0x008C, 0x006A, 0x015F, 0x011B, 0x013C, 
0x01AE, 0x00E6, 0x008B, 0x00F6, 0x00EB, 0x017D, 0x0088, 0x0084, 0x0076, 0x004E, 0x0031, 0x0012, 0x00BB, 0x0198, 0x0040, 0x0136, 
0x006D, 0x0176, 0x0042, 0x0058, 0x0003, 0x011E, 0x009C, 0x012C, 0x0188, 0x0023, 0x0166, 0x0110, 0x01A4, 0x007B, 0x0199, 0x0113, 
0x003B, 0x0145, 0x00DF, 0x00CC, 0x01AD, 0x01AB, 0x0021, 0x018F, 0x0064, 0x0096, 0x010D, 0x0122, 0x00D2, 0x005F, 0x00A1, 0x017B, 
0x0185, 0x0034, 0x00E9, 0x0016, 0x0099, 0x0091, 0x0048, 0x00D3, 0x019B, 0x000C, 0x0180, 0x0121, 0x013E, 0x0115, 0x00C0, 0x0022, 
0x00B1, 0x0011, 0x0001, 0x0063, 0x0033, 0x0113, 0x00AA, 0x011E, 0x00CF, 0x017B, 0x0003, 0x0178, 0x0084, 0x00A9, 0x0091, 0x008E, 
0x000A, 0x011B, 0x0176, 0x0129, 0x007A, 0x01A3, 0x00A5, 0x004E, 0x0014, 0x0115, 0x0142, 0x0042, 0x0099, 0x00CA, 0x0139, 0x007C, 
0x00F7, 0x0131, 0x00ED, 0x00DD, 0x0075, 0x0188, 0x00D8, 0x0183, 0x0022, 0x015A, 0x0147, 0x013A, 0x00CE, 0x0169, 0x004D, 0x00F8, 
0x0013, 0x0090, 0x019F, 0x010D, 0x0016, 0x0027, 0x0199, 0x01A9, 0x0165, 0x0050, 0x00A0, 0x00F4, 0x0110, 0x0098, 0x0102, 0x00CD, 
0x00BC, 0x013E, 0x0192, 0x0051, 0x00FF, 0x00E5, 0x009A, 0x0145, 0x00F0, 0x010F, 0x0105, 0x00A7, 0x0191, 0x00D1, 0x002D, 0x014F, 
0x0094, 0x002F, 0x0009, 0x014B, 0x00AE, 0x0157, 0x016A, 0x002B, 0x0177, 0x00E9, 0x012B, 0x0106, 0x008A, 0x0130, 0x0028, 0x0095, 
0x0185, 0x0190, 0x0045, 0x017F, 0x018C, 0x00DA, 0x00D5, 0x000D, 0x0056, 0x018D, 0x0152, 0x00DE, 0x0017, 0x004A, 0x007B, 0x010E, 
0x00BF, 0x007E, 0x0041, 0x00FC, 0x0171, 0x0155, 0x0002, 0x0052, 0x0158, 0x0146, 0x0068, 0x01AC, 0x00DF, 0x0179, 0x00B6, 0x01AA, 
0x00CB, 0x0132, 0x0072, 0x018B, 0x00B4, 0x00E1, 0x008C, 0x0083, 0x001E, 0x009B, 0x0196, 0x005B, 0x0181, 0x0085, 0x0067, 0x017A, 
0x0058, 0x01A0, 0x0180, 0x0124, 0x017D, 0x004F, 0x00F9, 0x0128, 0x00C3, 0x0154, 0x0100, 0x007D, 0x01A6, 0x0101, 0x0054, 0x016B, 
0x004B, 0x0143, 0x00F3, 0x0019, 0x003D, 0x0126, 0x0015, 0x0153, 0x01AD, 0x00B7, 0x00F1, 0x014C, 0x016E, 0x0168, 0x012A, 0x0140, 
0x0195, 0x0076, 0x0010, 0x009D, 0x00FE, 0x0187, 0x0104, 0x00EF, 0x00A8, 0x00DB, 0x015C, 0x003F, 0x0006, 0x001D, 0x003E, 0x0197, 
0x0060, 0x00C5, 0x00C9, 0x0150, 0x0097, 0x00F6, 0x006D, 0x00EA, 0x00EB, 0x016D, 0x000F, 0x012F, 0x0112, 0x01A5, 0x00A6, 0x011F, 
0x003C, 0x014D, 0x0053, 0x0079, 0x008F, 0x0148, 0x0074, 0x0070, 0x017C, 0x018E, 0x0023, 0x0035, 0x0141, 0x013D, 0x0069, 0x0122, 
0x0138, 0x015E, 0x0064, 0x0175, 0x0092, 0x010B, 0x000C, 0x009F, 0x0082, 0x01A2, 0x0044, 0x00C6, 0x00C7, 0x0144, 0x00BB, 0x011A, 
0x0061, 0x00E8, 0x00EC, 0x0151, 0x001A, 0x0173, 0x0194, 0x01AB, 0x0172, 0x0055, 0x00D6, 0x0109, 0x00C2, 0x00AD, 0x002A, 0x00B3, 
0x0114, 0x01A1, 0x013B, 0x001C, 0x0071, 0x0087, 0x0049, 0x0043, 0x0065, 0x00C0, 0x00FA, 0x0004, 0x005E, 0x019C, 0x008B, 0x0174, 
0x0198, 0x00BE, 0x006E, 0x0166, 0x0046, 0x015D, 0x00B0, 0x000B, 0x0134, 0x00B1, 0x005D, 0x00EE, 0x0089, 0x00B8, 0x0162, 0x0034, 
0x008D, 0x0031, 0x0011, 0x0159, 0x0037, 0x014A, 0x012C, 0x0030, 0x0156, 0x001B, 0x0116, 0x0193, 0x012E, 0x0125, 0x00D0, 0x00FD, 
0x0026, 0x013F, 0x007F, 0x00E6, 0x0007, 0x00FB, 0x0038, 0x00D2, 0x0005, 0x0149, 0x006B, 0x0059, 0x015F, 0x01AF, 0x005C, 0x0040, 
0x00B5, 0x0170, 0x0133, 0x00F2, 0x00A3, 0x0136, 0x0167, 0x019A, 0x00D3, 0x005F, 0x0024, 0x015B, 0x01A4, 0x00DC, 0x00D7, 0x0025, 
0x0032, 0x016C, 0x0021, 0x002C, 0x011C, 0x0189, 0x0081, 0x0127, 0x00AB, 0x0086, 0x00C8, 0x003A, 0x0186, 0x0047, 0x005A, 0x0103, 
0x0066, 0x01A8, 0x0182, 0x011D, 0x0062, 0x0184, 0x00E0, 0x0020, 0x010A, 0x00AC, 0x00A2, 0x00C1, 0x006C, 0x0117, 0x00CC, 0x00B2, 
0x0160, 0x001F, 0x0073, 0x00F5, 0x00E4, 0x00AF, 0x0119, 0x00A1, 0x00BD, 0x0111, 0x0161, 0x004C, 0x0008, 0x0018, 0x018A, 0x019B, 
0x00A4, 0x0012, 0x0121, 0x019E, 0x00B9, 0x0164, 0x0048, 0x00E3, 0x0077, 0x006A, 0x0057, 0x018F, 0x002E, 0x00D9, 0x0029, 0x013C, 
0x00D4, 0x00C4, 0x0080, 0x00BA, 0x0135, 0x0078, 0x00E7, 0x0118, 0x016F, 0x006F, 0x009C, 0x019D, 0x0163, 0x010C, 0x000E, 0x0137, 
0x0088, 0x003B, 0x0096, 0x01A7, 0x0123, 0x0120, 0x0108, 0x012D, 0x0039, 0x01AE, 0x0036, 0x00E2, 0x0093, 0x0107, 0x009E, 0x017E, 
0x0001, 0x00C6, 0x0099, 0x00EA, 0x01A1, 0x01A1, 0x0096, 0x0001, 0x001B, 0x0128, 0x0099, 0x0128, 0x0099, 0x0100, 0x0096, 0x00C6, 
0x0128, 0x0096, 0x0099, 0x0099, 0x0001, 0x01A1, 0x001B, 0x0099, 0x0100, 0x01A1, 0x00EA, 0x001B, 0x01A1, 0x0100, 0x0128, 0x00EA, 
0x001B, 0x0099, 0x00C6, 0x0100, 0x00C6, 0x01A1, 0x001B, 0x01A1, 0x01A1, 0x00C6, 0x00C6, 0x0128, 0x0001, 0x0096, 0x001B, 0x01A1, 
0x01A1, 0x001B, 0x0100, 0x0128, 0x001B, 0x0001, 0x0096, 0x0096, 0x001B, 0x0128, 0x001B, 0x001B, 0x0096, 0x0099, 0x0099, 0x0001, 
0x0096, 0x0096, 0x00C6, 0x01A1, 0x00EA, 0x00EA, 0x0099, 0x001B, 0x0001, 0x00EA, 0x00C6, 0x0128, 0x0001, 0x0096, 0x0001, 0x0128, 
0x0128, 0x0128, 0x0099, 0x00EA, 0x001B, 0x00EA, 0x0096, 0x0099, 0x00C6, 0x00C6, 0x0001, 0x0100, 0x0100, 0x0096, 0x0096, 0x0128, 
0x00C6, 0x0128, 0x00EA, 0x0096, 0x0128, 0x001B, 0x00C6, 0x0099, 0x01A1, 0x0096, 0x0128, 0x00C6, 0x01A1, 0x0100, 0x01A1, 0x0100, 
0x01A1, 0x0096, 0x0001, 0x0099, 0x00EA, 0x0096, 0x00EA, 0x0096, 0x001B, 0x0100, 0x0096, 0x01A1, 0x00EA, 0x01A1, 0x00EA, 0x00C6, 
0x01A1, 0x0100, 0x00C6, 0x0100, 0x0001, 0x00EA, 0x0099, 0x0128, 0x00C6, 0x0001, 0x0100, 0x0001, 0x00EA, 0x01A1, 0x001B, 0x0096, 
0x0100, 0x00C6, 0x0096, 0x0001, 0x0128, 0x00EA, 0x0001, 0x0099, 0x00C6, 0x00C6, 0x001B, 0x0100, 0x00C6, 0x00C6, 0x00EA, 0x0099, 
0x0099, 0x0099, 0x01A1, 0x0099, 0x0001, 0x01A1, 0x00C6, 0x0001, 0x001B, 0x0096, 0x00EA, 0x0001, 0x001B, 0x0100, 0x0128, 0x01A1, 
0x00EA, 0x00EA, 0x0001, 0x00EA, 0x0128, 0x00C6, 0x0001, 0x001B, 0x0128, 0x001B, 0x0100, 0x0100, 0x001B, 0x0100, 0x0096, 0x0099, 
0x0100, 0x00EA, 0x0001, 0x0099, 0x0100, 0x0001, 0x0001, 0x0100, 0x01A1, 0x0099, 0x00C6, 0x0096, 0x0100, 0x00EA, 0x0128, 0x01A1, 
0x001B, 0x0128, 0x0128, 0x0100, 0x001B, 0x0099, 0x0128, 0x00EA, 0x00EA, 0x0128, 0x0099, 0x001B, 0x0100, 0x0128, 0x0128, 0x001B, 
0x01A1, 0x0128, 0x00EA, 0x0100, 0x0096, 0x00C6, 0x0099, 0x01A1, 0x0100, 0x0001, 0x0001, 0x0100, 0x0099, 0x0001, 0x00EA, 0x0100, 
0x0099, 0x0096, 0x0100, 0x001B, 0x0100, 0x0100, 0x001B, 0x0128, 0x001B, 0x0001, 0x00C6, 0x0128, 0x00EA, 0x0001, 0x00EA, 0x00EA, 
0x01A1, 0x0128, 0x0100, 0x001B, 0x0001, 0x00EA, 0x0096, 0x001B, 0x0001, 0x00C6, 0x01A1, 0x0001, 0x0099, 0x01A1, 0x0099, 0x0099, 
0x0099, 0x00EA, 0x00C6, 0x00C6, 0x0100, 0x001B, 0x00C6, 0x00C6, 0x0099, 0x0001, 0x00EA, 0x0128, 0x0001, 0x0096, 0x00C6, 0x0100, 
0x0096, 0x001B, 0x01A1, 0x00EA, 0x0001, 0x0100, 0x0001, 0x00C6, 0x0128, 0x0099, 0x00EA, 0x0001, 0x0100, 0x00C6, 0x0100, 0x01A1, 
0x00C6, 0x00EA, 0x01A1, 0x00EA, 0x01A1, 0x0096, 0x0100, 0x001B, 0x0096, 0x00EA, 0x0096, 0x00EA, 0x0099, 0x0001, 0x0096, 0x01A1, 
0x0100, 0x01A1, 0x0100, 0x01A1, 0x00C6, 0x0128, 0x0096, 0x01A1, 0x0099, 0x00C6, 0x001B, 0x0128, 0x0096, 0x00EA, 0x0128, 0x00C6, 
0x0128, 0x0096, 0x0096, 0x0100, 0x0100, 0x0001, 0x00C6, 0x00C6, 0x0099, 0x0096, 0x00EA, 0x001B, 0x00EA, 0x0099, 0x0128, 0x0128, 
0x0128, 0x0001, 0x0096, 0x0001, 0x0128, 0x00C6, 0x00EA, 0x0001, 0x001B, 0x0099, 0x00EA, 0x00EA, 0x01A1, 0x00C6, 0x0096, 0x0096, 
0x0001, 0x0099, 0x0099, 0x0096, 0x001B, 0x001B, 0x0128, 0x001B, 0x0096, 0x0096, 0x0001, 0x001B, 0x0128, 0x0100, 0x001B, 0x01A1, 
0x01A1, 0x001B, 0x0096, 0x0001, 0x0128, 0x00C6, 0x00C6, 0x01A1, 0x01A1, 0x001B, 0x01A1, 0x00C6, 0x0100, 0x00C6, 0x0099, 0x001B, 
0x00EA, 0x0128, 0x0100, 0x01A1, 0x001B, 0x00EA, 0x01A1, 0x0100, 0x0099, 0x001B, 0x01A1, 0x0001, 0x0099, 0x0099, 0x0096, 0x0128, 
0x00C6, 0x0096, 0x0100, 0x0099, 0x0128, 0x0099, 0x0128, 0x001B, 0x0001, 0x0096, 0x01A1, 0x01A1, 0x00EA, 0x0099, 0x0001, 0x018C, 
0x001A, 0x0046, 0x0161, 0x0151, 0x00B8, 0x0008, 0x00F3, 0x016A, 0x0180, 0x0058, 0x0101, 0x0078, 0x0055, 0x0089, 0x010D, 0x0066, 
0x0135, 0x001D, 0x0015, 0x0051, 0x00BC, 0x00D0, 0x0152, 0x0011, 0x0100, 0x0143, 0x0192, 0x013F, 0x0053, 0x007F, 0x0019, 0x0006, 
0x0002, 0x007B, 0x018E, 0x0102, 0x00BB, 0x00E2, 0x00D2, 0x0059, 0x011F, 0x0022, 0x002D, 0x0195, 0x0193, 0x0062, 0x0052, 0x0033, 
0x0042, 0x00ED, 0x0084, 0x0036, 0x0017, 0x00AD, 0x00F0, 0x0119, 0x0126, 0x0141, 0x0039, 0x0189, 0x0071, 0x0040, 0x00E0, 0x0176, 
0x0114, 0x00D3, 0x007D, 0x0167, 0x0026, 0x00D4, 0x0049, 0x01AD, 0x0080, 0x019D, 0x004D, 0x0009, 0x004F, 0x012A, 0x00A1, 0x0018, 
0x008E, 0x00AB, 0x0082, 0x00CE, 0x003C, 0x0029, 0x012E, 0x0043, 0x005B, 0x00AA, 0x01AA, 0x00F4, 0x018A, 0x010F, 0x009A, 0x01AE, 
0x00D9, 0x0116, 0x0013, 0x009C, 0x002B, 0x0144, 0x0034, 0x0138, 0x003F, 0x00A7, 0x01A5, 0x000F, 0x0185, 0x005E, 0x0165, 0x00D5, 
0x0073, 0x01AC, 0x0063, 0x017C, 0x0086, 0x00F7, 0x00EC, 0x0038, 0x0108, 0x00B5, 0x00EF, 0x0095, 0x0112, 0x00E6, 0x0065, 0x0174, 
0x0187, 0x0012, 0x0085, 0x00B4, 0x0130, 0x01A4, 0x0118, 0x008A, 0x004E, 0x008C, 0x0056, 0x0146, 0x018D, 0x017F, 0x013B, 0x014A, 
0x0190, 0x0094, 0x0173, 0x001B, 0x0097, 0x0133, 0x01A1, 0x00B6, 0x0120, 0x0064, 0x0157, 0x006C, 0x0191, 0x00E8, 0x0181, 0x0069, 
0x01A7, 0x019B, 0x00A5, 0x0177, 0x009E, 0x00A8, 0x00E9, 0x0182, 0x00B2, 0x00AC, 0x0155, 0x017A, 0x0111, 0x00D7, 0x011B, 0x0054, 
0x00B3, 0x0077, 0x013D, 0x0061, 0x00B7, 0x00CD, 0x00CA, 0x0103, 0x00F2, 0x0041, 0x0154, 0x0090, 0x0048, 0x016D, 0x002E, 0x016C, 
0x00C3, 0x006F, 0x00CC, 0x00C6, 0x00C7, 0x006A, 0x00F8, 0x00A3, 0x0166, 0x0122, 0x0057, 0x008D, 0x00DB, 0x0088, 0x000E, 0x00F1, 
0x0068, 0x0093, 0x007A, 0x010B, 0x01A6, 0x013C, 0x0075, 0x000B, 0x00A6, 0x0137, 0x011E, 0x0149, 0x00C0, 0x01A3, 0x0129, 0x00D6, 
0x0124, 0x015A, 0x008F, 0x004B, 0x010E, 0x00B9, 0x0147, 0x00EA, 0x00EB, 0x00E5, 0x0142, 0x00EE, 0x0045, 0x0183, 0x0044, 0x0169, 
0x0121, 0x005D, 0x0170, 0x00BF, 0x00AE, 0x00E7, 0x00E4, 0x00FA, 0x0150, 0x0074, 0x013A, 0x00FE, 0x015D, 0x0096, 0x00DA, 0x00A0, 
0x0037, 0x005C, 0x0105, 0x00FF, 0x002F, 0x00C8, 0x0109, 0x0113, 0x003A, 0x010C, 0x0016, 0x000A, 0x0148, 0x0030, 0x00C9, 0x0020, 
0x0145, 0x005A, 0x014D, 0x0091, 0x00FB, 0x0010, 0x007E, 0x011A, 0x0196, 0x003E, 0x011D, 0x0021, 0x0067, 0x0076, 0x0032, 0x0024, 
0x006B, 0x015B, 0x0125, 0x0163, 0x0127, 0x0099, 0x000D, 0x0081, 0x00FD, 0x012C, 0x019F, 0x002A, 0x003D, 0x014C, 0x00CB, 0x009F, 
0x011C, 0x00C2, 0x00FC, 0x00A9, 0x0179, 0x00C5, 0x00BA, 0x012B, 0x0035, 0x014E, 0x0005, 0x013E, 0x00DC, 0x004C, 0x0153, 0x002C, 
0x01A2, 0x000C, 0x010A, 0x0172, 0x0079, 0x017D, 0x006D, 0x0186, 0x0115, 0x019E, 0x009B, 0x00D8, 0x0003, 0x0117, 0x00A2, 0x0027, 
0x00BD, 0x0007, 0x0107, 0x0156, 0x016E, 0x0083, 0x0188, 0x0175, 0x00E3, 0x012F, 0x0106, 0x0123, 0x0199, 0x0110, 0x0087, 0x0162, 
0x01A8, 0x0164, 0x0014, 0x0131, 0x0004, 0x0168, 0x00DD, 0x018B, 0x004A, 0x0134, 0x00DE, 0x009D, 0x003B, 0x00D1, 0x0171, 0x0140, 
0x0028, 0x0178, 0x0070, 0x008B, 0x0098, 0x00C1, 0x0104, 0x019A, 0x017B, 0x012D, 0x00C4, 0x016F, 0x017E, 0x015F, 0x014F, 0x001E, 
0x001C, 0x0184, 0x018F, 0x0092, 0x0158, 0x00DF, 0x00CF, 0x00F6, 0x00AF, 0x0023, 0x0136, 0x01AF, 0x01AB, 0x0198, 0x0132, 0x015E, 
0x0072, 0x001F, 0x006E, 0x00B1, 0x01A0, 0x005F, 0x00E1, 0x00F5, 0x0160, 0x019C, 0x0194, 0x007C, 0x014B, 0x00A4, 0x0128, 0x015C, 
0x0139, 0x00B0, 0x0159, 0x0031, 0x0047, 0x00BE, 0x01A9, 0x00F9, 0x0060, 0x0050, 0x016B, 0x0197, 0x0001, 0x0167, 0x004E, 0x0118, 
0x0021, 0x0122, 0x01A6, 0x0040, 0x0016, 0x009C, 0x0147, 0x00BE, 0x0136, 0x017D, 0x0199, 0x001B, 0x00F3, 0x0068, 0x00F2, 0x0093, 
0x0008, 0x0032, 0x01AB, 0x00E5, 0x00DF, 0x0009, 0x01A1, 0x0180, 0x0190, 0x002C, 0x0198, 0x00A7, 0x0188, 0x00CC, 0x0046, 0x0062, 
0x0004, 0x0116, 0x016D, 0x017C, 0x017F, 0x0112, 0x00D9, 0x00C5, 0x0125, 0x000B, 0x0142, 0x0176, 0x0079, 0x0181, 0x014F, 0x00C8, 
0x0044, 0x013E, 0x018F, 0x00A2, 0x0101, 0x0115, 0x001A, 0x00D0, 0x000D, 0x0076, 0x00BF, 0x00C7, 0x010F, 0x0003, 0x0132, 0x003B, 
0x018E, 0x0010, 0x0064, 0x006D, 0x0085, 0x0089, 0x004A, 0x00D4, 0x012C, 0x010D, 0x00B3, 0x0019, 0x0033, 0x00EC, 0x005F, 0x004B, 
0x00E1, 0x018C, 0x0018, 0x0090, 0x0020, 0x0191, 0x0036, 0x0034, 0x00D7, 0x01A4, 0x00C0, 0x0024, 0x00D8, 0x008B, 0x010A, 0x0058, 
0x00BB, 0x0144, 0x0063, 0x0163, 0x0108, 0x00A4, 0x00F6, 0x011B, 0x01A8, 0x015F, 0x0138, 0x0088, 0x0048, 0x0022, 0x00EB, 0x011E, 
0x0145, 0x00F1, 0x0166, 0x00C4, 0x019B, 0x0151, 0x01AE, 0x0169, 0x01AF, 0x009B, 0x009E, 0x01AD, 0x0027, 0x0129, 0x007F, 0x00D3, 
0x0171, 0x0131, 0x0152, 0x018D, 0x0100, 0x01A9, 0x0011, 0x0073, 0x0002, 0x018A, 0x0030, 0x00A1, 0x00D2, 0x0075, 0x0159, 0x00FE, 
0x0120, 0x0099, 0x011D, 0x014D, 0x0096, 0x013C, 0x0029, 0x000C, 0x009F, 0x00B1, 0x006C, 0x013B, 0x0042, 0x007B, 0x0066, 0x0121, 
0x017B, 0x014B, 0x0196, 0x004F, 0x0197, 0x00ED, 0x0080, 0x008C, 0x0069, 0x0185, 0x0091, 0x00A9, 0x0128, 0x00E6, 0x01B0, 0x00CB, 
0x00DD, 0x014E, 0x0094, 0x0031, 0x0084, 0x006F, 0x00DE, 0x0060, 0x00B0, 0x0051, 0x0149, 0x016F, 0x00DA, 0x0025, 0x0162, 0x006A, 
0x0160, 0x00EA, 0x00C6, 0x01A0, 0x0035, 0x0012, 0x016B, 0x0110, 0x0052, 0x0023, 0x012D, 0x008F, 0x0148, 0x017E, 0x0126, 0x01A5, 
0x0006, 0x019F, 0x00E9, 0x0113, 0x0113, 0x00E9, 0x019F, 0x0006, 0x01A5, 0x0126, 0x017E, 0x0148, 0x008F, 0x012D, 0x0023, 0x0052, 
0x0110, 0x016B, 0x0012, 0x0035, 0x01A0, 0x00C6, 0x00EA, 0x0160, 0x006A, 0x0162, 0x0025, 0x00DA, 0x016F, 0x0149, 0x0051, 0x00B0, 
0x0060, 0x00DE, 0x006F, 0x0084, 0x0031, 0x0094, 0x014E, 0x00DD, 0x00CB, 0x01B0, 0x00E6, 0x0128, 0x00A9, 0x0091, 0x0185, 0x0069, 
0x008C, 0x0080, 0x00ED, 0x0197, 0x004F, 0x0196, 0x014B, 0x017B, 0x0121, 0x0066, 0x007B, 0x0042, 0x013B, 0x006C, 0x00B1, 0x009F, 
0x000C, 0x0029, 0x013C, 0x0096, 0x014D, 0x011D, 0x0099, 0x0120, 0x00FE, 0x0159, 0x0075, 0x00D2, 0x00A1, 0x0030, 0x018A, 0x0002, 
0x0073, 0x0011, 0x01A9, 0x0100, 0x018D, 0x0152, 0x0131, 0x0171, 0x00D3, 0x007F, 0x0129, 0x0027, 0x01AD, 0x009E, 0x009B, 0x01AF, 
0x0169, 0x01AE, 0x0151, 0x019B, 0x00C4, 0x0166, 0x00F1, 0x0145, 0x011E, 0x00EB, 0x0022, 0x0048, 0x0088, 0x0138, 0x015F, 0x01A8, 
0x011B, 0x00F6, 0x00A4, 0x0108, 0x0163, 0x0063, 0x0144, 0x00BB, 0x0058, 0x010A, 0x008B, 0x00D8, 0x0024, 0x00C0, 0x01A4, 0x00D7, 
0x0034, 0x0036, 0x0191, 0x0020, 0x0090, 0x0018, 0x018C, 0x00E1, 0x004B, 0x005F, 0x00EC, 0x0033, 0x0019, 0x00B3, 0x010D, 0x012C, 
0x00D4, 0x004A, 0x0089, 0x0085, 0x006D, 0x0064, 0x0010, 0x018E, 0x003B, 0x0132, 0x0003, 0x010F, 0x00C7, 0x00BF, 0x0076, 0x000D, 
0x00D0, 0x001A, 0x0115, 0x0101, 0x00A2, 0x018F, 0x013E, 0x0044, 0x00C8, 0x014F, 0x0181, 0x0079, 0x0176, 0x0142, 0x000B, 0x0125, 
0x00C5, 0x00D9, 0x0112, 0x017F, 0x017C, 0x016D, 0x0116, 0x0004, 0x0062, 0x0046, 0x00CC, 0x0188, 0x00A7, 0x0198, 0x002C, 0x0190, 
0x0180, 0x01A1, 0x0009, 0x00DF, 0x00E5, 0x01AB, 0x0032, 0x0008, 0x0093, 0x00F2, 0x0068, 0x00F3, 0x001B, 0x0199, 0x017D, 0x0136, 
0x00BE, 0x0147, 0x009C, 0x0016, 0x0040, 0x01A6, 0x0122, 0x0021, 0x0118, 0x004E, 0x0001, 0x011D, 0x00EA, 0x00FE, 0x00A5, 0x0008, 
0x0164, 0x004F, 0x00C6, 0x0105, 0x0085, 0x0073, 0x0085, 0x008A, 0x0049, 0x01B0, 0x00EA, 0x008C, 0x010C, 0x0156, 0x00A8, 0x00EA, 
0x0127, 0x012C, 0x017B, 0x00EA, 0x0001, 0x0168, 0x0156, 0x0015, 0x005B, 0x0094, 0x017B, 0x0008, 0x011D, 0x0040, 0x0094, 0x00AC, 
0x017B, 0x002D, 0x0073, 0x00FA, 0x00EE, 0x0008, 0x00C3, 0x0049, 0x019C, 0x00C7, 0x012C, 0x00C6, 0x00C6, 0x0008, 0x008C, 0x011D, 
0x0127, 0x019C, 0x0168, 0x002D, 0x00EB, 0x0164, 0x0168, 0x0184, 0x0156, 0x00B3, 0x0127, 0x00C6, 0x0097, 0x0073, 0x00B7, 0x00FE, 
0x00AC, 0x0036, 0x00B7, 0x00B3, 0x0162, 0x005B, 0x0097, 0x00C6, 0x011D, 0x010C, 0x00EA, 0x012C, 0x005B, 0x00EE, 0x0049, 0x011A, 
0x0164, 0x0073, 0x00FA, 0x0097, 0x0097, 0x0015, 0x004D, 0x004D, 0x0036, 0x01A9, 0x00A8, 0x00C7, 0x0162, 0x008C, 0x010C, 0x008C, 
0x00EE, 0x0073, 0x0008, 0x0040, 0x0156, 0x00FE, 0x013E, 0x0049, 0x01A9, 0x004D, 0x0156, 0x019C, 0x00B3, 0x010C, 0x0162, 0x0125, 
0x00A8, 0x008A, 0x0171, 0x019C, 0x0040, 0x00A5, 0x00B7, 0x002D, 0x0094, 0x0162, 0x010C, 0x0049, 0x00B7, 0x008C, 0x0094, 0x00A8, 
0x00A5, 0x012C, 0x01B0, 0x00C3, 0x00C6, 0x004F, 0x011A, 0x005B, 0x0171, 0x00EB, 0x008C, 0x00C3, 0x0036, 0x0162, 0x002D, 0x0001, 
0x00A8, 0x0184, 0x0001, 0x00A8, 0x0125, 0x008C, 0x011A, 0x00FE, 0x011D, 0x00AC, 0x00EA, 0x0008, 0x00AC, 0x00C7, 0x00B7, 0x0184, 
0x00FE, 0x011A, 0x0171, 0x0015, 0x00EE, 0x0109, 0x019C, 0x008A, 0x0105, 0x012C, 0x01B0, 0x00EE, 0x00FE, 0x00A8, 0x00A5, 0x00A8, 
0x00EE, 0x0164, 0x00AC, 0x0127, 0x017B, 0x0127, 0x0164, 0x00EB, 0x0036, 0x013E, 0x0049, 0x00FA, 0x00B7, 0x01A9, 0x0040, 0x0001, 
0x01B0, 0x0040, 0x0105, 0x00AC, 0x004F, 0x0040, 0x0164, 0x011A, 0x0184, 0x012C, 0x008A, 0x0073, 0x0073, 0x0036, 0x019C, 0x002D, 
0x012C, 0x004F, 0x0162, 0x0085, 0x0184, 0x0015, 0x017B, 0x013E, 0x013E, 0x0127, 0x0085, 0x002D, 0x0097, 0x004D, 0x0171, 0x0162, 
0x0105, 0x00AC, 0x0171, 0x0001, 0x01B0, 0x0171, 0x0008, 0x00FA, 0x00B7, 0x0168, 0x0073, 0x017B, 0x00C6, 0x004D, 0x008A, 0x0036, 
0x008A, 0x0105, 0x004D, 0x00C3, 0x0109, 0x010C, 0x0109, 0x00B3, 0x00C3, 0x0001, 0x0085, 0x00AC, 0x0127, 0x0015, 0x00A8, 0x00C3, 
0x019C, 0x0040, 0x0097, 0x00B3, 0x002D, 0x00FA, 0x00EA, 0x0105, 0x01A9, 0x00C7, 0x0105, 0x0094, 0x00B3, 0x0097, 0x0125, 0x008C, 
0x0109, 0x01B0, 0x002D, 0x0109, 0x01B0, 0x0184, 0x004F, 0x017B, 0x00EE, 0x0125, 0x00C6, 0x0040, 0x0156, 0x0097, 0x0162, 0x00EB, 
0x00EE, 0x0001, 0x0085, 0x010C, 0x0109, 0x011D, 0x0125, 0x00FA, 0x0168, 0x00A5, 0x004F, 0x011D, 0x0184, 0x00FA, 0x010C, 0x0171, 
0x0015, 0x0040, 0x0127, 0x0109, 0x008C, 0x004F, 0x00A5, 0x00FE, 0x0015, 0x005B, 0x0164, 0x0008, 0x0168, 0x0073, 0x00B3, 0x005B, 
0x0171, 0x01A9, 0x013E, 0x00C3, 0x0125, 0x00A5, 0x0125, 0x004F, 0x00EA, 0x0109, 0x0008, 0x017B, 0x0164, 0x0164, 0x019C, 0x011A, 
0x011A, 0x00B7, 0x013E, 0x004D, 0x0097, 0x0168, 0x00C3, 0x0156, 0x0085, 0x00C7, 0x00A5, 0x0094, 0x00EB, 0x011A, 0x0156, 0x004F, 
0x00FE, 0x00FA, 0x017B, 0x0105, 0x00B3, 0x00FA, 0x013E, 0x011A, 0x00EB, 0x008A, 0x00FE, 0x005B, 0x002D, 0x0049, 0x004D, 0x00C6, 
0x0184, 0x0049, 0x0015, 0x008A, 0x0094, 0x0125, 0x01A9, 0x00EB, 0x00EB, 0x0085, 0x00EA, 0x0015, 0x0168, 0x00EE, 0x01A9, 0x00C3, 
0x00B7, 0x013E, 0x0184, 0x0036, 0x0105, 0x011D, 0x0171, 0x0094, 0x01A9, 0x0036, 0x011D, 0x0156, 0x019C, 0x005B, 0x0049, 0x01B0, 
0x00C7, 0x0036, 0x0085, 0x008A, 0x00C7, 0x0109, 0x005B, 0x00A5, 0x0125, 0x00C7, 0x0001, 0x0168, 0x0127, 0x012C, 0x013E, 0x012C, 
0x00AC, 0x00EB, 0x0162, 0x004D, 0x01A9, 0x010C, 0x00B3, 0x00C7, 0x0001, 0x0089, 0x010D, 0x0096, 0x0188, 0x0030, 0x0147, 0x00C7, 
0x0032, 0x000C, 0x00A4, 0x0051, 0x01AE, 0x00C8, 0x00E5, 0x01A1, 0x0051, 0x0163, 0x0149, 0x0159, 0x0040, 0x0181, 0x0122, 0x0110, 
0x017E, 0x0016, 0x001B, 0x0079, 0x0188, 0x00C5, 0x00DF, 0x0196, 0x017F, 0x0110, 0x0010, 0x008B, 0x0118, 0x0029, 0x003B, 0x0044, 
0x0181, 0x006C, 0x0113, 0x0160, 0x0073, 0x0147, 0x0138, 0x001A, 0x019B, 0x0176, 0x008B, 0x01A0, 0x003B, 0x00EB, 0x00CC, 0x007B, 
0x00A9, 0x000C, 0x0009, 0x008F, 0x0136, 0x00F1, 0x0149, 0x00C6, 0x007B, 0x004E, 0x009E, 0x001A, 0x0046, 0x001B, 0x0058, 0x01A8, 
0x0171, 0x0100, 0x0089, 0x01A5, 0x0171, 0x0121, 0x01B0, 0x00DF, 0x014F, 0x0160, 0x00C0, 0x004A, 0x008F, 0x0004, 0x00E5, 0x00A1, 
0x00A7, 0x00A7, 0x013E, 0x00C8, 0x00E9, 0x0136, 0x016F, 0x0062, 0x0113, 0x0011, 0x0196, 0x0090, 0x00DE, 0x01A8, 0x010A, 0x010D, 
0x0197, 0x0121, 0x00DE, 0x0099, 0x0016, 0x00EC, 0x019B, 0x018D, 0x006D, 0x00CC, 0x00EA, 0x0159, 0x011B, 0x016F, 0x004A, 0x006A, 
0x0032, 0x0024, 0x004E, 0x006D, 0x0167, 0x0029, 0x00B1, 0x0118, 0x016D, 0x018D, 0x009E, 0x0126, 0x00C7, 0x01AD, 0x00C0, 0x0062, 
0x0128, 0x0040, 0x00F3, 0x00EB, 0x0167, 0x016D, 0x0176, 0x0042, 0x017E, 0x0145, 0x0090, 0x01B0, 0x00D2, 0x0096, 0x00FE, 0x0058, 
0x0099, 0x0145, 0x017F, 0x00BE, 0x006C, 0x0128, 0x011B, 0x00F1, 0x0003, 0x01AE, 0x0144, 0x00A1, 0x013E, 0x0144, 0x01A1, 0x00B3, 
0x0009, 0x006A, 0x01AD, 0x0073, 0x0108, 0x00C5, 0x00D2, 0x0197, 0x0100, 0x016B, 0x0001, 0x016B, 0x01A5, 0x010A, 0x00FE, 0x0079, 
0x00D3, 0x0138, 0x0126, 0x0024, 0x00A9, 0x0033, 0x0163, 0x0003, 0x00E9, 0x0004, 0x00B3, 0x00A4, 0x0033, 0x00C6, 0x00EA, 0x00F3, 
0x0044, 0x0068, 0x0010, 0x0042, 0x00EC, 0x0046, 0x00D3, 0x0030, 0x0108, 0x014F, 0x0011, 0x00BE, 0x0122, 0x0068, 0x01A0, 0x00B1, 
0x00B1, 0x01A0, 0x0068, 0x0122, 0x00BE, 0x0011, 0x014F, 0x0108, 0x0030, 0x00D3, 0x0046, 0x00EC, 0x0042, 0x0010, 0x0068, 0x0044, 
0x00F3, 0x00EA, 0x00C6, 0x0033, 0x00A4, 0x00B3, 0x0004, 0x00E9, 0x0003, 0x0163, 0x0033, 0x00A9, 0x0024, 0x0126, 0x0138, 0x00D3, 
0x0079, 0x00FE, 0x010A, 0x01A5, 0x016B, 0x0001, 0x016B, 0x0100, 0x0197, 0x00D2, 0x00C5, 0x0108, 0x0073, 0x01AD, 0x006A, 0x0009, 
0x00B3, 0x01A1, 0x0144, 0x013E, 0x00A1, 0x0144, 0x01AE, 0x0003, 0x00F1, 0x011B, 0x0128, 0x006C, 0x00BE, 0x017F, 0x0145, 0x0099, 
0x0058, 0x00FE, 0x0096, 0x00D2, 0x01B0, 0x0090, 0x0145, 0x017E, 0x0042, 0x0176, 0x016D, 0x0167, 0x00EB, 0x00F3, 0x0040, 0x0128, 
0x0062, 0x00C0, 0x01AD, 0x00C7, 0x0126, 0x009E, 0x018D, 0x016D, 0x0118, 0x00B1, 0x0029, 0x0167, 0x006D, 0x004E, 0x0024, 0x0032, 
0x006A, 0x004A, 0x016F, 0x011B, 0x0159, 0x00EA, 0x00CC, 0x006D, 0x018D, 0x019B, 0x00EC, 0x0016, 0x0099, 0x00DE, 0x0121, 0x0197, 
0x010D, 0x010A, 0x01A8, 0x00DE, 0x0090, 0x0196, 0x0011, 0x0113, 0x0062, 0x016F, 0x0136, 0x00E9, 0x00C8, 0x013E, 0x00A7, 0x00A7, 
0x00A1, 0x00E5, 0x0004, 0x008F, 0x004A, 0x00C0, 0x0160, 0x014F, 0x00DF, 0x01B0, 0x0121, 0x0171, 0x01A5, 0x0089, 0x0100, 0x0171, 
0x01A8, 0x0058, 0x001B, 0x0046, 0x001A, 0x009E, 0x004E, 0x007B, 0x00C6, 0x0149, 0x00F1, 0x0136, 0x008F, 0x0009, 0x000C, 0x00A9, 
0x007B, 0x00CC, 0x00EB, 0x003B, 0x01A0, 0x008B, 0x0176, 0x019B, 0x001A, 0x0138, 0x0147, 0x0073, 0x0160, 0x0113, 0x006C, 0x0181, 
0x0044, 0x003B, 0x0029, 0x0118, 0x008B, 0x0010, 0x0110, 0x017F, 0x0196, 0x00DF, 0x00C5, 0x0188, 0x0079, 0x001B, 0x0016, 0x017E, 
0x0110, 0x0122, 0x0181, 0x0040, 0x0159, 0x0149, 0x0163, 0x0051, 0x01A1, 0x00E5, 0x00C8, 0x01AE, 0x0051, 0x00A4, 0x000C, 0x0032, 
0x00C7, 0x0147, 0x0030, 0x0188, 0x0096, 0x010D, 0x0001, 0x0112, 0x0176, 0x00A7, 0x00E4, 0x0120, 0x007C, 0x0125, 0x0011, 0x0078, 
0x0048, 0x006A, 0x018A, 0x00CA, 0x0194, 0x00B1, 0x004E, 0x0148, 0x00BD, 0x0195, 0x002D, 0x00F3, 0x00AF, 0x0021, 0x0018, 0x008B, 
0x0128, 0x0165, 0x006E, 0x0119, 0x01A2, 0x0002, 0x0052, 0x009B, 0x007F, 0x00F1, 0x0191, 0x0103, 0x0088, 0x007A, 0x00C5, 0x00CE, 
0x0086, 0x014D, 0x019C, 0x0140, 0x0177, 0x017E, 0x00DD, 0x0051, 0x00A1, 0x019F, 0x0060, 0x0085, 0x018B, 0x0189, 0x006B, 0x0107, 
0x0062, 0x0161, 0x0123, 0x00DC, 0x0178, 0x0073, 0x00C9, 0x0181, 0x00C2, 0x0024, 0x0043, 0x009E, 0x00BA, 0x00DA, 0x005B, 0x0145, 
0x013C, 0x0183, 0x010C, 0x001A, 0x0162, 0x0057, 0x0121, 0x011E, 0x015C, 0x009A, 0x001F, 0x0158, 0x0005, 0x0138, 0x008D, 0x0134, 
0x0168, 0x00D6, 0x0013, 0x0081, 0x00E1, 0x013B, 0x0106, 0x016F, 0x0166, 0x006F, 0x0153, 0x017D, 0x0077, 0x0108, 0x012D, 0x0144, 
0x0174, 0x0046, 0x00E9, 0x019D, 0x009C, 0x012A, 0x00C1, 0x0133, 0x0040, 0x00B8, 0x00CB, 0x0006, 0x0092, 0x00A3, 0x01A5, 0x003E, 
0x0044, 0x005D, 0x0114, 0x0193, 0x018C, 0x014E, 0x0141, 0x0053, 0x015B, 0x010F, 0x0036, 0x014A, 0x0175, 0x0152, 0x011B, 0x00AC, 
0x0003, 0x01A9, 0x0187, 0x012F, 0x00DF, 0x019B, 0x018F, 0x00FD, 0x0180, 0x011D, 0x0072, 0x01A1, 0x00FA, 0x0182, 0x001B, 0x00FF, 
0x002C, 0x00C4, 0x0045, 0x0004, 0x018E, 0x0017, 0x0032, 0x017C, 0x01A3, 0x01A8, 0x004D, 0x005C, 0x0167, 0x00C3, 0x00DE, 0x010B, 
0x00B6, 0x0127, 0x00CF, 0x0047, 0x017A, 0x00BB, 0x0118, 0x0061, 0x00B3, 0x0186, 0x01AA, 0x015D, 0x0097, 0x00B5, 0x0041, 0x000A, 
0x01A4, 0x0111, 0x014C, 0x00A4, 0x0101, 0x008F, 0x0172, 0x0157, 0x0109, 0x0066, 0x0058, 0x00EA, 0x00EB, 0x0068, 0x00F5, 0x00E0, 
0x00D9, 0x0029, 0x013D, 0x0083, 0x0179, 0x0019, 0x00B9, 0x00CC, 0x007B, 0x000B, 0x011C, 0x00AD, 0x00F2, 0x0080, 0x0131, 0x00BF, 
0x0104, 0x0095, 0x01A6, 0x0136, 0x00E5, 0x00F8, 0x0198, 0x0038, 0x012E, 0x0074, 0x0188, 0x00D8, 0x00D1, 0x00BC, 0x0149, 0x00C6, 
0x00C7, 0x0159, 0x014B, 0x00A8, 0x005A, 0x003F, 0x0122, 0x00B0, 0x010D, 0x0065, 0x00A0, 0x000D, 0x01A7, 0x0170, 0x00FC, 0x011A, 
0x0054, 0x0007, 0x002B, 0x00FE, 0x0150, 0x0099, 0x00F6, 0x0037, 0x016A, 0x00E2, 0x008A, 0x00FB, 0x00A6, 0x00D3, 0x00EE, 0x004A, 
0x0155, 0x0164, 0x0009, 0x000E, 0x0035, 0x017F, 0x019A, 0x0023, 0x01AD, 0x016C, 0x00ED, 0x0185, 0x00B2, 0x0196, 0x002F, 0x00B7, 
0x0010, 0x013F, 0x0094, 0x0031, 0x00B4, 0x0022, 0x0016, 0x00D2, 0x0082, 0x002A, 0x0008, 0x01AE, 0x0105, 0x0096, 0x005F, 0x003C, 
0x0067, 0x017B, 0x00A2, 0x0056, 0x015E, 0x0070, 0x0063, 0x0025, 0x001E, 0x009D, 0x0154, 0x016D, 0x0173, 0x000C, 0x010E, 0x011F, 
0x01AB, 0x00E6, 0x00F9, 0x0171, 0x007E, 0x00F0, 0x0087, 0x0115, 0x0014, 0x00C8, 0x016B, 0x003D, 0x006D, 0x0084, 0x00A9, 0x013A, 
0x0034, 0x005E, 0x0142, 0x004B, 0x0042, 0x00AB, 0x0076, 0x00D0, 0x0130, 0x019E, 0x00DB, 0x0049, 0x007D, 0x0124, 0x0079, 0x01AC, 
0x0059, 0x0192, 0x0117, 0x0055, 0x0093, 0x0090, 0x015A, 0x004F, 0x0197, 0x00A5, 0x002E, 0x0075, 0x006C, 0x0156, 0x00D7, 0x00F7, 
0x0113, 0x016E, 0x018D, 0x00EF, 0x0030, 0x00E8, 0x013E, 0x0039, 0x00D5, 0x008E, 0x0050, 0x014F, 0x00AA, 0x0146, 0x0028, 0x0026, 
0x012C, 0x0151, 0x0012, 0x0110, 0x0160, 0x00D4, 0x0033, 0x003A, 0x0071, 0x0015, 0x0064, 0x012B, 0x00E3, 0x00EC, 0x0137, 0x0129, 
0x00AE, 0x0020, 0x00C0, 0x0132, 0x0116, 0x015F, 0x01AF, 0x000F, 0x0098, 0x0143, 0x004C, 0x0089, 0x0126, 0x0199, 0x0190, 0x0102, 
0x00BE, 0x0184, 0x001C, 0x00F4, 0x0069, 0x0163, 0x0100, 0x001D, 0x00E7, 0x0027, 0x0147, 0x0169, 0x0139, 0x01A0, 0x008C, 0x0135, 
0x0091, 0x00CD, 0x010A, 0x003B, 0x0001, 0x0073, 0x0100, 0x00EB, 0x0112, 0x01AD, 0x0002, 0x00B3, 0x0099, 0x014E, 0x0167, 0x0196, 
0x0167, 0x00E6, 0x01AF, 0x00EA, 0x001B, 0x0113, 0x007F, 0x0132, 0x004F, 0x0096, 0x0080, 0x0167, 0x00A7, 0x0096, 0x00C6, 0x0025, 
0x009F, 0x00CB, 0x0191, 0x0040, 0x006C, 0x004A, 0x0073, 0x0010, 0x0073, 0x013C, 0x006C, 0x0075, 0x011B, 0x01A9, 0x0085, 0x016B, 
0x0162, 0x01AF, 0x0131, 0x0096, 0x0004, 0x0099, 0x01A1, 0x016B, 0x0145, 0x00FE, 0x004B, 0x0166, 0x0025, 0x0063, 0x0099, 0x018C, 
0x01AF, 0x00D9, 0x0132, 0x01B0, 0x004B, 0x0128, 0x0008, 0x011B, 0x0125, 0x00EB, 0x00D8, 0x006C, 0x0094, 0x00EB, 0x013E, 0x0191, 
0x011D, 0x0128, 0x00FE, 0x0020, 0x001B, 0x0046, 0x0132, 0x017B, 0x0025, 0x008C, 0x0002, 0x00B1, 0x01A9, 0x0008, 0x011D, 0x00CB, 
0x0023, 0x0002, 0x009E, 0x016B, 0x012C, 0x001B, 0x0171, 0x0113, 0x0020, 0x0145, 0x0085, 0x00B1, 0x01AD, 0x0089, 0x0191, 0x00C7, 
0x011B, 0x018E, 0x01AD, 0x0023, 0x009F, 0x0166, 0x01B0, 0x007F, 0x0171, 0x0113, 0x0036, 0x004B, 0x0118, 0x00CB, 0x0089, 0x0112, 
0x0125, 0x0075, 0x0040, 0x013E, 0x0112, 0x018E, 0x01A9, 0x010A, 0x00FE, 0x0036, 0x007F, 0x0046, 0x00EA, 0x0162, 0x01A1, 0x00B3, 
0x008C, 0x009F, 0x0118, 0x0128, 0x010A, 0x0085, 0x009E, 0x00B3, 0x0063, 0x00C6, 0x004F, 0x00D9, 0x00EA, 0x012C, 0x0145, 0x010A, 
0x0008, 0x00C7, 0x0040, 0x00D8, 0x0100, 0x004A, 0x013C, 0x0100, 0x0094, 0x0075, 0x00C7, 0x011D, 0x0118, 0x0166, 0x017B, 0x004F, 
0x0131, 0x00E6, 0x014E, 0x0004, 0x00C6, 0x017B, 0x01B0, 0x0036, 0x0020, 0x012C, 0x0162, 0x018C, 0x014E, 0x0080, 0x00A7, 0x00E6, 
0x018C, 0x01A1, 0x009E, 0x00B1, 0x018E, 0x0125, 0x0094, 0x004A, 0x0010, 0x0001, 0x0001, 0x0010, 0x013C, 0x00D8, 0x013E, 0x0089, 
0x0023, 0x008C, 0x0063, 0x0004, 0x0080, 0x0196, 0x0196, 0x00A7, 0x0131, 0x00D9, 0x0046, 0x0171, 0x0171, 0x0046, 0x00D9, 0x0131, 
0x00A7, 0x0196, 0x0196, 0x0080, 0x0004, 0x0063, 0x008C, 0x0023, 0x0089, 0x013E, 0x00D8, 0x013C, 0x0010, 0x0001, 0x0001, 0x0010, 
0x004A, 0x0094, 0x0125, 0x018E, 0x00B1, 0x009E, 0x01A1, 0x018C, 0x00E6, 0x00A7, 0x0080, 0x014E, 0x018C, 0x0162, 0x012C, 0x0020, 
0x0036, 0x01B0, 0x017B, 0x00C6, 0x0004, 0x014E, 0x00E6, 0x0131, 0x004F, 0x017B, 0x0166, 0x0118, 0x011D, 0x00C7, 0x0075, 0x0094, 
0x0100, 0x013C, 0x004A, 0x0100, 0x00D8, 0x0040, 0x00C7, 0x0008, 0x010A, 0x0145, 0x012C, 0x00EA, 0x00D9, 0x004F, 0x00C6, 0x0063, 
0x00B3, 0x009E, 0x0085, 0x010A, 0x0128, 0x0118, 0x009F, 0x008C, 0x00B3, 0x01A1, 0x0162, 0x00EA, 0x0046, 0x007F, 0x0036, 0x00FE, 
0x010A, 0x01A9, 0x018E, 0x0112, 0x013E, 0x0040, 0x0075, 0x0125, 0x0112, 0x0089, 0x00CB, 0x0118, 0x004B, 0x0036, 0x0113, 0x0171, 
0x007F, 0x01B0, 0x0166, 0x009F, 0x0023, 0x01AD, 0x018E, 0x011B, 0x00C7, 0x0191, 0x0089, 0x01AD, 0x00B1, 0x0085, 0x0145, 0x0020, 
0x0113, 0x0171, 0x001B, 0x012C, 0x016B, 0x009E, 0x0002, 0x0023, 0x00CB, 0x011D, 0x0008, 0x01A9, 0x00B1, 0x0002, 0x008C, 0x0025, 
0x017B, 0x0132, 0x0046, 0x001B, 0x0020, 0x00FE, 0x0128, 0x011D, 0x0191, 0x013E, 0x00EB, 0x0094, 0x006C, 0x00D8, 0x00EB, 0x0125, 
0x011B, 0x0008, 0x0128, 0x004B, 0x01B0, 0x0132, 0x00D9, 0x01AF, 0x018C, 0x0099, 0x0063, 0x0025, 0x0166, 0x004B, 0x00FE, 0x0145, 
0x016B, 0x01A1, 0x0099, 0x0004, 0x0096, 0x0131, 0x01AF, 0x0162, 0x016B, 0x0085, 0x01A9, 0x011B, 0x0075, 0x006C, 0x013C, 0x0073, 
0x0010, 0x0073, 0x004A, 0x006C, 0x0040, 0x0191, 0x00CB, 0x009F, 0x0025, 0x00C6, 0x0096, 0x00A7, 0x0167, 0x0080, 0x0096, 0x004F, 
0x0132, 0x007F, 0x0113, 0x001B, 0x00EA, 0x01AF, 0x00E6, 0x0167, 0x0196, 0x0167, 0x014E, 0x0099, 0x00B3, 0x0002, 0x01AD, 0x0112, 
0x00EB, 0x0100, 0x0001, 0x00E6, 0x014F, 0x004A, 0x0047, 0x0199, 0x000E, 0x0085, 0x004E, 0x0135, 0x0034, 0x006D, 0x0151, 0x00BD, 
0x0193, 0x0118, 0x001A, 0x00BB, 0x00F8, 0x003A, 0x0168, 0x010D, 0x015A, 0x0185, 0x0116, 0x0003, 0x0096, 0x00AA, 0x0119, 0x001C, 
0x0133, 0x013C, 0x0064, 0x015F, 0x0080, 0x008F, 0x0166, 0x013D, 0x013B, 0x015E, 0x0159, 0x0061, 0x005A, 0x0180, 0x0156, 0x0155, 
0x002E, 0x0110, 0x00C4, 0x0121, 0x0032, 0x0101, 0x0152, 0x0125, 0x00E4, 0x0082, 0x0179, 0x0071, 0x016F, 0x017A, 0x0137, 0x001F, 
0x00E2, 0x0171, 0x0070, 0x0033, 0x0067, 0x00C0, 0x012B, 0x01AD, 0x00B5, 0x019F, 0x019C, 0x0046, 0x0023, 0x00A6, 0x0127, 0x008B, 
0x0094, 0x018B, 0x0016, 0x006F, 0x011C, 0x00E3, 0x0072, 0x015D, 0x00AE, 0x01A5, 0x009A, 0x011F, 0x0184, 0x0039, 0x00E0, 0x00BC, 
0x0120, 0x00D0, 0x0059, 0x0030, 0x009F, 0x00DD, 0x00C9, 0x00F2, 0x0114, 0x00DE, 0x000D, 0x00E9, 0x0028, 0x0113, 0x0068, 0x002F, 
0x01A6, 0x0017, 0x00D6, 0x006E, 0x013E, 0x000A, 0x0132, 0x0198, 0x016C, 0x0154, 0x006A, 0x0055, 0x018D, 0x00CA, 0x00FD, 0x0014, 
0x014E, 0x0002, 0x0111, 0x00D5, 0x00FB, 0x0027, 0x0008, 0x0134, 0x0102, 0x01AB, 0x0010, 0x0164, 0x0176, 0x017B, 0x00FF, 0x003E, 
0x00CC, 0x00BE, 0x0021, 0x016E, 0x0115, 0x004F, 0x001D, 0x0100, 0x00EE, 0x004C, 0x0128, 0x012E, 0x0093, 0x0169, 0x0186, 0x010A, 
0x00D9, 0x0161, 0x0051, 0x0129, 0x019E, 0x01A0, 0x00AC, 0x0172, 0x0145, 0x00FA, 0x007B, 0x00F0, 0x0124, 0x00A5, 0x0174, 0x00B8, 
0x01AC, 0x010F, 0x0196, 0x015B, 0x00FE, 0x00C2, 0x00A3, 0x002A, 0x0109, 0x0078, 0x0130, 0x01AA, 0x0035, 0x0175, 0x0170, 0x01A8, 
0x012D, 0x00D2, 0x00AD, 0x0077, 0x011A, 0x00D7, 0x0079, 0x00C6, 0x00C7, 0x00A9, 0x012A, 0x014C, 0x0025, 0x00EC, 0x00F7, 0x0106, 
0x008E, 0x018F, 0x0153, 0x0188, 0x016D, 0x014B, 0x000F, 0x006B, 0x0148, 0x0020, 0x0191, 0x0069, 0x0146, 0x01A2, 0x0066, 0x0044, 
0x0029, 0x005E, 0x0022, 0x0123, 0x00AB, 0x00BA, 0x00C5, 0x018C, 0x0065, 0x0087, 0x0108, 0x00EA, 0x00EB, 0x0138, 0x00DA, 0x0097, 
0x013A, 0x0104, 0x00DF, 0x0084, 0x0009, 0x0041, 0x003C, 0x017C, 0x0007, 0x0081, 0x0139, 0x00A8, 0x0187, 0x010E, 0x00EF, 0x00B3, 
0x0056, 0x001B, 0x00A2, 0x0005, 0x00F9, 0x003D, 0x010C, 0x008D, 0x00C1, 0x0136, 0x00B7, 0x006C, 0x003F, 0x0105, 0x0011, 0x0013, 
0x0088, 0x0160, 0x0050, 0x00D8, 0x00A7, 0x002B, 0x0048, 0x011E, 0x0083, 0x0089, 0x0165, 0x00C3, 0x00B1, 0x0194, 0x0162, 0x009C, 
0x0043, 0x0190, 0x00F3, 0x00E5, 0x0173, 0x00B2, 0x0036, 0x003B, 0x004D, 0x01A1, 0x0006, 0x00AF, 0x007D, 0x01A9, 0x018A, 0x00B6, 
0x00DC, 0x00A0, 0x01AF, 0x0063, 0x019D, 0x00B4, 0x00E7, 0x0024, 0x015C, 0x0147, 0x005D, 0x0045, 0x0019, 0x007F, 0x01A7, 0x0073, 
0x0143, 0x00DB, 0x019A, 0x000B, 0x0182, 0x0149, 0x009E, 0x0189, 0x00C8, 0x01A4, 0x00D3, 0x009D, 0x00BF, 0x00E8, 0x00D4, 0x0112, 
0x0181, 0x0158, 0x00E1, 0x0091, 0x00F5, 0x00D1, 0x0178, 0x002D, 0x0092, 0x0117, 0x000C, 0x0103, 0x0054, 0x013F, 0x00CE, 0x0095, 
0x0142, 0x019B, 0x0026, 0x011D, 0x0126, 0x008A, 0x010B, 0x018E, 0x016B, 0x0015, 0x0012, 0x00FC, 0x0004, 0x0086, 0x00F1, 0x014A, 
0x017E, 0x0141, 0x0040, 0x00CF, 0x0192, 0x007A, 0x0037, 0x0042, 0x0140, 0x0038, 0x012F, 0x00CD, 0x008C, 0x005F, 0x00B0, 0x017F, 
0x0090, 0x00ED, 0x00A1, 0x0183, 0x005C, 0x005B, 0x0031, 0x0157, 0x0150, 0x0058, 0x0053, 0x0076, 0x0074, 0x004B, 0x0122, 0x0131, 
0x0052, 0x014D, 0x0075, 0x007E, 0x0195, 0x0098, 0x0107, 0x011B, 0x01AE, 0x009B, 0x002C, 0x0057, 0x00A4, 0x0049, 0x0177, 0x00B9, 
0x00F6, 0x0197, 0x0099, 0x001E, 0x00F4, 0x0060, 0x0144, 0x017D, 0x007C, 0x0163, 0x012C, 0x01A3, 0x0018, 0x016A, 0x0167, 0x0062, 
0x0001, 0x001B, 0x008B, 0x0128, 0x0163, 0x0121, 0x0062, 0x00C6, 0x010D, 0x003B, 0x008B, 0x0009, 0x0033, 0x0030, 0x01A0, 0x0096, 
0x0009, 0x014F, 0x017E, 0x0126, 0x00C7, 0x0121, 0x00A4, 0x00F3, 0x0016, 0x004E, 0x0099, 0x01AE, 0x0163, 0x0197, 0x01A8, 0x0099, 
0x010D, 0x00F3, 0x0096, 0x0181, 0x0100, 0x0163, 0x00A1, 0x0090, 0x0121, 0x00B1, 0x0196, 0x0009, 0x00EB, 0x0062, 0x01AE, 0x0042, 
0x004E, 0x00A1, 0x0181, 0x0176, 0x00A1, 0x00EA, 0x01A0, 0x0160, 0x0110, 0x003B, 0x0003, 0x00A4, 0x0160, 0x00BE, 0x017E, 0x00EA, 
0x0160, 0x014F, 0x0196, 0x0042, 0x0118, 0x0099, 0x0126, 0x0003, 0x00C7, 0x01A1, 0x001B, 0x003B, 0x00C7, 0x0011, 0x0001, 0x01A8, 
0x0032, 0x0009, 0x00BE, 0x0010, 0x00A4, 0x0089, 0x01A0, 0x00F3, 0x011B, 0x011B, 0x00EB, 0x0030, 0x0030, 0x0160, 0x0051, 0x0032, 
0x0196, 0x0176, 0x0099, 0x0011, 0x017F, 0x0003, 0x011B, 0x008B, 0x0042, 0x0011, 0x017F, 0x0100, 0x004E, 0x0197, 0x004E, 0x019B, 
0x016F, 0x01A0, 0x00C6, 0x0126, 0x0128, 0x0051, 0x0010, 0x0062, 0x010D, 0x019B, 0x014F, 0x016F, 0x0010, 0x0163, 0x01A1, 0x0100, 
0x0090, 0x019B, 0x0196, 0x0181, 0x00C6, 0x0089, 0x00BE, 0x0032, 0x001B, 0x00C7, 0x001A, 0x00EA, 0x0010, 0x0090, 0x00A1, 0x0051, 
0x0016, 0x00B1, 0x0011, 0x0001, 0x01A8, 0x0128, 0x01B0, 0x0126, 0x0100, 0x00B1, 0x010D, 0x001A, 0x00B1, 0x001B, 0x0128, 0x00BE, 
0x0033, 0x0033, 0x016F, 0x00F3, 0x00EB, 0x016F, 0x0096, 0x01B0, 0x0003, 0x0062, 0x0089, 0x00EB, 0x0110, 0x0197, 0x01A8, 0x0042, 
0x01A1, 0x0118, 0x0001, 0x0118, 0x003B, 0x011B, 0x01B0, 0x01AE, 0x017F, 0x01AE, 0x0181, 0x019B, 0x0110, 0x0016, 0x014F, 0x0033, 
0x0030, 0x0089, 0x01B0, 0x008B, 0x0016, 0x00EA, 0x00C6, 0x001A, 0x0090, 0x017E, 0x0096, 0x0051, 0x0197, 0x0118, 0x017F, 0x0121, 
0x0110, 0x0032, 0x0176, 0x001A, 0x00A4, 0x017E, 0x0176, 0x01A1, 0x01A1, 0x0176, 0x017E, 0x00A4, 0x001A, 0x0176, 0x0032, 0x0110, 
0x0121, 0x017F, 0x0118, 0x0197, 0x0051, 0x0096, 0x017E, 0x0090, 0x001A, 0x00C6, 0x00EA, 0x0016, 0x008B, 0x01B0, 0x0089, 0x0030, 
0x0033, 0x014F, 0x0016, 0x0110, 0x019B, 0x0181, 0x01AE, 0x017F, 0x01AE, 0x01B0, 0x011B, 0x003B, 0x0118, 0x0001, 0x0118, 0x01A1, 
0x0042, 0x01A8, 0x0197, 0x0110, 0x00EB, 0x0089, 0x0062, 0x0003, 0x01B0, 0x0096, 0x016F, 0x00EB, 0x00F3, 0x016F, 0x0033, 0x0033, 
0x00BE, 0x0128, 0x001B, 0x00B1, 0x001A, 0x010D, 0x00B1, 0x0100, 0x0126, 0x01B0, 0x0128, 0x01A8, 0x0001, 0x0011, 0x00B1, 0x0016, 
0x0051, 0x00A1, 0x0090, 0x0010, 0x00EA, 0x001A, 0x00C7, 0x001B, 0x0032, 0x00BE, 0x0089, 0x00C6, 0x0181, 0x0196, 0x019B, 0x0090, 
0x0100, 0x01A1, 0x0163, 0x0010, 0x016F, 0x014F, 0x019B, 0x010D, 0x0062, 0x0010, 0x0051, 0x0128, 0x0126, 0x00C6, 0x01A0, 0x016F, 
0x019B, 0x004E, 0x0197, 0x004E, 0x0100, 0x017F, 0x0011, 0x0042, 0x008B, 0x011B, 0x0003, 0x017F, 0x0011, 0x0099, 0x0176, 0x0196, 
0x0032, 0x0051, 0x0160, 0x0030, 0x0030, 0x00EB, 0x011B, 0x011B, 0x00F3, 0x01A0, 0x0089, 0x00A4, 0x0010, 0x00BE, 0x0009, 0x0032, 
0x01A8, 0x0001, 0x0011, 0x00C7, 0x003B, 0x001B, 0x01A1, 0x00C7, 0x0003, 0x0126, 0x0099, 0x0118, 0x0042, 0x0196, 0x014F, 0x0160, 
0x00EA, 0x017E, 0x00BE, 0x0160, 0x00A4, 0x0003, 0x003B, 0x0110, 0x0160, 0x01A0, 0x00EA, 0x00A1, 0x0176, 0x0181, 0x00A1, 0x004E, 
0x0042, 0x01AE, 0x0062, 0x00EB, 0x0009, 0x0196, 0x00B1, 0x0121, 0x0090, 0x00A1, 0x0163, 0x0100, 0x0181, 0x0096, 0x00F3, 0x010D, 
0x0099, 0x01A8, 0x0197, 0x0163, 0x01AE, 0x0099, 0x004E, 0x0016, 0x00F3, 0x00A4, 0x0121, 0x00C7, 0x0126, 0x017E, 0x014F, 0x0009, 
0x0096, 0x01A0, 0x0030, 0x0033, 0x0009, 0x008B, 0x003B, 0x010D, 0x00C6, 0x0062, 0x0121, 0x0163, 0x0128, 0x008B, 0x0001, 0x0036, 
0x01A1, 0x013E, 0x002B, 0x0002, 0x00FD, 0x011D, 0x0100, 0x009D, 0x00E6, 0x006C, 0x00E6, 0x00EF, 0x00B2, 0x00EB, 0x0099, 0x0191, 
0x014A, 0x00FB, 0x011A, 0x0128, 0x0134, 0x00CB, 0x0075, 0x0128, 0x00EA, 0x015D, 0x0150, 0x0056, 0x009A, 0x0085, 0x00D9, 0x0023, 
0x0036, 0x0004, 0x017B, 0x0043, 0x00D9, 0x0083, 0x009E, 0x0049, 0x008A, 0x018C, 0x00B7, 0x00B2, 0x0124, 0x0089, 0x0166, 0x0100, 
0x0096, 0x018C, 0x0132, 0x004F, 0x016C, 0x00E3, 0x015D, 0x0187, 0x00B1, 0x013A, 0x00FF, 0x0059, 0x00FB, 0x00FE, 0x016C, 0x001B, 
0x0164, 0x009E, 0x010C, 0x013E, 0x005A, 0x00D8, 0x00EE, 0x0073, 0x0125, 0x009A, 0x00A8, 0x001B, 0x004F, 0x0092, 0x0099, 0x0131, 
0x00B6, 0x002D, 0x0054, 0x005B, 0x00FD, 0x00A7, 0x0049, 0x0164, 0x00A8, 0x0056, 0x0086, 0x00B4, 0x014E, 0x0025, 0x019C, 0x0118, 
0x01A9, 0x0191, 0x0092, 0x0132, 0x008A, 0x00A7, 0x0002, 0x0046, 0x0117, 0x0171, 0x0113, 0x00AB, 0x01AF, 0x0086, 0x0150, 0x00E3, 
0x00FE, 0x014A, 0x01A9, 0x0020, 0x00AC, 0x0045, 0x004A, 0x015B, 0x0046, 0x002B, 0x010C, 0x0083, 0x0085, 0x0125, 0x0186, 0x00AB, 
0x0168, 0x009F, 0x0162, 0x00AC, 0x0067, 0x0131, 0x00EB, 0x00B7, 0x0096, 0x011D, 0x005B, 0x0061, 0x004A, 0x0196, 0x009F, 0x0127, 
0x014E, 0x0094, 0x0187, 0x00EA, 0x011A, 0x0059, 0x00C6, 0x019C, 0x007F, 0x009F, 0x004D, 0x0171, 0x012C, 0x005A, 0x01A1, 0x0023, 
0x0043, 0x0010, 0x00EE, 0x012E, 0x0171, 0x0109, 0x004A, 0x00CE, 0x002D, 0x0097, 0x0124, 0x00EF, 0x009D, 0x0166, 0x00C7, 0x002D, 
0x00B3, 0x00AC, 0x011F, 0x019C, 0x00FA, 0x013A, 0x0114, 0x0134, 0x0075, 0x00C2, 0x013A, 0x011B, 0x014E, 0x010A, 0x00AB, 0x00A5, 
0x00EE, 0x018E, 0x0004, 0x0001, 0x01B0, 0x0004, 0x016E, 0x005A, 0x008C, 0x0046, 0x012B, 0x005B, 0x002A, 0x0166, 0x007D, 0x006C, 
0x006C, 0x013C, 0x0124, 0x0158, 0x0131, 0x0008, 0x01A9, 0x0080, 0x0059, 0x008D, 0x0075, 0x0145, 0x0145, 0x0134, 0x004B, 0x0187, 
0x0156, 0x0086, 0x016B, 0x0125, 0x0157, 0x0043, 0x01AD, 0x0001, 0x01B0, 0x01AD, 0x0023, 0x00C3, 0x010C, 0x0106, 0x00A7, 0x0063, 
0x0096, 0x0077, 0x00EF, 0x013C, 0x007D, 0x009D, 0x0077, 0x00B7, 0x0015, 0x0092, 0x0105, 0x00FE, 0x0184, 0x00EA, 0x004B, 0x0114, 
0x00C2, 0x008D, 0x011A, 0x0184, 0x00E3, 0x0167, 0x00A8, 0x0040, 0x0083, 0x00C3, 0x01A1, 0x016E, 0x018E, 0x0010, 0x0157, 0x0085, 
0x0040, 0x0164, 0x0112, 0x0132, 0x0015, 0x00EB, 0x0158, 0x0097, 0x00C7, 0x002A, 0x011D, 0x0063, 0x008A, 0x0112, 0x001B, 0x0167, 
0x0150, 0x0156, 0x0094, 0x011B, 0x00FA, 0x00C6, 0x0080, 0x014A, 0x0105, 0x004F, 0x0112, 0x0049, 0x0106, 0x002B, 0x008C, 0x012C, 
0x012E, 0x00A5, 0x0186, 0x016B, 0x0056, 0x0167, 0x016C, 0x0105, 0x0191, 0x0008, 0x0067, 0x00B3, 0x00CE, 0x0061, 0x012B, 0x0002, 
0x0106, 0x009E, 0x0040, 0x009A, 0x016B, 0x01AF, 0x010A, 0x0127, 0x007F, 0x011F, 0x0020, 0x0008, 0x0099, 0x0015, 0x018C, 0x0063, 
0x00FD, 0x012B, 0x015B, 0x0109, 0x004D, 0x0168, 0x010A, 0x00B4, 0x0156, 0x015D, 0x0184, 0x00FB, 0x0080, 0x0118, 0x011F, 0x0162, 
0x0196, 0x0109, 0x0117, 0x008C, 0x013E, 0x00C3, 0x00D9, 0x0157, 0x0073, 0x00A5, 0x0113, 0x004D, 0x0196, 0x0045, 0x00B3, 0x00B6, 
0x0158, 0x00B2, 0x0077, 0x0100, 0x002A, 0x0054, 0x00CE, 0x0045, 0x0162, 0x007F, 0x0025, 0x011B, 0x00B1, 0x004B, 0x0128, 0x008D, 
0x00FF, 0x00FA, 0x0025, 0x0127, 0x0168, 0x0113, 0x012E, 0x00D8, 0x016E, 0x0036, 0x01AD, 0x017B, 0x018E, 0x00D8, 0x012C, 0x0117, 
0x015B, 0x0061, 0x0054, 0x00C7, 0x0089, 0x013C, 0x00E6, 0x007D, 0x0089, 0x0097, 0x00B6, 0x0067, 0x0020, 0x0118, 0x00C6, 0x00FF, 
0x00C2, 0x00CB, 0x0145, 0x00CB, 0x0114, 0x00B1, 0x0094, 0x00B4, 0x01AF, 0x0186, 0x0073, 0x0010, 0x0001, 0x006C, 0x0181, 0x0196, 
0x00D7, 0x000C, 0x0027, 0x0073, 0x008B, 0x010F, 0x016D, 0x01AE, 0x0188, 0x013B, 0x0048, 0x0128, 0x0003, 0x0122, 0x00D0, 0x0101, 
0x0125, 0x0011, 0x009C, 0x006D, 0x0147, 0x014F, 0x0100, 0x00F6, 0x00DA, 0x019F, 0x000B, 0x0167, 0x00E9, 0x0144, 0x009E, 0x0090, 
0x00A7, 0x017D, 0x00EC, 0x002C, 0x01A0, 0x0023, 0x0131, 0x0068, 0x0008, 0x018A, 0x012D, 0x0051, 0x00DE, 0x00F3, 0x0121, 0x00F1, 
0x00C5, 0x0171, 0x0066, 0x009B, 0x0198, 0x00A2, 0x0033, 0x00DD, 0x0190, 0x0142, 0x00E1, 0x00EB, 0x0116, 0x0032, 0x0025, 0x0160, 
0x0132, 0x00B1, 0x0148, 0x018D, 0x0036, 0x011B, 0x0145, 0x000D, 0x017B, 0x0176, 0x00B3, 0x01A6, 0x010D, 0x0149, 0x0180, 0x013C, 
0x00D4, 0x0020, 0x0169, 0x0197, 0x0002, 0x01AF, 0x0085, 0x0076, 0x0152, 0x0021, 0x0079, 0x0058, 0x0080, 0x00A1, 0x004A, 0x0108, 
0x0018, 0x0024, 0x0166, 0x0030, 0x00D2, 0x003B, 0x0199, 0x0010, 0x0062, 0x00BF, 0x00D3, 0x011E, 0x0129, 0x014B, 0x00C7, 0x00B0, 
0x016B, 0x0138, 0x0075, 0x0035, 0x0126, 0x014D, 0x017F, 0x0088, 0x009F, 0x0034, 0x0004, 0x010A, 0x0052, 0x0093, 0x018C, 0x00CC, 
0x013E, 0x0063, 0x0031, 0x0159, 0x0099, 0x008C, 0x0042, 0x0040, 0x0112, 0x015F, 0x00BE, 0x0009, 0x006A, 0x00CB, 0x00A9, 0x00FE, 
0x00ED, 0x001B, 0x0094, 0x0069, 0x01A1, 0x00E6, 0x00C8, 0x007B, 0x018E, 0x0118, 0x0046, 0x006F, 0x0016, 0x0029, 0x0060, 0x001A, 
0x012C, 0x0151, 0x0089, 0x0162, 0x017E, 0x017C, 0x014E, 0x01A9, 0x0120, 0x0012, 0x00C4, 0x00DF, 0x0096, 0x00D8, 0x01B0, 0x00D9, 
0x01A4, 0x004B, 0x011D, 0x00BB, 0x018F, 0x0084, 0x00E5, 0x0064, 0x0019, 0x004E, 0x008F, 0x019B, 0x005F, 0x0191, 0x004F, 0x0044, 
0x0163, 0x00C6, 0x00EA, 0x016F, 0x0185, 0x01AB, 0x0113, 0x01A8, 0x00F2, 0x007F, 0x0022, 0x01A5, 0x0091, 0x00A4, 0x0110, 0x0136, 
0x0115, 0x0006, 0x00C0, 0x01AD, 0x01AD, 0x00C0, 0x0006, 0x0115, 0x0136, 0x0110, 0x00A4, 0x0091, 0x01A5, 0x0022, 0x007F, 0x00F2, 
0x01A8, 0x0113, 0x01AB, 0x0185, 0x016F, 0x00EA, 0x00C6, 0x0163, 0x0044, 0x004F, 0x0191, 0x005F, 0x019B, 0x008F, 0x004E, 0x0019, 
0x0064, 0x00E5, 0x0084, 0x018F, 0x00BB, 0x011D, 0x004B, 0x01A4, 0x00D9, 0x01B0, 0x00D8, 0x0096, 0x00DF, 0x00C4, 0x0012, 0x0120, 
0x01A9, 0x014E, 0x017C, 0x017E, 0x0162, 0x0089, 0x0151, 0x012C, 0x001A, 0x0060, 0x0029, 0x0016, 0x006F, 0x0046, 0x0118, 0x018E, 
0x007B, 0x00C8, 0x00E6, 0x01A1, 0x0069, 0x0094, 0x001B, 0x00ED, 0x00FE, 0x00A9, 0x00CB, 0x006A, 0x0009, 0x00BE, 0x015F, 0x0112, 
0x0040, 0x0042, 0x008C, 0x0099, 0x0159, 0x0031, 0x0063, 0x013E, 0x00CC, 0x018C, 0x0093, 0x0052, 0x010A, 0x0004, 0x0034, 0x009F, 
0x0088, 0x017F, 0x014D, 0x0126, 0x0035, 0x0075, 0x0138, 0x016B, 0x00B0, 0x00C7, 0x014B, 0x0129, 0x011E, 0x00D3, 0x00BF, 0x0062, 
0x0010, 0x0199, 0x003B, 0x00D2, 0x0030, 0x0166, 0x0024, 0x0018, 0x0108, 0x004A, 0x00A1, 0x0080, 0x0058, 0x0079, 0x0021, 0x0152, 
0x0076, 0x0085, 0x01AF, 0x0002, 0x0197, 0x0169, 0x0020, 0x00D4, 0x013C, 0x0180, 0x0149, 0x010D, 0x01A6, 0x00B3, 0x0176, 0x017B, 
0x000D, 0x0145, 0x011B, 0x0036, 0x018D, 0x0148, 0x00B1, 0x0132, 0x0160, 0x0025, 0x0032, 0x0116, 0x00EB, 0x00E1, 0x0142, 0x0190, 
0x00DD, 0x0033, 0x00A2, 0x0198, 0x009B, 0x0066, 0x0171, 0x00C5, 0x00F1, 0x0121, 0x00F3, 0x00DE, 0x0051, 0x012D, 0x018A, 0x0008, 
0x0068, 0x0131, 0x0023, 0x01A0, 0x002C, 0x00EC, 0x017D, 0x00A7, 0x0090, 0x009E, 0x0144, 0x00E9, 0x0167, 0x000B, 0x019F, 0x00DA, 
0x00F6, 0x0100, 0x014F, 0x0147, 0x006D, 0x009C, 0x0011, 0x0125, 0x0101, 0x00D0, 0x0122, 0x0003, 0x0128, 0x0048, 0x013B, 0x0188, 
0x01AE, 0x016D, 0x010F, 0x008B, 0x0073, 0x0027, 0x000C, 0x00D7, 0x0196, 0x0181, 0x0001, 0x00D8, 0x0121, 0x0145, 0x00D1, 0x0048, 
0x0111, 0x0036, 0x0181, 0x0070, 0x0076, 0x018D, 0x014D, 0x0050, 0x00D6, 0x0196, 0x0033, 0x0018, 0x0037, 0x0179, 0x005B, 0x0176, 
0x007C, 0x0012, 0x017D, 0x0032, 0x01A1, 0x0189, 0x0104, 0x0146, 0x0155, 0x00E6, 0x0148, 0x00BF, 0x014E, 0x01A5, 0x0075, 0x00BD, 
0x006F, 0x001C, 0x00A9, 0x00AB, 0x007D, 0x00F6, 0x0168, 0x0173, 0x0123, 0x01A8, 0x0035, 0x001A, 0x0011, 0x0198, 0x0031, 0x0008, 
0x019E, 0x0014, 0x0133, 0x012F, 0x019B, 0x010E, 0x0098, 0x002E, 0x013F, 0x013E, 0x013D, 0x010D, 0x013A, 0x0079, 0x014A, 0x010A, 
0x0153, 0x0006, 0x002D, 0x009E, 0x007F, 0x007A, 0x00AC, 0x00A1, 0x011D, 0x01A3, 0x008B, 0x0084, 0x0107, 0x0083, 0x010B, 0x009A, 
0x00E7, 0x0136, 0x00B2, 0x00FD, 0x019C, 0x001F, 0x0102, 0x0047, 0x00ED, 0x00DD, 0x0124, 0x00BE, 0x018E, 0x01A4, 0x0103, 0x00D0, 
0x0045, 0x00E5, 0x0190, 0x00C0, 0x001E, 0x01AD, 0x0122, 0x00E2, 0x0027, 0x01A7, 0x00DC, 0x003F, 0x0171, 0x0041, 0x0025, 0x000B, 
0x0043, 0x012A, 0x0044, 0x0165, 0x0159, 0x019A, 0x0186, 0x0039, 0x004B, 0x0112, 0x00BA, 0x003A, 0x015D, 0x0052, 0x0125, 0x0114, 
0x0078, 0x009C, 0x00B1, 0x010C, 0x0051, 0x012C, 0x0061, 0x002F, 0x0144, 0x01AE, 0x00D7, 0x00C2, 0x00A2, 0x0162, 0x00F0, 0x0099, 
0x0109, 0x0174, 0x0096, 0x015B, 0x0101, 0x0088, 0x0086, 0x004A, 0x0131, 0x0007, 0x004E, 0x0093, 0x003C, 0x016F, 0x008A, 0x0055, 
0x016B, 0x0097, 0x0029, 0x0053, 0x0187, 0x0164, 0x001D, 0x0065, 0x005D, 0x0116, 0x0089, 0x0158, 0x00FE, 0x005A, 0x00F5, 0x00E3, 
0x00C3, 0x00C9, 0x00CD, 0x0130, 0x0185, 0x00B5, 0x018B, 0x0062, 0x0022, 0x006A, 0x0095, 0x011F, 0x00FA, 0x0152, 0x00DE, 0x00EA, 
0x00EB, 0x00DF, 0x00F9, 0x0057, 0x0191, 0x0149, 0x00F8, 0x00B6, 0x006E, 0x0066, 0x01AC, 0x00E9, 0x00EC, 0x0151, 0x0071, 0x01A2, 
0x0091, 0x0002, 0x01AF, 0x0120, 0x000F, 0x0140, 0x0060, 0x00C5, 0x00C8, 0x0005, 0x014B, 0x0143, 0x00FB, 0x00B9, 0x0068, 0x0020, 
0x015A, 0x00B8, 0x00D2, 0x00C6, 0x00C7, 0x00D3, 0x005F, 0x00B7, 0x0092, 0x011C, 0x0147, 0x018F, 0x014F, 0x0026, 0x00FC, 0x002C, 
0x0081, 0x00E4, 0x00E8, 0x00EE, 0x00CE, 0x00BC, 0x0157, 0x00B3, 0x0059, 0x0128, 0x009B, 0x0154, 0x014C, 0x0194, 0x004D, 0x002A, 
0x015E, 0x0188, 0x011A, 0x0046, 0x015C, 0x0127, 0x0042, 0x0175, 0x011E, 0x0163, 0x01AA, 0x0080, 0x0167, 0x012B, 0x0129, 0x00B0, 
0x0056, 0x011B, 0x003D, 0x00A8, 0x0118, 0x00C1, 0x004F, 0x010F, 0x00EF, 0x00DA, 0x0003, 0x006D, 0x0182, 0x0150, 0x0085, 0x0160, 
0x00A5, 0x0100, 0x0115, 0x0139, 0x009D, 0x008C, 0x015F, 0x0054, 0x0177, 0x00F7, 0x009F, 0x0166, 0x0178, 0x002B, 0x0017, 0x0058, 
0x004C, 0x016D, 0x0087, 0x016E, 0x01A6, 0x018C, 0x0170, 0x0040, 0x0172, 0x00D5, 0x000A, 0x018A, 0x00CF, 0x008F, 0x0004, 0x0193, 
0x00F1, 0x0021, 0x00CC, 0x016C, 0x00E1, 0x00AE, 0x000D, 0x0023, 0x00F3, 0x008D, 0x00D4, 0x00C4, 0x016A, 0x00AF, 0x0192, 0x0015, 
0x00B4, 0x00FF, 0x007B, 0x00CA, 0x0117, 0x00A6, 0x012E, 0x00AA, 0x012D, 0x0126, 0x000E, 0x0094, 0x0110, 0x0105, 0x0137, 0x0132, 
0x0113, 0x0184, 0x01AB, 0x005E, 0x00A7, 0x0067, 0x0138, 0x0077, 0x00A4, 0x0074, 0x0073, 0x0072, 0x0183, 0x0119, 0x00A3, 0x0016, 
0x0082, 0x007E, 0x019D, 0x0013, 0x01A9, 0x0180, 0x0019, 0x01A0, 0x0197, 0x017C, 0x0009, 0x008E, 0x003E, 0x0049, 0x00BB, 0x0134, 
0x0106, 0x0108, 0x0195, 0x0142, 0x00F4, 0x013C, 0x000C, 0x0063, 0x00F2, 0x0069, 0x00CB, 0x005C, 0x006B, 0x00AD, 0x0028, 0x0010, 
0x017F, 0x0034, 0x019F, 0x0135, 0x003B, 0x0156, 0x0038, 0x017A, 0x0199, 0x017E, 0x001B, 0x00DB, 0x0161, 0x0064, 0x0024, 0x013B, 
0x0141, 0x0030, 0x017B, 0x00A0, 0x0169, 0x00E0, 0x006C, 0x0090, 0x0001, 0x01B0, 0x0001, 0x0001, 0x00B3, 0x01B0, 0x00B3, 0x01B0, 
0x0001, 0x00FE, 0x01B0, 0x0001, 0x01B0, 0x00FE, 0x00B3, 0x0001, 0x0001, 0x01B0, 0x00B3, 0x00B3, 0x00B3, 0x0001, 0x00FE, 0x01B0, 
0x01B0, 0x0001, 0x0001, 0x00B3, 0x00B3, 0x00FE, 0x00B3, 0x01B0, 0x01B0, 0x01B0, 0x01B0, 0x0001, 0x01B0, 0x00FE, 0x01B0, 0x00FE, 
0x0001, 0x00FE, 0x00B3, 0x01B0, 0x00B3, 0x00B3, 0x00FE, 0x0001, 0x01B0, 0x0001, 0x0001, 0x01B0, 0x01B0, 0x01B0, 0x00FE, 0x00FE, 
0x00B3, 0x00FE, 0x0001, 0x00B3, 0x00B3, 0x00FE, 0x00B3, 0x0001, 0x00FE, 0x0001, 0x00FE, 0x0001, 0x00FE, 0x0001, 0x00FE, 0x01B0, 
0x00FE, 0x0001, 0x01B0, 0x00B3, 0x00FE, 0x0001, 0x01B0, 0x00B3, 0x0001, 0x01B0, 0x00B3, 0x00B3, 0x00B3, 0x00FE, 0x00B3, 0x0001, 
0x00FE, 0x00FE, 0x00FE, 0x00FE, 0x00B3, 0x00B3, 0x01B0, 0x01B0, 0x00B3, 0x0001, 0x01B0, 0x01B0, 0x00B3, 0x01B0, 0x00B3, 0x0001, 
0x01B0, 0x0001, 0x00B3, 0x0001, 0x0001, 0x00B3, 0x01B0, 0x00B3, 0x00B3, 0x00FE, 0x0001, 0x00B3, 0x01B0, 0x01B0, 0x00B3, 0x00FE, 
0x0001, 0x00FE, 0x0001, 0x00B3, 0x00FE, 0x00FE, 0x01B0, 0x01B0, 0x00B3, 0x00B3, 0x00FE, 0x01B0, 0x01B0, 0x00B3, 0x00B3, 0x01B0, 
0x0001, 0x00B3, 0x0001, 0x01B0, 0x00FE, 0x00B3, 0x0001, 0x0001, 0x01B0, 0x00B3, 0x01B0, 0x01B0, 0x00FE, 0x0001, 0x00B3, 0x00FE, 
0x0001, 0x00B3, 0x01B0, 0x01B0, 0x00FE, 0x0001, 0x01B0, 0x00FE, 0x0001, 0x01B0, 0x00FE, 0x0001, 0x00FE, 0x00FE, 0x0001, 0x00FE, 
0x0001, 0x00FE, 0x00B3, 0x00B3, 0x00FE, 0x00FE, 0x00FE, 0x01B0, 0x0001, 0x00B3, 0x0001, 0x00B3, 0x00B3, 0x00B3, 0x00B3, 0x00B3, 
0x00FE, 0x00FE, 0x01B0, 0x00FE, 0x00B3, 0x0001, 0x01B0, 0x0001, 0x00B3, 0x00FE, 0x00FE, 0x01B0, 0x0001, 0x0001, 0x0001, 0x0001, 
0x00FE, 0x00FE, 0x01B0, 0x0001, 0x00B3, 0x00FE, 0x00FE, 0x01B0, 0x00FE, 0x0001, 0x0001, 0x01B0, 0x00FE, 0x00FE, 0x01B0, 0x01B0, 
0x01B0, 0x01B0, 0x00FE, 0x00FE, 0x01B0, 0x0001, 0x0001, 0x00FE, 0x01B0, 0x00FE, 0x00FE, 0x00B3, 0x0001, 0x01B0, 0x00FE, 0x00FE, 
0x0001, 0x0001, 0x0001, 0x0001, 0x01B0, 0x00FE, 0x00FE, 0x00B3, 0x0001, 0x01B0, 0x0001, 0x00B3, 0x00FE, 0x01B0, 0x00FE, 0x00FE, 
0x00B3, 0x00B3, 0x00B3, 0x00B3, 0x00B3, 0x0001, 0x00B3, 0x0001, 0x01B0, 0x00FE, 0x00FE, 0x00FE, 0x00B3, 0x00B3, 0x00FE, 0x0001, 
0x00FE, 0x0001, 0x00FE, 0x00FE, 0x0001, 0x00FE, 0x01B0, 0x0001, 0x00FE, 0x01B0, 0x0001, 0x00FE, 0x01B0, 0x01B0, 0x00B3, 0x0001, 
0x00FE, 0x00B3, 0x0001, 0x00FE, 0x01B0, 0x01B0, 0x00B3, 0x01B0, 0x0001, 0x0001, 0x00B3, 0x00FE, 0x01B0, 0x0001, 0x00B3, 0x0001, 
0x01B0, 0x00B3, 0x00B3, 0x01B0, 0x01B0, 0x00FE, 0x00B3, 0x00B3, 0x01B0, 0x01B0, 0x00FE, 0x00FE, 0x00B3, 0x0001, 0x00FE, 0x0001, 
0x00FE, 0x00B3, 0x01B0, 0x01B0, 0x00B3, 0x0001, 0x00FE, 0x00B3, 0x00B3, 0x01B0, 0x00B3, 0x0001, 0x0001, 0x00B3, 0x0001, 0x01B0, 
0x0001, 0x00B3, 0x01B0, 0x00B3, 0x01B0, 0x01B0, 0x0001, 0x00B3, 0x01B0, 0x01B0, 0x00B3, 0x00B3, 0x00FE, 0x00FE, 0x00FE, 0x00FE, 
0x0001, 0x00B3, 0x00FE, 0x00B3, 0x00B3, 0x00B3, 0x01B0, 0x0001, 0x00B3, 0x01B0, 0x0001, 0x00FE, 0x00B3, 0x01B0, 0x0001, 0x00FE, 
0x01B0, 0x00FE, 0x0001, 0x00FE, 0x0001, 0x00FE, 0x0001, 0x00FE, 0x0001, 0x00B3, 0x00FE, 0x00B3, 0x00B3, 0x0001, 0x00FE, 0x00B3, 
0x00FE, 0x00FE, 0x01B0, 0x01B0, 0x01B0, 0x0001, 0x0001, 0x01B0, 0x0001, 0x00FE, 0x00B3, 0x00B3, 0x01B0, 0x00B3, 0x00FE, 0x0001, 
0x00FE, 0x01B0, 0x00FE, 0x01B0, 0x0001, 0x01B0, 0x01B0, 0x01B0, 0x01B0, 0x00B3, 0x00FE, 0x00B3, 0x00B3, 0x0001, 0x0001, 0x01B0, 
0x01B0, 0x00FE, 0x0001, 0x00B3, 0x00B3, 0x00B3, 0x01B0, 0x0001, 0x0001, 0x00B3, 0x00FE, 0x01B0, 0x0001, 0x01B0, 0x00FE, 0x0001, 
0x01B0, 0x00B3, 0x01B0, 0x00B3, 0x0001, 0x0001, 0x0001, 0x01AF, 0x0003, 0x0004, 0x001D, 0x01AB, 0x0183, 0x01A9, 0x0009, 0x0177, 
0x01A6, 0x000C, 0x01A4, 0x005C, 0x0057, 0x0010, 0x0011, 0x019F, 0x0172, 0x0074, 0x0127, 0x0016, 0x00D5, 0x0199, 0x0198, 0x001A, 
0x001B, 0x00F9, 0x01AC, 0x0103, 0x0161, 0x0191, 0x0190, 0x018F, 0x018E, 0x0024, 0x018C, 0x007E, 0x018A, 0x00C9, 0x0029, 0x0114, 
0x0150, 0x0185, 0x0105, 0x0007, 0x00F7, 0x0030, 0x0180, 0x0032, 0x0033, 0x017D, 0x017C, 0x017B, 0x0072, 0x0170, 0x00F4, 0x000A, 
0x003B, 0x015C, 0x005E, 0x00A0, 0x0013, 0x0040, 0x0038, 0x0042, 0x0083, 0x0044, 0x00CE, 0x0046, 0x0119, 0x0169, 0x0164, 0x004A, 
0x0166, 0x00B5, 0x0049, 0x004E, 0x0162, 0x001F, 0x0051, 0x015F, 0x0087, 0x013A, 0x003C, 0x00C2, 0x01A2, 0x0058, 0x005A, 0x0158, 
0x00A5, 0x01A3, 0x00C1, 0x0174, 0x0152, 0x0151, 0x002B, 0x0062, 0x014E, 0x014D, 0x0146, 0x014B, 0x00FB, 0x0068, 0x0148, 0x006A, 
0x0065, 0x006C, 0x006D, 0x00CD, 0x0142, 0x0082, 0x0135, 0x017A, 0x0073, 0x019D, 0x013C, 0x013B, 0x0054, 0x00AA, 0x0079, 0x00F5, 
0x007B, 0x0071, 0x008D, 0x018B, 0x0132, 0x0131, 0x008E, 0x0141, 0x016E, 0x012D, 0x012C, 0x00AB, 0x015E, 0x0129, 0x0089, 0x0015, 
0x008B, 0x0125, 0x0134, 0x0130, 0x008F, 0x0090, 0x0120, 0x009A, 0x011E, 0x011D, 0x00AF, 0x0096, 0x00B7, 0x0047, 0x0099, 0x011F, 
0x0116, 0x0115, 0x002A, 0x009E, 0x0112, 0x0173, 0x00A1, 0x010F, 0x010B, 0x00A4, 0x0156, 0x00A3, 0x00A7, 0x00EE, 0x00A9, 0x0139, 
0x012B, 0x002D, 0x00D1, 0x001E, 0x011C, 0x0101, 0x00B1, 0x00FD, 0x00B3, 0x00B2, 0x0165, 0x0067, 0x011A, 0x001C, 0x00E2, 0x002F, 
0x00F6, 0x007A, 0x0039, 0x00BE, 0x00F2, 0x00C0, 0x0154, 0x015B, 0x00A8, 0x00ED, 0x00C5, 0x00C6, 0x00C7, 0x00C8, 0x0189, 0x00D6, 
0x00E6, 0x00CC, 0x0143, 0x016C, 0x00B9, 0x00E1, 0x0104, 0x00D2, 0x00D3, 0x00DD, 0x019A, 0x00E7, 0x00DA, 0x00D9, 0x00D8, 0x00D7, 
0x00CA, 0x0017, 0x00D4, 0x00DE, 0x00DF, 0x00AD, 0x00D0, 0x00F8, 0x0045, 0x006E, 0x00E5, 0x00CB, 0x00DB, 0x0028, 0x00E9, 0x00EA, 
0x00EB, 0x00EC, 0x00C4, 0x0109, 0x0056, 0x005D, 0x00F1, 0x00BF, 0x00F3, 0x0178, 0x0137, 0x00BB, 0x0182, 0x00CF, 0x0195, 0x0097, 
0x014A, 0x004C, 0x00FF, 0x00FE, 0x00B4, 0x0100, 0x00B0, 0x0095, 0x0193, 0x00E0, 0x0184, 0x0086, 0x0078, 0x0108, 0x00C3, 0x010A, 
0x010E, 0x005B, 0x010D, 0x00A6, 0x00A2, 0x0110, 0x003E, 0x009F, 0x0113, 0x0187, 0x009C, 0x009B, 0x0092, 0x0118, 0x016A, 0x00FA, 
0x011B, 0x0102, 0x0094, 0x0093, 0x0117, 0x0091, 0x0121, 0x0122, 0x0081, 0x007D, 0x008C, 0x0126, 0x019C, 0x0128, 0x0088, 0x0053, 
0x0106, 0x0085, 0x0084, 0x0043, 0x0070, 0x0123, 0x0080, 0x007F, 0x0026, 0x0124, 0x0140, 0x0136, 0x00BC, 0x0138, 0x0107, 0x015D, 
0x0076, 0x0075, 0x0014, 0x013E, 0x0037, 0x007C, 0x012F, 0x006F, 0x00E4, 0x0144, 0x0145, 0x014C, 0x0147, 0x0069, 0x0149, 0x00B6, 
0x0066, 0x006B, 0x0064, 0x0063, 0x014F, 0x0186, 0x0060, 0x005F, 0x003D, 0x00F0, 0x000E, 0x010C, 0x0059, 0x0157, 0x0159, 0x000F, 
0x00EF, 0x0175, 0x0077, 0x012A, 0x0052, 0x0160, 0x0192, 0x004F, 0x0163, 0x0168, 0x00FC, 0x004B, 0x0167, 0x004D, 0x0048, 0x0098, 
0x016B, 0x00E3, 0x016D, 0x012E, 0x016F, 0x0179, 0x0171, 0x019E, 0x0111, 0x0153, 0x0055, 0x0176, 0x01A7, 0x00BD, 0x0041, 0x013F, 
0x0036, 0x0035, 0x0034, 0x017E, 0x017F, 0x0031, 0x0181, 0x00BA, 0x01AA, 0x00AC, 0x002C, 0x0061, 0x009D, 0x0188, 0x00E8, 0x0027, 
0x0133, 0x0025, 0x018D, 0x0023, 0x0022, 0x0021, 0x0020, 0x0050, 0x00AE, 0x0005, 0x00B8, 0x0196, 0x0197, 0x0019, 0x0018, 0x00DC, 
0x019B, 0x008A, 0x013D, 0x003F, 0x0012, 0x01A0, 0x01A1, 0x015A, 0x0155, 0x000D, 0x01A5, 0x000B, 0x003A, 0x01A8, 0x0008, 0x002E, 
0x0006, 0x0194, 0x01AD, 0x01AE, 0x0001, 0x01AD, 0x0009, 0x0010, 0x0091, 0x018D, 0x006F, 0x0171, 0x0051, 0x011E, 0x0138, 0x0090, 
0x0108, 0x01A6, 0x0006, 0x0100, 0x0121, 0x006D, 0x0066, 0x009B, 0x0085, 0x0033, 0x0088, 0x0122, 0x00F1, 0x00F3, 0x0128, 0x002C, 
0x0120, 0x0199, 0x0076, 0x0113, 0x00D2, 0x008F, 0x004A, 0x01AE, 0x016B, 0x0019, 0x00D3, 0x00F6, 0x017E, 0x014E, 0x009F, 0x00E5, 
0x0036, 0x0142, 0x015F, 0x008B, 0x00C5, 0x014F, 0x0003, 0x0147, 0x00DE, 0x0073, 0x00D0, 0x0101, 0x0034, 0x0093, 0x0011, 0x0060, 
0x0069, 0x018A, 0x014B, 0x00C7, 0x00B0, 0x001A, 0x0075, 0x0126, 0x0166, 0x0089, 0x0021, 0x000C, 0x0008, 0x0118, 0x0004, 0x014D, 
0x01A9, 0x0016, 0x00FE, 0x013B, 0x0042, 0x00CC, 0x017C, 0x018C, 0x0151, 0x00E6, 0x01AB, 0x017F, 0x00D8, 0x00D9, 0x0125, 0x000B, 
0x00C4, 0x0148, 0x0044, 0x0136, 0x0112, 0x004E, 0x009E, 0x0188, 0x0012, 0x01A5, 0x0132, 0x01A8, 0x00E9, 0x019B, 0x019F, 0x0196, 
0x00BE, 0x0022, 0x00EC, 0x010F, 0x0115, 0x00E1, 0x00EB, 0x0116, 0x00A7, 0x016D, 0x0025, 0x0031, 0x0160, 0x000D, 0x0197, 0x009C, 
0x0131, 0x0198, 0x0145, 0x0046, 0x0084, 0x00A2, 0x013C, 0x0149, 0x0040, 0x018E, 0x0035, 0x007B, 0x0096, 0x012C, 0x010D, 0x013E, 
0x0080, 0x012D, 0x0062, 0x0181, 0x00C0, 0x0191, 0x0029, 0x00B3, 0x005F, 0x01A1, 0x0162, 0x0190, 0x001B, 0x0020, 0x00DF, 0x0159, 
0x0063, 0x011B, 0x010A, 0x0027, 0x0176, 0x00A9, 0x00DD, 0x0032, 0x008C, 0x00D4, 0x00B1, 0x0094, 0x01A0, 0x0180, 0x0023, 0x017B, 
0x00DA, 0x0018, 0x0152, 0x00C8, 0x0099, 0x0002, 0x01B0, 0x01AF, 0x0064, 0x007F, 0x004F, 0x0185, 0x00F2, 0x0052, 0x0068, 0x01A4, 
0x017D, 0x00A1, 0x0144, 0x003B, 0x00ED, 0x00CB, 0x011D, 0x0079, 0x0110, 0x00EA, 0x00C6, 0x00A4, 0x00BB, 0x0169, 0x0167, 0x0030, 
0x018F, 0x004B, 0x00BF, 0x0024, 0x00D7, 0x016F, 0x0163, 0x0058, 0x0129, 0x0048, 0x006A, 0x006C, 0x006C, 0x006A, 0x0048, 0x0129, 
0x0058, 0x0163, 0x016F, 0x00D7, 0x0024, 0x00BF, 0x004B, 0x018F, 0x0030, 0x0167, 0x0169, 0x00BB, 0x00A4, 0x00C6, 0x00EA, 0x0110, 
0x0079, 0x011D, 0x00CB, 0x00ED, 0x003B, 0x0144, 0x00A1, 0x017D, 0x01A4, 0x0068, 0x0052, 0x00F2, 0x0185, 0x004F, 0x007F, 0x0064, 
0x01AF, 0x01B0, 0x0002, 0x0099, 0x00C8, 0x0152, 0x0018, 0x00DA, 0x017B, 0x0023, 0x0180, 0x01A0, 0x0094, 0x00B1, 0x00D4, 0x008C, 
0x0032, 0x00DD, 0x00A9, 0x0176, 0x0027, 0x010A, 0x011B, 0x0063, 0x0159, 0x00DF, 0x0020, 0x001B, 0x0190, 0x0162, 0x01A1, 0x005F, 
0x00B3, 0x0029, 0x0191, 0x00C0, 0x0181, 0x0062, 0x012D, 0x0080, 0x013E, 0x010D, 0x012C, 0x0096, 0x007B, 0x0035, 0x018E, 0x0040, 
0x0149, 0x013C, 0x00A2, 0x0084, 0x0046, 0x0145, 0x0198, 0x0131, 0x009C, 0x0197, 0x000D, 0x0160, 0x0031, 0x0025, 0x016D, 0x00A7, 
0x0116, 0x00EB, 0x00E1, 0x0115, 0x010F, 0x00EC, 0x0022, 0x00BE, 0x0196, 0x019F, 0x019B, 0x00E9, 0x01A8, 0x0132, 0x01A5, 0x0012, 
0x0188, 0x009E, 0x004E, 0x0112, 0x0136, 0x0044, 0x0148, 0x00C4, 0x000B, 0x0125, 0x00D9, 0x00D8, 0x017F, 0x01AB, 0x00E6, 0x0151, 
0x018C, 0x017C, 0x00CC, 0x0042, 0x013B, 0x00FE, 0x0016, 0x01A9, 0x014D, 0x0004, 0x0118, 0x0008, 0x000C, 0x0021, 0x0089, 0x0166, 
0x0126, 0x0075, 0x001A, 0x00B0, 0x00C7, 0x014B, 0x018A, 0x0069, 0x0060, 0x0011, 0x0093, 0x0034, 0x0101, 0x00D0, 0x0073, 0x00DE, 
0x0147, 0x0003, 0x014F, 0x00C5, 0x008B, 0x015F, 0x0142, 0x0036, 0x00E5, 0x009F, 0x014E, 0x017E, 0x00F6, 0x00D3, 0x0019, 0x016B, 
0x01AE, 0x004A, 0x008F, 0x00D2, 0x0113, 0x0076, 0x0199, 0x0120, 0x002C, 0x0128, 0x00F3, 0x00F1, 0x0122, 0x0088, 0x0033, 0x0085, 
0x009B, 0x0066, 0x006D, 0x0121, 0x0100, 0x0006, 0x01A6, 0x0108, 0x0090, 0x0138, 0x011E, 0x0051, 0x0171, 0x006F, 0x018D, 0x0091, 
0x0010, 0x0009, 0x0001, 0x01A9, 0x001B, 0x0040, 0x0124, 0x00D9, 0x0158, 0x0162, 0x0128, 0x0106, 0x0191, 0x01AD, 0x0191, 0x0117, 
0x005A, 0x00C7, 0x0096, 0x00E6, 0x00CE, 0x0045, 0x00C3, 0x0100, 0x0061, 0x0020, 0x018C, 0x0100, 0x00C6, 0x016E, 0x007D, 0x0092, 
0x00C2, 0x008C, 0x0002, 0x0063, 0x01A9, 0x0145, 0x0008, 0x0054, 0x0002, 0x013A, 0x004A, 0x00AC, 0x0156, 0x0075, 0x0109, 0x005A, 
0x002B, 0x00B1, 0x007F, 0x0128, 0x0099, 0x0075, 0x004B, 0x0094, 0x00B6, 0x0067, 0x016E, 0x012B, 0x0089, 0x0083, 0x0157, 0x00B4, 
0x0045, 0x00B3, 0x00B6, 0x01A1, 0x002D, 0x004A, 0x0015, 0x0040, 0x00B2, 0x01AF, 0x0097, 0x0171, 0x012C, 0x00C2, 0x00FA, 0x01A1, 
0x0094, 0x0056, 0x0096, 0x0112, 0x016C, 0x0164, 0x0043, 0x0127, 0x0158, 0x016B, 0x00AC, 0x002D, 0x00FA, 0x0092, 0x002A, 0x0059, 
0x018E, 0x013C, 0x00A5, 0x011B, 0x0036, 0x00E6, 0x0056, 0x004B, 0x0156, 0x016B, 0x00D9, 0x010A, 0x00EF, 0x0073, 0x0167, 0x0114, 
0x00D8, 0x002A, 0x007D, 0x0067, 0x00B3, 0x00CE, 0x0036, 0x00CB, 0x0049, 0x00FB, 0x009E, 0x011F, 0x010A, 0x0124, 0x0015, 0x013A, 
0x008C, 0x012C, 0x008D, 0x0114, 0x0105, 0x0080, 0x011D, 0x0049, 0x00E3, 0x0112, 0x00C7, 0x0109, 0x0099, 0x0162, 0x0127, 0x0134, 
0x009E, 0x0010, 0x0080, 0x005B, 0x018E, 0x004F, 0x012B, 0x00C6, 0x00C3, 0x00B4, 0x00EA, 0x00A5, 0x0166, 0x0080, 0x0184, 0x0073, 
0x0125, 0x00B2, 0x001B, 0x0063, 0x0054, 0x0196, 0x0097, 0x0077, 0x0073, 0x00B7, 0x009E, 0x014A, 0x0164, 0x00EE, 0x002B, 0x0117, 
0x0106, 0x007F, 0x00EB, 0x0164, 0x00FE, 0x0049, 0x015B, 0x00A5, 0x00A8, 0x0083, 0x00AB, 0x0061, 0x018C, 0x009A, 0x0083, 0x0118, 
0x018E, 0x0046, 0x0114, 0x019C, 0x0097, 0x014E, 0x0145, 0x0001, 0x01B0, 0x0145, 0x015D, 0x00B2, 0x0085, 0x010A, 0x0187, 0x0127, 
0x0086, 0x007F, 0x0150, 0x01AD, 0x01AD, 0x0025, 0x002B, 0x00FD, 0x0112, 0x017B, 0x0036, 0x009F, 0x00B4, 0x0186, 0x018C, 0x0004, 
0x0004, 0x0061, 0x0132, 0x012B, 0x008A, 0x002A, 0x00A7, 0x012C, 0x00FF, 0x0054, 0x006C, 0x0001, 0x01B0, 0x006C, 0x0063, 0x011A, 
0x0015, 0x009D, 0x016B, 0x0023, 0x0099, 0x012E, 0x0117, 0x0025, 0x0150, 0x0106, 0x012E, 0x0109, 0x010C, 0x0056, 0x0168, 0x00B3, 
0x004D, 0x00C6, 0x0132, 0x00AB, 0x009A, 0x0186, 0x00C3, 0x004D, 0x0067, 0x0113, 0x00FA, 0x013E, 0x013A, 0x011A, 0x001B, 0x015D, 
0x014E, 0x0196, 0x00FF, 0x008C, 0x013E, 0x002D, 0x0131, 0x004B, 0x010C, 0x00C7, 0x00FD, 0x00EE, 0x00EB, 0x0086, 0x0162, 0x0023, 
0x0156, 0x0131, 0x01A1, 0x0113, 0x007D, 0x008A, 0x004F, 0x0118, 0x00A8, 0x00EA, 0x009F, 0x00CE, 0x0168, 0x0094, 0x0131, 0x00AC, 
0x009D, 0x0124, 0x0085, 0x0125, 0x0077, 0x019C, 0x008D, 0x00A7, 0x0092, 0x0113, 0x00B6, 0x0168, 0x00E6, 0x017B, 0x00E3, 0x00FE, 
0x014A, 0x0134, 0x0187, 0x00D9, 0x009D, 0x004A, 0x013E, 0x00C2, 0x00A7, 0x00D8, 0x0046, 0x005B, 0x0166, 0x015B, 0x00CB, 0x017B, 
0x0096, 0x010C, 0x0075, 0x0023, 0x0158, 0x0187, 0x011F, 0x00B7, 0x0184, 0x0105, 0x0046, 0x0059, 0x008A, 0x016E, 0x004D, 0x0045, 
0x009F, 0x011B, 0x015B, 0x011D, 0x0010, 0x00B7, 0x00EF, 0x0085, 0x0040, 0x011A, 0x0002, 0x00FF, 0x0171, 0x019C, 0x0167, 0x0184, 
0x0010, 0x00FB, 0x00FE, 0x016C, 0x00FD, 0x005A, 0x012E, 0x0128, 0x0086, 0x0043, 0x014A, 0x00FB, 0x011D, 0x0166, 0x013C, 0x0118, 
0x0089, 0x0132, 0x0100, 0x0186, 0x0157, 0x00A8, 0x013C, 0x005B, 0x0105, 0x0167, 0x0077, 0x01AF, 0x015D, 0x01A9, 0x006C, 0x0008, 
0x014E, 0x01AF, 0x0125, 0x00EF, 0x011F, 0x0134, 0x0043, 0x00EB, 0x00B1, 0x0025, 0x0191, 0x0150, 0x00B1, 0x00EE, 0x016C, 0x00E3, 
0x00CB, 0x011B, 0x00EA, 0x0157, 0x009A, 0x0020, 0x0004, 0x0020, 0x00AB, 0x0089, 0x004F, 0x0059, 0x00D8, 0x008D, 0x0171, 0x0196, 
0x0001, 0x01A1, 0x0051, 0x0100, 0x00A1, 0x0003, 0x00F3, 0x00EA, 0x0042, 0x0016, 0x0051, 0x0181, 0x0011, 0x0009, 0x0033, 0x0099, 
0x0181, 0x00F3, 0x0011, 0x0051, 0x00C6, 0x0003, 0x0042, 0x014F, 0x0176, 0x00A1, 0x0096, 0x0121, 0x00A1, 0x0032, 0x0181, 0x0096, 
0x0042, 0x014F, 0x0099, 0x0009, 0x0128, 0x00A1, 0x004E, 0x0003, 0x0003, 0x0128, 0x01A1, 0x0181, 0x00EA, 0x00F3, 0x0121, 0x010D, 
0x00A1, 0x004E, 0x0009, 0x0016, 0x004E, 0x00C6, 0x0033, 0x008B, 0x004E, 0x0016, 0x0121, 0x0042, 0x008B, 0x014F, 0x0011, 0x00C6, 
0x008B, 0x00F3, 0x01A1, 0x010D, 0x0096, 0x0096, 0x0051, 0x0121, 0x00C6, 0x001B, 0x01A1, 0x0016, 0x00C6, 0x0033, 0x0001, 0x0181, 
0x001A, 0x0181, 0x014F, 0x001B, 0x0042, 0x0100, 0x0033, 0x014F, 0x0099, 0x0099, 0x00EA, 0x0009, 0x0009, 0x008B, 0x008B, 0x001A, 
0x01A1, 0x0016, 0x0096, 0x0033, 0x001A, 0x0121, 0x0099, 0x0051, 0x010D, 0x0033, 0x001A, 0x0128, 0x00A1, 0x0032, 0x00A1, 0x0176, 
0x010D, 0x0033, 0x00EA, 0x0051, 0x0100, 0x008B, 0x001B, 0x00F3, 0x0042, 0x0176, 0x00F3, 0x010D, 0x001B, 0x00A1, 0x001B, 0x0128, 
0x0003, 0x0176, 0x01A1, 0x0009, 0x00EA, 0x0100, 0x014F, 0x001A, 0x01A1, 0x00C6, 0x0032, 0x00C6, 0x001B, 0x0003, 0x004E, 0x008B, 
0x0176, 0x0128, 0x0033, 0x0001, 0x0181, 0x0100, 0x0001, 0x0051, 0x0128, 0x0128, 0x0042, 0x0032, 0x0128, 0x01A1, 0x0100, 0x014F, 
0x0011, 0x0011, 0x010D, 0x014F, 0x00EA, 0x010D, 0x0099, 0x0001, 0x0121, 0x00F3, 0x0100, 0x00EA, 0x004E, 0x0032, 0x0181, 0x010D, 
0x001B, 0x0096, 0x0001, 0x0096, 0x0016, 0x0099, 0x0001, 0x0121, 0x001A, 0x0121, 0x0009, 0x0176, 0x004E, 0x0176, 0x00F3, 0x0011, 
0x0009, 0x0100, 0x0001, 0x0051, 0x0176, 0x00C6, 0x00EA, 0x0032, 0x0003, 0x0011, 0x0099, 0x008B, 0x0032, 0x0096, 0x001A, 0x0003, 
0x004E, 0x001A, 0x0016, 0x0032, 0x0042, 0x0011, 0x0016, 0x001B, 0x001B, 0x0016, 0x0011, 0x0042, 0x0032, 0x0016, 0x001A, 0x004E, 
0x0003, 0x001A, 0x0096, 0x0032, 0x008B, 0x0099, 0x0011, 0x0003, 0x0032, 0x00EA, 0x00C6, 0x0176, 0x0051, 0x0001, 0x0100, 0x0009, 
0x0011, 0x00F3, 0x0176, 0x004E, 0x0176, 0x0009, 0x0121, 0x001A, 0x0121, 0x0001, 0x0099, 0x0016, 0x0096, 0x0001, 0x0096, 0x001B, 
0x010D, 0x0181, 0x0032, 0x004E, 0x00EA, 0x0100, 0x00F3, 0x0121, 0x0001, 0x0099, 0x010D, 0x00EA, 0x014F, 0x010D, 0x0011, 0x0011, 
0x014F, 0x0100, 0x01A1, 0x0128, 0x0032, 0x0042, 0x0128, 0x0128, 0x0051, 0x0001, 0x0100, 0x0181, 0x0001, 0x0033, 0x0128, 0x0176, 
0x008B, 0x004E, 0x0003, 0x001B, 0x00C6, 0x0032, 0x00C6, 0x01A1, 0x001A, 0x014F, 0x0100, 0x00EA, 0x0009, 0x01A1, 0x0176, 0x0003, 
0x0128, 0x001B, 0x00A1, 0x001B, 0x010D, 0x00F3, 0x0176, 0x0042, 0x00F3, 0x001B, 0x008B, 0x0100, 0x0051, 0x00EA, 0x0033, 0x010D, 
0x0176, 0x00A1, 0x0032, 0x00A1, 0x0128, 0x001A, 0x0033, 0x010D, 0x0051, 0x0099, 0x0121, 0x001A, 0x0033, 0x0096, 0x0016, 0x01A1, 
0x001A, 0x008B, 0x008B, 0x0009, 0x0009, 0x00EA, 0x0099, 0x0099, 0x014F, 0x0033, 0x0100, 0x0042, 0x001B, 0x014F, 0x0181, 0x001A, 
0x0181, 0x0001, 0x0033, 0x00C6, 0x0016, 0x01A1, 0x001B, 0x00C6, 0x0121, 0x0051, 0x0096, 0x0096, 0x010D, 0x01A1, 0x00F3, 0x008B, 
0x00C6, 0x0011, 0x014F, 0x008B, 0x0042, 0x0121, 0x0016, 0x004E, 0x008B, 0x0033, 0x00C6, 0x004E, 0x0016, 0x0009, 0x004E, 0x00A1, 
0x010D, 0x0121, 0x00F3, 0x00EA, 0x0181, 0x01A1, 0x0128, 0x0003, 0x0003, 0x004E, 0x00A1, 0x0128, 0x0009, 0x0099, 0x014F, 0x0042, 
0x0096, 0x0181, 0x0032, 0x00A1, 0x0121, 0x0096, 0x00A1, 0x0176, 0x014F, 0x0042, 0x0003, 0x00C6, 0x0051, 0x0011, 0x00F3, 0x0181, 
0x0099, 0x0033, 0x0009, 0x0011, 0x0181, 0x0051, 0x0016, 0x0042, 0x00EA, 0x00F3, 0x0003, 0x00A1, 0x0100, 0x0051, 0x0001, 0x0191, 
0x00F3, 0x009E, 0x0174, 0x0012, 0x0192, 0x008C, 0x00A1, 0x00DC, 0x0019, 0x0122, 0x00DD, 0x007E, 0x014C, 0x011B, 0x0032, 0x002C, 
0x0143, 0x0141, 0x0105, 0x0042, 0x00DB, 0x00F6, 0x0101, 0x0121, 0x0099, 0x012A, 0x0153, 0x00C9, 0x00F4, 0x0025, 0x000D, 0x0084, 
0x009F, 0x0144, 0x007F, 0x0038, 0x000B, 0x0078, 0x007B, 0x0134, 0x00B2, 0x0035, 0x008A, 0x0161, 0x00A0, 0x0163, 0x005F, 0x0003, 
0x001A, 0x0116, 0x00ED, 0x012C, 0x00CF, 0x01A7, 0x0074, 0x019A, 0x00A4, 0x003F, 0x00FC, 0x01A3, 0x00CD, 0x0073, 0x0177, 0x0011, 
0x00E3, 0x006A, 0x0187, 0x006C, 0x007A, 0x0018, 0x00A5, 0x010A, 0x0063, 0x0175, 0x005B, 0x0051, 0x004F, 0x0039, 0x0176, 0x018A, 
0x005D, 0x0067, 0x019E, 0x016E, 0x006B, 0x0024, 0x00C2, 0x015B, 0x004D, 0x018B, 0x0194, 0x004C, 0x00D7, 0x014B, 0x00B4, 0x01A8, 
0x0080, 0x0151, 0x001C, 0x0022, 0x00AB, 0x00C5, 0x0064, 0x00D2, 0x00B8, 0x0167, 0x00E5, 0x0130, 0x0076, 0x0140, 0x0057, 0x00B9, 
0x0040, 0x012F, 0x004B, 0x017D, 0x00B6, 0x0095, 0x00C0, 0x00A3, 0x000C, 0x000F, 0x0158, 0x0170, 0x018E, 0x00D9, 0x0183, 0x007C, 
0x0045, 0x0142, 0x017B, 0x0061, 0x00C1, 0x0048, 0x0196, 0x002D, 0x0016, 0x0008, 0x0157, 0x01AA, 0x0149, 0x0062, 0x0069, 0x015D, 
0x0088, 0x0094, 0x00D1, 0x0128, 0x0097, 0x00BC, 0x0100, 0x0077, 0x010F, 0x0006, 0x008D, 0x0046, 0x0002, 0x0155, 0x008B, 0x009C, 
0x0072, 0x017E, 0x0049, 0x0037, 0x0004, 0x00A8, 0x0159, 0x00AF, 0x002B, 0x019C, 0x0047, 0x0028, 0x0104, 0x0093, 0x0010, 0x011F, 
0x00B3, 0x009A, 0x0055, 0x0086, 0x00B7, 0x015E, 0x002F, 0x003E, 0x0180, 0x00A6, 0x0014, 0x0030, 0x0052, 0x00E9, 0x0005, 0x012E, 
0x00C3, 0x0120, 0x0044, 0x00EA, 0x00EB, 0x0029, 0x00AA, 0x0193, 0x013C, 0x00D3, 0x0123, 0x009D, 0x00BA, 0x00BF, 0x0119, 0x0108, 
0x0138, 0x00D0, 0x00CA, 0x00AE, 0x0190, 0x00CB, 0x00E6, 0x0021, 0x0103, 0x00E7, 0x00E1, 0x0079, 0x00A9, 0x0098, 0x00F2, 0x00F7, 
0x0114, 0x008E, 0x00DE, 0x0075, 0x001E, 0x0107, 0x0188, 0x00C6, 0x00C7, 0x016D, 0x0091, 0x00EE, 0x0083, 0x01AC, 0x00C8, 0x015F, 
0x0181, 0x019D, 0x010B, 0x0031, 0x0173, 0x0182, 0x0053, 0x00FA, 0x012B, 0x015C, 0x0117, 0x00FE, 0x0092, 0x01A1, 0x011E, 0x00AD, 
0x0189, 0x016A, 0x0015, 0x0186, 0x0102, 0x0058, 0x0109, 0x01AD, 0x017A, 0x0168, 0x0033, 0x013F, 0x0115, 0x0126, 0x005C, 0x01AF, 
0x016B, 0x0124, 0x01AB, 0x00A2, 0x013A, 0x00B1, 0x00F5, 0x011A, 0x0089, 0x00E0, 0x011D, 0x0129, 0x0054, 0x0148, 0x014F, 0x0068, 
0x0007, 0x005A, 0x01A9, 0x019B, 0x0184, 0x001B, 0x0169, 0x00F0, 0x0150, 0x0036, 0x006F, 0x016C, 0x0135, 0x002E, 0x00D8, 0x0023, 
0x0041, 0x0059, 0x01A2, 0x01A5, 0x010E, 0x00F1, 0x011C, 0x00FB, 0x0034, 0x0166, 0x0082, 0x0171, 0x00F8, 0x015A, 0x0071, 0x013B, 
0x0081, 0x00CC, 0x004A, 0x00F9, 0x00DF, 0x014D, 0x00EC, 0x0106, 0x018F, 0x0195, 0x0060, 0x0131, 0x0009, 0x00FD, 0x0066, 0x00DA, 
0x0165, 0x001D, 0x0026, 0x0164, 0x0056, 0x00EF, 0x018D, 0x0146, 0x0043, 0x0013, 0x014A, 0x0154, 0x0027, 0x003B, 0x0178, 0x0162, 
0x0160, 0x0156, 0x003C, 0x014E, 0x00A7, 0x010C, 0x0199, 0x0137, 0x0145, 0x002A, 0x0147, 0x00CE, 0x01A0, 0x003A, 0x013E, 0x00E4, 
0x000E, 0x00B5, 0x0172, 0x010D, 0x0017, 0x013D, 0x000A, 0x00E2, 0x0085, 0x00C4, 0x009B, 0x0197, 0x01AE, 0x0152, 0x004E, 0x0111, 
0x0050, 0x0127, 0x017C, 0x00FF, 0x007D, 0x0136, 0x0139, 0x01A6, 0x0179, 0x0132, 0x006D, 0x0112, 0x012D, 0x01A4, 0x018C, 0x00BD, 
0x00E8, 0x005E, 0x0087, 0x0118, 0x0090, 0x00B0, 0x00BB, 0x00D6, 0x016F, 0x00AC, 0x0070, 0x006E, 0x0185, 0x017F, 0x0096, 0x0065, 
0x0133, 0x00D4, 0x008F, 0x0198, 0x00D5, 0x0110, 0x0125, 0x001F, 0x019F, 0x003D, 0x0113, 0x00BE, 0x0001, 0x0171, 0x0128, 0x00C7, 
0x0080, 0x006C, 0x00D8, 0x00FE, 0x0096, 0x0023, 0x0113, 0x0010, 0x0113, 0x0020, 0x00D9, 0x00C6, 0x01A1, 0x0167, 0x004B, 0x0166, 
0x011D, 0x0099, 0x0112, 0x0113, 0x016B, 0x0099, 0x00EA, 0x0075, 0x0131, 0x0191, 0x00CB, 0x013E, 0x01AD, 0x009E, 0x0171, 0x0196, 
0x0171, 0x018C, 0x01AD, 0x0025, 0x0118, 0x017B, 0x0125, 0x00A7, 0x0094, 0x00D9, 0x009F, 0x0099, 0x0145, 0x0096, 0x001B, 0x00A7, 
0x0004, 0x00B3, 0x007F, 0x0132, 0x0075, 0x018E, 0x0096, 0x013C, 0x00D9, 0x01AF, 0x0166, 0x01B0, 0x007F, 0x0100, 0x0036, 0x0118, 
0x0085, 0x00C7, 0x0002, 0x01AD, 0x0162, 0x00C7, 0x0040, 0x00CB, 0x004F, 0x0100, 0x00B3, 0x00E6, 0x01A1, 0x010A, 0x0166, 0x01A9, 
0x0075, 0x012C, 0x00D8, 0x0089, 0x017B, 0x0036, 0x004F, 0x0191, 0x014E, 0x00D8, 0x004A, 0x00A7, 0x008C, 0x01A1, 0x0073, 0x0167, 
0x00E6, 0x0004, 0x0125, 0x0089, 0x006C, 0x00B1, 0x00CB, 0x00EB, 0x0118, 0x0063, 0x006C, 0x014E, 0x0131, 0x0132, 0x01B0, 0x004B, 
0x0073, 0x0167, 0x0008, 0x007F, 0x011B, 0x0191, 0x00B1, 0x0080, 0x0085, 0x0025, 0x013E, 0x0040, 0x0080, 0x0063, 0x017B, 0x0046, 
0x00B3, 0x0008, 0x004B, 0x010A, 0x00C6, 0x0094, 0x001B, 0x00FE, 0x012C, 0x0131, 0x011B, 0x0100, 0x0046, 0x0125, 0x004A, 0x00FE, 
0x018E, 0x00EA, 0x011D, 0x01AF, 0x00C6, 0x008C, 0x0004, 0x0046, 0x0036, 0x00EB, 0x013E, 0x0002, 0x0128, 0x009E, 0x018C, 0x0128, 
0x0162, 0x0025, 0x00EB, 0x004F, 0x011B, 0x0132, 0x01A9, 0x011D, 0x009F, 0x0020, 0x0023, 0x0145, 0x00EA, 0x01A9, 0x01B0, 0x0008, 
0x00E6, 0x008C, 0x0094, 0x013C, 0x0023, 0x0112, 0x016B, 0x0020, 0x013C, 0x001B, 0x004A, 0x0089, 0x0063, 0x0085, 0x0162, 0x009E, 
0x0196, 0x0001, 0x0001, 0x0196, 0x018C, 0x0002, 0x0040, 0x00B1, 0x014E, 0x012C, 0x018E, 0x0145, 0x0112, 0x0010, 0x0010, 0x016B, 
0x009F, 0x01AF, 0x010A, 0x0073, 0x0073, 0x010A, 0x01AF, 0x009F, 0x016B, 0x0010, 0x0010, 0x0112, 0x0145, 0x018E, 0x012C, 0x014E, 
0x00B1, 0x0040, 0x0002, 0x018C, 0x0196, 0x0001, 0x0001, 0x0196, 0x009E, 0x0162, 0x0085, 0x0063, 0x0089, 0x004A, 0x001B, 0x013C, 
0x0020, 0x016B, 0x0112, 0x0023, 0x013C, 0x0094, 0x008C, 0x00E6, 0x0008, 0x01B0, 0x01A9, 0x00EA, 0x0145, 0x0023, 0x0020, 0x009F, 
0x011D, 0x01A9, 0x0132, 0x011B, 0x004F, 0x00EB, 0x0025, 0x0162, 0x0128, 0x018C, 0x009E, 0x0128, 0x0002, 0x013E, 0x00EB, 0x0036, 
0x0046, 0x0004, 0x008C, 0x00C6, 0x01AF, 0x011D, 0x00EA, 0x018E, 0x00FE, 0x004A, 0x0125, 0x0046, 0x0100, 0x011B, 0x0131, 0x012C, 
0x00FE, 0x001B, 0x0094, 0x00C6, 0x010A, 0x004B, 0x0008, 0x00B3, 0x0046, 0x017B, 0x0063, 0x0080, 0x0040, 0x013E, 0x0025, 0x0085, 
0x0080, 0x00B1, 0x0191, 0x011B, 0x007F, 0x0008, 0x0167, 0x0073, 0x004B, 0x01B0, 0x0132, 0x0131, 0x014E, 0x006C, 0x0063, 0x0118, 
0x00EB, 0x00CB, 0x00B1, 0x006C, 0x0089, 0x0125, 0x0004, 0x00E6, 0x0167, 0x0073, 0x01A1, 0x008C, 0x00A7, 0x004A, 0x00D8, 0x014E, 
0x0191, 0x004F, 0x0036, 0x017B, 0x0089, 0x00D8, 0x012C, 0x0075, 0x01A9, 0x0166, 0x010A, 0x01A1, 0x00E6, 0x00B3, 0x0100, 0x004F, 
0x00CB, 0x0040, 0x00C7, 0x0162, 0x01AD, 0x0002, 0x00C7, 0x0085, 0x0118, 0x0036, 0x0100, 0x007F, 0x01B0, 0x0166, 0x01AF, 0x00D9, 
0x013C, 0x0096, 0x018E, 0x0075, 0x0132, 0x007F, 0x00B3, 0x0004, 0x00A7, 0x001B, 0x0096, 0x0145, 0x0099, 0x009F, 0x00D9, 0x0094, 
0x00A7, 0x0125, 0x017B, 0x0118, 0x0025, 0x01AD, 0x018C, 0x0171, 0x0196, 0x0171, 0x009E, 0x01AD, 0x013E, 0x00CB, 0x0191, 0x0131, 
0x0075, 0x00EA, 0x0099, 0x016B, 0x0113, 0x0112, 0x0099, 0x011D, 0x0166, 0x004B, 0x0167, 0x01A1, 0x00C6, 0x00D9, 0x0020, 0x0113, 
0x0010, 0x0113, 0x0023, 0x0096, 0x00FE, 0x00D8, 0x006C, 0x0080, 0x00C7, 0x0128, 0x0001, 0x0131, 0x0016, 0x016B, 0x00CF, 0x00D7, 
0x00D5, 0x012C, 0x0033, 0x015E, 0x01AB, 0x00C0, 0x006F, 0x000F, 0x00E0, 0x0089, 0x00A1, 0x0190, 0x007E, 0x00E8, 0x0164, 0x014F, 
0x00F0, 0x0069, 0x019F, 0x0051, 0x0100, 0x00F5, 0x00B9, 0x0153, 0x00E7, 0x00D9, 0x012D, 0x00B0, 0x0166, 0x0147, 0x00E6, 0x0146, 
0x0115, 0x00B5, 0x00DE, 0x014A, 0x002A, 0x01A4, 0x00A5, 0x0017, 0x0070, 0x01A0, 0x0151, 0x008B, 0x004E, 0x0018, 0x00D4, 0x008C, 
0x0039, 0x00F9, 0x00AE, 0x0087, 0x00BE, 0x0155, 0x00F7, 0x0135, 0x0026, 0x0171, 0x001C, 0x0009, 0x009A, 0x01A5, 0x0054, 0x004A, 
0x008E, 0x0091, 0x0127, 0x0004, 0x0025, 0x0111, 0x0015, 0x0032, 0x011D, 0x00D6, 0x0003, 0x00A2, 0x010E, 0x00C2, 0x01A3, 0x00FD, 
0x00AD, 0x016D, 0x0186, 0x0061, 0x0105, 0x0057, 0x013F, 0x0182, 0x0066, 0x000B, 0x009D, 0x00A4, 0x007F, 0x018A, 0x0119, 0x0198, 
0x012E, 0x0188, 0x0052, 0x008F, 0x0047, 0x010A, 0x00D2, 0x0041, 0x0129, 0x00AA, 0x0102, 0x00F4, 0x013E, 0x0028, 0x0020, 0x0169, 
0x0056, 0x0055, 0x0024, 0x01AA, 0x0079, 0x011C, 0x00AB, 0x014C, 0x0075, 0x018E, 0x003A, 0x0139, 0x011F, 0x0093, 0x01A9, 0x00CE, 
0x00A6, 0x00ED, 0x0118, 0x0049, 0x0121, 0x0036, 0x012B, 0x000A, 0x00C8, 0x003B, 0x00BF, 0x0158, 0x0035, 0x0162, 0x019E, 0x001B, 
0x00A8, 0x0081, 0x01A1, 0x0157, 0x00BB, 0x005F, 0x00FB, 0x0145, 0x014E, 0x0140, 0x001A, 0x0031, 0x001F, 0x0030, 0x0184, 0x0050, 
0x0113, 0x011A, 0x00C5, 0x003C, 0x016C, 0x005B, 0x00E4, 0x0174, 0x003F, 0x002C, 0x011B, 0x0134, 0x00FE, 0x008D, 0x003E, 0x016E, 
0x00EE, 0x007A, 0x019D, 0x012F, 0x014D, 0x0183, 0x0193, 0x016F, 0x0116, 0x0144, 0x0037, 0x00FF, 0x00B7, 0x00E1, 0x0136, 0x00C6, 
0x00C7, 0x00E5, 0x0165, 0x0194, 0x0002, 0x00A9, 0x0038, 0x013A, 0x0074, 0x0034, 0x006E, 0x0149, 0x0159, 0x013B, 0x005D, 0x0005, 
0x0022, 0x009F, 0x0112, 0x018F, 0x01AC, 0x0154, 0x0076, 0x0058, 0x0068, 0x0143, 0x017D, 0x013D, 0x0077, 0x0179, 0x0108, 0x01AF, 
0x001D, 0x004C, 0x00CC, 0x00EA, 0x00EB, 0x007B, 0x00D0, 0x00FA, 0x00B2, 0x017A, 0x006D, 0x009B, 0x0042, 0x001E, 0x002E, 0x0064, 
0x0082, 0x0014, 0x0137, 0x00C3, 0x0043, 0x0173, 0x0124, 0x00B3, 0x007D, 0x0096, 0x0185, 0x0172, 0x003D, 0x00CD, 0x0156, 0x0045, 
0x0175, 0x00EC, 0x0097, 0x009E, 0x0161, 0x002D, 0x0181, 0x0192, 0x0180, 0x0197, 0x0071, 0x0063, 0x006C, 0x00B6, 0x0152, 0x00F6, 
0x005A, 0x0010, 0x0130, 0x0109, 0x0196, 0x0013, 0x004F, 0x017C, 0x0059, 0x00F2, 0x0176, 0x00E9, 0x01A7, 0x0086, 0x017B, 0x0090, 
0x0168, 0x0099, 0x00C4, 0x010B, 0x00E3, 0x0008, 0x011E, 0x0092, 0x0078, 0x0177, 0x0023, 0x013C, 0x0065, 0x0106, 0x0095, 0x0138, 
0x0007, 0x018D, 0x015C, 0x015B, 0x0048, 0x0191, 0x0189, 0x0073, 0x00BD, 0x00AF, 0x0107, 0x0088, 0x0170, 0x00DF, 0x00A7, 0x016A, 
0x0122, 0x015F, 0x0029, 0x0083, 0x0019, 0x0098, 0x0027, 0x0132, 0x010D, 0x0114, 0x01A6, 0x014B, 0x002F, 0x0072, 0x015A, 0x00AC, 
0x0150, 0x002B, 0x0044, 0x0104, 0x00B4, 0x000E, 0x00EF, 0x00A3, 0x010F, 0x01AE, 0x00DB, 0x0094, 0x017F, 0x019C, 0x00A0, 0x018C, 
0x01AD, 0x008A, 0x0120, 0x0123, 0x0167, 0x015D, 0x000C, 0x0117, 0x01A8, 0x0195, 0x0040, 0x018B, 0x007C, 0x00BA, 0x005C, 0x00F3, 
0x012A, 0x0103, 0x00B8, 0x0178, 0x0125, 0x00DD, 0x0199, 0x0163, 0x0126, 0x0060, 0x0011, 0x0141, 0x019A, 0x010C, 0x000D, 0x0187, 
0x0067, 0x00D3, 0x00FC, 0x009C, 0x006B, 0x00CB, 0x006A, 0x004B, 0x0101, 0x0084, 0x00D8, 0x00CA, 0x005E, 0x00F8, 0x00BC, 0x00B1, 
0x0160, 0x0012, 0x0148, 0x00C1, 0x0062, 0x004D, 0x00C9, 0x0133, 0x0021, 0x0110, 0x0128, 0x00D1, 0x01A2, 0x0142, 0x00F1, 0x0006, 
0x0053, 0x017E, 0x0085, 0x00DC, 0x00DA, 0x00E2, 0x0046, 0x019B, 0x0001, 0x00B1, 0x0042, 0x0099, 0x00A9, 0x01A8, 0x00C0, 0x00EB, 
0x001A, 0x0024, 0x016F, 0x008B, 0x0090, 0x00D2, 0x0149, 0x001B, 0x008B, 0x0110, 0x00E5, 0x0136, 0x0073, 0x0009, 0x0144, 0x0163, 
0x01A0, 0x0176, 0x01A1, 0x016D, 0x00A9, 0x00D3, 0x00E9, 0x0010, 0x0197, 0x0163, 0x0196, 0x0051, 0x011B, 0x0108, 0x019B, 0x0138, 
0x0009, 0x0004, 0x004A, 0x0126, 0x0040, 0x00C0, 0x0044, 0x0032, 0x003B, 0x0016, 0x0051, 0x017E, 0x019B, 0x00C7, 0x0068, 0x0058, 
0x0188, 0x0024, 0x0181, 0x006D, 0x0159, 0x006A, 0x00E5, 0x00EA, 0x0058, 0x00A1, 0x0167, 0x0032, 0x00A7, 0x01A1, 0x007B, 0x0030, 
0x013E, 0x0128, 0x00B1, 0x018D, 0x013E, 0x0003, 0x01B0, 0x00E9, 0x00F3, 0x0126, 0x0147, 0x0113, 0x006D, 0x006C, 0x0149, 0x004E, 
0x0046, 0x0046, 0x0171, 0x00D2, 0x00DF, 0x0159, 0x00A4, 0x00BE, 0x004A, 0x0033, 0x0010, 0x01AE, 0x00EC, 0x0030, 0x016B, 0x0042, 
0x017F, 0x0003, 0x00EC, 0x0096, 0x0176, 0x00DE, 0x003B, 0x01A5, 0x008F, 0x0068, 0x00C6, 0x0136, 0x0118, 0x00A4, 0x0113, 0x00F1, 
0x001A, 0x000C, 0x00A1, 0x008F, 0x009E, 0x0108, 0x0089, 0x011B, 0x0079, 0x01A5, 0x0167, 0x0160, 0x00EB, 0x0145, 0x0147, 0x00BE, 
0x0100, 0x0073, 0x014F, 0x00C7, 0x009E, 0x0079, 0x0016, 0x010D, 0x01A0, 0x01AD, 0x01AE, 0x01B0, 0x00C8, 0x0099, 0x00FE, 0x007B, 
0x0096, 0x01AD, 0x0197, 0x0062, 0x0004, 0x0100, 0x0118, 0x006A, 0x0121, 0x0090, 0x0122, 0x004E, 0x0171, 0x0122, 0x001B, 0x00B3, 
0x0181, 0x00F1, 0x0145, 0x0040, 0x0029, 0x00D3, 0x00C8, 0x017F, 0x0128, 0x010A, 0x0001, 0x010A, 0x018D, 0x016B, 0x00FE, 0x016D, 
0x00C5, 0x0044, 0x0160, 0x000C, 0x0188, 0x0011, 0x0110, 0x0121, 0x00DF, 0x006C, 0x00B3, 0x016F, 0x0011, 0x00EA, 0x00C6, 0x014F, 
0x0138, 0x00CC, 0x0196, 0x010D, 0x00DE, 0x00A7, 0x00C5, 0x01A8, 0x0029, 0x00F3, 0x0033, 0x0062, 0x0144, 0x00CC, 0x017E, 0x0089, 
0x0089, 0x017E, 0x00CC, 0x0144, 0x0062, 0x0033, 0x00F3, 0x0029, 0x01A8, 0x00C5, 0x00A7, 0x00DE, 0x010D, 0x0196, 0x00CC, 0x0138, 
0x014F, 0x00C6, 0x00EA, 0x0011, 0x016F, 0x00B3, 0x006C, 0x00DF, 0x0121, 0x0110, 0x0011, 0x0188, 0x000C, 0x0160, 0x0044, 0x00C5, 
0x016D, 0x00FE, 0x016B, 0x018D, 0x010A, 0x0001, 0x010A, 0x0128, 0x017F, 0x00C8, 0x00D3, 0x0029, 0x0040, 0x0145, 0x00F1, 0x0181, 
0x00B3, 0x001B, 0x0122, 0x0171, 0x004E, 0x0122, 0x0090, 0x0121, 0x006A, 0x0118, 0x0100, 0x0004, 0x0062, 0x0197, 0x01AD, 0x0096, 
0x007B, 0x00FE, 0x0099, 0x00C8, 0x01B0, 0x01AE, 0x01AD, 0x01A0, 0x010D, 0x0016, 0x0079, 0x009E, 0x00C7, 0x014F, 0x0073, 0x0100, 
0x00BE, 0x0147, 0x0145, 0x00EB, 0x0160, 0x0167, 0x01A5, 0x0079, 0x011B, 0x0089, 0x0108, 0x009E, 0x008F, 0x00A1, 0x000C, 0x001A, 
0x00F1, 0x0113, 0x00A4, 0x0118, 0x0136, 0x00C6, 0x0068, 0x008F, 0x01A5, 0x003B, 0x00DE, 0x0176, 0x0096, 0x00EC, 0x0003, 0x017F, 
0x0042, 0x016B, 0x0030, 0x00EC, 0x01AE, 0x0010, 0x0033, 0x004A, 0x00BE, 0x00A4, 0x0159, 0x00DF, 0x00D2, 0x0171, 0x0046, 0x0046, 
0x004E, 0x0149, 0x006C, 0x006D, 0x0113, 0x0147, 0x0126, 0x00F3, 0x00E9, 0x01B0, 0x0003, 0x013E, 0x018D, 0x00B1, 0x0128, 0x013E, 
0x0030, 0x007B, 0x01A1, 0x00A7, 0x0032, 0x0167, 0x00A1, 0x0058, 0x00EA, 0x00E5, 0x006A, 0x0159, 0x006D, 0x0181, 0x0024, 0x0188, 
0x0058, 0x0068, 0x00C7, 0x019B, 0x017E, 0x0051, 0x0016, 0x003B, 0x0032, 0x0044, 0x00C0, 0x0040, 0x0126, 0x004A, 0x0004, 0x0009, 
0x0138, 0x019B, 0x0108, 0x011B, 0x0051, 0x0196, 0x0163, 0x0197, 0x0010, 0x00E9, 0x00D3, 0x00A9, 0x016D, 0x01A1, 0x0176, 0x01A0, 
0x0163, 0x0144, 0x0009, 0x0073, 0x0136, 0x00E5, 0x0110, 0x008B, 0x001B, 0x0149, 0x00D2, 0x0090, 0x008B, 0x016F, 0x0024, 0x001A, 
0x00EB, 0x00C0, 0x01A8, 0x00A9, 0x0099, 0x0042, 0x0001, 0x0162, 0x00C6, 0x00B3, 0x019C, 0x017B, 0x002D, 0x0094, 0x00EA, 0x0168, 
0x008C, 0x0171, 0x008C, 0x0156, 0x00AC, 0x01B0, 0x00C6, 0x0085, 0x0015, 0x008A, 0x00FA, 0x00C6, 0x005B, 0x0125, 0x0008, 0x00C6, 
0x0001, 0x0105, 0x008A, 0x010C, 0x0127, 0x004F, 0x0008, 0x017B, 0x0162, 0x013E, 0x004F, 0x0049, 0x0008, 0x0164, 0x0171, 0x00A8, 
0x0097, 0x017B, 0x011A, 0x00AC, 0x00A5, 0x00EB, 0x0125, 0x00EA, 0x00EA, 0x017B, 0x0085, 0x0162, 0x005B, 0x00A5, 0x0105, 0x0164, 
0x00C7, 0x002D, 0x0105, 0x004D, 0x008A, 0x00FE, 0x005B, 0x00EA, 0x00EE, 0x0171, 0x0109, 0x00B3, 0x0049, 0x01A9, 0x0109, 0x00FE, 
0x011D, 0x0127, 0x00EE, 0x00EA, 0x0162, 0x0015, 0x00C6, 0x0125, 0x0127, 0x0097, 0x00AC, 0x00C3, 0x002D, 0x0171, 0x00A8, 0x00EE, 
0x00EE, 0x010C, 0x0184, 0x0184, 0x01A9, 0x0036, 0x00FA, 0x00EB, 0x011D, 0x0085, 0x0015, 0x0085, 0x0097, 0x0171, 0x017B, 0x013E, 
0x008A, 0x00B3, 0x0040, 0x00AC, 0x0036, 0x0184, 0x008A, 0x00A5, 0x00FE, 0x0015, 0x011D, 0x012C, 0x00FA, 0x0156, 0x0073, 0x00A5, 
0x013E, 0x019C, 0x0109, 0x0164, 0x004F, 0x011D, 0x0015, 0x00AC, 0x0109, 0x0085, 0x004F, 0x00FA, 0x019C, 0x0125, 0x01B0, 0x011A, 
0x00EA, 0x0094, 0x00C3, 0x0127, 0x0073, 0x00C7, 0x0085, 0x011A, 0x01A9, 0x011D, 0x0164, 0x0001, 0x00FA, 0x004D, 0x0001, 0x00FA, 
0x012C, 0x0085, 0x00C3, 0x00B3, 0x0162, 0x0049, 0x00C6, 0x017B, 0x0049, 0x00EB, 0x0109, 0x004D, 0x00B3, 0x00C3, 0x0073, 0x010C, 
0x0097, 0x00B7, 0x00A5, 0x0156, 0x0168, 0x0125, 0x01B0, 0x0097, 0x00B3, 0x00FA, 0x019C, 0x00FA, 0x0097, 0x002D, 0x0049, 0x005B, 
0x0008, 0x005B, 0x002D, 0x00C7, 0x01A9, 0x0040, 0x00AC, 0x00A8, 0x0109, 0x0036, 0x013E, 0x0001, 0x01B0, 0x013E, 0x0168, 0x0049, 
0x0094, 0x013E, 0x002D, 0x00C3, 0x004D, 0x0125, 0x0156, 0x0171, 0x0171, 0x01A9, 0x00A5, 0x0164, 0x0125, 0x0094, 0x011D, 0x008C, 
0x004D, 0x010C, 0x0008, 0x0040, 0x0040, 0x005B, 0x008C, 0x0164, 0x00EE, 0x0184, 0x0073, 0x011D, 0x0168, 0x0049, 0x0073, 0x0001, 
0x01B0, 0x0073, 0x017B, 0x00A8, 0x0109, 0x0105, 0x0171, 0x0008, 0x00EA, 0x0184, 0x0156, 0x01A9, 0x0156, 0x0168, 0x0184, 0x011A, 
0x00B7, 0x0015, 0x00B7, 0x00FE, 0x011A, 0x0001, 0x008C, 0x0049, 0x005B, 0x010C, 0x00FA, 0x011A, 0x00A5, 0x013E, 0x00EE, 0x00FE, 
0x0164, 0x00A8, 0x00C6, 0x0168, 0x0036, 0x00EB, 0x0168, 0x004F, 0x00FE, 0x00EE, 0x012C, 0x0085, 0x00B7, 0x01B0, 0x0164, 0x00B7, 
0x01B0, 0x004D, 0x0094, 0x0008, 0x0097, 0x012C, 0x00EA, 0x013E, 0x008A, 0x00EE, 0x011D, 0x00C7, 0x0097, 0x0001, 0x008C, 0x0015, 
0x00B7, 0x0162, 0x012C, 0x00A8, 0x0105, 0x019C, 0x0094, 0x0162, 0x004D, 0x00A8, 0x0015, 0x0073, 0x010C, 0x013E, 0x005B, 0x00B7, 
0x0085, 0x0094, 0x019C, 0x00B3, 0x010C, 0x0127, 0x002D, 0x017B, 0x0105, 0x0171, 0x00FE, 0x0127, 0x0073, 0x0036, 0x0040, 0x011A, 
0x012C, 0x019C, 0x012C, 0x0094, 0x00C6, 0x00B7, 0x017B, 0x0008, 0x002D, 0x002D, 0x00A5, 0x00C3, 0x00C3, 0x0109, 0x0040, 0x0184, 
0x00EE, 0x0105, 0x011A, 0x008A, 0x008C, 0x00EB, 0x019C, 0x004F, 0x00C7, 0x00C3, 0x008A, 0x0094, 0x00B3, 0x00A8, 0x0008, 0x0168, 
0x00FE, 0x00A8, 0x0040, 0x00C3, 0x00C7, 0x0156, 0x00B3, 0x0127, 0x0164, 0x00AC, 0x0184, 0x00EA, 0x004D, 0x00AC, 0x010C, 0x0156, 
0x004F, 0x012C, 0x0036, 0x00C7, 0x00C7, 0x008C, 0x00C6, 0x010C, 0x0105, 0x0097, 0x0036, 0x011A, 0x0109, 0x0040, 0x004D, 0x01A9, 
0x0168, 0x0162, 0x0073, 0x004F, 0x0036, 0x01A9, 0x0162, 0x008A, 0x00A5, 0x0127, 0x00AC, 0x01B0, 0x00EB, 0x01A9, 0x008C, 0x0156, 
0x00EB, 0x00B7, 0x0127, 0x019C, 0x012C, 0x00EB, 0x0001, 0x0105, 0x005B, 0x0125, 0x0040, 0x0125, 0x0049, 0x00C7, 0x011D, 0x0184, 
0x0036, 0x0015, 0x00FE, 0x00EB, 0x0001, 0x0113, 0x00A1, 0x011B, 0x0148, 0x006D, 0x013B, 0x013E, 0x0176, 0x0088, 0x00F1, 0x0062, 
0x0058, 0x0019, 0x019F, 0x01A1, 0x014F, 0x00E5, 0x018F, 0x00A2, 0x0036, 0x001A, 0x0169, 0x0068, 0x00C8, 0x0181, 0x001B, 0x017C, 
0x0069, 0x00F6, 0x0034, 0x016B, 0x0108, 0x0149, 0x010A, 0x00BE, 0x0145, 0x00B0, 0x0138, 0x0180, 0x0197, 0x0080, 0x01AF, 0x00DE, 
0x0085, 0x0076, 0x018A, 0x0016, 0x0044, 0x0009, 0x00F3, 0x00DF, 0x0079, 0x0040, 0x00F2, 0x0093, 0x009B, 0x0129, 0x0032, 0x0066, 
0x014D, 0x000B, 0x0022, 0x00EB, 0x011E, 0x0121, 0x0166, 0x019B, 0x0063, 0x0196, 0x01A4, 0x0122, 0x0125, 0x00B1, 0x009E, 0x0151, 
0x008C, 0x0042, 0x00FE, 0x017D, 0x0011, 0x00D3, 0x00ED, 0x007F, 0x014B, 0x013C, 0x0012, 0x01AE, 0x00E6, 0x00CB, 0x0008, 0x0198, 
0x0091, 0x0064, 0x006A, 0x01A5, 0x0002, 0x0051, 0x0046, 0x0136, 0x0185, 0x008F, 0x018E, 0x0110, 0x0188, 0x016F, 0x002C, 0x0118, 
0x0030, 0x012D, 0x016D, 0x009C, 0x0006, 0x00BF, 0x00C7, 0x010F, 0x0004, 0x0147, 0x0132, 0x0152, 0x003B, 0x00D4, 0x0090, 0x01AB, 
0x00D9, 0x0101, 0x004A, 0x006C, 0x006F, 0x0115, 0x004B, 0x00EC, 0x0073, 0x009F, 0x00C4, 0x000C, 0x0128, 0x017B, 0x0033, 0x0171, 
0x00D8, 0x0142, 0x01A8, 0x004E, 0x00E9, 0x0025, 0x007B, 0x00B3, 0x00DA, 0x0096, 0x004F, 0x000D, 0x0099, 0x018C, 0x00A9, 0x018D, 
0x0131, 0x0089, 0x01AD, 0x01A6, 0x010D, 0x0159, 0x00D0, 0x0003, 0x01A9, 0x00E1, 0x0010, 0x011D, 0x017F, 0x005F, 0x0112, 0x012C, 
0x0190, 0x00BB, 0x00D7, 0x0029, 0x0100, 0x0020, 0x01B0, 0x0191, 0x0060, 0x0023, 0x0162, 0x0035, 0x0052, 0x0027, 0x00C5, 0x00DD, 
0x0116, 0x008B, 0x00CC, 0x00A4, 0x0120, 0x0075, 0x0094, 0x00C0, 0x0126, 0x00C6, 0x00EA, 0x017E, 0x0031, 0x0018, 0x00A7, 0x0163, 
0x0084, 0x014E, 0x015F, 0x0144, 0x0021, 0x01A0, 0x0160, 0x0024, 0x0048, 0x0199, 0x00D2, 0x0167, 0x0167, 0x00D2, 0x0199, 0x0048, 
0x0024, 0x0160, 0x01A0, 0x0021, 0x0144, 0x015F, 0x014E, 0x0084, 0x0163, 0x00A7, 0x0018, 0x0031, 0x017E, 0x00EA, 0x00C6, 0x0126, 
0x00C0, 0x0094, 0x0075, 0x0120, 0x00A4, 0x00CC, 0x008B, 0x0116, 0x00DD, 0x00C5, 0x0027, 0x0052, 0x0035, 0x0162, 0x0023, 0x0060, 
0x0191, 0x01B0, 0x0020, 0x0100, 0x0029, 0x00D7, 0x00BB, 0x0190, 0x012C, 0x0112, 0x005F, 0x017F, 0x011D, 0x0010, 0x00E1, 0x01A9, 
0x0003, 0x00D0, 0x0159, 0x010D, 0x01A6, 0x01AD, 0x0089, 0x0131, 0x018D, 0x00A9, 0x018C, 0x0099, 0x000D, 0x004F, 0x0096, 0x00DA, 
0x00B3, 0x007B, 0x0025, 0x00E9, 0x004E, 0x01A8, 0x0142, 0x00D8, 0x0171, 0x0033, 0x017B, 0x0128, 0x000C, 0x00C4, 0x009F, 0x0073, 
0x00EC, 0x004B, 0x0115, 0x006F, 0x006C, 0x004A, 0x0101, 0x00D9, 0x01AB, 0x0090, 0x00D4, 0x003B, 0x0152, 0x0132, 0x0147, 0x0004, 
0x010F, 0x00C7, 0x00BF, 0x0006, 0x009C, 0x016D, 0x012D, 0x0030, 0x0118, 0x002C, 0x016F, 0x0188, 0x0110, 0x018E, 0x008F, 0x0185, 
0x0136, 0x0046, 0x0051, 0x0002, 0x01A5, 0x006A, 0x0064, 0x0091, 0x0198, 0x0008, 0x00CB, 0x00E6, 0x01AE, 0x0012, 0x013C, 0x014B, 
0x007F, 0x00ED, 0x00D3, 0x0011, 0x017D, 0x00FE, 0x0042, 0x008C, 0x0151, 0x009E, 0x00B1, 0x0125, 0x0122, 0x01A4, 0x0196, 0x0063, 
0x019B, 0x0166, 0x0121, 0x011E, 0x00EB, 0x0022, 0x000B, 0x014D, 0x0066, 0x0032, 0x0129, 0x009B, 0x0093, 0x00F2, 0x0040, 0x0079, 
0x00DF, 0x00F3, 0x0009, 0x0044, 0x0016, 0x018A, 0x0076, 0x0085, 0x00DE, 0x01AF, 0x0080, 0x0197, 0x0180, 0x0138, 0x00B0, 0x0145, 
0x00BE, 0x010A, 0x0149, 0x0108, 0x016B, 0x0034, 0x00F6, 0x0069, 0x017C, 0x001B, 0x0181, 0x00C8, 0x0068, 0x0169, 0x001A, 0x0036, 
0x00A2, 0x018F, 0x00E5, 0x014F, 0x01A1, 0x019F, 0x0019, 0x0058, 0x0062, 0x00F1, 0x0088, 0x0176, 0x013E, 0x013B, 0x006D, 0x0148, 
0x011B, 0x00A1, 0x0001, 0x0075, 0x0032, 0x010A, 0x0155, 0x00DD, 0x0028, 0x017B, 0x014F, 0x003D, 0x0035, 0x0136, 0x0116, 0x015E, 
0x00A3, 0x00B1, 0x0042, 0x00E1, 0x00DC, 0x00D1, 0x010C, 0x008B, 0x004C, 0x014B, 0x00ED, 0x0033, 0x0128, 0x00F8, 0x000E, 0x0013, 
0x0139, 0x0166, 0x0034, 0x0169, 0x00D9, 0x0159, 0x014E, 0x00C1, 0x002C, 0x00CD, 0x00E9, 0x00B4, 0x015B, 0x00F2, 0x0164, 0x00E8, 
0x014C, 0x00BE, 0x012D, 0x0011, 0x010D, 0x0152, 0x015F, 0x01A9, 0x0140, 0x0005, 0x00AF, 0x0153, 0x0160, 0x003A, 0x018B, 0x00F9, 
0x019A, 0x013E, 0x0194, 0x0016, 0x00AB, 0x00EC, 0x0150, 0x0113, 0x0178, 0x0060, 0x00AC, 0x006C, 0x009F, 0x0041, 0x0184, 0x0181, 
0x0094, 0x00AA, 0x004E, 0x019F, 0x00BA, 0x0114, 0x01A7, 0x014A, 0x010B, 0x00A9, 0x0077, 0x0054, 0x0127, 0x012A, 0x003E, 0x0133, 
0x006F, 0x0093, 0x00C2, 0x0090, 0x0002, 0x0101, 0x013F, 0x0129, 0x0124, 0x008F, 0x0019, 0x016D, 0x017A, 0x016B, 0x0024, 0x00CA, 
0x00F6, 0x0098, 0x00F5, 0x007C, 0x0171, 0x0104, 0x0023, 0x0031, 0x002A, 0x0123, 0x00D3, 0x013D, 0x0188, 0x007A, 0x0117, 0x0154, 
0x0131, 0x0191, 0x001E, 0x0047, 0x012B, 0x0199, 0x008C, 0x0059, 0x002F, 0x014D, 0x011B, 0x0156, 0x00A1, 0x0085, 0x0092, 0x0103, 
0x000C, 0x0197, 0x000B, 0x00CE, 0x0148, 0x004F, 0x0007, 0x01A1, 0x00EE, 0x00F4, 0x001B, 0x016C, 0x00D7, 0x000D, 0x00FF, 0x01AD, 
0x00E6, 0x0195, 0x0009, 0x0021, 0x0082, 0x003B, 0x019C, 0x0070, 0x004A, 0x00FA, 0x00D2, 0x0081, 0x005A, 0x0049, 0x0161, 0x003F, 
0x0183, 0x0120, 0x0118, 0x0043, 0x00FE, 0x012E, 0x0038, 0x0134, 0x0109, 0x00E2, 0x000F, 0x0146, 0x0022, 0x019D, 0x0095, 0x01AE, 
0x01AB, 0x0138, 0x00A0, 0x00B6, 0x011A, 0x018A, 0x0149, 0x00EA, 0x00EB, 0x00C0, 0x0143, 0x0055, 0x007F, 0x006D, 0x00D6, 0x0186, 
0x015A, 0x0115, 0x0192, 0x0147, 0x00E5, 0x010F, 0x00B5, 0x003C, 0x0076, 0x0025, 0x018C, 0x013B, 0x0175, 0x00FC, 0x00A2, 0x00CC, 
0x006A, 0x001F, 0x009C, 0x0057, 0x002B, 0x00DB, 0x0144, 0x0132, 0x015C, 0x006E, 0x00F1, 0x00C6, 0x00C7, 0x0068, 0x0027, 0x0097, 
0x00FB, 0x0111, 0x0079, 0x0006, 0x0003, 0x011C, 0x0014, 0x018F, 0x006B, 0x01A2, 0x00CF, 0x00A8, 0x007D, 0x0179, 0x0083, 0x00B3, 
0x016E, 0x0099, 0x0091, 0x002E, 0x0172, 0x0050, 0x0168, 0x0157, 0x0130, 0x00DF, 0x00B7, 0x0167, 0x0141, 0x0015, 0x0176, 0x012F, 
0x0190, 0x01A8, 0x001C, 0x00CB, 0x0004, 0x00B2, 0x01A4, 0x00DA, 0x0045, 0x0196, 0x00BD, 0x00C3, 0x0010, 0x01AA, 0x0162, 0x0069, 
0x00E3, 0x01A6, 0x001A, 0x01A5, 0x00AE, 0x011F, 0x012C, 0x0110, 0x005B, 0x0096, 0x0064, 0x0182, 0x0158, 0x0125, 0x0018, 0x0086, 
0x016A, 0x0193, 0x0020, 0x0080, 0x005D, 0x009A, 0x0137, 0x0029, 0x0074, 0x00DE, 0x008E, 0x0187, 0x0180, 0x018E, 0x00AD, 0x0040, 
0x0135, 0x00BC, 0x0119, 0x00BB, 0x00E7, 0x018D, 0x0046, 0x0037, 0x0044, 0x0198, 0x0122, 0x008D, 0x0088, 0x0072, 0x00B0, 0x01AF, 
0x0121, 0x00EF, 0x011E, 0x0142, 0x007E, 0x0173, 0x0087, 0x008A, 0x015D, 0x013A, 0x0108, 0x00A6, 0x0067, 0x000A, 0x009D, 0x00F7, 
0x0012, 0x0163, 0x0107, 0x011D, 0x0030, 0x002D, 0x0170, 0x0112, 0x0145, 0x0105, 0x0151, 0x0039, 0x009E, 0x0061, 0x00C5, 0x0106, 
0x019B, 0x001D, 0x0073, 0x0017, 0x00B8, 0x0026, 0x0177, 0x0051, 0x005E, 0x0102, 0x01AC, 0x0071, 0x0008, 0x0052, 0x005F, 0x00A4, 
0x01A0, 0x0084, 0x00F3, 0x0065, 0x00C9, 0x004D, 0x00BF, 0x0056, 0x00FD, 0x00C8, 0x00E4, 0x0185, 0x00F0, 0x0063, 0x0058, 0x00D8, 
0x0048, 0x017D, 0x004B, 0x0078, 0x019E, 0x01A3, 0x00B9, 0x0089, 0x017E, 0x00C4, 0x0066, 0x0165, 0x0126, 0x00A5, 0x00E0, 0x00D5, 
0x00D0, 0x016F, 0x0100, 0x010E, 0x0053, 0x009B, 0x007B, 0x017C, 0x0174, 0x0062, 0x0036, 0x0189, 0x00D4, 0x005C, 0x00A7, 0x017F, 
0x0001, 0x00EA, 0x0096, 0x00C6, 0x0196, 0x001B, 0x0118, 0x0001, 0x01A1, 0x00B1, 0x0096, 0x0100, 0x0096, 0x0089, 0x0118, 0x00EA, 
0x0100, 0x0099, 0x011B, 0x011B, 0x01B0, 0x001B, 0x0010, 0x0096, 0x0128, 0x001B, 0x00C6, 0x0010, 0x0196, 0x0089, 0x00B1, 0x00C6, 
0x01A1, 0x0096, 0x00EA, 0x0128, 0x00EA, 0x0196, 0x01A1, 0x0196, 0x001B, 0x00C7, 0x00C7, 0x0100, 0x01B0, 0x0118, 0x0010, 0x001B, 
0x001B, 0x01A1, 0x0128, 0x0100, 0x01A1, 0x0001, 0x0118, 0x0118, 0x0010, 0x00B1, 0x01A1, 0x0010, 0x0118, 0x011B, 0x011B, 0x0001, 
0x0118, 0x0099, 0x00C7, 0x001B, 0x00EB, 0x00C6, 0x011B, 0x01A1, 0x01B0, 0x00C6, 0x00EA, 0x00B1, 0x01B0, 0x0099, 0x0001, 0x00B1, 
0x0100, 0x0100, 0x011B, 0x00EB, 0x0010, 0x00EB, 0x0118, 0x0096, 0x00C7, 0x00C7, 0x01B0, 0x0089, 0x0089, 0x0118, 0x0099, 0x0100, 
0x00C7, 0x0100, 0x00C6, 0x0099, 0x00B1, 0x01A1, 0x00C7, 0x0096, 0x001B, 0x0099, 0x00B1, 0x00EA, 0x001B, 0x0089, 0x001B, 0x0089, 
0x0196, 0x0118, 0x0001, 0x011B, 0x00C6, 0x0099, 0x00EB, 0x0118, 0x01A1, 0x0089, 0x0099, 0x0196, 0x00EB, 0x0196, 0x00C6, 0x00EA, 
0x0196, 0x0089, 0x00C7, 0x0128, 0x0001, 0x00EB, 0x011B, 0x0100, 0x00EA, 0x01B0, 0x0128, 0x0001, 0x00EB, 0x0196, 0x01A1, 0x0099, 
0x0128, 0x00C7, 0x0099, 0x0001, 0x00B1, 0x00C6, 0x01B0, 0x011B, 0x00EA, 0x00C7, 0x01A1, 0x0128, 0x00C7, 0x00EA, 0x00C6, 0x011B, 
0x0096, 0x0096, 0x0196, 0x0096, 0x01B0, 0x0196, 0x00EA, 0x01B0, 0x01A1, 0x0118, 0x00EB, 0x01B0, 0x0010, 0x0089, 0x00B1, 0x001B, 
0x00C6, 0x00EB, 0x0001, 0x00EB, 0x00B1, 0x00C7, 0x01B0, 0x0010, 0x00B1, 0x0010, 0x0128, 0x0089, 0x0010, 0x0128, 0x0099, 0x0096, 
0x0089, 0x00EB, 0x01B0, 0x0096, 0x0128, 0x0001, 0x0001, 0x0128, 0x0196, 0x011B, 0x00EA, 0x0099, 0x0089, 0x00EB, 0x00B1, 0x001B, 
0x0010, 0x0100, 0x0100, 0x0128, 0x0010, 0x011B, 0x0100, 0x00C6, 0x00C6, 0x0100, 0x011B, 0x0010, 0x0128, 0x0100, 0x0100, 0x0010, 
0x001B, 0x00B1, 0x00EB, 0x0089, 0x0099, 0x00EA, 0x011B, 0x0196, 0x0128, 0x0001, 0x0001, 0x0128, 0x0096, 0x01B0, 0x00EB, 0x0089, 
0x0096, 0x0099, 0x0128, 0x0010, 0x0089, 0x0128, 0x0010, 0x00B1, 0x0010, 0x01B0, 0x00C7, 0x00B1, 0x00EB, 0x0001, 0x00EB, 0x00C6, 
0x001B, 0x00B1, 0x0089, 0x0010, 0x01B0, 0x00EB, 0x0118, 0x01A1, 0x01B0, 0x00EA, 0x0196, 0x01B0, 0x0096, 0x0196, 0x0096, 0x0096, 
0x011B, 0x00C6, 0x00EA, 0x00C7, 0x0128, 0x01A1, 0x00C7, 0x00EA, 0x011B, 0x01B0, 0x00C6, 0x00B1, 0x0001, 0x0099, 0x00C7, 0x0128, 
0x0099, 0x01A1, 0x0196, 0x00EB, 0x0001, 0x0128, 0x01B0, 0x00EA, 0x0100, 0x011B, 0x00EB, 0x0001, 0x0128, 0x00C7, 0x0089, 0x0196, 
0x00EA, 0x00C6, 0x0196, 0x00EB, 0x0196, 0x0099, 0x0089, 0x01A1, 0x0118, 0x00EB, 0x0099, 0x00C6, 0x011B, 0x0001, 0x0118, 0x0196, 
0x0089, 0x001B, 0x0089, 0x001B, 0x00EA, 0x00B1, 0x0099, 0x001B, 0x0096, 0x00C7, 0x01A1, 0x00B1, 0x0099, 0x00C6, 0x0100, 0x00C7, 
0x0100, 0x0099, 0x0118, 0x0089, 0x0089, 0x01B0, 0x00C7, 0x00C7, 0x0096, 0x0118, 0x00EB, 0x0010, 0x00EB, 0x011B, 0x0100, 0x0100, 
0x00B1, 0x0001, 0x0099, 0x01B0, 0x00B1, 0x00EA, 0x00C6, 0x01B0, 0x01A1, 0x011B, 0x00C6, 0x00EB, 0x001B, 0x00C7, 0x0099, 0x0118, 
0x0001, 0x011B, 0x011B, 0x0118, 0x0010, 0x01A1, 0x00B1, 0x0010, 0x0118, 0x0118, 0x0001, 0x01A1, 0x0100, 0x0128, 0x01A1, 0x001B, 
0x001B, 0x0010, 0x0118, 0x01B0, 0x0100, 0x00C7, 0x00C7, 0x001B, 0x0196, 0x01A1, 0x0196, 0x00EA, 0x0128, 0x00EA, 0x0096, 0x01A1, 
0x00C6, 0x00B1, 0x0089, 0x0196, 0x0010, 0x00C6, 0x001B, 0x0128, 0x0096, 0x0010, 0x001B, 0x01B0, 0x011B, 0x011B, 0x0099, 0x0100, 
0x00EA, 0x0118, 0x0089, 0x0096, 0x0100, 0x0096, 0x00B1, 0x01A1, 0x0001, 0x0118, 0x001B, 0x0196, 0x00C6, 0x0096, 0x0001, 0x0023, 
0x0011, 0x0167, 0x012A, 0x00A2, 0x00E4, 0x0008, 0x0121, 0x0026, 0x015F, 0x0029, 0x00DA, 0x00BA, 0x012F, 0x0118, 0x0016, 0x009C, 
0x00B5, 0x001F, 0x019C, 0x00A1, 0x0170, 0x0088, 0x0027, 0x010D, 0x0096, 0x000F, 0x0053, 0x00D5, 0x0123, 0x0112, 0x0152, 0x0151, 
0x018C, 0x0108, 0x01AF, 0x0111, 0x00F2, 0x00DB, 0x00F1, 0x0083, 0x014A, 0x0006, 0x0184, 0x0143, 0x013F, 0x01AE, 0x0018, 0x0042, 
0x0176, 0x0142, 0x0012, 0x0036, 0x00F5, 0x005C, 0x002E, 0x0133, 0x0163, 0x005E, 0x00C1, 0x00E2, 0x004C, 0x0040, 0x000E, 0x008B, 
0x0157, 0x0068, 0x00C2, 0x0004, 0x00AF, 0x0093, 0x0168, 0x016B, 0x00E6, 0x001D, 0x0164, 0x00F3, 0x004F, 0x0130, 0x0181, 0x00D0, 
0x006B, 0x00FF, 0x003D, 0x0124, 0x0070, 0x00D2, 0x0187, 0x009D, 0x0156, 0x002F, 0x00B8, 0x0154, 0x00F6, 0x0148, 0x00FB, 0x0197, 
0x0075, 0x0091, 0x007C, 0x0064, 0x0092, 0x000C, 0x00ED, 0x00C5, 0x0140, 0x009E, 0x0159, 0x015C, 0x018F, 0x00BD, 0x019D, 0x0137, 
0x0073, 0x0161, 0x00D9, 0x012D, 0x00FD, 0x0103, 0x00E5, 0x0104, 0x00C8, 0x0074, 0x016C, 0x003E, 0x0020, 0x004B, 0x019E, 0x0039, 
0x0059, 0x0066, 0x0085, 0x013A, 0x0065, 0x00B0, 0x0010, 0x0127, 0x0009, 0x008C, 0x00E3, 0x003F, 0x0136, 0x017E, 0x0035, 0x002B, 
0x0198, 0x0094, 0x0189, 0x0100, 0x011A, 0x0095, 0x0128, 0x0150, 0x0076, 0x0116, 0x0043, 0x00A7, 0x0132, 0x00F8, 0x014F, 0x0034, 
0x016A, 0x0160, 0x010C, 0x0119, 0x006C, 0x0109, 0x0147, 0x0193, 0x015D, 0x0105, 0x00AA, 0x0017, 0x00E8, 0x01A6, 0x0196, 0x0106, 
0x00B3, 0x012B, 0x01AC, 0x0117, 0x00FA, 0x015A, 0x010E, 0x017A, 0x0169, 0x00D1, 0x01AA, 0x017F, 0x00D4, 0x00DE, 0x001C, 0x007D, 
0x00EE, 0x0185, 0x0122, 0x00C6, 0x00C7, 0x0138, 0x00CA, 0x000A, 0x0131, 0x0024, 0x0175, 0x015B, 0x010B, 0x01A4, 0x0139, 0x0044, 
0x0144, 0x0190, 0x0179, 0x0177, 0x0031, 0x014E, 0x0063, 0x0180, 0x003A, 0x0038, 0x0021, 0x006D, 0x016D, 0x0078, 0x000D, 0x00A6, 
0x0056, 0x003C, 0x018D, 0x0080, 0x01A7, 0x00E7, 0x0079, 0x00EA, 0x00EB, 0x008F, 0x002C, 0x00C3, 0x0134, 0x0195, 0x00D3, 0x00DD, 
0x0032, 0x0007, 0x00E0, 0x0048, 0x0037, 0x00A3, 0x0057, 0x00B7, 0x009A, 0x0005, 0x0086, 0x00FE, 0x00AB, 0x001B, 0x000B, 0x00C9, 
0x019A, 0x0107, 0x00AC, 0x0054, 0x001E, 0x006A, 0x00A8, 0x0145, 0x0098, 0x00A5, 0x0051, 0x0047, 0x017D, 0x0062, 0x00B9, 0x007F, 
0x010A, 0x016E, 0x009B, 0x013B, 0x0061, 0x0089, 0x011C, 0x0097, 0x00B1, 0x0028, 0x011D, 0x0019, 0x0186, 0x017C, 0x0033, 0x007B, 
0x0172, 0x00CE, 0x0125, 0x01A8, 0x008A, 0x01A1, 0x0101, 0x014C, 0x0077, 0x012C, 0x014B, 0x0158, 0x0178, 0x0013, 0x0166, 0x0191, 
0x0173, 0x0045, 0x013D, 0x00E9, 0x00AD, 0x00CC, 0x00AE, 0x00B4, 0x0084, 0x00D8, 0x0050, 0x013E, 0x007A, 0x0014, 0x00F4, 0x0022, 
0x0055, 0x0058, 0x0113, 0x0071, 0x00EC, 0x00C4, 0x01A5, 0x011F, 0x014D, 0x0135, 0x0120, 0x013C, 0x001A, 0x00B6, 0x0069, 0x00BB, 
0x005D, 0x00F9, 0x0182, 0x005B, 0x0114, 0x002A, 0x00DF, 0x0141, 0x008D, 0x0174, 0x00B2, 0x0146, 0x00E1, 0x0030, 0x0081, 0x0162, 
0x00BE, 0x004D, 0x0194, 0x00CB, 0x0046, 0x0049, 0x011E, 0x0102, 0x01AD, 0x00EF, 0x0149, 0x005A, 0x0126, 0x01A3, 0x0171, 0x0165, 
0x00CF, 0x00F0, 0x0153, 0x004E, 0x007E, 0x0183, 0x0155, 0x00BC, 0x017B, 0x019F, 0x006F, 0x003B, 0x016F, 0x0199, 0x0003, 0x0072, 
0x006E, 0x002D, 0x01AB, 0x0067, 0x012E, 0x00C0, 0x00D6, 0x00BF, 0x00A0, 0x0002, 0x00A9, 0x0025, 0x0060, 0x005F, 0x009F, 0x008E, 
0x00DC, 0x015E, 0x01A2, 0x011B, 0x00A4, 0x018A, 0x0129, 0x0041, 0x0110, 0x0015, 0x0192, 0x00FC, 0x0115, 0x019B, 0x0099, 0x0082, 
0x00F7, 0x00D7, 0x0188, 0x0052, 0x018B, 0x0090, 0x01A9, 0x00CD, 0x010F, 0x0087, 0x004A, 0x01A0, 0x0001, 0x0046, 0x0033, 0x0089, 
0x00BF, 0x006A, 0x0129, 0x0040, 0x0003, 0x017C, 0x018D, 0x003B, 0x00EC, 0x0006, 0x00D7, 0x0096, 0x0176, 0x00D2, 0x0198, 0x00BB, 
0x01A9, 0x004E, 0x00ED, 0x00E9, 0x006D, 0x0042, 0x0099, 0x01A4, 0x00F2, 0x0148, 0x0169, 0x006C, 0x0149, 0x00C8, 0x0004, 0x019B, 
0x0167, 0x019F, 0x0159, 0x0064, 0x0163, 0x0132, 0x014E, 0x0108, 0x008C, 0x0088, 0x010F, 0x0121, 0x0136, 0x010D, 0x0016, 0x0122, 
0x0058, 0x013E, 0x0034, 0x0185, 0x0018, 0x0035, 0x00A1, 0x000B, 0x0052, 0x009C, 0x0019, 0x00C7, 0x002C, 0x0051, 0x0020, 0x0090, 
0x018C, 0x0118, 0x012D, 0x00C0, 0x012C, 0x0010, 0x016B, 0x0027, 0x0085, 0x014F, 0x00B3, 0x0048, 0x0009, 0x00A9, 0x00DD, 0x00CB, 
0x01A6, 0x01AF, 0x00DA, 0x0126, 0x009F, 0x0112, 0x017B, 0x01AB, 0x00E1, 0x015F, 0x01A5, 0x0138, 0x0063, 0x0032, 0x0145, 0x00D3, 
0x0190, 0x00F1, 0x013C, 0x017E, 0x00CC, 0x0062, 0x0021, 0x00B1, 0x016F, 0x00B0, 0x007B, 0x0180, 0x0152, 0x017D, 0x00EB, 0x00F6, 
0x0113, 0x000C, 0x00E6, 0x0151, 0x01AE, 0x006F, 0x0160, 0x005F, 0x0023, 0x0012, 0x00A7, 0x004A, 0x0093, 0x0031, 0x0191, 0x0029, 
0x0171, 0x004B, 0x00D4, 0x0079, 0x001B, 0x0008, 0x0181, 0x0073, 0x018E, 0x011E, 0x00A4, 0x0011, 0x0144, 0x00D8, 0x00DE, 0x00FE, 
0x0066, 0x0128, 0x0094, 0x0084, 0x0100, 0x00D9, 0x0068, 0x0044, 0x007F, 0x0196, 0x009E, 0x0115, 0x00F3, 0x00C5, 0x0076, 0x008B, 
0x0036, 0x013B, 0x011B, 0x0162, 0x0110, 0x0060, 0x0166, 0x0125, 0x018F, 0x0069, 0x014B, 0x00E5, 0x01A1, 0x0131, 0x01B0, 0x0080, 
0x018A, 0x0075, 0x011D, 0x000D, 0x009B, 0x00A2, 0x0188, 0x0142, 0x0199, 0x001A, 0x00DF, 0x00BE, 0x00D0, 0x0002, 0x004F, 0x0024, 
0x0197, 0x00EA, 0x00C6, 0x0030, 0x014D, 0x0120, 0x01AD, 0x01A0, 0x0101, 0x0025, 0x0116, 0x0147, 0x0022, 0x01A8, 0x017F, 0x016D, 
0x00C4, 0x0091, 0x008F, 0x010A, 0x010A, 0x008F, 0x0091, 0x00C4, 0x016D, 0x017F, 0x01A8, 0x0022, 0x0147, 0x0116, 0x0025, 0x0101, 
0x01A0, 0x01AD, 0x0120, 0x014D, 0x0030, 0x00C6, 0x00EA, 0x0197, 0x0024, 0x004F, 0x0002, 0x00D0, 0x00BE, 0x00DF, 0x001A, 0x0199, 
0x0142, 0x0188, 0x00A2, 0x009B, 0x000D, 0x011D, 0x0075, 0x018A, 0x0080, 0x01B0, 0x0131, 0x01A1, 0x00E5, 0x014B, 0x0069, 0x018F, 
0x0125, 0x0166, 0x0060, 0x0110, 0x0162, 0x011B, 0x013B, 0x0036, 0x008B, 0x0076, 0x00C5, 0x00F3, 0x0115, 0x009E, 0x0196, 0x007F, 
0x0044, 0x0068, 0x00D9, 0x0100, 0x0084, 0x0094, 0x0128, 0x0066, 0x00FE, 0x00DE, 0x00D8, 0x0144, 0x0011, 0x00A4, 0x011E, 0x018E, 
0x0073, 0x0181, 0x0008, 0x001B, 0x0079, 0x00D4, 0x004B, 0x0171, 0x0029, 0x0191, 0x0031, 0x0093, 0x004A, 0x00A7, 0x0012, 0x0023, 
0x005F, 0x0160, 0x006F, 0x01AE, 0x0151, 0x00E6, 0x000C, 0x0113, 0x00F6, 0x00EB, 0x017D, 0x0152, 0x0180, 0x007B, 0x00B0, 0x016F, 
0x00B1, 0x0021, 0x0062, 0x00CC, 0x017E, 0x013C, 0x00F1, 0x0190, 0x00D3, 0x0145, 0x0032, 0x0063, 0x0138, 0x01A5, 0x015F, 0x00E1, 
0x01AB, 0x017B, 0x0112, 0x009F, 0x0126, 0x00DA, 0x01AF, 0x01A6, 0x00CB, 0x00DD, 0x00A9, 0x0009, 0x0048, 0x00B3, 0x014F, 0x0085, 
0x0027, 0x016B, 0x0010, 0x012C, 0x00C0, 0x012D, 0x0118, 0x018C, 0x0090, 0x0020, 0x0051, 0x002C, 0x00C7, 0x0019, 0x009C, 0x0052, 
0x000B, 0x00A1, 0x0035, 0x0018, 0x0185, 0x0034, 0x013E, 0x0058, 0x0122, 0x0016, 0x010D, 0x0136, 0x0121, 0x010F, 0x0088, 0x008C, 
0x0108, 0x014E, 0x0132, 0x0163, 0x0064, 0x0159, 0x019F, 0x0167, 0x019B, 0x0004, 0x00C8, 0x0149, 0x006C, 0x0169, 0x0148, 0x00F2, 
0x01A4, 0x0099, 0x0042, 0x006D, 0x00E9, 0x00ED, 0x004E, 0x01A9, 0x00BB, 0x0198, 0x00D2, 0x0176, 0x0096, 0x00D7, 0x0006, 0x00EC, 
0x003B, 0x018D, 0x017C, 0x0003, 0x0040, 0x0129, 0x006A, 0x00BF, 0x0089, 0x0033, 0x0001, 0x008C, 0x0099, 0x0073, 0x0059, 0x00CB, 
0x015B, 0x004F, 0x001B, 0x0150, 0x0025, 0x0113, 0x0025, 0x0054, 0x00C2, 0x00EB, 0x0128, 0x013C, 0x0187, 0x0114, 0x0109, 0x01A1, 
0x00FF, 0x018C, 0x007F, 0x01A1, 0x00EA, 0x0045, 0x005A, 0x013A, 0x016E, 0x01A9, 0x0020, 0x0131, 0x008C, 0x004A, 0x0125, 0x00B6, 
0x0020, 0x0067, 0x010A, 0x0127, 0x0049, 0x0166, 0x00EE, 0x00C2, 0x00B4, 0x0010, 0x0023, 0x001B, 0x0100, 0x0166, 0x014E, 0x011D, 
0x0106, 0x0086, 0x0045, 0x002B, 0x0196, 0x00E3, 0x00EF, 0x0092, 0x0114, 0x00B3, 0x0106, 0x0096, 0x019C, 0x010A, 0x002D, 0x0073, 
0x009A, 0x0191, 0x00FA, 0x013E, 0x017B, 0x016E, 0x011A, 0x0096, 0x011D, 0x0083, 0x0128, 0x0002, 0x009D, 0x00A5, 0x016C, 0x0105, 
0x015B, 0x0145, 0x0127, 0x019C, 0x011A, 0x013A, 0x008D, 0x0056, 0x009F, 0x004B, 0x004D, 0x0089, 0x0085, 0x013C, 0x0083, 0x014E, 
0x0049, 0x0145, 0x00CB, 0x01AD, 0x0043, 0x0040, 0x00A7, 0x0134, 0x00E6, 0x008D, 0x005A, 0x0086, 0x00B3, 0x0187, 0x0085, 0x0075, 
0x005B, 0x00AB, 0x0046, 0x0077, 0x01AD, 0x0059, 0x002D, 0x0067, 0x01A9, 0x017B, 0x0158, 0x0134, 0x008A, 0x00D8, 0x0094, 0x005B, 
0x002A, 0x0002, 0x00EB, 0x00EE, 0x0100, 0x004F, 0x0105, 0x0157, 0x0046, 0x011B, 0x00D8, 0x0168, 0x009F, 0x0162, 0x002B, 0x00EA, 
0x0109, 0x0092, 0x00C6, 0x004D, 0x0063, 0x00D8, 0x0015, 0x0040, 0x0008, 0x009A, 0x0099, 0x0131, 0x00B6, 0x0118, 0x00FA, 0x014A, 
0x0040, 0x0097, 0x0046, 0x012B, 0x00A5, 0x00A8, 0x00B4, 0x0054, 0x0150, 0x0023, 0x00C7, 0x00A5, 0x00FE, 0x005B, 0x012E, 0x004D, 
0x00C3, 0x00E3, 0x0061, 0x00FF, 0x007F, 0x015D, 0x00E3, 0x00B1, 0x009F, 0x006C, 0x0134, 0x0184, 0x00FA, 0x0080, 0x004A, 0x0001, 
0x01B0, 0x004A, 0x00FB, 0x009A, 0x0036, 0x01AD, 0x0124, 0x0105, 0x0186, 0x0023, 0x00B2, 0x0113, 0x0113, 0x0132, 0x00B4, 0x011F, 
0x0002, 0x012C, 0x0085, 0x01AF, 0x0092, 0x00FD, 0x007F, 0x009E, 0x009E, 0x00FF, 0x018E, 0x002B, 0x00AC, 0x008D, 0x0004, 0x017B, 
0x0117, 0x00B6, 0x0167, 0x0001, 0x01B0, 0x0167, 0x0131, 0x00B7, 0x002D, 0x007D, 0x0145, 0x0112, 0x0100, 0x00CE, 0x0054, 0x0132, 
0x00B2, 0x0150, 0x00CE, 0x00EE, 0x0164, 0x0083, 0x0156, 0x00B3, 0x010C, 0x00EA, 0x018E, 0x0061, 0x015D, 0x00FD, 0x0109, 0x010C, 
0x0086, 0x016B, 0x011A, 0x0171, 0x0067, 0x00B7, 0x0099, 0x00FB, 0x0080, 0x0118, 0x0117, 0x01A9, 0x0171, 0x019C, 0x00D9, 0x014E, 
0x0164, 0x00EB, 0x011F, 0x00A8, 0x00C7, 0x0186, 0x004F, 0x0112, 0x0049, 0x00D9, 0x0096, 0x016B, 0x005A, 0x00AC, 0x0162, 0x00B1, 
0x00C3, 0x00C6, 0x01AF, 0x0187, 0x0156, 0x011D, 0x00D9, 0x0127, 0x007D, 0x0059, 0x0036, 0x0008, 0x014A, 0x0184, 0x0158, 0x0004, 
0x013A, 0x016B, 0x0106, 0x0156, 0x013C, 0x012C, 0x002A, 0x00FE, 0x012B, 0x0157, 0x0124, 0x00CB, 0x007D, 0x010A, 0x0171, 0x016E, 
0x0004, 0x00E6, 0x006C, 0x0168, 0x0063, 0x012E, 0x0075, 0x012C, 0x0128, 0x0164, 0x0166, 0x0112, 0x015B, 0x0124, 0x0077, 0x0097, 
0x0015, 0x008A, 0x006C, 0x0056, 0x00AC, 0x0045, 0x010C, 0x0114, 0x01AF, 0x0089, 0x012E, 0x0094, 0x011B, 0x0097, 0x0043, 0x0036, 
0x0073, 0x00B7, 0x0020, 0x0117, 0x013E, 0x0184, 0x00A7, 0x0015, 0x011B, 0x00AB, 0x00FE, 0x009D, 0x011F, 0x00C2, 0x00CE, 0x001B, 
0x0186, 0x016C, 0x012B, 0x00AB, 0x0094, 0x0063, 0x004B, 0x00B1, 0x0196, 0x018E, 0x01A1, 0x00FD, 0x00EF, 0x00C3, 0x004B, 0x0168, 
0x008A, 0x00A7, 0x014A, 0x0191, 0x00FB, 0x008C, 0x0167, 0x0125, 0x0080, 0x0191, 0x0008, 0x0043, 0x0077, 0x0157, 0x016C, 0x00C7, 
0x0010, 0x0132, 0x0025, 0x00B2, 0x0010, 0x00A8, 0x009D, 0x002A, 0x0075, 0x0089, 0x00C6, 0x00EF, 0x015D, 0x018C, 0x009E, 0x018C, 
0x0061, 0x0196, 0x0162, 0x0056, 0x00E6, 0x0158, 0x013E, 0x0118, 0x0001, 0x0118, 0x001A, 0x001B, 0x000C, 0x0160, 0x0108, 0x00C7, 
0x00F3, 0x0149, 0x0197, 0x010D, 0x0030, 0x0136, 0x0138, 0x0128, 0x010D, 0x003B, 0x0044, 0x0144, 0x0171, 0x0051, 0x00EC, 0x019B, 
0x0090, 0x0011, 0x0100, 0x00C8, 0x000C, 0x0147, 0x0058, 0x00B1, 0x00BE, 0x019B, 0x0089, 0x0042, 0x0010, 0x01A5, 0x017E, 0x00DF, 
0x0051, 0x010A, 0x006C, 0x00A4, 0x013E, 0x0108, 0x00E9, 0x014F, 0x01A0, 0x0033, 0x0042, 0x01AE, 0x017E, 0x00EB, 0x0079, 0x008F, 
0x0024, 0x0149, 0x008B, 0x00C5, 0x0122, 0x0188, 0x0044, 0x00C6, 0x008F, 0x0176, 0x0145, 0x014F, 0x004A, 0x0100, 0x006D, 0x0126, 
0x0040, 0x0096, 0x0118, 0x0068, 0x0040, 0x0009, 0x01B0, 0x0058, 0x00A1, 0x00A4, 0x0029, 0x0004, 0x00C5, 0x016B, 0x0138, 0x0016, 
0x0113, 0x0113, 0x0073, 0x0136, 0x007B, 0x0122, 0x017F, 0x0110, 0x006C, 0x0003, 0x00B1, 0x01A8, 0x00F1, 0x0126, 0x009E, 0x001A, 
0x0062, 0x0009, 0x00F1, 0x01A1, 0x0011, 0x006A, 0x01A0, 0x00CC, 0x00D3, 0x0079, 0x00EA, 0x0144, 0x0196, 0x017F, 0x0004, 0x00A9, 
0x00F3, 0x00E5, 0x0176, 0x00D3, 0x01AD, 0x01A5, 0x011B, 0x0010, 0x00D2, 0x00CC, 0x0145, 0x016F, 0x00C7, 0x0046, 0x0029, 0x0110, 
0x0099, 0x0171, 0x004E, 0x00EB, 0x01AD, 0x00D2, 0x0033, 0x0032, 0x0090, 0x00A7, 0x01A8, 0x01B0, 0x0159, 0x001B, 0x00B3, 0x006D, 
0x01A1, 0x00A7, 0x00BE, 0x0163, 0x010A, 0x0099, 0x0196, 0x0188, 0x0181, 0x0030, 0x00DE, 0x0016, 0x0073, 0x00DE, 0x0128, 0x00FE, 
0x008B, 0x00A9, 0x0046, 0x013E, 0x018D, 0x0147, 0x0159, 0x0062, 0x0096, 0x0167, 0x0001, 0x0167, 0x0068, 0x009E, 0x00B3, 0x00C8, 
0x00C0, 0x00E9, 0x016F, 0x00E5, 0x0024, 0x0121, 0x003B, 0x0181, 0x007B, 0x016B, 0x00FE, 0x0197, 0x0121, 0x00C6, 0x00EA, 0x004E, 
0x00DF, 0x016D, 0x0089, 0x0032, 0x006A, 0x004A, 0x00C0, 0x0160, 0x018D, 0x00A1, 0x0003, 0x0163, 0x00EC, 0x016D, 0x01AE, 0x011B, 
0x011B, 0x01AE, 0x016D, 0x00EC, 0x0163, 0x0003, 0x00A1, 0x018D, 0x0160, 0x00C0, 0x004A, 0x006A, 0x0032, 0x0089, 0x016D, 0x00DF, 
0x004E, 0x00EA, 0x00C6, 0x0121, 0x0197, 0x00FE, 0x016B, 0x007B, 0x0181, 0x003B, 0x0121, 0x0024, 0x00E5, 0x016F, 0x00E9, 0x00C0, 
0x00C8, 0x00B3, 0x009E, 0x0068, 0x0167, 0x0001, 0x0167, 0x0096, 0x0062, 0x0159, 0x0147, 0x018D, 0x013E, 0x0046, 0x00A9, 0x008B, 
0x00FE, 0x0128, 0x00DE, 0x0073, 0x0016, 0x00DE, 0x0030, 0x0181, 0x0188, 0x0196, 0x0099, 0x010A, 0x0163, 0x00BE, 0x00A7, 0x01A1, 
0x006D, 0x00B3, 0x001B, 0x0159, 0x01B0, 0x01A8, 0x00A7, 0x0090, 0x0032, 0x0033, 0x00D2, 0x01AD, 0x00EB, 0x004E, 0x0171, 0x0099, 
0x0110, 0x0029, 0x0046, 0x00C7, 0x016F, 0x0145, 0x00CC, 0x00D2, 0x0010, 0x011B, 0x01A5, 0x01AD, 0x00D3, 0x0176, 0x00E5, 0x00F3, 
0x00A9, 0x0004, 0x017F, 0x0196, 0x0144, 0x00EA, 0x0079, 0x00D3, 0x00CC, 0x01A0, 0x006A, 0x0011, 0x01A1, 0x00F1, 0x0009, 0x0062, 
0x001A, 0x009E, 0x0126, 0x00F1, 0x01A8, 0x00B1, 0x0003, 0x006C, 0x0110, 0x017F, 0x0122, 0x007B, 0x0136, 0x0073, 0x0113, 0x0113, 
0x0016, 0x0138, 0x016B, 0x00C5, 0x0004, 0x0029, 0x00A4, 0x00A1, 0x0058, 0x01B0, 0x0009, 0x0040, 0x0068, 0x0118, 0x0096, 0x0040, 
0x0126, 0x006D, 0x0100, 0x004A, 0x014F, 0x0145, 0x0176, 0x008F, 0x00C6, 0x0044, 0x0188, 0x0122, 0x00C5, 0x008B, 0x0149, 0x0024, 
0x008F, 0x0079, 0x00EB, 0x017E, 0x01AE, 0x0042, 0x0033, 0x01A0, 0x014F, 0x00E9, 0x0108, 0x013E, 0x00A4, 0x006C, 0x010A, 0x0051, 
0x00DF, 0x017E, 0x01A5, 0x0010, 0x0042, 0x0089, 0x019B, 0x00BE, 0x00B1, 0x0058, 0x0147, 0x000C, 0x00C8, 0x0100, 0x0011, 0x0090, 
0x019B, 0x00EC, 0x0051, 0x0171, 0x0144, 0x0044, 0x003B, 0x010D, 0x0128, 0x0138, 0x0136, 0x0030, 0x010D, 0x0197, 0x0149, 0x00F3, 
0x00C7, 0x0108, 0x0160, 0x000C, 0x001B, 0x001A, 0x0001, 0x007F, 0x004E, 0x006C, 0x003C, 0x017C, 0x0074, 0x0125, 0x0016, 0x0103, 
0x0093, 0x00C5, 0x00BF, 0x000A, 0x015E, 0x0196, 0x00F3, 0x00C4, 0x01AA, 0x01A2, 0x0184, 0x0032, 0x00E8, 0x0152, 0x0088, 0x0009, 
0x01A1, 0x0194, 0x015C, 0x011C, 0x0082, 0x0023, 0x00D0, 0x0076, 0x0020, 0x00D3, 0x009F, 0x019A, 0x00B0, 0x0104, 0x0122, 0x015B, 
0x013A, 0x0120, 0x0015, 0x0014, 0x007E, 0x003B, 0x0021, 0x0181, 0x014F, 0x0115, 0x0148, 0x0085, 0x00A0, 0x00D6, 0x0140, 0x001E, 
0x0197, 0x0081, 0x0172, 0x0038, 0x0183, 0x0073, 0x00CA, 0x0003, 0x007D, 0x0108, 0x0157, 0x00A7, 0x017A, 0x0180, 0x0156, 0x0113, 
0x00D8, 0x006E, 0x00A5, 0x010D, 0x0162, 0x0070, 0x0033, 0x0019, 0x0174, 0x0150, 0x0123, 0x002A, 0x012A, 0x00CC, 0x00E3, 0x0045, 
0x0049, 0x0177, 0x00B5, 0x019E, 0x000D, 0x0084, 0x0054, 0x0126, 0x00CB, 0x018F, 0x005D, 0x006F, 0x00FD, 0x006A, 0x014B, 0x0058, 
0x00F0, 0x0004, 0x0079, 0x0192, 0x0116, 0x014C, 0x001C, 0x0173, 0x0040, 0x015A, 0x0131, 0x00A2, 0x002B, 0x016A, 0x0188, 0x00E2, 
0x0068, 0x00B8, 0x016E, 0x00DC, 0x0002, 0x013C, 0x00F4, 0x006B, 0x008D, 0x017D, 0x0036, 0x011F, 0x0153, 0x00BB, 0x00B1, 0x0105, 
0x0011, 0x01A9, 0x012E, 0x0178, 0x016D, 0x0110, 0x0060, 0x0086, 0x0199, 0x011D, 0x0137, 0x0099, 0x00B7, 0x0072, 0x0096, 0x00AB, 
0x0006, 0x0185, 0x00C2, 0x0167, 0x0025, 0x0170, 0x0042, 0x019F, 0x00F7, 0x0090, 0x0164, 0x002F, 0x0046, 0x00EE, 0x006D, 0x0098, 
0x0117, 0x008A, 0x010B, 0x00AF, 0x00BC, 0x0169, 0x0089, 0x00FB, 0x00B3, 0x0067, 0x00CD, 0x00B2, 0x011A, 0x01AC, 0x000E, 0x0026, 
0x00D7, 0x00B9, 0x0135, 0x0160, 0x000B, 0x0136, 0x0165, 0x0114, 0x00A8, 0x0064, 0x00D2, 0x00EA, 0x00EB, 0x000C, 0x00E0, 0x0078, 
0x0063, 0x00F1, 0x0050, 0x0059, 0x0155, 0x0027, 0x010E, 0x0024, 0x00C8, 0x015F, 0x0028, 0x00AA, 0x00DD, 0x004B, 0x0166, 0x00D4, 
0x0107, 0x0189, 0x0052, 0x00E9, 0x018D, 0x00A3, 0x018A, 0x005C, 0x0158, 0x0161, 0x00C0, 0x014E, 0x0139, 0x00D1, 0x01A5, 0x00C6, 
0x00C7, 0x00DF, 0x014D, 0x0109, 0x009D, 0x004C, 0x007B, 0x01A6, 0x0051, 0x007C, 0x00F8, 0x00DA, 0x018B, 0x01A3, 0x0005, 0x0097, 
0x00FF, 0x00E4, 0x014A, 0x00FE, 0x00B6, 0x0128, 0x0048, 0x00F5, 0x0102, 0x00A6, 0x0127, 0x009A, 0x0119, 0x0144, 0x00C3, 0x016B, 
0x0182, 0x004D, 0x0121, 0x00BA, 0x0012, 0x016F, 0x0041, 0x018C, 0x004A, 0x00EF, 0x002C, 0x01AB, 0x0106, 0x011B, 0x013F, 0x00FA, 
0x0118, 0x007A, 0x0094, 0x0018, 0x012B, 0x0151, 0x00A1, 0x0044, 0x0039, 0x0083, 0x0008, 0x01A0, 0x00AC, 0x0100, 0x00F6, 0x005E, 
0x0092, 0x017B, 0x0034, 0x0124, 0x0146, 0x00BD, 0x0075, 0x01AF, 0x00D5, 0x0043, 0x00F9, 0x0149, 0x00CF, 0x0029, 0x0047, 0x0186, 
0x010F, 0x0080, 0x0057, 0x0171, 0x003E, 0x0195, 0x0065, 0x009B, 0x001F, 0x0138, 0x01AD, 0x00C1, 0x0159, 0x0066, 0x0147, 0x00B4, 
0x0142, 0x0154, 0x0022, 0x00E6, 0x008B, 0x015D, 0x012D, 0x01A4, 0x0013, 0x00FC, 0x003A, 0x0168, 0x016C, 0x00CE, 0x00E5, 0x0087, 
0x0187, 0x008E, 0x0061, 0x003D, 0x0198, 0x017E, 0x0141, 0x004F, 0x00A4, 0x010C, 0x0143, 0x00D9, 0x009E, 0x005B, 0x0031, 0x0037, 
0x010A, 0x005A, 0x00A9, 0x0134, 0x01AE, 0x00E7, 0x013E, 0x002E, 0x0179, 0x003F, 0x0130, 0x001A, 0x0193, 0x0071, 0x00DB, 0x0111, 
0x012C, 0x0069, 0x009C, 0x0062, 0x0030, 0x0190, 0x0176, 0x0133, 0x019D, 0x019C, 0x0091, 0x0077, 0x0056, 0x008F, 0x00AD, 0x0101, 
0x0017, 0x0112, 0x00DE, 0x0191, 0x013B, 0x00E1, 0x018E, 0x012F, 0x0095, 0x0055, 0x001D, 0x0010, 0x01A8, 0x0129, 0x005F, 0x00C9, 
0x017F, 0x002D, 0x000F, 0x0007, 0x00ED, 0x00BE, 0x001B, 0x0053, 0x01A7, 0x00F2, 0x00EC, 0x011E, 0x00AE, 0x019B, 0x008C, 0x013D, 
0x0035, 0x0175, 0x0145, 0x0163, 0x0001, 0x00FE, 0x00EA, 0x01B0, 0x012C, 0x0073, 0x017B, 0x00B3, 0x00C6, 0x01A9, 0x013E, 0x00C7, 
0x013E, 0x008C, 0x0036, 0x0001, 0x00EA, 0x0040, 0x012C, 0x0085, 0x0162, 0x00EA, 0x008C, 0x013E, 0x0171, 0x00EA, 0x0001, 0x0036, 
0x0085, 0x0125, 0x0085, 0x00FE, 0x0171, 0x0073, 0x00FE, 0x00EB, 0x00FE, 0x01A9, 0x0171, 0x0008, 0x00C7, 0x011D, 0x004F, 0x0073, 
0x004F, 0x0036, 0x0125, 0x00EA, 0x013E, 0x00C6, 0x00C6, 0x0073, 0x0040, 0x00FE, 0x008C, 0x0125, 0x0036, 0x0008, 0x00C6, 0x017B, 
0x0036, 0x0008, 0x0085, 0x01B0, 0x008C, 0x00C6, 0x0094, 0x00C7, 0x011D, 0x01B0, 0x01A9, 0x0171, 0x011D, 0x01B0, 0x00B3, 0x0085, 
0x0094, 0x00C6, 0x00FE, 0x012C, 0x00EA, 0x013E, 0x0085, 0x004F, 0x0036, 0x0094, 0x017B, 0x00C7, 0x011D, 0x0094, 0x0094, 0x0125, 
0x017B, 0x017B, 0x0171, 0x0073, 0x0162, 0x00EA, 0x00B3, 0x0040, 0x012C, 0x0040, 0x004F, 0x00C7, 0x0073, 0x00EB, 0x0085, 0x01B0, 
0x00C7, 0x0036, 0x0073, 0x017B, 0x0085, 0x0125, 0x01B0, 0x012C, 0x00B3, 0x0040, 0x0162, 0x008C, 0x00EB, 0x0125, 0x00EB, 0x012C, 
0x011D, 0x0008, 0x00FE, 0x00B3, 0x012C, 0x0036, 0x011D, 0x0040, 0x00FE, 0x0162, 0x012C, 0x013E, 0x0001, 0x004F, 0x00C6, 0x00B3, 
0x0094, 0x0085, 0x00EB, 0x00C6, 0x0040, 0x004F, 0x0171, 0x00B3, 0x0008, 0x0001, 0x0162, 0x0008, 0x0001, 0x0162, 0x0040, 0x0040, 
0x0094, 0x01B0, 0x00FE, 0x01A9, 0x00EA, 0x0073, 0x01A9, 0x00EA, 0x011D, 0x0008, 0x01B0, 0x0094, 0x00EB, 0x0125, 0x004F, 0x0162, 
0x0125, 0x008C, 0x01A9, 0x013E, 0x0001, 0x004F, 0x01B0, 0x0162, 0x012C, 0x0162, 0x004F, 0x017B, 0x01A9, 0x008C, 0x0171, 0x008C, 
0x017B, 0x00C6, 0x0171, 0x00C7, 0x0036, 0x011D, 0x011D, 0x0073, 0x00EB, 0x0001, 0x0001, 0x00EB, 0x01A9, 0x01A9, 0x00B3, 0x00EB, 
0x017B, 0x0094, 0x0008, 0x013E, 0x008C, 0x00C7, 0x00C7, 0x0171, 0x0125, 0x0008, 0x013E, 0x00B3, 0x00B3, 0x013E, 0x0008, 0x0125, 
0x0171, 0x00C7, 0x00C7, 0x008C, 0x013E, 0x0008, 0x0094, 0x017B, 0x00EB, 0x00B3, 0x01A9, 0x01A9, 0x00EB, 0x0001, 0x0001, 0x00EB, 
0x0073, 0x011D, 0x011D, 0x0036, 0x00C7, 0x0171, 0x00C6, 0x017B, 0x008C, 0x0171, 0x008C, 0x01A9, 0x017B, 0x004F, 0x0162, 0x012C, 
0x0162, 0x01B0, 0x004F, 0x0001, 0x013E, 0x01A9, 0x008C, 0x0125, 0x0162, 0x004F, 0x0125, 0x00EB, 0x0094, 0x01B0, 0x0008, 0x011D, 
0x00EA, 0x01A9, 0x0073, 0x00EA, 0x01A9, 0x00FE, 0x01B0, 0x0094, 0x0040, 0x0040, 0x0162, 0x0001, 0x0008, 0x0162, 0x0001, 0x0008, 
0x00B3, 0x0171, 0x004F, 0x0040, 0x00C6, 0x00EB, 0x0085, 0x0094, 0x00B3, 0x00C6, 0x004F, 0x0001, 0x013E, 0x012C, 0x0162, 0x00FE, 
0x0040, 0x011D, 0x0036, 0x012C, 0x00B3, 0x00FE, 0x0008, 0x011D, 0x012C, 0x00EB, 0x0125, 0x00EB, 0x008C, 0x0162, 0x0040, 0x00B3, 
0x012C, 0x01B0, 0x0125, 0x0085, 0x017B, 0x0073, 0x0036, 0x00C7, 0x01B0, 0x0085, 0x00EB, 0x0073, 0x00C7, 0x004F, 0x0040, 0x012C, 
0x0040, 0x00B3, 0x00EA, 0x0162, 0x0073, 0x0171, 0x017B, 0x017B, 0x0125, 0x0094, 0x0094, 0x011D, 0x00C7, 0x017B, 0x0094, 0x0036, 
0x004F, 0x0085, 0x013E, 0x00EA, 0x012C, 0x00FE, 0x00C6, 0x0094, 0x0085, 0x00B3, 0x01B0, 0x011D, 0x0171, 0x01A9, 0x01B0, 0x011D, 
0x00C7, 0x0094, 0x00C6, 0x008C, 0x01B0, 0x0085, 0x0008, 0x0036, 0x017B, 0x00C6, 0x0008, 0x0036, 0x0125, 0x008C, 0x00FE, 0x0040, 
0x0073, 0x00C6, 0x00C6, 0x013E, 0x00EA, 0x0125, 0x0036, 0x004F, 0x0073, 0x004F, 0x011D, 0x00C7, 0x0008, 0x0171, 0x01A9, 0x00FE, 
0x00EB, 0x00FE, 0x0073, 0x0171, 0x00FE, 0x0085, 0x0125, 0x0085, 0x0036, 0x0001, 0x00EA, 0x0171, 0x013E, 0x008C, 0x00EA, 0x0162, 
0x0085, 0x012C, 0x0040, 0x00EA, 0x0001, 0x0036, 0x008C, 0x013E, 0x00C7, 0x013E, 0x01A9, 0x00C6, 0x00B3, 0x017B, 0x0073, 0x012C, 
0x01B0, 0x00EA, 0x0001, 0x004B, 0x010D, 0x01AD, 0x00C9, 0x0101, 0x0037, 0x0085, 0x0032, 0x0161, 0x0022, 0x00DF, 0x00ED, 0x00E4, 
0x0179, 0x0010, 0x0051, 0x011E, 0x0047, 0x003E, 0x0049, 0x0181, 0x00BD, 0x010F, 0x0084, 0x0016, 0x001B, 0x00D5, 0x0189, 0x0082, 
0x00E2, 0x014E, 0x0035, 0x000D, 0x00E6, 0x00E9, 0x0131, 0x0081, 0x0066, 0x0140, 0x016D, 0x0117, 0x016E, 0x0129, 0x005B, 0x013F, 
0x015C, 0x0197, 0x01AB, 0x0176, 0x008B, 0x015F, 0x0169, 0x0125, 0x0153, 0x0183, 0x002F, 0x001F, 0x01A8, 0x00E0, 0x0107, 0x003F, 
0x0098, 0x0171, 0x0007, 0x004E, 0x0186, 0x006D, 0x00B4, 0x016B, 0x012A, 0x009B, 0x0015, 0x0167, 0x0002, 0x0095, 0x008A, 0x0121, 
0x0094, 0x00B9, 0x014F, 0x0060, 0x00D6, 0x008D, 0x0104, 0x00AB, 0x0041, 0x00C0, 0x00FB, 0x014A, 0x002D, 0x006E, 0x00AE, 0x0078, 
0x019F, 0x00D7, 0x0083, 0x01A0, 0x0191, 0x0152, 0x01A7, 0x0021, 0x0157, 0x0159, 0x0180, 0x00E5, 0x0177, 0x0145, 0x0029, 0x0137, 
0x00D0, 0x000E, 0x0133, 0x003D, 0x013E, 0x00A0, 0x009F, 0x00BF, 0x007D, 0x015A, 0x0122, 0x00F0, 0x0147, 0x018B, 0x0077, 0x008E, 
0x00D8, 0x018C, 0x00A3, 0x005C, 0x0061, 0x00DD, 0x0008, 0x00EF, 0x00E7, 0x017D, 0x0089, 0x004D, 0x00F3, 0x017B, 0x0054, 0x010B, 
0x0108, 0x016F, 0x00BB, 0x0114, 0x0076, 0x004F, 0x0146, 0x0096, 0x00C3, 0x015E, 0x0099, 0x0187, 0x018A, 0x0019, 0x011F, 0x0113, 
0x0075, 0x0013, 0x0003, 0x000B, 0x01AC, 0x0110, 0x0105, 0x001D, 0x010A, 0x00B7, 0x0138, 0x000F, 0x0056, 0x010C, 0x001C, 0x0070, 
0x014C, 0x006F, 0x00B1, 0x00CE, 0x00FE, 0x0045, 0x00AF, 0x0158, 0x00A8, 0x0017, 0x00FC, 0x003C, 0x009C, 0x0154, 0x00BA, 0x017E, 
0x014D, 0x0068, 0x001E, 0x012B, 0x0097, 0x0018, 0x018D, 0x00C6, 0x00C7, 0x00EC, 0x007C, 0x0074, 0x018E, 0x0136, 0x00BC, 0x00B2, 
0x0165, 0x0148, 0x00F9, 0x00DE, 0x01A5, 0x0120, 0x0039, 0x019D, 0x0185, 0x007F, 0x0132, 0x002C, 0x0014, 0x0178, 0x0091, 0x000C, 
0x00D3, 0x00B8, 0x0069, 0x004C, 0x00FF, 0x00F5, 0x007B, 0x0023, 0x013D, 0x0135, 0x00C5, 0x00EA, 0x00EB, 0x0024, 0x0199, 0x011A, 
0x0086, 0x0193, 0x0149, 0x0064, 0x0033, 0x00F7, 0x005D, 0x0115, 0x0175, 0x00B5, 0x019A, 0x0109, 0x0059, 0x0102, 0x016C, 0x00B3, 
0x00E3, 0x0100, 0x0142, 0x0065, 0x0141, 0x0195, 0x00A5, 0x015B, 0x01A2, 0x0079, 0x00FA, 0x00A7, 0x0194, 0x00AC, 0x00A1, 0x0005, 
0x01A6, 0x01AE, 0x019E, 0x013C, 0x009E, 0x0092, 0x0198, 0x0027, 0x002A, 0x0118, 0x0053, 0x00EE, 0x011B, 0x006B, 0x0162, 0x013B, 
0x009D, 0x00F6, 0x0042, 0x00A9, 0x00A6, 0x015D, 0x0036, 0x00BE, 0x0164, 0x0128, 0x0034, 0x00CA, 0x00C2, 0x01A9, 0x00D4, 0x0150, 
0x0155, 0x010E, 0x0025, 0x00D9, 0x0123, 0x013A, 0x0026, 0x006A, 0x00C1, 0x008F, 0x0057, 0x0134, 0x00F2, 0x0112, 0x0111, 0x0073, 
0x0174, 0x007E, 0x01A3, 0x00E1, 0x007A, 0x0188, 0x006C, 0x003A, 0x00CC, 0x0031, 0x0058, 0x005A, 0x0190, 0x000A, 0x005F, 0x0020, 
0x0011, 0x012E, 0x00DA, 0x0012, 0x0139, 0x0103, 0x0143, 0x0184, 0x0067, 0x00B6, 0x00F1, 0x0170, 0x0106, 0x00AD, 0x0124, 0x00DB, 
0x0151, 0x0062, 0x00F8, 0x011D, 0x0090, 0x0127, 0x011C, 0x01AF, 0x004A, 0x019C, 0x0116, 0x0087, 0x0046, 0x00FD, 0x0144, 0x002B, 
0x0163, 0x01AA, 0x0040, 0x0119, 0x0172, 0x00AA, 0x00D1, 0x0009, 0x0192, 0x0182, 0x002E, 0x005E, 0x008C, 0x0048, 0x0052, 0x0126, 
0x003B, 0x0006, 0x001A, 0x0055, 0x0072, 0x0156, 0x0088, 0x0043, 0x009A, 0x0044, 0x0071, 0x014B, 0x0130, 0x0080, 0x00C8, 0x00CB, 
0x01A4, 0x017C, 0x0063, 0x00CF, 0x012F, 0x0028, 0x00DC, 0x0196, 0x019B, 0x012D, 0x00A2, 0x00F4, 0x0030, 0x0168, 0x0173, 0x016A, 
0x0093, 0x0160, 0x01A1, 0x0038, 0x00CD, 0x00C4, 0x00D2, 0x018F, 0x0050, 0x017F, 0x012C, 0x017A, 0x00B0, 0x00E8, 0x0004, 0x00A4, 
0x0001, 0x0096, 0x0176, 0x01A1, 0x008B, 0x00F3, 0x0181, 0x00C6, 0x0011, 0x0042, 0x0176, 0x004E, 0x0032, 0x00A1, 0x001A, 0x0100, 
0x004E, 0x0181, 0x0032, 0x0176, 0x00EA, 0x00F3, 0x0011, 0x0009, 0x010D, 0x008B, 0x0128, 0x014F, 0x008B, 0x0003, 0x004E, 0x0128, 
0x0011, 0x0009, 0x0100, 0x00A1, 0x001B, 0x008B, 0x0051, 0x00F3, 0x00F3, 0x001B, 0x0096, 0x004E, 0x00C6, 0x0181, 0x014F, 0x0033, 
0x008B, 0x0051, 0x00A1, 0x0042, 0x0051, 0x00EA, 0x001A, 0x0016, 0x0051, 0x0042, 0x014F, 0x0011, 0x0016, 0x0009, 0x0032, 0x00EA, 
0x0016, 0x0181, 0x0096, 0x0033, 0x0128, 0x0128, 0x0176, 0x014F, 0x00EA, 0x0099, 0x0096, 0x0042, 0x00EA, 0x001A, 0x0001, 0x004E, 
0x0121, 0x004E, 0x0009, 0x0099, 0x0011, 0x01A1, 0x001A, 0x0009, 0x0100, 0x0100, 0x00C6, 0x00A1, 0x00A1, 0x0016, 0x0016, 0x0121, 
0x0096, 0x0042, 0x0128, 0x001A, 0x0121, 0x014F, 0x0100, 0x0176, 0x0033, 0x001A, 0x0121, 0x001B, 0x008B, 0x0003, 0x008B, 0x010D, 
0x0033, 0x001A, 0x00C6, 0x0176, 0x01A1, 0x0016, 0x0099, 0x0181, 0x0011, 0x010D, 0x0181, 0x0033, 0x0099, 0x008B, 0x0099, 0x001B, 
0x00F3, 0x010D, 0x0096, 0x00A1, 0x00C6, 0x01A1, 0x0009, 0x0121, 0x0096, 0x00EA, 0x0003, 0x00EA, 0x0099, 0x00F3, 0x0051, 0x0016, 
0x010D, 0x001B, 0x001A, 0x0001, 0x004E, 0x01A1, 0x0001, 0x0176, 0x001B, 0x001B, 0x0011, 0x0003, 0x001B, 0x0096, 0x01A1, 0x0009, 
0x0032, 0x0032, 0x0033, 0x0009, 0x00C6, 0x0033, 0x0100, 0x0001, 0x014F, 0x0181, 0x01A1, 0x00C6, 0x0051, 0x0003, 0x004E, 0x0033, 
0x0099, 0x0128, 0x0001, 0x0128, 0x0042, 0x0100, 0x0001, 0x014F, 0x0121, 0x014F, 0x00A1, 0x010D, 0x0051, 0x010D, 0x0181, 0x0032, 
0x00A1, 0x01A1, 0x0001, 0x0176, 0x010D, 0x00EA, 0x00C6, 0x0003, 0x00F3, 0x0032, 0x0100, 0x0016, 0x0003, 0x0128, 0x0121, 0x00F3, 
0x0051, 0x0121, 0x0042, 0x0003, 0x0011, 0x0032, 0x0042, 0x0099, 0x0099, 0x0042, 0x0032, 0x0011, 0x0003, 0x0042, 0x0121, 0x0051, 
0x00F3, 0x0121, 0x0128, 0x0003, 0x0016, 0x0100, 0x0032, 0x00F3, 0x0003, 0x00C6, 0x00EA, 0x010D, 0x0176, 0x0001, 0x01A1, 0x00A1, 
0x0032, 0x0181, 0x010D, 0x0051, 0x010D, 0x00A1, 0x014F, 0x0121, 0x014F, 0x0001, 0x0100, 0x0042, 0x0128, 0x0001, 0x0128, 0x0099, 
0x0033, 0x004E, 0x0003, 0x0051, 0x00C6, 0x01A1, 0x0181, 0x014F, 0x0001, 0x0100, 0x0033, 0x00C6, 0x0009, 0x0033, 0x0032, 0x0032, 
0x0009, 0x01A1, 0x0096, 0x001B, 0x0003, 0x0011, 0x001B, 0x001B, 0x0176, 0x0001, 0x01A1, 0x004E, 0x0001, 0x001A, 0x001B, 0x010D, 
0x0016, 0x0051, 0x00F3, 0x0099, 0x00EA, 0x0003, 0x00EA, 0x0096, 0x0121, 0x0009, 0x01A1, 0x00C6, 0x00A1, 0x0096, 0x010D, 0x00F3, 
0x001B, 0x0099, 0x008B, 0x0099, 0x0033, 0x0181, 0x010D, 0x0011, 0x0181, 0x0099, 0x0016, 0x01A1, 0x0176, 0x00C6, 0x001A, 0x0033, 
0x010D, 0x008B, 0x0003, 0x008B, 0x001B, 0x0121, 0x001A, 0x0033, 0x0176, 0x0100, 0x014F, 0x0121, 0x001A, 0x0128, 0x0042, 0x0096, 
0x0121, 0x0016, 0x0016, 0x00A1, 0x00A1, 0x00C6, 0x0100, 0x0100, 0x0009, 0x001A, 0x01A1, 0x0011, 0x0099, 0x0009, 0x004E, 0x0121, 
0x004E, 0x0001, 0x001A, 0x00EA, 0x0042, 0x0096, 0x0099, 0x00EA, 0x014F, 0x0176, 0x0128, 0x0128, 0x0033, 0x0096, 0x0181, 0x0016, 
0x00EA, 0x0032, 0x0009, 0x0016, 0x0011, 0x014F, 0x0042, 0x0051, 0x0016, 0x001A, 0x00EA, 0x0051, 0x0042, 0x00A1, 0x0051, 0x008B, 
0x0033, 0x014F, 0x0181, 0x00C6, 0x004E, 0x0096, 0x001B, 0x00F3, 0x00F3, 0x0051, 0x008B, 0x001B, 0x00A1, 0x0100, 0x0009, 0x0011, 
0x0128, 0x004E, 0x0003, 0x008B, 0x014F, 0x0128, 0x008B, 0x010D, 0x0009, 0x0011, 0x00F3, 0x00EA, 0x0176, 0x0032, 0x0181, 0x004E, 
0x0100, 0x001A, 0x00A1, 0x0032, 0x004E, 0x0176, 0x0042, 0x0011, 0x00C6, 0x0181, 0x00F3, 0x008B, 0x01A1, 0x0176, 0x0001, 0x012C, 
0x0100, 0x0171, 0x0106, 0x009F, 0x0061, 0x011D, 0x0099, 0x00E3, 0x00D9, 0x0046, 0x00D9, 0x0059, 0x0186, 0x00C7, 0x001B, 0x0002, 
0x0054, 0x0077, 0x0097, 0x0096, 0x0187, 0x00D8, 0x00E6, 0x0096, 0x00C6, 0x011F, 0x0086, 0x005A, 0x00FD, 0x017B, 0x0080, 0x0132, 
0x012C, 0x00A7, 0x0085, 0x0056, 0x0080, 0x00C2, 0x0004, 0x010C, 0x0184, 0x0191, 0x00FA, 0x0186, 0x009D, 0x011B, 0x013C, 0x0099, 
0x01A1, 0x0191, 0x018C, 0x004F, 0x0083, 0x016E, 0x011F, 0x016C, 0x0118, 0x009A, 0x002B, 0x007D, 0x0077, 0x00FE, 0x0083, 0x0128, 
0x005B, 0x0004, 0x0049, 0x0171, 0x008D, 0x0131, 0x00C3, 0x0040, 0x01A9, 0x00FD, 0x0109, 0x0128, 0x004F, 0x00B2, 0x001B, 0x014E, 
0x013A, 0x0127, 0x0092, 0x0164, 0x0061, 0x0167, 0x010C, 0x005B, 0x0109, 0x005A, 0x00FB, 0x0150, 0x0166, 0x0020, 0x0105, 0x0196, 
0x0125, 0x0002, 0x00B2, 0x018C, 0x0184, 0x0167, 0x009F, 0x009E, 0x00B4, 0x013E, 0x01AD, 0x014A, 0x0112, 0x00FB, 0x0086, 0x016E, 
0x00FE, 0x0054, 0x0125, 0x01AF, 0x0015, 0x012E, 0x0145, 0x0157, 0x009E, 0x0106, 0x0049, 0x00C2, 0x017B, 0x01A9, 0x00AB, 0x014A, 
0x00A5, 0x0023, 0x0162, 0x0015, 0x015D, 0x014E, 0x00C7, 0x00FA, 0x01A1, 0x011D, 0x0164, 0x012B, 0x0145, 0x0089, 0x0023, 0x002D, 
0x0166, 0x0094, 0x016C, 0x00C6, 0x0097, 0x007D, 0x00EA, 0x0105, 0x0025, 0x0023, 0x0156, 0x013E, 0x0036, 0x008D, 0x0100, 0x0132, 
0x0056, 0x00B1, 0x00C3, 0x00EF, 0x013E, 0x00A8, 0x0145, 0x0043, 0x0127, 0x011A, 0x009D, 0x0059, 0x00E3, 0x013C, 0x00EB, 0x0127, 
0x00B3, 0x0015, 0x00FF, 0x0105, 0x00B7, 0x009A, 0x00CE, 0x0187, 0x00E6, 0x0158, 0x009A, 0x0010, 0x0166, 0x004A, 0x014A, 0x0168, 
0x00C3, 0x007F, 0x00A7, 0x0001, 0x01B0, 0x00A7, 0x015B, 0x008D, 0x0008, 0x009E, 0x00B6, 0x0164, 0x0045, 0x013C, 0x002A, 0x0046, 
0x0046, 0x00CB, 0x009D, 0x0134, 0x014E, 0x008C, 0x0125, 0x0063, 0x007D, 0x0114, 0x00E6, 0x016B, 0x016B, 0x0187, 0x0075, 0x016C, 
0x004D, 0x00FB, 0x0113, 0x01A9, 0x0124, 0x0056, 0x010A, 0x0001, 0x01B0, 0x010A, 0x0132, 0x00EE, 0x0049, 0x0067, 0x0167, 0x004B, 
0x01A1, 0x0117, 0x0059, 0x00CB, 0x002A, 0x00E3, 0x0117, 0x00FA, 0x00AC, 0x00B2, 0x019C, 0x00FE, 0x008A, 0x00C6, 0x0075, 0x00CE, 
0x0158, 0x0114, 0x0097, 0x008A, 0x016E, 0x006C, 0x0109, 0x0073, 0x00C2, 0x00EE, 0x0100, 0x015B, 0x007F, 0x00B1, 0x0124, 0x017B, 
0x0073, 0x005B, 0x018E, 0x018C, 0x00AC, 0x00C7, 0x0134, 0x011A, 0x00EB, 0x0045, 0x011D, 0x004B, 0x0184, 0x018E, 0x0128, 0x006C, 
0x0086, 0x004D, 0x0094, 0x0010, 0x00B7, 0x00EA, 0x0063, 0x0054, 0x019C, 0x004F, 0x018E, 0x010C, 0x0067, 0x0106, 0x0008, 0x0036, 
0x00EF, 0x0168, 0x00AB, 0x0113, 0x005A, 0x006C, 0x0083, 0x019C, 0x0002, 0x008C, 0x015D, 0x00B3, 0x0043, 0x012B, 0x00B6, 0x009F, 
0x0067, 0x0004, 0x0073, 0x00FD, 0x0113, 0x0112, 0x004A, 0x002D, 0x0025, 0x00FF, 0x01AF, 0x008C, 0x001B, 0x00AC, 0x0191, 0x004B, 
0x0061, 0x00B6, 0x0157, 0x00A8, 0x0156, 0x00A5, 0x004A, 0x0150, 0x004D, 0x011F, 0x008A, 0x0077, 0x0063, 0x0196, 0x00FF, 0x0162, 
0x0089, 0x00A8, 0x00B4, 0x0008, 0x0171, 0x00EE, 0x0080, 0x0124, 0x0040, 0x0168, 0x01AD, 0x0156, 0x0089, 0x012E, 0x00B3, 0x013A, 
0x0134, 0x0186, 0x0117, 0x0099, 0x0045, 0x0092, 0x0043, 0x012E, 0x0162, 0x0025, 0x0020, 0x0010, 0x0118, 0x0075, 0x0096, 0x0114, 
0x002B, 0x00B7, 0x0020, 0x002D, 0x00A5, 0x01AD, 0x00EF, 0x0131, 0x015B, 0x012C, 0x010A, 0x0085, 0x007F, 0x0131, 0x0036, 0x00B4, 
0x0157, 0x012B, 0x0092, 0x00EB, 0x011B, 0x00CB, 0x00D9, 0x002A, 0x011B, 0x011A, 0x013A, 0x015D, 0x01AF, 0x0196, 0x00EA, 0x002B, 
0x0158, 0x00D8, 0x016B, 0x00D8, 0x00CE, 0x0118, 0x0094, 0x0150, 0x0112, 0x00AB, 0x0040, 0x00B1, 0x0001, 0x00A7, 0x014F, 0x00B1, 
0x000B, 0x0058, 0x00F6, 0x0073, 0x004E, 0x0069, 0x00DE, 0x0197, 0x00DF, 0x017C, 0x00DD, 0x0099, 0x001A, 0x0024, 0x0129, 0x00D7, 
0x008C, 0x010D, 0x014D, 0x01A5, 0x0079, 0x0003, 0x0096, 0x00F2, 0x01A6, 0x0066, 0x0031, 0x0004, 0x0147, 0x000C, 0x006C, 0x017F, 
0x009E, 0x00ED, 0x00E5, 0x018F, 0x00A4, 0x01AF, 0x00E6, 0x0144, 0x01A9, 0x00BB, 0x0012, 0x00A1, 0x0149, 0x0121, 0x0032, 0x0044, 
0x00CC, 0x0171, 0x0115, 0x0091, 0x0152, 0x0148, 0x0042, 0x0093, 0x0019, 0x0185, 0x0088, 0x00EB, 0x0120, 0x0033, 0x0023, 0x0110, 
0x0112, 0x011B, 0x0034, 0x0136, 0x017B, 0x0196, 0x010A, 0x00B0, 0x0036, 0x008B, 0x00B3, 0x0180, 0x0016, 0x006D, 0x0052, 0x0063, 
0x011E, 0x0132, 0x00D4, 0x01A0, 0x0025, 0x018C, 0x012C, 0x0035, 0x018A, 0x0198, 0x00EC, 0x0029, 0x00CB, 0x0181, 0x01AD, 0x00C8, 
0x00E1, 0x007B, 0x0080, 0x0062, 0x00F1, 0x0126, 0x00D0, 0x0089, 0x01AE, 0x0169, 0x0068, 0x0190, 0x01A4, 0x009C, 0x00C7, 0x00DA, 
0x004A, 0x00C5, 0x014E, 0x012D, 0x0163, 0x0116, 0x017E, 0x000D, 0x0020, 0x00C4, 0x0046, 0x0113, 0x0199, 0x0021, 0x018E, 0x0122, 
0x013E, 0x00D8, 0x015F, 0x0188, 0x01A1, 0x0125, 0x0176, 0x0040, 0x0191, 0x0018, 0x0090, 0x00F3, 0x0138, 0x004B, 0x00E9, 0x00FE, 
0x006F, 0x0100, 0x011D, 0x017D, 0x0128, 0x0166, 0x006A, 0x0108, 0x0002, 0x0010, 0x0167, 0x002C, 0x0051, 0x00D2, 0x00A2, 0x0011, 
0x0085, 0x010F, 0x0118, 0x004F, 0x016F, 0x0084, 0x00D9, 0x0008, 0x013B, 0x014B, 0x0142, 0x00C0, 0x001B, 0x0075, 0x01B0, 0x013C, 
0x0101, 0x0131, 0x0094, 0x00BF, 0x0006, 0x019F, 0x008F, 0x009B, 0x005F, 0x0009, 0x018D, 0x0160, 0x0027, 0x007F, 0x0162, 0x00D3, 
0x01A8, 0x00C6, 0x00EA, 0x003B, 0x0022, 0x0151, 0x0145, 0x00BE, 0x0048, 0x009F, 0x01AB, 0x0159, 0x0076, 0x019B, 0x0030, 0x00A9, 
0x0064, 0x0060, 0x016D, 0x016B, 0x016B, 0x016D, 0x0060, 0x0064, 0x00A9, 0x0030, 0x019B, 0x0076, 0x0159, 0x01AB, 0x009F, 0x0048, 
0x00BE, 0x0145, 0x0151, 0x0022, 0x003B, 0x00EA, 0x00C6, 0x01A8, 0x00D3, 0x0162, 0x007F, 0x0027, 0x0160, 0x018D, 0x0009, 0x005F, 
0x009B, 0x008F, 0x019F, 0x0006, 0x00BF, 0x0094, 0x0131, 0x0101, 0x013C, 0x01B0, 0x0075, 0x001B, 0x00C0, 0x0142, 0x014B, 0x013B, 
0x0008, 0x00D9, 0x0084, 0x016F, 0x004F, 0x0118, 0x010F, 0x0085, 0x0011, 0x00A2, 0x00D2, 0x0051, 0x002C, 0x0167, 0x0010, 0x0002, 
0x0108, 0x006A, 0x0166, 0x0128, 0x017D, 0x011D, 0x0100, 0x006F, 0x00FE, 0x00E9, 0x004B, 0x0138, 0x00F3, 0x0090, 0x0018, 0x0191, 
0x0040, 0x0176, 0x0125, 0x01A1, 0x0188, 0x015F, 0x00D8, 0x013E, 0x0122, 0x018E, 0x0021, 0x0199, 0x0113, 0x0046, 0x00C4, 0x0020, 
0x000D, 0x017E, 0x0116, 0x0163, 0x012D, 0x014E, 0x00C5, 0x004A, 0x00DA, 0x00C7, 0x009C, 0x01A4, 0x0190, 0x0068, 0x0169, 0x01AE, 
0x0089, 0x00D0, 0x0126, 0x00F1, 0x0062, 0x0080, 0x007B, 0x00E1, 0x00C8, 0x01AD, 0x0181, 0x00CB, 0x0029, 0x00EC, 0x0198, 0x018A, 
0x0035, 0x012C, 0x018C, 0x0025, 0x01A0, 0x00D4, 0x0132, 0x011E, 0x0063, 0x0052, 0x006D, 0x0016, 0x0180, 0x00B3, 0x008B, 0x0036, 
0x00B0, 0x010A, 0x0196, 0x017B, 0x0136, 0x0034, 0x011B, 0x0112, 0x0110, 0x0023, 0x0033, 0x0120, 0x00EB, 0x0088, 0x0185, 0x0019, 
0x0093, 0x0042, 0x0148, 0x0152, 0x0091, 0x0115, 0x0171, 0x00CC, 0x0044, 0x0032, 0x0121, 0x0149, 0x00A1, 0x0012, 0x00BB, 0x01A9, 
0x0144, 0x00E6, 0x01AF, 0x00A4, 0x018F, 0x00E5, 0x00ED, 0x009E, 0x017F, 0x006C, 0x000C, 0x0147, 0x0004, 0x0031, 0x0066, 0x01A6, 
0x00F2, 0x0096, 0x0003, 0x0079, 0x01A5, 0x014D, 0x010D, 0x008C, 0x00D7, 0x0129, 0x0024, 0x001A, 0x0099, 0x00DD, 0x017C, 0x00DF, 
0x0197, 0x00DE, 0x0069, 0x004E, 0x0073, 0x00F6, 0x0058, 0x000B, 0x00B1, 0x014F, 0x0001, 0x014E, 0x008B, 0x0113, 0x0037, 0x005F, 
0x01A7, 0x0036, 0x010D, 0x00B8, 0x0115, 0x0079, 0x012D, 0x007C, 0x011C, 0x011B, 0x0009, 0x00D7, 0x000E, 0x0193, 0x0156, 0x0121, 
0x012A, 0x0091, 0x01AB, 0x004E, 0x0099, 0x0119, 0x0072, 0x001D, 0x00DC, 0x0080, 0x018F, 0x0198, 0x013C, 0x016D, 0x00D9, 0x015A, 
0x010F, 0x0174, 0x00E5, 0x015D, 0x016C, 0x0190, 0x0049, 0x0177, 0x019D, 0x016F, 0x0064, 0x00A1, 0x0181, 0x0048, 0x01A4, 0x0008, 
0x0050, 0x0146, 0x00D6, 0x0195, 0x01AE, 0x00A0, 0x00E2, 0x012F, 0x0155, 0x013E, 0x0065, 0x014F, 0x00B4, 0x0136, 0x011F, 0x0145, 
0x00E4, 0x00ED, 0x0184, 0x00A7, 0x0020, 0x0182, 0x0105, 0x0011, 0x011D, 0x019A, 0x0032, 0x0116, 0x0137, 0x0059, 0x003E, 0x0150, 
0x0102, 0x00EC, 0x0106, 0x0086, 0x0015, 0x0071, 0x010E, 0x00F8, 0x0151, 0x0027, 0x00CE, 0x003B, 0x0025, 0x0052, 0x00D1, 0x01A6, 
0x00C2, 0x00E9, 0x00BF, 0x01A5, 0x00AD, 0x004A, 0x006A, 0x0133, 0x011E, 0x00C9, 0x0107, 0x001F, 0x0171, 0x00AE, 0x01AF, 0x0129, 
0x0157, 0x00B5, 0x0058, 0x008E, 0x00DE, 0x0139, 0x0067, 0x000F, 0x00E6, 0x007F, 0x0170, 0x0189, 0x00B2, 0x00B0, 0x0125, 0x016E, 
0x00BC, 0x0035, 0x0196, 0x00A5, 0x001A, 0x012C, 0x00FB, 0x0179, 0x00F1, 0x0160, 0x00D0, 0x007D, 0x002C, 0x0162, 0x0055, 0x0128, 
0x00A8, 0x0143, 0x0100, 0x008D, 0x0199, 0x0031, 0x013A, 0x016B, 0x0166, 0x0070, 0x0033, 0x00F6, 0x01AA, 0x00BE, 0x0127, 0x0183, 
0x01AD, 0x011A, 0x0068, 0x0165, 0x012E, 0x004D, 0x0172, 0x0005, 0x003C, 0x0012, 0x0010, 0x002A, 0x00FE, 0x009D, 0x00BA, 0x0056, 
0x00EE, 0x0047, 0x00F4, 0x0074, 0x0148, 0x0081, 0x00CA, 0x019B, 0x0034, 0x0024, 0x00A6, 0x0186, 0x00B7, 0x00DD, 0x0188, 0x00EA, 
0x00EB, 0x006D, 0x0153, 0x005D, 0x009F, 0x00DF, 0x0026, 0x0117, 0x0039, 0x013B, 0x019E, 0x008F, 0x00A9, 0x0142, 0x0053, 0x00C1, 
0x0066, 0x0023, 0x018E, 0x014B, 0x00F0, 0x015E, 0x006F, 0x0108, 0x0122, 0x0013, 0x0076, 0x0178, 0x009A, 0x018B, 0x00D2, 0x0112, 
0x0154, 0x005E, 0x0144, 0x00C6, 0x00C7, 0x0029, 0x00D4, 0x00FA, 0x002B, 0x010B, 0x018D, 0x017D, 0x0016, 0x00E7, 0x0130, 0x0069, 
0x013D, 0x00BD, 0x016A, 0x00C3, 0x015B, 0x00F7, 0x0114, 0x00B3, 0x0187, 0x01A1, 0x019F, 0x0175, 0x01AC, 0x003F, 0x0164, 0x0083, 
0x004C, 0x0149, 0x0097, 0x0004, 0x002E, 0x008A, 0x00F3, 0x0007, 0x00BB, 0x017E, 0x0141, 0x004B, 0x0046, 0x0077, 0x0180, 0x0018, 
0x0124, 0x00B1, 0x006E, 0x0109, 0x0089, 0x015C, 0x004F, 0x0185, 0x0134, 0x00E1, 0x0051, 0x00C0, 0x0038, 0x00B6, 0x0085, 0x0197, 
0x010C, 0x001B, 0x017C, 0x00F5, 0x0043, 0x008C, 0x0101, 0x00FF, 0x0028, 0x0041, 0x0132, 0x00CB, 0x01A2, 0x014A, 0x0078, 0x00D3, 
0x0123, 0x0159, 0x00FC, 0x005A, 0x0088, 0x0002, 0x0103, 0x0040, 0x0192, 0x00AA, 0x00E8, 0x0093, 0x007E, 0x0147, 0x0167, 0x0104, 
0x000C, 0x00F2, 0x00C8, 0x00EF, 0x000B, 0x00E0, 0x015F, 0x018C, 0x0176, 0x00E3, 0x018A, 0x0060, 0x00B9, 0x00A3, 0x0140, 0x019C, 
0x012B, 0x00AB, 0x00C5, 0x00AF, 0x0061, 0x0173, 0x0158, 0x007A, 0x009B, 0x017F, 0x0017, 0x0094, 0x01A0, 0x00AC, 0x002F, 0x0191, 
0x010A, 0x002D, 0x00C4, 0x00CD, 0x006C, 0x0092, 0x007B, 0x00FD, 0x0062, 0x014C, 0x0073, 0x005C, 0x0082, 0x00CF, 0x0111, 0x0003, 
0x001C, 0x00DB, 0x006B, 0x0161, 0x01A9, 0x000D, 0x0169, 0x0030, 0x0110, 0x014D, 0x0042, 0x0014, 0x003A, 0x0168, 0x0021, 0x0045, 
0x0054, 0x00CC, 0x003D, 0x00A2, 0x0057, 0x00D8, 0x0044, 0x0075, 0x0019, 0x0022, 0x0131, 0x00D5, 0x0194, 0x013F, 0x0098, 0x0118, 
0x0163, 0x0006, 0x0120, 0x0087, 0x0090, 0x005B, 0x001E, 0x01A3, 0x00DA, 0x01A8, 0x0096, 0x0095, 0x0135, 0x0084, 0x0138, 0x009C, 
0x00F9, 0x00A4, 0x017B, 0x000A, 0x0152, 0x017A, 0x009E, 0x0126, 0x0001, 0x00EB, 0x01A1, 0x00EA, 0x0113, 0x0089, 0x016B, 0x01B0, 
0x0100, 0x006C, 0x0010, 0x0099, 0x0010, 0x0004, 0x016B, 0x00C6, 0x0099, 0x0196, 0x010A, 0x010A, 0x00FE, 0x0128, 0x0167, 0x0010, 
0x011B, 0x0128, 0x00EA, 0x004A, 0x0113, 0x0004, 0x0145, 0x00C7, 0x00B1, 0x0010, 0x00EB, 0x0096, 0x00EB, 0x009E, 0x00B1, 0x009E, 
0x0128, 0x0171, 0x0040, 0x0118, 0x00FE, 0x016B, 0x0167, 0x0128, 0x0089, 0x0100, 0x0096, 0x0118, 0x00B1, 0x01B0, 0x0046, 0x0046, 
0x004A, 0x006C, 0x0100, 0x004A, 0x016B, 0x00A7, 0x010A, 0x0001, 0x0046, 0x001B, 0x0171, 0x0128, 0x013E, 0x00EA, 0x00A7, 0x00B1, 
0x00B3, 0x00EA, 0x00EB, 0x0145, 0x00B3, 0x001B, 0x01B0, 0x0145, 0x0099, 0x0118, 0x010A, 0x0073, 0x004A, 0x013E, 0x016B, 0x01A1, 
0x0171, 0x0171, 0x00B3, 0x0004, 0x01AD, 0x016B, 0x0196, 0x0118, 0x0040, 0x0099, 0x00C7, 0x0196, 0x0145, 0x00B1, 0x0040, 0x01A1, 
0x0089, 0x001B, 0x0145, 0x00C6, 0x0128, 0x01AD, 0x0089, 0x01AD, 0x0113, 0x0046, 0x0001, 0x010A, 0x00C7, 0x0196, 0x0073, 0x0046, 
0x0100, 0x0004, 0x001B, 0x0113, 0x013E, 0x009E, 0x00C7, 0x00EB, 0x0113, 0x01AD, 0x0171, 0x011B, 0x01B0, 0x0073, 0x010A, 0x0118, 
0x00C6, 0x00FE, 0x0096, 0x01B0, 0x013E, 0x0113, 0x0100, 0x001B, 0x011B, 0x0040, 0x0196, 0x01B0, 0x006C, 0x00EA, 0x00FE, 0x00A7, 
0x00C6, 0x0040, 0x00B1, 0x011B, 0x0171, 0x00C6, 0x00C7, 0x00A7, 0x01A1, 0x0010, 0x009E, 0x01A1, 0x00B3, 0x009E, 0x00C6, 0x00B3, 
0x0100, 0x0046, 0x0073, 0x00FE, 0x0167, 0x0004, 0x006C, 0x0089, 0x00EA, 0x0073, 0x0001, 0x0073, 0x0145, 0x0040, 0x00FE, 0x004A, 
0x006C, 0x0167, 0x011B, 0x0004, 0x004A, 0x0096, 0x0196, 0x01A1, 0x01AD, 0x013E, 0x00B3, 0x0010, 0x0096, 0x0001, 0x0001, 0x0096, 
0x009E, 0x00A7, 0x00EB, 0x001B, 0x01AD, 0x013E, 0x006C, 0x0089, 0x0167, 0x0099, 0x0099, 0x011B, 0x0167, 0x00A7, 0x0118, 0x00C7, 
0x00C7, 0x0118, 0x00A7, 0x0167, 0x011B, 0x0099, 0x0099, 0x0167, 0x0089, 0x006C, 0x013E, 0x01AD, 0x001B, 0x00EB, 0x00A7, 0x009E, 
0x0096, 0x0001, 0x0001, 0x0096, 0x0010, 0x00B3, 0x013E, 0x01AD, 0x01A1, 0x0196, 0x0096, 0x004A, 0x0004, 0x011B, 0x0167, 0x006C, 
0x004A, 0x00FE, 0x0040, 0x0145, 0x0073, 0x0001, 0x0073, 0x00EA, 0x0089, 0x006C, 0x0004, 0x0167, 0x00FE, 0x0073, 0x0046, 0x0100, 
0x00B3, 0x00C6, 0x009E, 0x00B3, 0x01A1, 0x009E, 0x0010, 0x01A1, 0x00A7, 0x00C7, 0x00C6, 0x0171, 0x011B, 0x00B1, 0x0040, 0x00C6, 
0x00A7, 0x00FE, 0x00EA, 0x006C, 0x01B0, 0x0196, 0x0040, 0x011B, 0x001B, 0x0100, 0x0113, 0x013E, 0x01B0, 0x0096, 0x00FE, 0x00C6, 
0x0118, 0x010A, 0x0073, 0x01B0, 0x011B, 0x0171, 0x01AD, 0x0113, 0x00EB, 0x00C7, 0x009E, 0x013E, 0x0113, 0x001B, 0x0004, 0x0100, 
0x0046, 0x0073, 0x0196, 0x00C7, 0x010A, 0x0001, 0x0046, 0x0113, 0x01AD, 0x0089, 0x01AD, 0x0128, 0x00C6, 0x0145, 0x001B, 0x0089, 
0x01A1, 0x0040, 0x00B1, 0x0145, 0x0196, 0x00C7, 0x0099, 0x0040, 0x0118, 0x0196, 0x016B, 0x01AD, 0x0004, 0x00B3, 0x0171, 0x0171, 
0x01A1, 0x016B, 0x013E, 0x004A, 0x0073, 0x010A, 0x0118, 0x0099, 0x0145, 0x01B0, 0x001B, 0x00B3, 0x0145, 0x00EB, 0x00EA, 0x00B3, 
0x00B1, 0x00A7, 0x00EA, 0x013E, 0x0128, 0x0171, 0x001B, 0x0046, 0x0001, 0x010A, 0x00A7, 0x016B, 0x004A, 0x0100, 0x006C, 0x004A, 
0x0046, 0x0046, 0x01B0, 0x00B1, 0x0118, 0x0096, 0x0100, 0x0089, 0x0128, 0x0167, 0x016B, 0x00FE, 0x0118, 0x0040, 0x0171, 0x0128, 
0x009E, 0x00B1, 0x009E, 0x00EB, 0x0096, 0x00EB, 0x0010, 0x00B1, 0x00C7, 0x0145, 0x0004, 0x0113, 0x004A, 0x00EA, 0x0128, 0x011B, 
0x0010, 0x0167, 0x0128, 0x00FE, 0x010A, 0x010A, 0x0196, 0x0099, 0x00C6, 0x016B, 0x0004, 0x0010, 0x0099, 0x0010, 0x006C, 0x0100, 
0x01B0, 0x016B, 0x0089, 0x0113, 0x00EA, 0x01A1, 0x0001, 0x0025, 0x0181, 0x0046, 0x004C, 0x0185, 0x0178, 0x01A9, 0x008B, 0x00D6, 
0x00B0, 0x0068, 0x00D0, 0x0038, 0x00F9, 0x0089, 0x0003, 0x017C, 0x0123, 0x007C, 0x008A, 0x0011, 0x001E, 0x0180, 0x0093, 0x014F, 
0x0100, 0x0154, 0x00B5, 0x0078, 0x0074, 0x0132, 0x00D4, 0x006F, 0x01AF, 0x00CC, 0x0023, 0x0177, 0x0198, 0x0102, 0x000C, 0x0157, 
0x009A, 0x00C4, 0x00AC, 0x00F4, 0x01A3, 0x0160, 0x00DA, 0x00F3, 0x0121, 0x010F, 0x0120, 0x017B, 0x0182, 0x0017, 0x0141, 0x00CA, 
0x017E, 0x006E, 0x003C, 0x018B, 0x0130, 0x0040, 0x00DC, 0x0032, 0x002A, 0x00D2, 0x0124, 0x0167, 0x00A6, 0x00BB, 0x004D, 0x01AD, 
0x0131, 0x0013, 0x0168, 0x0176, 0x0162, 0x0014, 0x010D, 0x000B, 0x01AC, 0x0086, 0x00E4, 0x0045, 0x0195, 0x0144, 0x016E, 0x012E, 
0x010C, 0x0170, 0x003D, 0x015C, 0x0021, 0x0022, 0x0092, 0x0110, 0x00D8, 0x014B, 0x015E, 0x012D, 0x0061, 0x0044, 0x0060, 0x0108, 
0x0087, 0x00A7, 0x00DE, 0x01AA, 0x0034, 0x01A2, 0x014C, 0x00BA, 0x0073, 0x0071, 0x014E, 0x0116, 0x0106, 0x00AD, 0x00E9, 0x0037, 
0x0122, 0x0146, 0x015B, 0x01A7, 0x009F, 0x00CB, 0x0192, 0x015A, 0x0114, 0x0076, 0x012C, 0x00FF, 0x0194, 0x0199, 0x0118, 0x019C, 
0x0042, 0x0125, 0x00EF, 0x0050, 0x00EC, 0x01A8, 0x014D, 0x00FB, 0x0169, 0x011D, 0x0047, 0x001B, 0x00FA, 0x010E, 0x01A1, 0x014A, 
0x009C, 0x019F, 0x0158, 0x006C, 0x0020, 0x0133, 0x0016, 0x01AB, 0x00CF, 0x0197, 0x005B, 0x00F8, 0x009E, 0x00C3, 0x018D, 0x00D1, 
0x00B4, 0x0184, 0x00BC, 0x0107, 0x0119, 0x0129, 0x011B, 0x0077, 0x00B3, 0x015D, 0x0172, 0x0186, 0x0097, 0x00C1, 0x003E, 0x005C, 
0x005F, 0x013F, 0x0082, 0x0163, 0x0027, 0x0188, 0x005E, 0x00CE, 0x0109, 0x0069, 0x006A, 0x00C6, 0x00C7, 0x007B, 0x0095, 0x0189, 
0x004B, 0x0138, 0x002E, 0x007D, 0x0111, 0x015F, 0x007A, 0x0058, 0x00F1, 0x00F2, 0x0103, 0x00E8, 0x000D, 0x0075, 0x013C, 0x01A4, 
0x00C9, 0x00AE, 0x00BF, 0x00C0, 0x0159, 0x0137, 0x0052, 0x00A0, 0x0134, 0x0183, 0x0079, 0x0166, 0x0028, 0x011C, 0x0136, 0x00EA, 
0x00EB, 0x0147, 0x0148, 0x00A8, 0x00E3, 0x0153, 0x0029, 0x018A, 0x004E, 0x012F, 0x0072, 0x0152, 0x0155, 0x0173, 0x00F0, 0x011A, 
0x002B, 0x003F, 0x0054, 0x00FE, 0x013A, 0x0096, 0x0088, 0x0098, 0x00AA, 0x00F5, 0x002D, 0x00FD, 0x00E0, 0x0024, 0x00EE, 0x0113, 
0x00B9, 0x0156, 0x001A, 0x00E2, 0x0006, 0x019B, 0x007E, 0x0191, 0x0145, 0x0059, 0x0012, 0x0115, 0x0067, 0x0010, 0x00A3, 0x00B7, 
0x0196, 0x016A, 0x0094, 0x0048, 0x00B6, 0x0064, 0x0009, 0x00C5, 0x0161, 0x00C2, 0x008C, 0x016F, 0x0015, 0x0099, 0x0018, 0x001D, 
0x00B2, 0x0085, 0x013B, 0x009D, 0x0057, 0x001F, 0x00E6, 0x0112, 0x000A, 0x0056, 0x006B, 0x008F, 0x017A, 0x00C8, 0x0104, 0x00AB, 
0x009B, 0x0063, 0x0140, 0x013E, 0x00F7, 0x0065, 0x000F, 0x017D, 0x0007, 0x00D3, 0x010A, 0x012A, 0x00A9, 0x0151, 0x016D, 0x0150, 
0x0084, 0x0053, 0x0066, 0x00D9, 0x00A1, 0x011F, 0x018F, 0x0190, 0x0055, 0x0174, 0x0041, 0x00A5, 0x0083, 0x0043, 0x006D, 0x001C, 
0x016C, 0x00CD, 0x012B, 0x0005, 0x01A6, 0x00A4, 0x019D, 0x004F, 0x003B, 0x0049, 0x019E, 0x0080, 0x0004, 0x0164, 0x00F6, 0x010B, 
0x004A, 0x008D, 0x00DF, 0x0187, 0x017F, 0x00D5, 0x0171, 0x0081, 0x0026, 0x0175, 0x0143, 0x0033, 0x00E7, 0x0070, 0x019A, 0x002F, 
0x0036, 0x0091, 0x00A2, 0x0090, 0x00BE, 0x00D7, 0x0051, 0x000E, 0x00BD, 0x0105, 0x00ED, 0x0117, 0x005A, 0x01A5, 0x00AF, 0x0019, 
0x003A, 0x018E, 0x00E5, 0x0002, 0x0142, 0x00DD, 0x007F, 0x013D, 0x0139, 0x00FC, 0x005D, 0x00B1, 0x0062, 0x011E, 0x0031, 0x0193, 
0x01A0, 0x0127, 0x0135, 0x008E, 0x0035, 0x01AE, 0x0128, 0x00B8, 0x0179, 0x00E1, 0x0149, 0x0101, 0x00DB, 0x0126, 0x0008, 0x0039, 
0x002C, 0x0165, 0x016B, 0x0030, 0x0001, 0x004A, 0x0121, 0x0118, 0x017C, 0x00A9, 0x0022, 0x0171, 0x0181, 0x0198, 0x00CC, 0x017E, 
0x006A, 0x015F, 0x010F, 0x001B, 0x0033, 0x0159, 0x014D, 0x013B, 0x012C, 0x0176, 0x0101, 0x007B, 0x00D3, 0x0032, 0x01A1, 0x01AB, 
0x0035, 0x0088, 0x0084, 0x010A, 0x0044, 0x0136, 0x016B, 0x01A0, 0x01AD, 0x018A, 0x0144, 0x0169, 0x003B, 0x0075, 0x007F, 0x018D, 
0x017B, 0x018F, 0x00D0, 0x0009, 0x0122, 0x001A, 0x0011, 0x00EC, 0x006D, 0x0073, 0x000D, 0x01A6, 0x006F, 0x0019, 0x0016, 0x0069, 
0x00C4, 0x00F2, 0x0064, 0x00C7, 0x000B, 0x010D, 0x00D8, 0x01A8, 0x00E6, 0x0010, 0x005F, 0x0029, 0x01A9, 0x0089, 0x0167, 0x0091, 
0x0008, 0x00A1, 0x00FE, 0x012D, 0x008B, 0x0024, 0x0012, 0x01AF, 0x0148, 0x0131, 0x00A2, 0x016F, 0x0063, 0x014E, 0x008C, 0x0052, 
0x002C, 0x00ED, 0x0068, 0x00E9, 0x0132, 0x00F3, 0x00A7, 0x00C0, 0x0115, 0x0188, 0x0020, 0x0090, 0x0079, 0x0110, 0x009C, 0x011B, 
0x017F, 0x0060, 0x008F, 0x0034, 0x0116, 0x01A4, 0x00EB, 0x0076, 0x006C, 0x0149, 0x0002, 0x0199, 0x0030, 0x00D7, 0x00A4, 0x009B, 
0x004B, 0x0027, 0x0113, 0x0004, 0x014B, 0x017D, 0x00D9, 0x01A5, 0x0040, 0x018C, 0x019F, 0x00C8, 0x0100, 0x0085, 0x0051, 0x013E, 
0x0166, 0x0066, 0x0197, 0x0003, 0x00DE, 0x0112, 0x00F1, 0x00B3, 0x00BB, 0x0099, 0x004F, 0x0152, 0x0096, 0x009F, 0x016D, 0x00DF, 
0x013C, 0x00B1, 0x0145, 0x00BF, 0x004E, 0x0147, 0x0190, 0x0042, 0x0125, 0x0021, 0x0196, 0x011D, 0x019B, 0x0018, 0x0025, 0x0036, 
0x0031, 0x0129, 0x00F6, 0x0138, 0x0128, 0x018E, 0x01B0, 0x0023, 0x0120, 0x0191, 0x0162, 0x0006, 0x00D4, 0x00E1, 0x000C, 0x00DA, 
0x0142, 0x014F, 0x0058, 0x0163, 0x0185, 0x0080, 0x0094, 0x00E5, 0x0062, 0x00EA, 0x00C6, 0x0160, 0x0048, 0x0093, 0x0046, 0x01AE, 
0x0151, 0x00CB, 0x00DD, 0x0108, 0x0180, 0x0126, 0x00BE, 0x00D2, 0x00B0, 0x011E, 0x00C5, 0x009E, 0x009E, 0x00C5, 0x011E, 0x00B0, 
0x00D2, 0x00BE, 0x0126, 0x0180, 0x0108, 0x00DD, 0x00CB, 0x0151, 0x01AE, 0x0046, 0x0093, 0x0048, 0x0160, 0x00C6, 0x00EA, 0x0062, 
0x00E5, 0x0094, 0x0080, 0x0185, 0x0163, 0x0058, 0x014F, 0x0142, 0x00DA, 0x000C, 0x00E1, 0x00D4, 0x0006, 0x0162, 0x0191, 0x0120, 
0x0023, 0x01B0, 0x018E, 0x0128, 0x0138, 0x00F6, 0x0129, 0x0031, 0x0036, 0x0025, 0x0018, 0x019B, 0x011D, 0x0196, 0x0021, 0x0125, 
0x0042, 0x0190, 0x0147, 0x004E, 0x00BF, 0x0145, 0x00B1, 0x013C, 0x00DF, 0x016D, 0x009F, 0x0096, 0x0152, 0x004F, 0x0099, 0x00BB, 
0x00B3, 0x00F1, 0x0112, 0x00DE, 0x0003, 0x0197, 0x0066, 0x0166, 0x013E, 0x0051, 0x0085, 0x0100, 0x00C8, 0x019F, 0x018C, 0x0040, 
0x01A5, 0x00D9, 0x017D, 0x014B, 0x0004, 0x0113, 0x0027, 0x004B, 0x009B, 0x00A4, 0x00D7, 0x0030, 0x0199, 0x0002, 0x0149, 0x006C, 
0x0076, 0x00EB, 0x01A4, 0x0116, 0x0034, 0x008F, 0x0060, 0x017F, 0x011B, 0x009C, 0x0110, 0x0079, 0x0090, 0x0020, 0x0188, 0x0115, 
0x00C0, 0x00A7, 0x00F3, 0x0132, 0x00E9, 0x0068, 0x00ED, 0x002C, 0x0052, 0x008C, 0x014E, 0x0063, 0x016F, 0x00A2, 0x0131, 0x0148, 
0x01AF, 0x0012, 0x0024, 0x008B, 0x012D, 0x00FE, 0x00A1, 0x0008, 0x0091, 0x0167, 0x0089, 0x01A9, 0x0029, 0x005F, 0x0010, 0x00E6, 
0x01A8, 0x00D8, 0x010D, 0x000B, 0x00C7, 0x0064, 0x00F2, 0x00C4, 0x0069, 0x0016, 0x0019, 0x006F, 0x01A6, 0x000D, 0x0073, 0x006D, 
0x00EC, 0x0011, 0x001A, 0x0122, 0x0009, 0x00D0, 0x018F, 0x017B, 0x018D, 0x007F, 0x0075, 0x003B, 0x0169, 0x0144, 0x018A, 0x01AD, 
0x01A0, 0x016B, 0x0136, 0x0044, 0x010A, 0x0084, 0x0088, 0x0035, 0x01AB, 0x01A1, 0x0032, 0x00D3, 0x007B, 0x0101, 0x0176, 0x012C, 
0x013B, 0x014D, 0x0159, 0x0033, 0x001B, 0x010F, 0x015F, 0x006A, 0x017E, 0x00CC, 0x0198, 0x0181, 0x0171, 0x0022, 0x00A9, 0x017C, 
0x0118, 0x0121, 0x0001, 0x0094, 0x0001, 0x00FE, 0x00A8, 0x0094, 0x00EE, 0x0162, 0x0001, 0x00B7, 0x004F, 0x00FE, 0x004F, 0x0097, 
0x00A8, 0x01B0, 0x0001, 0x0094, 0x0109, 0x00EE, 0x00EE, 0x0001, 0x011A, 0x0162, 0x004F, 0x0001, 0x0001, 0x0109, 0x00EE, 0x00B7, 
0x00C3, 0x011D, 0x004F, 0x0094, 0x0094, 0x00FE, 0x011D, 0x00FA, 0x004F, 0x0097, 0x00FE, 0x0097, 0x0109, 0x0094, 0x00A8, 0x00A8, 
0x00FA, 0x01B0, 0x0162, 0x0001, 0x0001, 0x0094, 0x0094, 0x0094, 0x011A, 0x00FA, 0x0109, 0x0097, 0x01B0, 0x00EE, 0x0109, 0x011A, 
0x00EE, 0x00B3, 0x011A, 0x0001, 0x00B7, 0x00FE, 0x011A, 0x00FE, 0x00FA, 0x0162, 0x011A, 0x00B3, 0x004F, 0x00C3, 0x00B7, 0x0001, 
0x0094, 0x0109, 0x0001, 0x0162, 0x00C3, 0x0109, 0x00A8, 0x00FA, 0x00EE, 0x00FE, 0x0097, 0x00B7, 0x00B7, 0x00B7, 0x00C3, 0x00C3, 
0x0162, 0x011D, 0x00EE, 0x01B0, 0x004F, 0x0094, 0x0109, 0x0094, 0x0109, 0x00FE, 0x0094, 0x00FE, 0x00EE, 0x00FE, 0x00B3, 0x00A8, 
0x011D, 0x00C3, 0x00EE, 0x00FA, 0x00B3, 0x0109, 0x004F, 0x011D, 0x00EE, 0x0097, 0x00B3, 0x00FA, 0x00FE, 0x00A8, 0x011A, 0x0097, 
0x011D, 0x004F, 0x0109, 0x00A8, 0x011A, 0x0094, 0x011D, 0x00EE, 0x00A8, 0x0162, 0x01B0, 0x00A8, 0x0001, 0x0162, 0x00FA, 0x00C3, 
0x00B3, 0x01B0, 0x0094, 0x00A8, 0x0162, 0x004F, 0x0097, 0x0001, 0x00EE, 0x011A, 0x0001, 0x00EE, 0x011D, 0x0094, 0x00FA, 0x00FE, 
0x0094, 0x00FA, 0x0001, 0x0094, 0x00FA, 0x01B0, 0x011A, 0x011A, 0x00FE, 0x00FA, 0x00B3, 0x00B7, 0x0109, 0x00C3, 0x00FA, 0x0097, 
0x00B7, 0x0162, 0x01B0, 0x0109, 0x00FE, 0x00EE, 0x00A8, 0x00EE, 0x0109, 0x00EE, 0x00FA, 0x011A, 0x004F, 0x011A, 0x00EE, 0x01B0, 
0x0162, 0x00B3, 0x00A8, 0x0097, 0x011A, 0x011D, 0x00FE, 0x0001, 0x01B0, 0x00FE, 0x00B7, 0x00FA, 0x0162, 0x00FE, 0x00EE, 0x00FA, 
0x011A, 0x0162, 0x0097, 0x00FE, 0x00FE, 0x0162, 0x00FA, 0x0097, 0x0162, 0x0162, 0x004F, 0x004F, 0x011A, 0x00B7, 0x004F, 0x00B3, 
0x00B3, 0x011A, 0x004F, 0x0097, 0x00B7, 0x00C3, 0x00B3, 0x004F, 0x00B7, 0x00FA, 0x00B3, 0x0001, 0x01B0, 0x00B3, 0x0094, 0x0097, 
0x011A, 0x0109, 0x00FE, 0x004F, 0x0001, 0x00C3, 0x0097, 0x0162, 0x0097, 0x00B7, 0x00C3, 0x00A8, 0x00C3, 0x0109, 0x00C3, 0x00B3, 
0x00A8, 0x0001, 0x004F, 0x00FA, 0x011A, 0x00B7, 0x00EE, 0x00A8, 0x00FA, 0x00FE, 0x00B7, 0x00B3, 0x0097, 0x0097, 0x0001, 0x00B7, 
0x011D, 0x01B0, 0x00B7, 0x011D, 0x00B3, 0x00B7, 0x011D, 0x0094, 0x00C3, 0x01B0, 0x0097, 0x00C3, 0x01B0, 0x011A, 0x0162, 0x004F, 
0x0109, 0x011D, 0x0001, 0x00FE, 0x00EE, 0x00B7, 0x004F, 0x01B0, 0x0109, 0x0001, 0x004F, 0x0109, 0x00C3, 0x0094, 0x011D, 0x0097, 
0x0109, 0x00A8, 0x0162, 0x0094, 0x011A, 0x0097, 0x0109, 0x00B3, 0x00B7, 0x00FE, 0x011A, 0x00C3, 0x0094, 0x0162, 0x00A8, 0x00FE, 
0x00B7, 0x00C3, 0x00EE, 0x0094, 0x0109, 0x00FE, 0x00B3, 0x00C3, 0x00B3, 0x011D, 0x00B3, 0x00A8, 0x011D, 0x00A8, 0x011D, 0x0162, 
0x0001, 0x00C3, 0x0094, 0x004F, 0x00EE, 0x00EE, 0x00FA, 0x00FA, 0x00FA, 0x011A, 0x00B3, 0x00C3, 0x00B7, 0x0109, 0x00A8, 0x00EE, 
0x004F, 0x01B0, 0x00A8, 0x011D, 0x01B0, 0x00FA, 0x00EE, 0x0162, 0x00FE, 0x0097, 0x004F, 0x00B7, 0x00B3, 0x0097, 0x00B3, 0x00FA, 
0x01B0, 0x0097, 0x00FE, 0x00C3, 0x0097, 0x00A8, 0x00C3, 0x0001, 0x011A, 0x00A8, 0x00B7, 0x0097, 0x011D, 0x011D, 0x011D, 0x01B0, 
0x01B0, 0x004F, 0x0001, 0x00B7, 0x0109, 0x0109, 0x011D, 0x00A8, 0x011A, 0x00B3, 0x011A, 0x0162, 0x00B7, 0x0094, 0x00B3, 0x011D, 
0x011D, 0x0162, 0x0094, 0x00EE, 0x00FA, 0x00C3, 0x00A8, 0x01B0, 0x01B0, 0x0162, 0x004F, 0x0097, 0x01B0, 0x00C3, 0x00C3, 0x00A8, 
0x011D, 0x01B0, 0x0001, 0x0109, 0x011A, 0x0162, 0x00B3, 0x0162, 0x00FA, 0x01B0, 0x004F, 0x00C3, 0x011D, 0x0109, 0x00B3, 0x01B0, 
0x0001, 0x0128, 0x0003, 0x0096, 0x0197, 0x0016, 0x016F, 0x00EA, 0x0009, 0x0062, 0x0003, 0x0011, 0x00A1, 0x017E, 0x0163, 0x01A1, 
0x0011, 0x0042, 0x0110, 0x01AE, 0x00EB, 0x0016, 0x01A8, 0x010D, 0x00F3, 0x001A, 0x001B, 0x003B, 0x0197, 0x0126, 0x01A0, 0x001B, 
0x0009, 0x010D, 0x01A1, 0x0033, 0x0099, 0x0197, 0x0032, 0x019B, 0x0016, 0x0118, 0x0089, 0x0011, 0x00C7, 0x016F, 0x003B, 0x0181, 
0x001A, 0x0032, 0x0033, 0x014F, 0x0032, 0x00C6, 0x0163, 0x0090, 0x017F, 0x0062, 0x0176, 0x01A8, 0x0090, 0x00A4, 0x0110, 0x00C6, 
0x0090, 0x0042, 0x0089, 0x0181, 0x0196, 0x001B, 0x01AE, 0x0176, 0x00EB, 0x0100, 0x0128, 0x0062, 0x00EB, 0x004E, 0x0001, 0x01A0, 
0x0051, 0x0011, 0x00A4, 0x00B1, 0x01A8, 0x011B, 0x0163, 0x010D, 0x0010, 0x0010, 0x00C7, 0x017E, 0x017E, 0x0090, 0x0121, 0x0051, 
0x0089, 0x014F, 0x001B, 0x004E, 0x0160, 0x0176, 0x0010, 0x0003, 0x0181, 0x004E, 0x0160, 0x0099, 0x001A, 0x0126, 0x001A, 0x00BE, 
0x0030, 0x0163, 0x00EA, 0x01AE, 0x0096, 0x0121, 0x00B1, 0x016F, 0x0009, 0x00BE, 0x0042, 0x0030, 0x00B1, 0x0197, 0x0100, 0x0099, 
0x019B, 0x00BE, 0x0089, 0x0033, 0x00EA, 0x011B, 0x00A4, 0x0051, 0x0128, 0x00EB, 0x008B, 0x00C6, 0x00B1, 0x019B, 0x0032, 0x0121, 
0x00F3, 0x0118, 0x004E, 0x0001, 0x01A0, 0x0096, 0x01B0, 0x01AE, 0x0099, 0x0118, 0x0009, 0x008B, 0x0118, 0x0128, 0x0096, 0x00A4, 
0x00A1, 0x00A1, 0x0030, 0x010D, 0x00C7, 0x0030, 0x01A1, 0x01B0, 0x0176, 0x016F, 0x011B, 0x00C7, 0x017F, 0x0126, 0x01A0, 0x0181, 
0x0100, 0x0196, 0x0001, 0x0196, 0x0062, 0x0010, 0x01B0, 0x003B, 0x0160, 0x003B, 0x0033, 0x00BE, 0x017F, 0x00F3, 0x0042, 0x00A1, 
0x017E, 0x011B, 0x01B0, 0x0003, 0x00F3, 0x00C6, 0x00EA, 0x008B, 0x019B, 0x0110, 0x01A1, 0x0121, 0x0126, 0x0196, 0x0160, 0x0016, 
0x017F, 0x0051, 0x014F, 0x008B, 0x01A8, 0x0110, 0x014F, 0x0100, 0x0100, 0x014F, 0x0110, 0x01A8, 0x008B, 0x014F, 0x0051, 0x017F, 
0x0016, 0x0160, 0x0196, 0x0126, 0x0121, 0x01A1, 0x0110, 0x019B, 0x008B, 0x00EA, 0x00C6, 0x00F3, 0x0003, 0x01B0, 0x011B, 0x017E, 
0x00A1, 0x0042, 0x00F3, 0x017F, 0x00BE, 0x0033, 0x003B, 0x0160, 0x003B, 0x01B0, 0x0010, 0x0062, 0x0196, 0x0001, 0x0196, 0x0100, 
0x0181, 0x01A0, 0x0126, 0x017F, 0x00C7, 0x011B, 0x016F, 0x0176, 0x01B0, 0x01A1, 0x0030, 0x00C7, 0x010D, 0x0030, 0x00A1, 0x00A1, 
0x00A4, 0x0096, 0x0128, 0x0118, 0x008B, 0x0009, 0x0118, 0x0099, 0x01AE, 0x01B0, 0x0096, 0x01A0, 0x0001, 0x004E, 0x0118, 0x00F3, 
0x0121, 0x0032, 0x019B, 0x00B1, 0x00C6, 0x008B, 0x00EB, 0x0128, 0x0051, 0x00A4, 0x011B, 0x00EA, 0x0033, 0x0089, 0x00BE, 0x019B, 
0x0099, 0x0100, 0x0197, 0x00B1, 0x0030, 0x0042, 0x00BE, 0x0009, 0x016F, 0x00B1, 0x0121, 0x0096, 0x01AE, 0x00EA, 0x0163, 0x0030, 
0x00BE, 0x001A, 0x0126, 0x001A, 0x0099, 0x0160, 0x004E, 0x0181, 0x0003, 0x0010, 0x0176, 0x0160, 0x004E, 0x001B, 0x014F, 0x0089, 
0x0051, 0x0121, 0x0090, 0x017E, 0x017E, 0x00C7, 0x0010, 0x0010, 0x010D, 0x0163, 0x011B, 0x01A8, 0x00B1, 0x00A4, 0x0011, 0x0051, 
0x01A0, 0x0001, 0x004E, 0x00EB, 0x0062, 0x0128, 0x0100, 0x00EB, 0x0176, 0x01AE, 0x001B, 0x0196, 0x0181, 0x0089, 0x0042, 0x0090, 
0x00C6, 0x0110, 0x00A4, 0x0090, 0x01A8, 0x0176, 0x0062, 0x017F, 0x0090, 0x0163, 0x00C6, 0x0032, 0x014F, 0x0033, 0x0032, 0x001A, 
0x0181, 0x003B, 0x016F, 0x00C7, 0x0011, 0x0089, 0x0118, 0x0016, 0x019B, 0x0032, 0x0197, 0x0099, 0x0033, 0x01A1, 0x010D, 0x0009, 
0x001B, 0x01A0, 0x0126, 0x0197, 0x003B, 0x001B, 0x001A, 0x00F3, 0x010D, 0x01A8, 0x0016, 0x00EB, 0x01AE, 0x0110, 0x0042, 0x0011, 
0x01A1, 0x0163, 0x017E, 0x00A1, 0x0011, 0x0003, 0x0062, 0x0009, 0x00EA, 0x016F, 0x0016, 0x0197, 0x0096, 0x0003, 0x0001, 0x009F, 
0x0009, 0x00A7, 0x012F, 0x0084, 0x0194, 0x008C, 0x0051, 0x0072, 0x0021, 0x00CC, 0x0169, 0x0098, 0x0081, 0x00B1, 0x0121, 0x0142, 
0x0195, 0x0175, 0x00AC, 0x0033, 0x00E2, 0x018A, 0x000D, 0x00F3, 0x0128, 0x0161, 0x0070, 0x00A0, 0x0153, 0x01AF, 0x0129, 0x0035, 
0x0132, 0x0068, 0x0020, 0x0137, 0x00DA, 0x01A3, 0x0024, 0x0045, 0x0106, 0x013B, 0x0127, 0x01AC, 0x00AF, 0x0126, 0x0198, 0x014F, 
0x0003, 0x0064, 0x0034, 0x012C, 0x0028, 0x010E, 0x00B5, 0x0037, 0x01A0, 0x0146, 0x007C, 0x00D1, 0x00F9, 0x0073, 0x010B, 0x001A, 
0x0056, 0x00C8, 0x012E, 0x009E, 0x00DC, 0x0052, 0x010C, 0x0145, 0x0075, 0x0057, 0x0156, 0x0016, 0x004F, 0x0174, 0x0042, 0x005F, 
0x00BD, 0x0092, 0x0065, 0x005A, 0x008E, 0x0122, 0x007D, 0x008D, 0x0164, 0x0047, 0x0014, 0x0071, 0x00B0, 0x019F, 0x012B, 0x0163, 
0x004B, 0x0006, 0x002E, 0x002C, 0x015D, 0x0138, 0x009C, 0x0029, 0x01AA, 0x0046, 0x00EC, 0x012A, 0x0120, 0x003F, 0x00E4, 0x00C9, 
0x0040, 0x0055, 0x00E6, 0x0148, 0x0117, 0x0133, 0x00DF, 0x00E7, 0x0144, 0x0143, 0x002A, 0x00BC, 0x0025, 0x0063, 0x00C1, 0x0013, 
0x00C2, 0x00ED, 0x017B, 0x00FB, 0x0039, 0x00BF, 0x011B, 0x0184, 0x010D, 0x0008, 0x0114, 0x0154, 0x00DE, 0x0030, 0x00A2, 0x00B2, 
0x00D0, 0x0094, 0x0041, 0x01A1, 0x011A, 0x019A, 0x001B, 0x00FD, 0x0060, 0x0022, 0x00E3, 0x0004, 0x0023, 0x0104, 0x0176, 0x0066, 
0x001E, 0x017F, 0x0168, 0x00AE, 0x0167, 0x0109, 0x01A5, 0x0026, 0x014A, 0x0015, 0x000A, 0x003E, 0x0038, 0x00D4, 0x0118, 0x0186, 
0x00B3, 0x0150, 0x01A2, 0x013A, 0x00FA, 0x001F, 0x00AA, 0x0095, 0x000B, 0x00D6, 0x004C, 0x0110, 0x0031, 0x00A9, 0x0074, 0x0158, 
0x00EE, 0x009B, 0x00F1, 0x00EA, 0x00EB, 0x0058, 0x0155, 0x0182, 0x00D8, 0x0044, 0x0053, 0x0043, 0x0078, 0x00F6, 0x0177, 0x007B, 
0x006A, 0x0018, 0x00F8, 0x00BA, 0x0093, 0x0131, 0x0080, 0x011E, 0x00F7, 0x00B9, 0x0199, 0x0147, 0x0136, 0x003A, 0x00BB, 0x0139, 
0x016E, 0x015E, 0x016D, 0x00D9, 0x002F, 0x005C, 0x0159, 0x00C6, 0x00C7, 0x00C0, 0x0116, 0x00C3, 0x0059, 0x013D, 0x0108, 0x0180, 
0x00A1, 0x0165, 0x00DB, 0x01A6, 0x011C, 0x0107, 0x0192, 0x00B7, 0x0077, 0x000F, 0x0061, 0x00FE, 0x002B, 0x0099, 0x00DD, 0x0179, 
0x0173, 0x01A7, 0x019C, 0x0067, 0x018B, 0x000C, 0x00A8, 0x004A, 0x0103, 0x0049, 0x0032, 0x0193, 0x014B, 0x003B, 0x00AD, 0x018E, 
0x01AD, 0x00CE, 0x018F, 0x0151, 0x00B4, 0x0196, 0x0017, 0x0097, 0x0010, 0x0170, 0x011D, 0x00E1, 0x00FF, 0x010F, 0x0181, 0x00D3, 
0x005D, 0x009D, 0x01A9, 0x00A4, 0x002D, 0x0096, 0x00F2, 0x0178, 0x00B6, 0x0036, 0x00C4, 0x00EF, 0x019E, 0x00F0, 0x014E, 0x018C, 
0x00F5, 0x0187, 0x006E, 0x006D, 0x00CA, 0x00D2, 0x007E, 0x009A, 0x0069, 0x00CB, 0x015C, 0x0171, 0x00E8, 0x00CD, 0x0172, 0x0091, 
0x0087, 0x00C5, 0x016B, 0x0007, 0x0188, 0x0115, 0x0079, 0x0054, 0x0185, 0x0183, 0x01AB, 0x0166, 0x004E, 0x0086, 0x0012, 0x0101, 
0x0140, 0x019D, 0x016A, 0x004D, 0x0124, 0x0134, 0x008F, 0x0123, 0x0157, 0x014C, 0x011F, 0x00F4, 0x0152, 0x016F, 0x003D, 0x0162, 
0x019B, 0x005B, 0x015A, 0x013C, 0x006C, 0x00A5, 0x015F, 0x00D5, 0x0113, 0x0083, 0x00E9, 0x015B, 0x0197, 0x00A6, 0x013E, 0x00B8, 
0x00E0, 0x0135, 0x006B, 0x0011, 0x017A, 0x00FC, 0x00A3, 0x0189, 0x0085, 0x017D, 0x014D, 0x01AE, 0x0062, 0x0019, 0x008B, 0x0102, 
0x0005, 0x008A, 0x0076, 0x00AB, 0x016C, 0x018D, 0x000E, 0x00D7, 0x007A, 0x0191, 0x0149, 0x007F, 0x017C, 0x0088, 0x0002, 0x005E, 
0x0111, 0x0141, 0x0050, 0x0089, 0x00BE, 0x01A4, 0x0027, 0x00CF, 0x017E, 0x0105, 0x003C, 0x001C, 0x006F, 0x0090, 0x0100, 0x0130, 
0x0119, 0x0048, 0x00E5, 0x0190, 0x013F, 0x0160, 0x0125, 0x001D, 0x012D, 0x0082, 0x010A, 0x01A8, 0x0001, 0x013E, 0x001B, 0x00EB, 
0x00D8, 0x0167, 0x00E6, 0x00FE, 0x0128, 0x0112, 0x016B, 0x011B, 0x016B, 0x018C, 0x00CB, 0x00EA, 0x0096, 0x00A7, 0x014E, 0x0063, 
0x0094, 0x0100, 0x0002, 0x016B, 0x0145, 0x0100, 0x00C6, 0x0166, 0x00D9, 0x0025, 0x0075, 0x0171, 0x0113, 0x0046, 0x013E, 0x0118, 
0x013E, 0x007F, 0x0113, 0x0132, 0x00B1, 0x012C, 0x0008, 0x0004, 0x011D, 0x00CB, 0x01AF, 0x0100, 0x004A, 0x0128, 0x0099, 0x0004, 
0x009E, 0x00B3, 0x0023, 0x018E, 0x0166, 0x009F, 0x0128, 0x004B, 0x00CB, 0x0191, 0x0063, 0x01B0, 0x0023, 0x01A1, 0x0085, 0x00B1, 
0x0036, 0x00EB, 0x0020, 0x0113, 0x004F, 0x00EB, 0x0073, 0x0075, 0x0162, 0x01A1, 0x00B3, 0x013C, 0x0096, 0x01AD, 0x0063, 0x008C, 
0x0166, 0x017B, 0x00E6, 0x0196, 0x012C, 0x0085, 0x0162, 0x0025, 0x0080, 0x00E6, 0x010A, 0x0004, 0x01A9, 0x0096, 0x0040, 0x00A7, 
0x013C, 0x009E, 0x0008, 0x0196, 0x0167, 0x0010, 0x0075, 0x00C7, 0x00B1, 0x0131, 0x0167, 0x0080, 0x00D9, 0x018E, 0x01B0, 0x014E, 
0x0040, 0x00A7, 0x0125, 0x0023, 0x0089, 0x0025, 0x0010, 0x00D8, 0x0036, 0x0132, 0x0171, 0x0073, 0x00D8, 0x0131, 0x012C, 0x006C, 
0x00B3, 0x0125, 0x014E, 0x01AD, 0x00EA, 0x011D, 0x0099, 0x00FE, 0x017B, 0x00D9, 0x0089, 0x01A1, 0x006C, 0x0008, 0x010A, 0x00FE, 
0x009F, 0x00C6, 0x0094, 0x0191, 0x00EA, 0x01A9, 0x009E, 0x006C, 0x0085, 0x00C7, 0x0171, 0x0020, 0x001B, 0x0046, 0x007F, 0x001B, 
0x004F, 0x0132, 0x00C7, 0x0162, 0x0089, 0x018E, 0x008C, 0x0094, 0x01AF, 0x018C, 0x0112, 0x004A, 0x00C6, 0x008C, 0x01B0, 0x0125, 
0x013C, 0x01A9, 0x011D, 0x004B, 0x0112, 0x0002, 0x0145, 0x018C, 0x004B, 0x0099, 0x010A, 0x0196, 0x0131, 0x0036, 0x004F, 0x0046, 
0x0118, 0x0001, 0x0001, 0x0118, 0x007F, 0x0020, 0x0073, 0x0010, 0x0080, 0x017B, 0x009F, 0x004A, 0x0002, 0x011B, 0x011B, 0x0145, 
0x01AF, 0x0191, 0x01AD, 0x0040, 0x0040, 0x01AD, 0x0191, 0x01AF, 0x0145, 0x011B, 0x011B, 0x0002, 0x004A, 0x009F, 0x017B, 0x0080, 
0x0010, 0x0073, 0x0020, 0x007F, 0x0118, 0x0001, 0x0001, 0x0118, 0x0046, 0x004F, 0x0036, 0x0131, 0x0196, 0x010A, 0x0099, 0x004B, 
0x018C, 0x0145, 0x0002, 0x0112, 0x004B, 0x011D, 0x01A9, 0x013C, 0x0125, 0x01B0, 0x008C, 0x00C6, 0x004A, 0x0112, 0x018C, 0x01AF, 
0x0094, 0x008C, 0x018E, 0x0089, 0x0162, 0x00C7, 0x0132, 0x004F, 0x001B, 0x007F, 0x0046, 0x001B, 0x0020, 0x0171, 0x00C7, 0x0085, 
0x006C, 0x009E, 0x01A9, 0x00EA, 0x0191, 0x0094, 0x00C6, 0x009F, 0x00FE, 0x010A, 0x0008, 0x006C, 0x01A1, 0x0089, 0x00D9, 0x017B, 
0x00FE, 0x0099, 0x011D, 0x00EA, 0x01AD, 0x014E, 0x0125, 0x00B3, 0x006C, 0x012C, 0x0131, 0x00D8, 0x0073, 0x0171, 0x0132, 0x0036, 
0x00D8, 0x0010, 0x0025, 0x0089, 0x0023, 0x0125, 0x00A7, 0x0040, 0x014E, 0x01B0, 0x018E, 0x00D9, 0x0080, 0x0167, 0x0131, 0x00B1, 
0x00C7, 0x0075, 0x0010, 0x0167, 0x0196, 0x0008, 0x009E, 0x013C, 0x00A7, 0x0040, 0x0096, 0x01A9, 0x0004, 0x010A, 0x00E6, 0x0080, 
0x0025, 0x0162, 0x0085, 0x012C, 0x0196, 0x00E6, 0x017B, 0x0166, 0x008C, 0x0063, 0x01AD, 0x0096, 0x013C, 0x00B3, 0x01A1, 0x0162, 
0x0075, 0x0073, 0x00EB, 0x004F, 0x0113, 0x0020, 0x00EB, 0x0036, 0x00B1, 0x0085, 0x01A1, 0x0023, 0x01B0, 0x0063, 0x0191, 0x00CB, 
0x004B, 0x0128, 0x009F, 0x0166, 0x018E, 0x0023, 0x00B3, 0x009E, 0x0004, 0x0099, 0x0128, 0x004A, 0x0100, 0x01AF, 0x00CB, 0x011D, 
0x0004, 0x0008, 0x012C, 0x00B1, 0x0132, 0x0113, 0x007F, 0x013E, 0x0118, 0x013E, 0x0046, 0x0113, 0x0171, 0x0075, 0x0025, 0x00D9, 
0x0166, 0x00C6, 0x0100, 0x0145, 0x016B, 0x0002, 0x0100, 0x0094, 0x0063, 0x014E, 0x00A7, 0x0096, 0x00EA, 0x00CB, 0x018C, 0x016B, 
0x011B, 0x016B, 0x0112, 0x0128, 0x00FE, 0x00E6, 0x0167, 0x00D8, 0x00EB, 0x001B, 0x0001, 0x00CB, 0x0051, 0x004A, 0x00D6, 0x01A6, 
0x0137, 0x012C, 0x0042, 0x008E, 0x0060, 0x016D, 0x0185, 0x015C, 0x000E, 0x0118, 0x0181, 0x0198, 0x011C, 0x00F8, 0x004D, 0x0003, 
0x002E, 0x0034, 0x014B, 0x00A1, 0x0096, 0x0041, 0x00E7, 0x00F4, 0x00A3, 0x0075, 0x019F, 0x00D7, 0x0131, 0x0079, 0x004B, 0x003F, 
0x014D, 0x0074, 0x0149, 0x002B, 0x0158, 0x00B0, 0x010C, 0x00F5, 0x0153, 0x00A4, 0x00A2, 0x004E, 0x0009, 0x00D0, 0x0093, 0x008C, 
0x00C1, 0x00CD, 0x0037, 0x0081, 0x0090, 0x00AA, 0x0103, 0x00B5, 0x00AF, 0x0171, 0x006E, 0x00F3, 0x00FB, 0x0159, 0x0106, 0x01AD, 
0x006B, 0x013B, 0x008A, 0x0046, 0x018E, 0x00E8, 0x019C, 0x0033, 0x011D, 0x00A6, 0x001A, 0x0069, 0x01A7, 0x0045, 0x0078, 0x0077, 
0x005C, 0x00DE, 0x011F, 0x0117, 0x00AC, 0x0175, 0x00D5, 0x0193, 0x009C, 0x0180, 0x005A, 0x019B, 0x0112, 0x00F6, 0x0133, 0x005F, 
0x0187, 0x00DF, 0x0018, 0x018D, 0x018B, 0x0113, 0x00F1, 0x00D1, 0x000D, 0x002F, 0x0111, 0x0154, 0x013E, 0x00CF, 0x007F, 0x00DD, 
0x00E3, 0x012F, 0x007B, 0x00B8, 0x00EC, 0x0173, 0x00FF, 0x0013, 0x0063, 0x01AF, 0x0098, 0x00F7, 0x014A, 0x0190, 0x01A9, 0x0124, 
0x003A, 0x0142, 0x0010, 0x0168, 0x0032, 0x0036, 0x00B4, 0x0047, 0x006A, 0x0126, 0x0048, 0x012E, 0x0084, 0x0162, 0x0135, 0x0100, 
0x0109, 0x014C, 0x0128, 0x0043, 0x00F2, 0x018A, 0x0061, 0x010A, 0x00D8, 0x0165, 0x0011, 0x0052, 0x015E, 0x0062, 0x002D, 0x0087, 
0x0145, 0x0097, 0x00CC, 0x0070, 0x007D, 0x0156, 0x0057, 0x0039, 0x0140, 0x0022, 0x0196, 0x00EF, 0x00FE, 0x015B, 0x0028, 0x0114, 
0x00C3, 0x0179, 0x001D, 0x0174, 0x009B, 0x0195, 0x013F, 0x003B, 0x0091, 0x000C, 0x019A, 0x0054, 0x00FA, 0x0129, 0x00A9, 0x00C6, 
0x00C7, 0x008F, 0x019D, 0x0192, 0x018C, 0x00E9, 0x0104, 0x0086, 0x0005, 0x00ED, 0x01A2, 0x006D, 0x0188, 0x0035, 0x0007, 0x0050, 
0x0006, 0x0191, 0x0020, 0x01AB, 0x0161, 0x01AA, 0x017C, 0x0029, 0x0144, 0x000F, 0x00C4, 0x01AC, 0x012B, 0x00AD, 0x00C8, 0x0025, 
0x001F, 0x0014, 0x0122, 0x00EA, 0x00EB, 0x0108, 0x0088, 0x00B7, 0x015D, 0x0017, 0x01A5, 0x0120, 0x0176, 0x0072, 0x001C, 0x0116, 
0x003D, 0x0194, 0x0038, 0x00EE, 0x009D, 0x0189, 0x0056, 0x00B3, 0x00C2, 0x001B, 0x018F, 0x0071, 0x0178, 0x015A, 0x005B, 0x0134, 
0x0141, 0x00E5, 0x011A, 0x006C, 0x012A, 0x0184, 0x014F, 0x0053, 0x015F, 0x01A0, 0x004C, 0x00D9, 0x00A7, 0x0150, 0x0027, 0x00BF, 
0x016E, 0x0089, 0x0065, 0x00A8, 0x00B1, 0x007C, 0x004F, 0x012D, 0x0083, 0x0169, 0x008B, 0x0147, 0x016A, 0x00FD, 0x017B, 0x017F, 
0x0049, 0x01A1, 0x006F, 0x0177, 0x008D, 0x0008, 0x0021, 0x0067, 0x00BA, 0x0119, 0x0002, 0x014E, 0x019E, 0x00B2, 0x003E, 0x00C5, 
0x00F9, 0x0136, 0x0082, 0x00CE, 0x00D4, 0x0132, 0x00E2, 0x0073, 0x005D, 0x00A0, 0x0182, 0x01A4, 0x00E0, 0x00C0, 0x009E, 0x0026, 
0x0024, 0x0199, 0x00D2, 0x002A, 0x0152, 0x007E, 0x00BB, 0x009F, 0x0016, 0x0157, 0x0031, 0x0115, 0x001E, 0x00DC, 0x003C, 0x0105, 
0x009A, 0x0092, 0x00D3, 0x0155, 0x013A, 0x0139, 0x016C, 0x000A, 0x0148, 0x0197, 0x010B, 0x0094, 0x017E, 0x0015, 0x00C9, 0x0023, 
0x016B, 0x0127, 0x0076, 0x0146, 0x0004, 0x00AB, 0x0058, 0x00B6, 0x00BE, 0x0143, 0x0040, 0x0102, 0x00FC, 0x00AE, 0x0107, 0x0121, 
0x0130, 0x017A, 0x00E4, 0x00F0, 0x0125, 0x011E, 0x00E1, 0x01A8, 0x0163, 0x010F, 0x010D, 0x005E, 0x00BC, 0x00A5, 0x0101, 0x0059, 
0x0186, 0x0068, 0x013D, 0x0064, 0x0172, 0x0166, 0x0138, 0x0080, 0x00DA, 0x0012, 0x013C, 0x010E, 0x00BD, 0x00CA, 0x0170, 0x011B, 
0x0110, 0x0066, 0x017D, 0x0183, 0x01AE, 0x0164, 0x00B9, 0x0095, 0x0019, 0x0030, 0x0099, 0x01A3, 0x0055, 0x002C, 0x0044, 0x0151, 
0x0123, 0x016F, 0x0085, 0x007A, 0x000B, 0x00DB, 0x0167, 0x0160, 0x0001, 0x0196, 0x00F3, 0x0128, 0x00CC, 0x016F, 0x000C, 0x00EB, 
0x00A1, 0x0079, 0x00BE, 0x0032, 0x0126, 0x006D, 0x00D2, 0x0096, 0x0032, 0x01A0, 0x00C8, 0x00C5, 0x013E, 0x0042, 0x00C0, 0x017E, 
0x0030, 0x0121, 0x0099, 0x0058, 0x00CC, 0x0188, 0x0122, 0x0118, 0x0110, 0x017E, 0x011B, 0x001A, 0x00B1, 0x00E5, 0x01AE, 0x0136, 
0x0042, 0x004A, 0x0046, 0x017F, 0x0171, 0x000C, 0x0159, 0x004E, 0x0090, 0x0003, 0x001A, 0x01A8, 0x01AE, 0x00C7, 0x00DF, 0x00DE, 
0x0068, 0x0079, 0x010D, 0x00F1, 0x00D3, 0x018D, 0x00C8, 0x00EA, 0x00DE, 0x0011, 0x016B, 0x004E, 0x0145, 0x0099, 0x00EC, 0x00A4, 
0x0073, 0x01A1, 0x0196, 0x0138, 0x0073, 0x0051, 0x01B0, 0x0122, 0x0176, 0x017F, 0x0024, 0x00A7, 0x00F1, 0x0113, 0x00D2, 0x0033, 
0x01AD, 0x01AD, 0x0040, 0x006D, 0x0144, 0x00D3, 0x0062, 0x003B, 0x0046, 0x0009, 0x0118, 0x0160, 0x0108, 0x00A4, 0x0004, 0x00F3, 
0x0163, 0x0051, 0x0108, 0x0100, 0x0121, 0x0029, 0x0090, 0x0044, 0x006A, 0x00DF, 0x00C6, 0x00C5, 0x0089, 0x0062, 0x00A7, 0x01A5, 
0x00A1, 0x016D, 0x0011, 0x006A, 0x010A, 0x00E5, 0x0010, 0x00B1, 0x007B, 0x0044, 0x016B, 0x0197, 0x00EB, 0x009E, 0x0024, 0x003B, 
0x001B, 0x013E, 0x0016, 0x00C7, 0x010A, 0x007B, 0x0003, 0x014F, 0x0030, 0x0167, 0x0160, 0x01B0, 0x008F, 0x0128, 0x00B3, 0x00EC, 
0x0100, 0x0167, 0x0110, 0x019B, 0x004A, 0x001B, 0x0089, 0x018D, 0x008B, 0x0126, 0x0147, 0x0033, 0x0040, 0x0147, 0x0096, 0x00FE, 
0x010D, 0x01A5, 0x009E, 0x0171, 0x0149, 0x0188, 0x008F, 0x0163, 0x01A1, 0x006C, 0x0001, 0x006C, 0x0138, 0x0004, 0x00B3, 0x0058, 
0x00A9, 0x0159, 0x0197, 0x016D, 0x0068, 0x0181, 0x01A0, 0x008B, 0x0144, 0x0113, 0x00FE, 0x00BE, 0x0181, 0x00EA, 0x00C6, 0x0016, 
0x0136, 0x00E9, 0x011B, 0x014F, 0x0029, 0x0145, 0x00A9, 0x016F, 0x0149, 0x0176, 0x0009, 0x019B, 0x00C0, 0x00E9, 0x01A8, 0x0010, 
0x0010, 0x01A8, 0x00E9, 0x00C0, 0x019B, 0x0009, 0x0176, 0x0149, 0x016F, 0x00A9, 0x0145, 0x0029, 0x014F, 0x011B, 0x00E9, 0x0136, 
0x0016, 0x00C6, 0x00EA, 0x0181, 0x00BE, 0x00FE, 0x0113, 0x0144, 0x008B, 0x01A0, 0x0181, 0x0068, 0x016D, 0x0197, 0x0159, 0x00A9, 
0x0058, 0x00B3, 0x0004, 0x0138, 0x006C, 0x0001, 0x006C, 0x01A1, 0x0163, 0x008F, 0x0188, 0x0149, 0x0171, 0x009E, 0x01A5, 0x010D, 
0x00FE, 0x0096, 0x0147, 0x0040, 0x0033, 0x0147, 0x0126, 0x008B, 0x018D, 0x0089, 0x001B, 0x004A, 0x019B, 0x0110, 0x0167, 0x0100, 
0x00EC, 0x00B3, 0x0128, 0x008F, 0x01B0, 0x0160, 0x0167, 0x0030, 0x014F, 0x0003, 0x007B, 0x010A, 0x00C7, 0x0016, 0x013E, 0x001B, 
0x003B, 0x0024, 0x009E, 0x00EB, 0x0197, 0x016B, 0x0044, 0x007B, 0x00B1, 0x0010, 0x00E5, 0x010A, 0x006A, 0x0011, 0x016D, 0x00A1, 
0x01A5, 0x00A7, 0x0062, 0x0089, 0x00C5, 0x00C6, 0x00DF, 0x006A, 0x0044, 0x0090, 0x0029, 0x0121, 0x0100, 0x0108, 0x0051, 0x0163, 
0x00F3, 0x0004, 0x00A4, 0x0108, 0x0160, 0x0118, 0x0009, 0x0046, 0x003B, 0x0062, 0x00D3, 0x0144, 0x006D, 0x0040, 0x01AD, 0x01AD, 
0x0033, 0x00D2, 0x0113, 0x00F1, 0x00A7, 0x0024, 0x017F, 0x0176, 0x0122, 0x01B0, 0x0051, 0x0073, 0x0138, 0x0196, 0x01A1, 0x0073, 
0x00A4, 0x00EC, 0x0099, 0x0145, 0x004E, 0x016B, 0x0011, 0x00DE, 0x00EA, 0x00C8, 0x018D, 0x00D3, 0x00F1, 0x010D, 0x0079, 0x0068, 
0x00DE, 0x00DF, 0x00C7, 0x01AE, 0x01A8, 0x001A, 0x0003, 0x0090, 0x004E, 0x0159, 0x000C, 0x0171, 0x017F, 0x0046, 0x004A, 0x0042, 
0x0136, 0x01AE, 0x00E5, 0x00B1, 0x001A, 0x011B, 0x017E, 0x0110, 0x0118, 0x0122, 0x0188, 0x00CC, 0x0058, 0x0099, 0x0121, 0x0030, 
0x017E, 0x00C0, 0x0042, 0x013E, 0x00C5, 0x00C8, 0x01A0, 0x0032, 0x0096, 0x00D2, 0x006D, 0x0126, 0x0032, 0x00BE, 0x0079, 0x00A1, 
0x00EB, 0x000C, 0x016F, 0x00CC, 0x0128, 0x00F3, 0x0001, 0x017B, 0x0128, 0x013E, 0x009A, 0x0025, 0x0054, 0x0094, 0x0096, 0x0158, 
0x0166, 0x00A7, 0x0166, 0x00E3, 0x0077, 0x00EB, 0x01A1, 0x007F, 0x0150, 0x002B, 0x00B7, 0x0099, 0x0056, 0x004B, 0x014E, 0x0099, 
0x00EA, 0x012B, 0x011F, 0x0045, 0x014A, 0x012C, 0x013C, 0x01AF, 0x017B, 0x0046, 0x0036, 0x002A, 0x013C, 0x0114, 0x006C, 0x004D, 
0x019C, 0x018E, 0x0097, 0x0077, 0x00C2, 0x0118, 0x0080, 0x0096, 0x001B, 0x018E, 0x0112, 0x0162, 0x008D, 0x0134, 0x012B, 0x005A, 
0x011B, 0x00AB, 0x013A, 0x016E, 0x002B, 0x00FE, 0x008D, 0x0100, 0x0049, 0x006C, 0x0156, 0x013E, 0x012E, 0x0075, 0x00A8, 0x0073, 
0x008C, 0x014A, 0x00C3, 0x0100, 0x0162, 0x00FB, 0x01A1, 0x00E6, 0x0186, 0x00AC, 0x0086, 0x010C, 0x0054, 0x009E, 0x004D, 0x0049, 
0x00C3, 0x0045, 0x00FF, 0x015D, 0x00D9, 0x0023, 0x0127, 0x0010, 0x0008, 0x007F, 0x00FB, 0x0112, 0x019C, 0x009E, 0x0025, 0x0167, 
0x0067, 0x0171, 0x0145, 0x00B4, 0x018C, 0x00FF, 0x011F, 0x0134, 0x00FE, 0x0150, 0x0008, 0x0132, 0x0184, 0x0124, 0x01AD, 0x016C, 
0x0167, 0x009A, 0x0156, 0x0114, 0x012C, 0x008C, 0x0117, 0x00B4, 0x0164, 0x0020, 0x004F, 0x0184, 0x0061, 0x00E6, 0x00EB, 0x0097, 
0x001B, 0x0094, 0x010C, 0x0092, 0x01AD, 0x00B1, 0x0020, 0x0015, 0x00D9, 0x011D, 0x005A, 0x00EA, 0x00B7, 0x016E, 0x00C6, 0x0127, 
0x009F, 0x0020, 0x0168, 0x0171, 0x0085, 0x012E, 0x0128, 0x01AF, 0x002A, 0x0089, 0x00A8, 0x009D, 0x0171, 0x00EE, 0x01AD, 0x007D, 
0x00AC, 0x00FA, 0x00C2, 0x00E3, 0x0158, 0x0080, 0x00C7, 0x00AC, 0x00B3, 0x0184, 0x00B6, 0x0127, 0x011A, 0x00AB, 0x0059, 0x0056, 
0x014E, 0x00CE, 0x00AB, 0x0196, 0x00D9, 0x0113, 0x00B4, 0x005B, 0x00A8, 0x0002, 0x0046, 0x0001, 0x01B0, 0x0046, 0x0187, 0x012E, 
0x0125, 0x0167, 0x00B2, 0x010C, 0x0157, 0x0080, 0x015B, 0x00A7, 0x00A7, 0x0063, 0x00C2, 0x0043, 0x00E6, 0x01A9, 0x0008, 0x00CB, 
0x016E, 0x00EF, 0x014E, 0x010A, 0x010A, 0x0056, 0x0131, 0x005A, 0x00A5, 0x00FF, 0x004A, 0x008C, 0x0083, 0x002A, 0x016B, 0x0001, 
0x01B0, 0x016B, 0x01AF, 0x0109, 0x0156, 0x00FD, 0x009E, 0x00D8, 0x001B, 0x0106, 0x00E3, 0x0063, 0x015B, 0x0158, 0x0106, 0x0097, 
0x008A, 0x00FB, 0x002D, 0x00FE, 0x0105, 0x00EA, 0x0131, 0x0059, 0x00CE, 0x00EF, 0x00B7, 0x0105, 0x0134, 0x0004, 0x00C3, 0x0040, 
0x0114, 0x0109, 0x0128, 0x0187, 0x0002, 0x0089, 0x0083, 0x012C, 0x0040, 0x0049, 0x0191, 0x0112, 0x008A, 0x00EB, 0x0043, 0x00FA, 
0x00C7, 0x0157, 0x0094, 0x00D8, 0x019C, 0x0191, 0x0100, 0x0004, 0x011F, 0x00A5, 0x011D, 0x0196, 0x011A, 0x00C6, 0x00CB, 0x0150, 
0x002D, 0x0162, 0x0191, 0x004D, 0x00FD, 0x009A, 0x0125, 0x0085, 0x009D, 0x005B, 0x0117, 0x004A, 0x0045, 0x0004, 0x008D, 0x002D, 
0x007F, 0x01A9, 0x0061, 0x00B3, 0x007D, 0x0092, 0x00B2, 0x0025, 0x00FD, 0x006C, 0x0040, 0x014A, 0x004A, 0x018C, 0x0113, 0x0015, 
0x009F, 0x00B6, 0x0132, 0x01A9, 0x01A1, 0x008A, 0x018E, 0x00D8, 0x0054, 0x00B2, 0x016C, 0x00EE, 0x0168, 0x0164, 0x0113, 0x015D, 
0x00A5, 0x012B, 0x0105, 0x002B, 0x00CB, 0x0010, 0x00B6, 0x004F, 0x00B1, 0x00EE, 0x0067, 0x0125, 0x013E, 0x0109, 0x013C, 0x0083, 
0x0073, 0x005B, 0x0145, 0x0168, 0x00B1, 0x0124, 0x00B3, 0x0186, 0x0043, 0x0077, 0x0106, 0x0096, 0x0157, 0x0086, 0x007D, 0x0124, 
0x004F, 0x009F, 0x0023, 0x0196, 0x011B, 0x0131, 0x0099, 0x00EF, 0x013A, 0x011A, 0x0023, 0x0015, 0x0164, 0x0145, 0x009D, 0x0075, 
0x0187, 0x017B, 0x016B, 0x0036, 0x0002, 0x0075, 0x0085, 0x0067, 0x016C, 0x0092, 0x0086, 0x00C7, 0x0118, 0x0063, 0x0166, 0x015B, 
0x0118, 0x00FA, 0x0186, 0x0061, 0x0132, 0x0010, 0x00C6, 0x013A, 0x00CE, 0x004B, 0x010A, 0x004B, 0x0059, 0x011B, 0x011D, 0x015D, 
0x018C, 0x0117, 0x0073, 0x0089, 0x0001, 0x0145, 0x0016, 0x0196, 0x0151, 0x00DE, 0x009B, 0x013E, 0x0033, 0x0199, 0x0029, 0x0110, 
0x0144, 0x0093, 0x0035, 0x0128, 0x00A1, 0x0079, 0x0142, 0x01AB, 0x017B, 0x014F, 0x00F6, 0x0044, 0x007B, 0x0051, 0x0100, 0x0091, 
0x0060, 0x0152, 0x010F, 0x004A, 0x0024, 0x016D, 0x0113, 0x0163, 0x010A, 0x0129, 0x00C8, 0x00D7, 0x0062, 0x00CB, 0x018C, 0x00C0, 
0x012C, 0x0116, 0x0019, 0x0011, 0x00D2, 0x008B, 0x004E, 0x0159, 0x00E9, 0x0040, 0x018A, 0x0169, 0x009C, 0x0018, 0x00F3, 0x012D, 
0x0066, 0x00B0, 0x006F, 0x00EB, 0x0048, 0x0009, 0x0080, 0x01A0, 0x00D8, 0x00B1, 0x00E1, 0x00C5, 0x008C, 0x011B, 0x006C, 0x018F, 
0x0125, 0x0032, 0x00FE, 0x00A2, 0x0003, 0x00F1, 0x0148, 0x009F, 0x0084, 0x0063, 0x017C, 0x0030, 0x0166, 0x004B, 0x01A9, 0x011E, 
0x014D, 0x014B, 0x0108, 0x0149, 0x0025, 0x010D, 0x0167, 0x008F, 0x00ED, 0x00EC, 0x0002, 0x019B, 0x01A5, 0x017F, 0x00C4, 0x0010, 
0x0160, 0x013B, 0x00DF, 0x019F, 0x0185, 0x0027, 0x00C7, 0x0006, 0x0046, 0x00A9, 0x0112, 0x0190, 0x017E, 0x00F2, 0x01A8, 0x002C, 
0x013C, 0x0088, 0x01AD, 0x00A7, 0x0034, 0x0012, 0x0131, 0x0147, 0x0073, 0x0020, 0x0069, 0x0068, 0x0099, 0x0036, 0x0121, 0x0171, 
0x0075, 0x017D, 0x0126, 0x0176, 0x0136, 0x0023, 0x0122, 0x00B3, 0x01A4, 0x001B, 0x0162, 0x00D0, 0x01A1, 0x018E, 0x018D, 0x00E5, 
0x00E6, 0x0118, 0x016B, 0x0101, 0x001A, 0x006D, 0x015F, 0x0181, 0x0008, 0x0052, 0x0089, 0x0094, 0x00BE, 0x0021, 0x0191, 0x0085, 
0x00DD, 0x005F, 0x000D, 0x000C, 0x0096, 0x0132, 0x01B0, 0x007F, 0x0022, 0x01AF, 0x004F, 0x0120, 0x000B, 0x0198, 0x006A, 0x00BF, 
0x0115, 0x0042, 0x0138, 0x0197, 0x0064, 0x014E, 0x011D, 0x0188, 0x016F, 0x00C6, 0x00EA, 0x0090, 0x00DA, 0x0180, 0x009E, 0x003B, 
0x0076, 0x00D9, 0x01A6, 0x00D3, 0x00D4, 0x01AE, 0x00A4, 0x00CC, 0x00BB, 0x0031, 0x0058, 0x0004, 0x0004, 0x0058, 0x0031, 0x00BB, 
0x00CC, 0x00A4, 0x01AE, 0x00D4, 0x00D3, 0x01A6, 0x00D9, 0x0076, 0x003B, 0x009E, 0x0180, 0x00DA, 0x0090, 0x00EA, 0x00C6, 0x016F, 
0x0188, 0x011D, 0x014E, 0x0064, 0x0197, 0x0138, 0x0042, 0x0115, 0x00BF, 0x006A, 0x0198, 0x000B, 0x0120, 0x004F, 0x01AF, 0x0022, 
0x007F, 0x01B0, 0x0132, 0x0096, 0x000C, 0x000D, 0x005F, 0x00DD, 0x0085, 0x0191, 0x0021, 0x00BE, 0x0094, 0x0089, 0x0052, 0x0008, 
0x0181, 0x015F, 0x006D, 0x001A, 0x0101, 0x016B, 0x0118, 0x00E6, 0x00E5, 0x018D, 0x018E, 0x01A1, 0x00D0, 0x0162, 0x001B, 0x01A4, 
0x00B3, 0x0122, 0x0023, 0x0136, 0x0176, 0x0126, 0x017D, 0x0075, 0x0171, 0x0121, 0x0036, 0x0099, 0x0068, 0x0069, 0x0020, 0x0073, 
0x0147, 0x0131, 0x0012, 0x0034, 0x00A7, 0x01AD, 0x0088, 0x013C, 0x002C, 0x01A8, 0x00F2, 0x017E, 0x0190, 0x0112, 0x00A9, 0x0046, 
0x0006, 0x00C7, 0x0027, 0x0185, 0x019F, 0x00DF, 0x013B, 0x0160, 0x0010, 0x00C4, 0x017F, 0x01A5, 0x019B, 0x0002, 0x00EC, 0x00ED, 
0x008F, 0x0167, 0x010D, 0x0025, 0x0149, 0x0108, 0x014B, 0x014D, 0x011E, 0x01A9, 0x004B, 0x0166, 0x0030, 0x017C, 0x0063, 0x0084, 
0x009F, 0x0148, 0x00F1, 0x0003, 0x00A2, 0x00FE, 0x0032, 0x0125, 0x018F, 0x006C, 0x011B, 0x008C, 0x00C5, 0x00E1, 0x00B1, 0x00D8, 
0x01A0, 0x0080, 0x0009, 0x0048, 0x00EB, 0x006F, 0x00B0, 0x0066, 0x012D, 0x00F3, 0x0018, 0x009C, 0x0169, 0x018A, 0x0040, 0x00E9, 
0x0159, 0x004E, 0x008B, 0x00D2, 0x0011, 0x0019, 0x0116, 0x012C, 0x00C0, 0x018C, 0x00CB, 0x0062, 0x00D7, 0x00C8, 0x0129, 0x010A, 
0x0163, 0x0113, 0x016D, 0x0024, 0x004A, 0x010F, 0x0152, 0x0060, 0x0091, 0x0100, 0x0051, 0x007B, 0x0044, 0x00F6, 0x014F, 0x017B, 
0x01AB, 0x0142, 0x0079, 0x00A1, 0x0128, 0x0035, 0x0093, 0x0144, 0x0110, 0x0029, 0x0199, 0x0033, 0x013E, 0x009B, 0x00DE, 0x0151, 
0x0196, 0x0016, 0x0001, 0x00D9, 0x0042, 0x0145, 0x0182, 0x0021, 0x00DB, 0x017B, 0x001A, 0x00C1, 0x0012, 0x00E9, 0x013B, 0x0146, 
0x016A, 0x0196, 0x008B, 0x000D, 0x0038, 0x0139, 0x00A5, 0x0009, 0x001D, 0x014D, 0x002C, 0x0176, 0x01A1, 0x00A3, 0x00BA, 0x00B5, 
0x00AE, 0x00CB, 0x0142, 0x011E, 0x0063, 0x00DF, 0x013C, 0x001C, 0x0006, 0x0175, 0x0079, 0x012B, 0x008D, 0x00DD, 0x004D, 0x00E7, 
0x0135, 0x017F, 0x014B, 0x0016, 0x0051, 0x00BB, 0x00E1, 0x01A9, 0x0014, 0x012A, 0x00E8, 0x005D, 0x0030, 0x0133, 0x00A0, 0x0057, 
0x0041, 0x013E, 0x015E, 0x00A1, 0x015D, 0x008F, 0x00B6, 0x010A, 0x0183, 0x0148, 0x0105, 0x009E, 0x0132, 0x000E, 0x002D, 0x0003, 
0x0094, 0x0193, 0x00F3, 0x0115, 0x017A, 0x016E, 0x018B, 0x011F, 0x0098, 0x0147, 0x00FD, 0x00FF, 0x008A, 0x014C, 0x00E2, 0x0173, 
0x018F, 0x0198, 0x007D, 0x017E, 0x0023, 0x000B, 0x007A, 0x0101, 0x00CE, 0x0136, 0x0027, 0x0149, 0x00BC, 0x01AD, 0x0108, 0x000A, 
0x0048, 0x0095, 0x00E0, 0x0074, 0x0171, 0x0107, 0x018C, 0x0018, 0x0083, 0x0172, 0x0144, 0x0050, 0x00C0, 0x0104, 0x0061, 0x00F9, 
0x0166, 0x009F, 0x00D5, 0x00AF, 0x0077, 0x0129, 0x008C, 0x0187, 0x013F, 0x0120, 0x00B1, 0x005B, 0x014F, 0x0085, 0x002B, 0x019A, 
0x0029, 0x00A4, 0x015F, 0x015B, 0x00C4, 0x004F, 0x00E4, 0x0099, 0x00C3, 0x0007, 0x0096, 0x00EF, 0x0031, 0x00DA, 0x00AB, 0x004A, 
0x0080, 0x01A2, 0x0121, 0x0152, 0x0039, 0x0163, 0x0015, 0x00BD, 0x016B, 0x00B7, 0x0044, 0x019E, 0x009D, 0x0168, 0x0081, 0x004C, 
0x006E, 0x017C, 0x0089, 0x0157, 0x00FE, 0x0158, 0x005C, 0x0045, 0x00A8, 0x00A6, 0x012F, 0x0071, 0x0151, 0x0192, 0x0189, 0x01A0, 
0x010F, 0x00CC, 0x00F8, 0x0117, 0x0097, 0x00BF, 0x01A5, 0x00EA, 0x00EB, 0x00DE, 0x0055, 0x003D, 0x0020, 0x0159, 0x0177, 0x0067, 
0x0141, 0x009B, 0x008E, 0x00EC, 0x018D, 0x017D, 0x01AC, 0x005E, 0x012D, 0x01AF, 0x0002, 0x0084, 0x0153, 0x0005, 0x0034, 0x0024, 
0x00C5, 0x0123, 0x0116, 0x0070, 0x014A, 0x003A, 0x0058, 0x0191, 0x0174, 0x015C, 0x00D3, 0x00C6, 0x00C7, 0x000C, 0x00F2, 0x011A, 
0x009A, 0x00B9, 0x00E5, 0x00A2, 0x0011, 0x0028, 0x001F, 0x0060, 0x0140, 0x0082, 0x010B, 0x0109, 0x016C, 0x0155, 0x0059, 0x00B3, 
0x005A, 0x0128, 0x0035, 0x0143, 0x0165, 0x0130, 0x0049, 0x0114, 0x0013, 0x016D, 0x00FA, 0x0046, 0x00F4, 0x019C, 0x004E, 0x0178, 
0x005F, 0x0090, 0x000F, 0x0131, 0x0167, 0x0106, 0x00D7, 0x0180, 0x00C2, 0x011B, 0x01AA, 0x00EE, 0x0118, 0x00CD, 0x0162, 0x00ED, 
0x0056, 0x0052, 0x010D, 0x0188, 0x0017, 0x0186, 0x012C, 0x0062, 0x0156, 0x0100, 0x0091, 0x0072, 0x002A, 0x0125, 0x0088, 0x013A, 
0x0102, 0x00DC, 0x0112, 0x004B, 0x00B8, 0x0150, 0x00AD, 0x00F1, 0x0161, 0x006D, 0x003F, 0x012E, 0x0199, 0x0025, 0x00AA, 0x0040, 
0x013D, 0x00D1, 0x011C, 0x0169, 0x01A7, 0x00A9, 0x0004, 0x00F5, 0x0068, 0x018A, 0x007B, 0x00E3, 0x00B0, 0x0137, 0x01A6, 0x018E, 
0x0033, 0x0134, 0x0019, 0x0022, 0x003E, 0x00CF, 0x0065, 0x0127, 0x00B2, 0x00B4, 0x006A, 0x0119, 0x0092, 0x0026, 0x0043, 0x0037, 
0x009C, 0x00BE, 0x001E, 0x011D, 0x01AE, 0x0184, 0x01A3, 0x007F, 0x0113, 0x00AC, 0x0069, 0x002E, 0x00A7, 0x00FB, 0x0122, 0x0054, 
0x0110, 0x0053, 0x0073, 0x0170, 0x015A, 0x0111, 0x007E, 0x0181, 0x0154, 0x00C9, 0x0087, 0x019D, 0x0008, 0x00D0, 0x00F6, 0x0160, 
0x019B, 0x0066, 0x0032, 0x007C, 0x00CA, 0x0164, 0x00D4, 0x0124, 0x0086, 0x0138, 0x003C, 0x01AB, 0x0195, 0x0075, 0x00D2, 0x014E, 
0x0093, 0x006F, 0x00E6, 0x0103, 0x00FC, 0x00F7, 0x010E, 0x0010, 0x003B, 0x0185, 0x0064, 0x0194, 0x01A8, 0x010C, 0x0078, 0x0179, 
0x01A4, 0x0126, 0x001B, 0x0047, 0x006B, 0x0076, 0x00C8, 0x019F, 0x00F0, 0x0197, 0x0036, 0x00D6, 0x0190, 0x002F, 0x006C, 0x016F, 
0x0001, 0x0001, 0x00C6, 0x0001, 0x00C6, 0x00C6, 0x00EA, 0x0001, 0x00EA, 0x00C6, 0x00C6, 0x00C6, 0x00C6, 0x00EA, 0x00EA, 0x0001, 
0x00C6, 0x00EA, 0x00C6, 0x00C6, 0x0001, 0x00C6, 0x00EA, 0x00C6, 0x00EA, 0x00C6, 0x0001, 0x00EA, 0x00C6, 0x00EA, 0x00C6, 0x0001, 
0x00EA, 0x00C6, 0x0001, 0x00EA, 0x0001, 0x00C6, 0x00EA, 0x00C6, 0x00C6, 0x0001, 0x0001, 0x00C6, 0x0001, 0x00EA, 0x00EA, 0x00C6, 
0x00C6, 0x00EA, 0x00EA, 0x00C6, 0x00EA, 0x0001, 0x00EA, 0x00EA, 0x00EA, 0x00C6, 0x00EA, 0x00EA, 0x00EA, 0x00C6, 0x00C6, 0x0001, 
0x00EA, 0x00EA, 0x0001, 0x00C6, 0x0001, 0x0001, 0x00C6, 0x00EA, 0x0001, 0x0001, 0x0001, 0x00C6, 0x0001, 0x00EA, 0x0001, 0x00C6, 
0x00C6, 0x00C6, 0x00C6, 0x0001, 0x00EA, 0x0001, 0x00EA, 0x00C6, 0x0001, 0x0001, 0x0001, 0x00EA, 0x00EA, 0x00EA, 0x00EA, 0x00C6, 
0x0001, 0x00C6, 0x0001, 0x00EA, 0x00C6, 0x00EA, 0x0001, 0x00C6, 0x00C6, 0x00EA, 0x00C6, 0x0001, 0x00C6, 0x00EA, 0x00C6, 0x00EA, 
0x00C6, 0x00EA, 0x0001, 0x00C6, 0x0001, 0x00EA, 0x0001, 0x00EA, 0x00EA, 0x00EA, 0x00EA, 0x00C6, 0x0001, 0x00C6, 0x0001, 0x0001, 
0x00C6, 0x00EA, 0x0001, 0x00EA, 0x0001, 0x0001, 0x00C6, 0x00C6, 0x0001, 0x0001, 0x00EA, 0x0001, 0x0001, 0x00C6, 0x00EA, 0x00EA, 
0x00EA, 0x0001, 0x00EA, 0x0001, 0x00C6, 0x0001, 0x0001, 0x00C6, 0x0001, 0x0001, 0x00EA, 0x00EA, 0x0001, 0x0001, 0x0001, 0x00C6, 
0x00C6, 0x00C6, 0x00C6, 0x00C6, 0x0001, 0x00C6, 0x0001, 0x0001, 0x00EA, 0x00EA, 0x0001, 0x0001, 0x00EA, 0x00EA, 0x00C6, 0x00C6, 
0x0001, 0x0001, 0x0001, 0x0001, 0x00C6, 0x0001, 0x0001, 0x00EA, 0x00C6, 0x00EA, 0x00EA, 0x00EA, 0x00EA, 0x00EA, 0x00EA, 0x00C6, 
0x00EA, 0x0001, 0x0001, 0x00C6, 0x00EA, 0x0001, 0x0001, 0x00EA, 0x00C6, 0x00C6, 0x0001, 0x00EA, 0x00EA, 0x0001, 0x00C6, 0x00C6, 
0x00EA, 0x00C6, 0x00C6, 0x00EA, 0x00EA, 0x00C6, 0x00C6, 0x0001, 0x0001, 0x00C6, 0x00C6, 0x00EA, 0x00EA, 0x00C6, 0x00C6, 0x00EA, 
0x00C6, 0x00C6, 0x0001, 0x00EA, 0x00EA, 0x0001, 0x00C6, 0x00C6, 0x00EA, 0x0001, 0x0001, 0x00EA, 0x00C6, 0x0001, 0x0001, 0x00EA, 
0x00C6, 0x00EA, 0x00EA, 0x00EA, 0x00EA, 0x00EA, 0x00EA, 0x00C6, 0x00EA, 0x0001, 0x0001, 0x00C6, 0x0001, 0x0001, 0x0001, 0x0001, 
0x00C6, 0x00C6, 0x00EA, 0x00EA, 0x0001, 0x0001, 0x00EA, 0x00EA, 0x0001, 0x0001, 0x00C6, 0x0001, 0x00C6, 0x00C6, 0x00C6, 0x00C6, 
0x00C6, 0x0001, 0x0001, 0x0001, 0x00EA, 0x00EA, 0x0001, 0x0001, 0x00C6, 0x0001, 0x0001, 0x00C6, 0x0001, 0x00EA, 0x0001, 0x00EA, 
0x00EA, 0x00EA, 0x00C6, 0x0001, 0x0001, 0x00EA, 0x0001, 0x0001, 0x00C6, 0x00C6, 0x0001, 0x0001, 0x00EA, 0x0001, 0x00EA, 0x00C6, 
0x0001, 0x0001, 0x00C6, 0x0001, 0x00C6, 0x00EA, 0x00EA, 0x00EA, 0x00EA, 0x0001, 0x00EA, 0x0001, 0x00C6, 0x0001, 0x00EA, 0x00C6, 
0x00EA, 0x00C6, 0x00EA, 0x00C6, 0x0001, 0x00C6, 0x00EA, 0x00C6, 0x00C6, 0x0001, 0x00EA, 0x00C6, 0x00EA, 0x0001, 0x00C6, 0x0001, 
0x00C6, 0x00EA, 0x00EA, 0x00EA, 0x00EA, 0x0001, 0x0001, 0x0001, 0x00C6, 0x00EA, 0x0001, 0x00EA, 0x0001, 0x00C6, 0x00C6, 0x00C6, 
0x00C6, 0x0001, 0x00EA, 0x0001, 0x00C6, 0x0001, 0x0001, 0x0001, 0x00EA, 0x00C6, 0x0001, 0x0001, 0x00C6, 0x0001, 0x00EA, 0x00EA, 
0x0001, 0x00C6, 0x00C6, 0x00EA, 0x00EA, 0x00EA, 0x00C6, 0x00EA, 0x00EA, 0x00EA, 0x0001, 0x00EA, 0x00C6, 0x00EA, 0x00EA, 0x00C6, 
0x00C6, 0x00EA, 0x00EA, 0x0001, 0x00C6, 0x0001, 0x0001, 0x00C6, 0x00C6, 0x00EA, 0x00C6, 0x0001, 0x00EA, 0x0001, 0x00C6, 0x00EA, 
0x0001, 0x00C6, 0x00EA, 0x00C6, 0x00EA, 0x0001, 0x00C6, 0x00EA, 0x00C6, 0x00EA, 0x00C6, 0x0001, 0x00C6, 0x00C6, 0x00EA, 0x00C6, 
0x0001, 0x00EA, 0x00EA, 0x00C6, 0x00C6, 0x00C6, 0x00C6, 0x00EA, 0x0001, 0x00EA, 0x00C6, 0x00C6, 0x0001, 0x00C6, 0x0001, 0x0002, 
0x00A1, 0x0004, 0x007C, 0x0142, 0x0153, 0x0008, 0x0176, 0x00F8, 0x000D, 0x00D3, 0x0199, 0x00F5, 0x002E, 0x0010, 0x014F, 0x013B, 
0x012A, 0x003F, 0x0015, 0x001A, 0x00BA, 0x01A6, 0x00DD, 0x0181, 0x001B, 0x0039, 0x0071, 0x005C, 0x004C, 0x0020, 0x0169, 0x00ED, 
0x0023, 0x00C5, 0x0025, 0x00A3, 0x0021, 0x007E, 0x0144, 0x002A, 0x002B, 0x0034, 0x002D, 0x0174, 0x00AD, 0x019B, 0x00B0, 0x0009, 
0x00F3, 0x0151, 0x0116, 0x0036, 0x0139, 0x0072, 0x015C, 0x00E2, 0x017F, 0x00B8, 0x01A2, 0x0098, 0x015E, 0x0040, 0x0037, 0x0121, 
0x0043, 0x0029, 0x0045, 0x0046, 0x00CA, 0x018A, 0x0049, 0x004A, 0x004B, 0x0146, 0x004D, 0x0042, 0x004F, 0x00FC, 0x0011, 0x00D7, 
0x019D, 0x0054, 0x0195, 0x0056, 0x0007, 0x0068, 0x0059, 0x005A, 0x005B, 0x0137, 0x0070, 0x015A, 0x0093, 0x0185, 0x0061, 0x0160, 
0x0063, 0x0012, 0x0050, 0x0035, 0x0067, 0x00F1, 0x0006, 0x007B, 0x0192, 0x006C, 0x016D, 0x00C1, 0x0148, 0x00E4, 0x0123, 0x0107, 
0x0073, 0x0013, 0x0075, 0x014D, 0x0077, 0x0170, 0x00A9, 0x0193, 0x00CC, 0x0130, 0x007D, 0x010B, 0x007F, 0x0080, 0x01AC, 0x006E, 
0x0083, 0x0091, 0x0085, 0x0086, 0x013D, 0x0052, 0x0089, 0x008A, 0x0033, 0x008C, 0x008D, 0x0194, 0x0079, 0x0163, 0x009C, 0x0092, 
0x00BF, 0x0094, 0x003A, 0x0096, 0x0097, 0x00DB, 0x0099, 0x009A, 0x014B, 0x0084, 0x009D, 0x009E, 0x009F, 0x0047, 0x010D, 0x0022, 
0x00E8, 0x01AE, 0x00A5, 0x0189, 0x00A7, 0x00A8, 0x008F, 0x0179, 0x00AB, 0x00AC, 0x00D5, 0x000E, 0x000A, 0x00D0, 0x00B1, 0x00B2, 
0x00B3, 0x00B4, 0x014C, 0x00B6, 0x00B7, 0x00BD, 0x0102, 0x00E0, 0x0019, 0x0103, 0x003C, 0x0126, 0x005F, 0x0159, 0x0082, 0x00C2, 
0x00C3, 0x010F, 0x00C8, 0x00C6, 0x00C7, 0x0024, 0x018B, 0x00A0, 0x00CB, 0x006A, 0x0154, 0x00CE, 0x011C, 0x0031, 0x019A, 0x000C, 
0x00D2, 0x00F6, 0x002F, 0x0173, 0x0088, 0x00D8, 0x00D9, 0x0129, 0x003E, 0x0182, 0x00BB, 0x00DF, 0x01A5, 0x0017, 0x0180, 0x0095, 
0x00E3, 0x005D, 0x0147, 0x00E6, 0x0111, 0x0026, 0x018D, 0x00EA, 0x00EB, 0x00E9, 0x00A2, 0x00EE, 0x00EF, 0x012F, 0x0058, 0x0152, 
0x008B, 0x0175, 0x00AE, 0x0198, 0x00D1, 0x00AF, 0x00F4, 0x00FA, 0x00FB, 0x0065, 0x00FD, 0x00FE, 0x00FF, 0x0100, 0x00E1, 0x01A7, 
0x01A3, 0x00DC, 0x0105, 0x0106, 0x0038, 0x0122, 0x0109, 0x010A, 0x0028, 0x010C, 0x0003, 0x00C9, 0x018F, 0x00A4, 0x016A, 0x0112, 
0x0113, 0x0114, 0x012D, 0x0066, 0x0117, 0x0118, 0x00D6, 0x011A, 0x011B, 0x0177, 0x011D, 0x00F2, 0x011F, 0x0115, 0x004E, 0x0138, 
0x001D, 0x0124, 0x0125, 0x017E, 0x0127, 0x0128, 0x015F, 0x0074, 0x012B, 0x012C, 0x0120, 0x012E, 0x0143, 0x0005, 0x0131, 0x0132, 
0x00A6, 0x0134, 0x0081, 0x00E5, 0x001E, 0x0108, 0x0041, 0x013A, 0x0064, 0x013C, 0x019E, 0x013E, 0x00AA, 0x008E, 0x00CD, 0x0069, 
0x00F0, 0x0044, 0x0145, 0x001F, 0x0136, 0x01AB, 0x00C0, 0x014A, 0x017C, 0x0161, 0x019F, 0x014E, 0x0051, 0x0150, 0x002C, 0x011E, 
0x0057, 0x0141, 0x007A, 0x0156, 0x0157, 0x0158, 0x0149, 0x01AA, 0x015B, 0x001C, 0x015D, 0x0014, 0x00DA, 0x01A0, 0x00B5, 0x0162, 
0x016F, 0x0164, 0x006B, 0x0166, 0x0167, 0x0168, 0x0027, 0x00E7, 0x016B, 0x016C, 0x0188, 0x016E, 0x0090, 0x017A, 0x0171, 0x0053, 
0x0119, 0x000F, 0x00F9, 0x0032, 0x00CF, 0x0055, 0x013F, 0x0078, 0x017B, 0x009B, 0x0060, 0x00BE, 0x01A8, 0x0101, 0x0016, 0x0104, 
0x003D, 0x0184, 0x017D, 0x0186, 0x0187, 0x006D, 0x0133, 0x0190, 0x010E, 0x018C, 0x00EC, 0x018E, 0x00C4, 0x0048, 0x0191, 0x0165, 
0x0155, 0x0140, 0x0178, 0x0196, 0x0030, 0x00D4, 0x000B, 0x00F7, 0x0197, 0x019C, 0x0172, 0x0087, 0x0076, 0x0062, 0x01A1, 0x0183, 
0x00BC, 0x0018, 0x00DE, 0x01A4, 0x00B9, 0x003B, 0x01A9, 0x005E, 0x006F, 0x0135, 0x01AD, 0x0110, 0x0001, 0x0004, 0x0032, 0x0010, 
0x00BB, 0x00C8, 0x00D0, 0x0040, 0x014F, 0x013B, 0x008F, 0x016F, 0x0079, 0x018F, 0x0101, 0x0100, 0x0042, 0x0029, 0x0021, 0x018A, 
0x0008, 0x008B, 0x017D, 0x00A9, 0x0149, 0x0033, 0x0128, 0x0129, 0x00F6, 0x00A2, 0x00BF, 0x009E, 0x00DE, 0x0108, 0x0167, 0x00A4, 
0x0046, 0x0084, 0x01A5, 0x0115, 0x0126, 0x0020, 0x0075, 0x007B, 0x0125, 0x00E1, 0x0151, 0x00F3, 0x018D, 0x0011, 0x010D, 0x00CC, 
0x000C, 0x013E, 0x0148, 0x0142, 0x015F, 0x0076, 0x0051, 0x00D7, 0x0180, 0x014B, 0x0190, 0x00C7, 0x006F, 0x0016, 0x009F, 0x00BE, 
0x01AF, 0x0089, 0x0035, 0x00DF, 0x0085, 0x0118, 0x01AD, 0x005F, 0x012C, 0x0181, 0x00B3, 0x00F2, 0x004E, 0x0136, 0x0048, 0x0080, 
0x00DA, 0x0023, 0x00B0, 0x003B, 0x007F, 0x0132, 0x0036, 0x0022, 0x0018, 0x0031, 0x006D, 0x006A, 0x013C, 0x0121, 0x0113, 0x0044, 
0x011E, 0x00D2, 0x00D9, 0x017F, 0x00C5, 0x0030, 0x0093, 0x0196, 0x017E, 0x000D, 0x0024, 0x01A6, 0x0198, 0x0069, 0x00EB, 0x0027, 
0x010A, 0x0144, 0x0131, 0x01AB, 0x0062, 0x00ED, 0x019B, 0x0019, 0x0025, 0x012D, 0x006C, 0x016B, 0x00DD, 0x000B, 0x0112, 0x0058, 
0x0171, 0x00CB, 0x0169, 0x0147, 0x0096, 0x01A9, 0x00A1, 0x0073, 0x018C, 0x00D4, 0x01A0, 0x001A, 0x0068, 0x0063, 0x016D, 0x00FE, 
0x019F, 0x01A1, 0x011D, 0x017C, 0x001B, 0x014E, 0x00D3, 0x00F1, 0x0191, 0x011B, 0x00A7, 0x0066, 0x0009, 0x0138, 0x0091, 0x0176, 
0x017B, 0x0120, 0x00B1, 0x004F, 0x0160, 0x0006, 0x00E6, 0x008C, 0x002C, 0x010F, 0x0012, 0x00EC, 0x0099, 0x004B, 0x01B0, 0x0166, 
0x0152, 0x00D8, 0x0094, 0x0088, 0x0064, 0x0060, 0x0159, 0x00C4, 0x0052, 0x0003, 0x0188, 0x01A8, 0x0199, 0x018E, 0x0162, 0x0122, 
0x01AE, 0x00EA, 0x00C6, 0x0110, 0x009C, 0x0116, 0x004A, 0x0197, 0x01A4, 0x0002, 0x014D, 0x00E9, 0x0185, 0x0163, 0x0090, 0x00C0, 
0x0034, 0x009B, 0x00E5, 0x0145, 0x0145, 0x00E5, 0x009B, 0x0034, 0x00C0, 0x0090, 0x0163, 0x0185, 0x00E9, 0x014D, 0x0002, 0x01A4, 
0x0197, 0x004A, 0x0116, 0x009C, 0x0110, 0x00C6, 0x00EA, 0x01AE, 0x0122, 0x0162, 0x018E, 0x0199, 0x01A8, 0x0188, 0x0003, 0x0052, 
0x00C4, 0x0159, 0x0060, 0x0064, 0x0088, 0x0094, 0x00D8, 0x0152, 0x0166, 0x01B0, 0x004B, 0x0099, 0x00EC, 0x0012, 0x010F, 0x002C, 
0x008C, 0x00E6, 0x0006, 0x0160, 0x004F, 0x00B1, 0x0120, 0x017B, 0x0176, 0x0091, 0x0138, 0x0009, 0x0066, 0x00A7, 0x011B, 0x0191, 
0x00F1, 0x00D3, 0x014E, 0x001B, 0x017C, 0x011D, 0x01A1, 0x019F, 0x00FE, 0x016D, 0x0063, 0x0068, 0x001A, 0x01A0, 0x00D4, 0x018C, 
0x0073, 0x00A1, 0x01A9, 0x0096, 0x0147, 0x0169, 0x00CB, 0x0171, 0x0058, 0x0112, 0x000B, 0x00DD, 0x016B, 0x006C, 0x012D, 0x0025, 
0x0019, 0x019B, 0x00ED, 0x0062, 0x01AB, 0x0131, 0x0144, 0x010A, 0x0027, 0x00EB, 0x0069, 0x0198, 0x01A6, 0x0024, 0x000D, 0x017E, 
0x0196, 0x0093, 0x0030, 0x00C5, 0x017F, 0x00D9, 0x00D2, 0x011E, 0x0044, 0x0113, 0x0121, 0x013C, 0x006A, 0x006D, 0x0031, 0x0018, 
0x0022, 0x0036, 0x0132, 0x007F, 0x003B, 0x00B0, 0x0023, 0x00DA, 0x0080, 0x0048, 0x0136, 0x004E, 0x00F2, 0x00B3, 0x0181, 0x012C, 
0x005F, 0x01AD, 0x0118, 0x0085, 0x00DF, 0x0035, 0x0089, 0x01AF, 0x00BE, 0x009F, 0x0016, 0x006F, 0x00C7, 0x0190, 0x014B, 0x0180, 
0x00D7, 0x0051, 0x0076, 0x015F, 0x0142, 0x0148, 0x013E, 0x000C, 0x00CC, 0x010D, 0x0011, 0x018D, 0x00F3, 0x0151, 0x00E1, 0x0125, 
0x007B, 0x0075, 0x0020, 0x0126, 0x0115, 0x01A5, 0x0084, 0x0046, 0x00A4, 0x0167, 0x0108, 0x00DE, 0x009E, 0x00BF, 0x00A2, 0x00F6, 
0x0129, 0x0128, 0x0033, 0x0149, 0x00A9, 0x017D, 0x008B, 0x0008, 0x018A, 0x0021, 0x0029, 0x0042, 0x0100, 0x0101, 0x018F, 0x0079, 
0x016F, 0x008F, 0x013B, 0x014F, 0x0040, 0x00D0, 0x00C8, 0x00BB, 0x0010, 0x0032, 0x0001, 0x0008, 0x0096, 0x0040, 0x0045, 0x014E, 
0x009D, 0x004F, 0x01A1, 0x0077, 0x0112, 0x004A, 0x0112, 0x0186, 0x0187, 0x00C7, 0x0100, 0x0131, 0x00C2, 0x0056, 0x00A8, 0x001B, 
0x0067, 0x009F, 0x01AF, 0x001B, 0x00C6, 0x0059, 0x00CE, 0x0061, 0x0124, 0x0125, 0x018E, 0x013C, 0x0008, 0x0113, 0x01A9, 0x00FD, 
0x018E, 0x00FF, 0x016B, 0x002D, 0x010C, 0x00D8, 0x00C3, 0x0187, 0x00FB, 0x0196, 0x0191, 0x01A1, 0x0128, 0x00D8, 0x00CB, 0x011D, 
0x011F, 0x0117, 0x0059, 0x015D, 0x0010, 0x0157, 0x002A, 0x00AB, 0x0056, 0x00B3, 0x011F, 0x0099, 0x0105, 0x016B, 0x0127, 0x0040, 
0x012B, 0x0023, 0x00B7, 0x0171, 0x0085, 0x0124, 0x0097, 0x0099, 0x011D, 0x0134, 0x0100, 0x0132, 0x015B, 0x0168, 0x0158, 0x019C, 
0x009D, 0x01AD, 0x002D, 0x0105, 0x0097, 0x0061, 0x0043, 0x0114, 0x018C, 0x00D9, 0x0156, 0x00B1, 0x017B, 0x0131, 0x0134, 0x00CB, 
0x010C, 0x01AD, 0x014E, 0x0145, 0x008D, 0x0073, 0x0046, 0x0083, 0x0063, 0x0043, 0x00CE, 0x0117, 0x00B3, 0x00C2, 0x017B, 0x0080, 
0x0164, 0x0092, 0x00A7, 0x0150, 0x0145, 0x0045, 0x0127, 0x00FF, 0x0125, 0x0085, 0x016C, 0x0083, 0x0184, 0x0166, 0x0094, 0x0164, 
0x00EF, 0x0132, 0x00C7, 0x00C3, 0x0128, 0x004F, 0x019C, 0x00E3, 0x00A7, 0x0118, 0x0166, 0x00A5, 0x018C, 0x0162, 0x015D, 0x00C6, 
0x00A8, 0x00AB, 0x00EA, 0x0156, 0x00E6, 0x0166, 0x00AC, 0x0073, 0x008C, 0x012B, 0x0096, 0x013C, 0x00FD, 0x011B, 0x00B7, 0x00B2, 
0x0073, 0x011A, 0x00A7, 0x009A, 0x0168, 0x0109, 0x00FB, 0x0186, 0x0077, 0x0191, 0x00EB, 0x0168, 0x00FE, 0x0164, 0x007D, 0x0156, 
0x00EE, 0x0157, 0x013A, 0x0067, 0x01AF, 0x002B, 0x0157, 0x0089, 0x018C, 0x0004, 0x0083, 0x008A, 0x00B7, 0x0075, 0x0113, 0x0001, 
0x01B0, 0x0113, 0x00B4, 0x012B, 0x012C, 0x0145, 0x016E, 0x019C, 0x0054, 0x0191, 0x014A, 0x004A, 0x004A, 0x0002, 0x00FB, 0x0106, 
0x0132, 0x0036, 0x017B, 0x007F, 0x00AB, 0x00B6, 0x01AF, 0x0167, 0x0167, 0x0067, 0x0020, 0x015D, 0x0015, 0x0043, 0x006C, 0x0085, 
0x0086, 0x00FD, 0x009E, 0x0001, 0x01B0, 0x009E, 0x013C, 0x00FA, 0x0127, 0x012E, 0x01AD, 0x0025, 0x0128, 0x005A, 0x0186, 0x0002, 
0x014A, 0x0077, 0x005A, 0x00C3, 0x005B, 0x0134, 0x004D, 0x00B3, 0x0049, 0x00C6, 0x0020, 0x013A, 0x002B, 0x00B6, 0x00A8, 0x0049, 
0x0117, 0x010A, 0x0097, 0x013E, 0x00FF, 0x00FA, 0x0096, 0x00B4, 0x0075, 0x011B, 0x0086, 0x0125, 0x013E, 0x0105, 0x004B, 0x00CB, 
0x005B, 0x00C7, 0x0106, 0x0109, 0x00EB, 0x0054, 0x004F, 0x0025, 0x010C, 0x004B, 0x0099, 0x010A, 0x00CE, 0x0015, 0x0162, 0x0089, 
0x00EE, 0x00EA, 0x007F, 0x00C2, 0x004D, 0x011D, 0x004B, 0x002D, 0x012E, 0x0045, 0x012C, 0x008C, 0x00B2, 0x008A, 0x016C, 0x006C, 
0x0061, 0x010A, 0x011F, 0x004D, 0x0131, 0x0036, 0x00EF, 0x00FE, 0x009A, 0x00E3, 0x016E, 0x014E, 0x012E, 0x016B, 0x013E, 0x0124, 
0x006C, 0x0063, 0x0004, 0x00A5, 0x00E6, 0x007D, 0x0080, 0x0036, 0x0100, 0x005B, 0x00D8, 0x0025, 0x009D, 0x016E, 0x0150, 0x011A, 
0x00AC, 0x0184, 0x0004, 0x0114, 0x0015, 0x0059, 0x0049, 0x0056, 0x007F, 0x00B1, 0x007D, 0x0094, 0x0118, 0x011A, 0x008D, 0x012C, 
0x0040, 0x00FA, 0x018E, 0x0086, 0x0171, 0x008A, 0x0046, 0x00AC, 0x0118, 0x0092, 0x00FE, 0x015B, 0x0106, 0x0187, 0x005A, 0x01A1, 
0x0054, 0x0158, 0x009A, 0x0092, 0x0094, 0x00E6, 0x00D9, 0x0089, 0x0010, 0x0020, 0x001B, 0x00B6, 0x002A, 0x00EE, 0x00D9, 0x00A5, 
0x0184, 0x0046, 0x00B2, 0x0023, 0x00B4, 0x0008, 0x009E, 0x01A9, 0x0075, 0x0023, 0x008C, 0x008D, 0x0150, 0x00E3, 0x0158, 0x00EB, 
0x0196, 0x0002, 0x0112, 0x014A, 0x0196, 0x0109, 0x015B, 0x00EF, 0x0080, 0x00B1, 0x00EA, 0x002A, 0x002B, 0x009F, 0x0167, 0x009F, 
0x013A, 0x0010, 0x0162, 0x0114, 0x0063, 0x016C, 0x0171, 0x011B, 0x0001, 0x0010, 0x0011, 0x0100, 0x0159, 0x0110, 0x00E9, 0x00C7, 
0x0121, 0x0144, 0x01A0, 0x0016, 0x0062, 0x0108, 0x00EC, 0x0099, 0x0016, 0x0126, 0x00DE, 0x01A5, 0x0040, 0x00A1, 0x00CC, 0x0160, 
0x017F, 0x010D, 0x0096, 0x0147, 0x0159, 0x0138, 0x0188, 0x011B, 0x0090, 0x0160, 0x0118, 0x0176, 0x0089, 0x0058, 0x016F, 0x00F1, 
0x00A1, 0x009E, 0x010A, 0x019B, 0x0073, 0x00E9, 0x006A, 0x0003, 0x00A4, 0x0042, 0x0176, 0x0197, 0x016F, 0x00EB, 0x00C5, 0x0024, 
0x0136, 0x0144, 0x004E, 0x00E5, 0x018D, 0x00D2, 0x00DE, 0x00C6, 0x0024, 0x008B, 0x00A7, 0x0003, 0x0004, 0x0096, 0x000C, 0x0163, 
0x0171, 0x001B, 0x0010, 0x006D, 0x0171, 0x00F3, 0x01B0, 0x0188, 0x0181, 0x019B, 0x00DF, 0x016B, 0x00E5, 0x0167, 0x00EC, 0x0051, 
0x006C, 0x006C, 0x013E, 0x0108, 0x00A9, 0x018D, 0x017E, 0x0030, 0x010A, 0x001A, 0x011B, 0x00BE, 0x016D, 0x0163, 0x0145, 0x0011, 
0x01AE, 0x00F3, 0x016D, 0x0128, 0x010D, 0x0079, 0x00A4, 0x008F, 0x0149, 0x00C5, 0x00EA, 0x01A5, 0x00B1, 0x017E, 0x016B, 0x00C8, 
0x0121, 0x0122, 0x008B, 0x0149, 0x0046, 0x0058, 0x0196, 0x0089, 0x00C0, 0x008F, 0x00A7, 0x003B, 0x00C7, 0x004A, 0x00DF, 0x0030, 
0x01A1, 0x0040, 0x0009, 0x00EB, 0x0046, 0x00C0, 0x0042, 0x0033, 0x017F, 0x0113, 0x00BE, 0x01B0, 0x0029, 0x0100, 0x00FE, 0x000C, 
0x0128, 0x0113, 0x0090, 0x01A8, 0x009E, 0x01A1, 0x00B1, 0x00D2, 0x014F, 0x0062, 0x0068, 0x0051, 0x013E, 0x0068, 0x0099, 0x00B3, 
0x004E, 0x00C8, 0x004A, 0x0073, 0x007B, 0x0138, 0x0029, 0x01AE, 0x001B, 0x01AD, 0x0001, 0x01AD, 0x006D, 0x0145, 0x00FE, 0x0147, 
0x0044, 0x006A, 0x003B, 0x0122, 0x0136, 0x0032, 0x0126, 0x014F, 0x00A9, 0x0167, 0x00B3, 0x01A0, 0x0032, 0x00C6, 0x00EA, 0x0009, 
0x00F1, 0x00D3, 0x0118, 0x0033, 0x0079, 0x0004, 0x0044, 0x0110, 0x007B, 0x0181, 0x001A, 0x01A8, 0x00CC, 0x00D3, 0x0197, 0x0196, 
0x0196, 0x0197, 0x00D3, 0x00CC, 0x01A8, 0x001A, 0x0181, 0x007B, 0x0110, 0x0044, 0x0004, 0x0079, 0x0033, 0x0118, 0x00D3, 0x00F1, 
0x0009, 0x00EA, 0x00C6, 0x0032, 0x01A0, 0x00B3, 0x0167, 0x00A9, 0x014F, 0x0126, 0x0032, 0x0136, 0x0122, 0x003B, 0x006A, 0x0044, 
0x0147, 0x00FE, 0x0145, 0x006D, 0x01AD, 0x0001, 0x01AD, 0x001B, 0x01AE, 0x0029, 0x0138, 0x007B, 0x0073, 0x004A, 0x00C8, 0x004E, 
0x00B3, 0x0099, 0x0068, 0x013E, 0x0051, 0x0068, 0x0062, 0x014F, 0x00D2, 0x00B1, 0x01A1, 0x009E, 0x01A8, 0x0090, 0x0113, 0x0128, 
0x000C, 0x00FE, 0x0100, 0x0029, 0x01B0, 0x00BE, 0x0113, 0x017F, 0x0033, 0x0042, 0x00C0, 0x0046, 0x00EB, 0x0009, 0x0040, 0x01A1, 
0x0030, 0x00DF, 0x004A, 0x00C7, 0x003B, 0x00A7, 0x008F, 0x00C0, 0x0089, 0x0196, 0x0058, 0x0046, 0x0149, 0x008B, 0x0122, 0x0121, 
0x00C8, 0x016B, 0x017E, 0x00B1, 0x01A5, 0x00EA, 0x00C5, 0x0149, 0x008F, 0x00A4, 0x0079, 0x010D, 0x0128, 0x016D, 0x00F3, 0x01AE, 
0x0011, 0x0145, 0x0163, 0x016D, 0x00BE, 0x011B, 0x001A, 0x010A, 0x0030, 0x017E, 0x018D, 0x00A9, 0x0108, 0x013E, 0x006C, 0x006C, 
0x0051, 0x00EC, 0x0167, 0x00E5, 0x016B, 0x00DF, 0x019B, 0x0181, 0x0188, 0x01B0, 0x00F3, 0x0171, 0x006D, 0x0010, 0x001B, 0x0171, 
0x0163, 0x000C, 0x0096, 0x0004, 0x0003, 0x00A7, 0x008B, 0x0024, 0x00C6, 0x00DE, 0x00D2, 0x018D, 0x00E5, 0x004E, 0x0144, 0x0136, 
0x0024, 0x00C5, 0x00EB, 0x016F, 0x0197, 0x0176, 0x0042, 0x00A4, 0x0003, 0x006A, 0x00E9, 0x0073, 0x019B, 0x010A, 0x009E, 0x00A1, 
0x00F1, 0x016F, 0x0058, 0x0089, 0x0176, 0x0118, 0x0160, 0x0090, 0x011B, 0x0188, 0x0138, 0x0159, 0x0147, 0x0096, 0x010D, 0x017F, 
0x0160, 0x00CC, 0x00A1, 0x0040, 0x01A5, 0x00DE, 0x0126, 0x0016, 0x0099, 0x00EC, 0x0108, 0x0062, 0x0016, 0x01A0, 0x0144, 0x0121, 
0x00C7, 0x00E9, 0x0110, 0x0159, 0x0100, 0x0011, 0x0001, 0x0020, 0x0033, 0x009E, 0x01AA, 0x014D, 0x014C, 0x0125, 0x0003, 0x00D1, 
0x00F6, 0x0108, 0x0198, 0x00E8, 0x004C, 0x011B, 0x0176, 0x0060, 0x0141, 0x00C1, 0x002D, 0x004E, 0x016A, 0x00DD, 0x0031, 0x0042, 
0x0099, 0x003F, 0x002E, 0x010B, 0x001C, 0x018C, 0x01A6, 0x0115, 0x0112, 0x0029, 0x0132, 0x0139, 0x0018, 0x0072, 0x006A, 0x008D, 
0x00B4, 0x014B, 0x019C, 0x0146, 0x00DB, 0x0090, 0x00F2, 0x010D, 0x0016, 0x017C, 0x018F, 0x0085, 0x000A, 0x011C, 0x015E, 0x00AD, 
0x0110, 0x013D, 0x0192, 0x001E, 0x0082, 0x0073, 0x00AF, 0x0051, 0x016C, 0x00CC, 0x0114, 0x006C, 0x01A3, 0x000D, 0x005B, 0x010A, 
0x014E, 0x0039, 0x010C, 0x014F, 0x0162, 0x00B8, 0x0009, 0x0169, 0x0143, 0x00B6, 0x019D, 0x0083, 0x00B5, 0x00C8, 0x0056, 0x00C2, 
0x0168, 0x0028, 0x0081, 0x0050, 0x015F, 0x0116, 0x00FF, 0x017F, 0x0131, 0x017D, 0x003C, 0x010F, 0x0086, 0x0024, 0x0076, 0x00D3, 
0x0055, 0x0167, 0x0136, 0x0140, 0x0012, 0x01AC, 0x0174, 0x0177, 0x0040, 0x0154, 0x0166, 0x002C, 0x014A, 0x00B9, 0x0149, 0x0133, 
0x00D2, 0x005E, 0x005A, 0x0107, 0x0023, 0x00D8, 0x0057, 0x0194, 0x00E3, 0x01AB, 0x0036, 0x0186, 0x00E4, 0x0021, 0x0196, 0x00AC, 
0x0181, 0x01A9, 0x0158, 0x01A2, 0x0159, 0x01A0, 0x006F, 0x013A, 0x00DA, 0x011D, 0x002F, 0x0128, 0x00FA, 0x005C, 0x0100, 0x015D, 
0x00ED, 0x0148, 0x007D, 0x0046, 0x01AF, 0x0103, 0x00F3, 0x0120, 0x0041, 0x0126, 0x004D, 0x0179, 0x0004, 0x00C3, 0x00C0, 0x00E2, 
0x0061, 0x0127, 0x003E, 0x00A3, 0x00F7, 0x0152, 0x0010, 0x009A, 0x00B3, 0x0092, 0x00F4, 0x0106, 0x0097, 0x019E, 0x0017, 0x00E7, 
0x00D0, 0x018B, 0x0087, 0x0197, 0x0129, 0x00EC, 0x008E, 0x016E, 0x0109, 0x0084, 0x0144, 0x00EA, 0x00EB, 0x0044, 0x017A, 0x00BC, 
0x0075, 0x000C, 0x007C, 0x0187, 0x00DC, 0x011E, 0x00A0, 0x0138, 0x0122, 0x0101, 0x0098, 0x007A, 0x0027, 0x00E6, 0x00CB, 0x018A, 
0x0137, 0x0119, 0x00B0, 0x008F, 0x0079, 0x0111, 0x0093, 0x00D5, 0x002A, 0x0135, 0x01A5, 0x013C, 0x00F5, 0x0037, 0x016D, 0x00C6, 
0x00C7, 0x006D, 0x012D, 0x00A8, 0x0043, 0x0123, 0x00C5, 0x0088, 0x001A, 0x012A, 0x0026, 0x00E1, 0x00CA, 0x019A, 0x0013, 0x011A, 
0x00AB, 0x00BD, 0x011F, 0x00FE, 0x0117, 0x01A1, 0x005F, 0x00BA, 0x010E, 0x0173, 0x008A, 0x0150, 0x00CF, 0x00F1, 0x00EE, 0x01AD, 
0x0038, 0x0164, 0x008B, 0x0170, 0x0091, 0x00BE, 0x00AE, 0x0002, 0x016B, 0x0134, 0x0069, 0x00C4, 0x0054, 0x00B1, 0x0155, 0x00B7, 
0x0089, 0x0182, 0x0094, 0x00D7, 0x0077, 0x0142, 0x0011, 0x0058, 0x000F, 0x0059, 0x0008, 0x0030, 0x0105, 0x001B, 0x0190, 0x00CD, 
0x002B, 0x017B, 0x0006, 0x00CE, 0x001D, 0x015A, 0x00D9, 0x018E, 0x00AA, 0x0157, 0x0153, 0x00DF, 0x007E, 0x0068, 0x00F8, 0x0067, 
0x0185, 0x004B, 0x005D, 0x0171, 0x003A, 0x003D, 0x0005, 0x019F, 0x0071, 0x007B, 0x004A, 0x015C, 0x00DE, 0x013B, 0x018D, 0x012B, 
0x00A2, 0x0175, 0x0034, 0x0080, 0x0032, 0x00B2, 0x009B, 0x0052, 0x0161, 0x0130, 0x0189, 0x0049, 0x00EF, 0x015B, 0x00E9, 0x00FC, 
0x012E, 0x0014, 0x00FB, 0x006E, 0x0048, 0x01A8, 0x00F9, 0x004F, 0x0062, 0x00A5, 0x0178, 0x0063, 0x00A7, 0x0156, 0x01A4, 0x000E, 
0x0145, 0x009D, 0x00E5, 0x0045, 0x0160, 0x0102, 0x013E, 0x012F, 0x0193, 0x001F, 0x0074, 0x00A1, 0x0104, 0x0053, 0x0095, 0x01A7, 
0x012C, 0x0022, 0x0035, 0x019B, 0x00A4, 0x00BF, 0x0121, 0x00D6, 0x006B, 0x0015, 0x0066, 0x00FD, 0x0124, 0x0147, 0x013F, 0x0199, 
0x0078, 0x007F, 0x0188, 0x009F, 0x009C, 0x000B, 0x0025, 0x0195, 0x00A6, 0x0183, 0x0172, 0x0118, 0x016F, 0x0180, 0x00D4, 0x0047, 
0x0163, 0x0184, 0x00F0, 0x0070, 0x0151, 0x003B, 0x0096, 0x0165, 0x00C9, 0x0019, 0x00A9, 0x00BB, 0x00E0, 0x01AE, 0x008C, 0x0065, 
0x0064, 0x0007, 0x0113, 0x017E, 0x0001, 0x0040, 0x0099, 0x00C7, 0x018E, 0x010A, 0x009F, 0x00B3, 0x001B, 0x0166, 0x006C, 0x0089, 
0x006C, 0x00D9, 0x0112, 0x00C6, 0x0128, 0x01AD, 0x0025, 0x018C, 0x004F, 0x01A1, 0x0063, 0x006C, 0x0167, 0x01A1, 0x00EA, 0x0020, 
0x0023, 0x00D8, 0x0002, 0x0073, 0x0046, 0x0145, 0x0040, 0x00B1, 0x0040, 0x00CB, 0x0046, 0x00E6, 0x0010, 0x0125, 0x017B, 0x0113, 
0x0162, 0x0112, 0x014E, 0x01A1, 0x00A7, 0x001B, 0x0100, 0x0113, 0x016B, 0x00FE, 0x0075, 0x013C, 0x0020, 0x004B, 0x001B, 0x0191, 
0x0112, 0x0080, 0x018C, 0x01B0, 0x0075, 0x0096, 0x008C, 0x0010, 0x01A9, 0x00C7, 0x0131, 0x0046, 0x0094, 0x00C7, 0x0171, 0x0002, 
0x011D, 0x0096, 0x00FE, 0x01AF, 0x0128, 0x009E, 0x018C, 0x0085, 0x0020, 0x0008, 0x009F, 0x0118, 0x0125, 0x008C, 0x011D, 0x00D8, 
0x0132, 0x009F, 0x0004, 0x0113, 0x0036, 0x0128, 0x013E, 0x01AD, 0x01AF, 0x016B, 0x017B, 0x0118, 0x010A, 0x011B, 0x0002, 0x00EB, 
0x0010, 0x007F, 0x010A, 0x0132, 0x0023, 0x013C, 0x01B0, 0x0025, 0x013E, 0x01AD, 0x012C, 0x0075, 0x0196, 0x00D8, 0x011B, 0x018E, 
0x01A9, 0x00E6, 0x0073, 0x0171, 0x018E, 0x007F, 0x0125, 0x004A, 0x00FE, 0x012C, 0x0025, 0x009E, 0x00C6, 0x0162, 0x0100, 0x00B3, 
0x0008, 0x0023, 0x0196, 0x0096, 0x004A, 0x017B, 0x0004, 0x00B3, 0x004B, 0x00EA, 0x004F, 0x0080, 0x00C6, 0x0036, 0x016B, 0x004A, 
0x008C, 0x00EB, 0x0073, 0x0131, 0x0099, 0x0145, 0x00CB, 0x0099, 0x0094, 0x00E6, 0x00EB, 0x011D, 0x0196, 0x013C, 0x0085, 0x004F, 
0x014E, 0x00D9, 0x0166, 0x00A7, 0x00EA, 0x0085, 0x01B0, 0x012C, 0x01AF, 0x0036, 0x0162, 0x0191, 0x0166, 0x0063, 0x0167, 0x00D9, 
0x0191, 0x0100, 0x0004, 0x0118, 0x007F, 0x01A9, 0x0094, 0x0145, 0x00B1, 0x0001, 0x0001, 0x00B1, 0x00CB, 0x0131, 0x0171, 0x011B, 
0x0132, 0x0008, 0x004B, 0x00A7, 0x0063, 0x0089, 0x0089, 0x0167, 0x014E, 0x0080, 0x009E, 0x013E, 0x013E, 0x009E, 0x0080, 0x014E, 
0x0167, 0x0089, 0x0089, 0x0063, 0x00A7, 0x004B, 0x0008, 0x0132, 0x011B, 0x0171, 0x0131, 0x00CB, 0x00B1, 0x0001, 0x0001, 0x00B1, 
0x0145, 0x0094, 0x01A9, 0x007F, 0x0118, 0x0004, 0x0100, 0x0191, 0x00D9, 0x0167, 0x0063, 0x0166, 0x0191, 0x0162, 0x0036, 0x01AF, 
0x012C, 0x01B0, 0x0085, 0x00EA, 0x00A7, 0x0166, 0x00D9, 0x014E, 0x004F, 0x0085, 0x013C, 0x0196, 0x011D, 0x00EB, 0x00E6, 0x0094, 
0x0099, 0x00CB, 0x0145, 0x0099, 0x0131, 0x0073, 0x00EB, 0x008C, 0x004A, 0x016B, 0x0036, 0x00C6, 0x0080, 0x004F, 0x00EA, 0x004B, 
0x00B3, 0x0004, 0x017B, 0x004A, 0x0096, 0x0196, 0x0023, 0x0008, 0x00B3, 0x0100, 0x0162, 0x00C6, 0x009E, 0x0025, 0x012C, 0x00FE, 
0x004A, 0x0125, 0x007F, 0x018E, 0x0171, 0x0073, 0x00E6, 0x01A9, 0x018E, 0x011B, 0x00D8, 0x0196, 0x0075, 0x012C, 0x01AD, 0x013E, 
0x0025, 0x01B0, 0x013C, 0x0023, 0x0132, 0x010A, 0x007F, 0x0010, 0x00EB, 0x0002, 0x011B, 0x010A, 0x0118, 0x017B, 0x016B, 0x01AF, 
0x01AD, 0x013E, 0x0128, 0x0036, 0x0113, 0x0004, 0x009F, 0x0132, 0x00D8, 0x011D, 0x008C, 0x0125, 0x0118, 0x009F, 0x0008, 0x0020, 
0x0085, 0x018C, 0x009E, 0x0128, 0x01AF, 0x00FE, 0x0096, 0x011D, 0x0002, 0x0171, 0x00C7, 0x0094, 0x0046, 0x0131, 0x00C7, 0x01A9, 
0x0010, 0x008C, 0x0096, 0x0075, 0x01B0, 0x018C, 0x0080, 0x0112, 0x0191, 0x001B, 0x004B, 0x0020, 0x013C, 0x0075, 0x00FE, 0x016B, 
0x0113, 0x0100, 0x001B, 0x00A7, 0x01A1, 0x014E, 0x0112, 0x0162, 0x0113, 0x017B, 0x0125, 0x0010, 0x00E6, 0x0046, 0x00CB, 0x0040, 
0x00B1, 0x0040, 0x0145, 0x0046, 0x0073, 0x0002, 0x00D8, 0x0023, 0x0020, 0x00EA, 0x01A1, 0x0167, 0x006C, 0x0063, 0x01A1, 0x004F, 
0x018C, 0x0025, 0x01AD, 0x0128, 0x00C6, 0x0112, 0x00D9, 0x006C, 0x0089, 0x006C, 0x0166, 0x001B, 0x00B3, 0x009F, 0x010A, 0x018E, 
0x00C7, 0x0099, 0x0001, 0x0080, 0x001A, 0x016B, 0x0102, 0x0129, 0x00F7, 0x0085, 0x00F3, 0x0074, 0x0142, 0x0159, 0x0069, 0x0007, 
0x00D5, 0x0089, 0x010D, 0x0169, 0x010E, 0x007E, 0x0168, 0x0051, 0x0070, 0x01AB, 0x013B, 0x0011, 0x0100, 0x001E, 0x0095, 0x01A2, 
0x003E, 0x00D8, 0x0091, 0x00E1, 0x004B, 0x0136, 0x00CB, 0x0161, 0x0084, 0x006B, 0x00DF, 0x00B6, 0x0114, 0x0199, 0x0156, 0x002F, 
0x006E, 0x0062, 0x0185, 0x0033, 0x0042, 0x000B, 0x00BB, 0x0125, 0x0175, 0x0178, 0x005C, 0x0014, 0x0126, 0x00F5, 0x0104, 0x008E, 
0x010B, 0x0171, 0x00F4, 0x0176, 0x011F, 0x00DE, 0x013A, 0x004A, 0x0005, 0x0115, 0x019C, 0x0004, 0x018C, 0x0098, 0x0127, 0x0009, 
0x0094, 0x0111, 0x00A1, 0x018F, 0x0189, 0x015B, 0x007A, 0x00FF, 0x019A, 0x0188, 0x0061, 0x002B, 0x0184, 0x0183, 0x0139, 0x00E0, 
0x017C, 0x01A4, 0x002A, 0x01AE, 0x0132, 0x0021, 0x00E7, 0x00DD, 0x0043, 0x006D, 0x00DA, 0x0079, 0x00D6, 0x010A, 0x000C, 0x0072, 
0x0052, 0x0041, 0x003A, 0x0055, 0x013E, 0x018B, 0x0191, 0x018A, 0x00C2, 0x00B8, 0x00C5, 0x0174, 0x00A9, 0x01A7, 0x012B, 0x0192, 
0x013C, 0x0023, 0x00F8, 0x0038, 0x0117, 0x00F2, 0x0008, 0x016C, 0x00E8, 0x010F, 0x0118, 0x0164, 0x004E, 0x017B, 0x0106, 0x00CF, 
0x0024, 0x017F, 0x0152, 0x0157, 0x009B, 0x004F, 0x015E, 0x001B, 0x00EE, 0x0194, 0x01A1, 0x0059, 0x0198, 0x011E, 0x014A, 0x0145, 
0x0063, 0x0130, 0x0181, 0x0101, 0x00B5, 0x019B, 0x00AC, 0x004C, 0x0113, 0x00FA, 0x00C8, 0x001C, 0x00E3, 0x00A5, 0x00C1, 0x0057, 
0x012A, 0x017D, 0x011B, 0x0124, 0x00FE, 0x0134, 0x0047, 0x012E, 0x0109, 0x00AE, 0x019E, 0x00E4, 0x0012, 0x005E, 0x000E, 0x0090, 
0x014B, 0x0044, 0x0107, 0x00B4, 0x011A, 0x0031, 0x00E5, 0x00C6, 0x00C7, 0x0147, 0x0065, 0x007C, 0x01AF, 0x008F, 0x017A, 0x015D, 
0x0172, 0x0060, 0x0154, 0x00C0, 0x0149, 0x014D, 0x0082, 0x0071, 0x00C4, 0x0112, 0x009F, 0x00ED, 0x0140, 0x012F, 0x0064, 0x0068, 
0x00F1, 0x005D, 0x0151, 0x003F, 0x0054, 0x0037, 0x0122, 0x0002, 0x0135, 0x014C, 0x006A, 0x00EA, 0x00EB, 0x00CC, 0x0180, 0x0097, 
0x00FD, 0x00AA, 0x016D, 0x0066, 0x0121, 0x01A3, 0x0153, 0x019F, 0x00CD, 0x0013, 0x0103, 0x00A8, 0x0083, 0x016A, 0x007D, 0x00B3, 
0x008D, 0x0096, 0x0034, 0x0087, 0x015A, 0x00F0, 0x010C, 0x00CE, 0x0195, 0x00E9, 0x00B7, 0x009E, 0x0165, 0x0105, 0x0016, 0x00FC, 
0x00B0, 0x0030, 0x0081, 0x014E, 0x006C, 0x0067, 0x0093, 0x0019, 0x0158, 0x0010, 0x001D, 0x00C3, 0x0196, 0x0053, 0x0162, 0x0116, 
0x005A, 0x005F, 0x0032, 0x018D, 0x00E2, 0x00AB, 0x0036, 0x0163, 0x004D, 0x0099, 0x00A2, 0x00C9, 0x0045, 0x01A9, 0x00BF, 0x009A, 
0x0179, 0x00B9, 0x018E, 0x0075, 0x001F, 0x0086, 0x000A, 0x0108, 0x003D, 0x00EC, 0x00F9, 0x00EF, 0x0027, 0x0020, 0x0026, 0x0073, 
0x015C, 0x0177, 0x0170, 0x015F, 0x013F, 0x01A5, 0x00A7, 0x00DB, 0x0138, 0x00D7, 0x0144, 0x016E, 0x00D4, 0x00CA, 0x0190, 0x007F, 
0x0003, 0x0187, 0x000D, 0x0035, 0x00D1, 0x0078, 0x002E, 0x002D, 0x0186, 0x0150, 0x0029, 0x0017, 0x00B2, 0x0137, 0x0056, 0x0028, 
0x0022, 0x0110, 0x00A0, 0x011D, 0x01A8, 0x008A, 0x0119, 0x0025, 0x01AD, 0x0015, 0x009C, 0x01AC, 0x0167, 0x0077, 0x00D3, 0x0092, 
0x003B, 0x00BD, 0x0040, 0x00A6, 0x0123, 0x00AD, 0x00BC, 0x008B, 0x019D, 0x0155, 0x0039, 0x003C, 0x008C, 0x00F6, 0x01A6, 0x016F, 
0x017E, 0x002C, 0x014F, 0x0143, 0x0182, 0x005B, 0x0018, 0x009D, 0x00FB, 0x00D2, 0x0146, 0x012D, 0x0050, 0x00E6, 0x007B, 0x0166, 
0x00D0, 0x0120, 0x00D9, 0x0173, 0x000F, 0x011C, 0x0193, 0x00B1, 0x01A0, 0x0076, 0x0006, 0x0141, 0x0160, 0x0049, 0x0133, 0x00A3, 
0x0048, 0x00A4, 0x0128, 0x00DC, 0x01AA, 0x0148, 0x0058, 0x006F, 0x013D, 0x00BE, 0x012C, 0x00BA, 0x0088, 0x00AF, 0x0046, 0x0197, 
0x0001, 0x0100, 0x004E, 0x0099, 0x01A8, 0x0032, 0x01AE, 0x00C6, 0x0016, 0x0126, 0x004E, 0x00F3, 0x0042, 0x0062, 0x00A4, 0x001B, 
0x00F3, 0x0003, 0x016F, 0x0163, 0x00C7, 0x0032, 0x019B, 0x0121, 0x0051, 0x0009, 0x01A1, 0x0197, 0x01A8, 0x01A0, 0x00BE, 0x01A1, 
0x0016, 0x0121, 0x001B, 0x014F, 0x0096, 0x01A8, 0x0181, 0x017F, 0x0032, 0x011B, 0x00B1, 0x00F3, 0x00EB, 0x01AE, 0x0197, 0x0176, 
0x0009, 0x0181, 0x014F, 0x008B, 0x0181, 0x00EA, 0x00A4, 0x0110, 0x0030, 0x0126, 0x001A, 0x019B, 0x0110, 0x0090, 0x016F, 0x00EA, 
0x0110, 0x0003, 0x00B1, 0x0176, 0x0010, 0x01A1, 0x0163, 0x001A, 0x00C7, 0x0128, 0x0100, 0x0126, 0x00C7, 0x010D, 0x0001, 0x00BE, 
0x0033, 0x00F3, 0x0090, 0x0089, 0x019B, 0x0118, 0x00A4, 0x0121, 0x0196, 0x0196, 0x00EB, 0x0062, 0x0062, 0x0110, 0x00A1, 0x0033, 
0x00B1, 0x008B, 0x01A1, 0x010D, 0x017E, 0x001A, 0x0196, 0x004E, 0x0176, 0x010D, 0x017E, 0x0096, 0x0009, 0x01A0, 0x0009, 0x0160, 
0x003B, 0x00A4, 0x00C6, 0x0163, 0x0099, 0x00A1, 0x0089, 0x01AE, 0x0016, 0x0160, 0x0003, 0x003B, 0x0089, 0x01A8, 0x0128, 0x0096, 
0x017F, 0x0160, 0x00B1, 0x014F, 0x00C6, 0x0118, 0x0090, 0x0033, 0x0100, 0x00C7, 0x0011, 0x00EA, 0x0089, 0x017F, 0x0181, 0x00A1, 
0x0051, 0x011B, 0x010D, 0x0001, 0x00BE, 0x0099, 0x01B0, 0x0163, 0x0096, 0x011B, 0x0016, 0x0011, 0x011B, 0x0100, 0x0099, 0x0090, 
0x0042, 0x0042, 0x003B, 0x0121, 0x00EB, 0x003B, 0x001B, 0x01B0, 0x001A, 0x01AE, 0x0118, 0x00EB, 0x0030, 0x01A0, 0x00BE, 0x0176, 
0x0128, 0x0010, 0x0001, 0x0010, 0x0126, 0x0196, 0x01B0, 0x0197, 0x017E, 0x0197, 0x014F, 0x0160, 0x0030, 0x0051, 0x0003, 0x0042, 
0x0062, 0x0118, 0x01B0, 0x004E, 0x0051, 0x00EA, 0x00C6, 0x0011, 0x017F, 0x016F, 0x001B, 0x00A1, 0x01A0, 0x0010, 0x017E, 0x0032, 
0x0030, 0x0033, 0x008B, 0x0011, 0x019B, 0x016F, 0x008B, 0x0128, 0x0128, 0x008B, 0x016F, 0x019B, 0x0011, 0x008B, 0x0033, 0x0030, 
0x0032, 0x017E, 0x0010, 0x01A0, 0x00A1, 0x001B, 0x016F, 0x017F, 0x0011, 0x00C6, 0x00EA, 0x0051, 0x004E, 0x01B0, 0x0118, 0x0062, 
0x0042, 0x0003, 0x0051, 0x0030, 0x0160, 0x014F, 0x0197, 0x017E, 0x0197, 0x01B0, 0x0196, 0x0126, 0x0010, 0x0001, 0x0010, 0x0128, 
0x0176, 0x00BE, 0x01A0, 0x0030, 0x00EB, 0x0118, 0x01AE, 0x001A, 0x01B0, 0x001B, 0x003B, 0x00EB, 0x0121, 0x003B, 0x0042, 0x0042, 
0x0090, 0x0099, 0x0100, 0x011B, 0x0011, 0x0016, 0x011B, 0x0096, 0x0163, 0x01B0, 0x0099, 0x00BE, 0x0001, 0x010D, 0x011B, 0x0051, 
0x00A1, 0x0181, 0x017F, 0x0089, 0x00EA, 0x0011, 0x00C7, 0x0100, 0x0033, 0x0090, 0x0118, 0x00C6, 0x014F, 0x00B1, 0x0160, 0x017F, 
0x0096, 0x0128, 0x01A8, 0x0089, 0x003B, 0x0003, 0x0160, 0x0016, 0x01AE, 0x0089, 0x00A1, 0x0099, 0x0163, 0x00C6, 0x00A4, 0x003B, 
0x0160, 0x0009, 0x01A0, 0x0009, 0x0096, 0x017E, 0x010D, 0x0176, 0x004E, 0x0196, 0x001A, 0x017E, 0x010D, 0x01A1, 0x008B, 0x00B1, 
0x0033, 0x00A1, 0x0110, 0x0062, 0x0062, 0x00EB, 0x0196, 0x0196, 0x0121, 0x00A4, 0x0118, 0x019B, 0x0089, 0x0090, 0x00F3, 0x0033, 
0x00BE, 0x0001, 0x010D, 0x00C7, 0x0126, 0x0100, 0x0128, 0x00C7, 0x001A, 0x0163, 0x01A1, 0x0010, 0x0176, 0x00B1, 0x0003, 0x0110, 
0x00EA, 0x016F, 0x0090, 0x0110, 0x019B, 0x001A, 0x0126, 0x0030, 0x0110, 0x00A4, 0x00EA, 0x0181, 0x008B, 0x014F, 0x0181, 0x0009, 
0x0176, 0x0197, 0x01AE, 0x00EB, 0x00F3, 0x00B1, 0x011B, 0x0032, 0x017F, 0x0181, 0x01A8, 0x0096, 0x014F, 0x001B, 0x0121, 0x0016, 
0x01A1, 0x00BE, 0x01A0, 0x01A8, 0x0197, 0x01A1, 0x0009, 0x0051, 0x0121, 0x019B, 0x0032, 0x00C7, 0x0163, 0x016F, 0x0003, 0x00F3, 
0x001B, 0x00A4, 0x0062, 0x0042, 0x00F3, 0x004E, 0x0126, 0x0016, 0x00C6, 0x01AE, 0x0032, 0x01A8, 0x0099, 0x004E, 0x0001, 0x004F, 
0x00EA, 0x00B3, 0x0184, 0x012C, 0x019C, 0x011D, 0x00C6, 0x0156, 0x01A9, 0x013E, 0x01A9, 0x0049, 0x0127, 0x01B0, 0x00EA, 0x0036, 
0x002D, 0x00AC, 0x011A, 0x00EA, 0x0168, 0x0008, 0x0125, 0x00EA, 0x0001, 0x008A, 0x00AC, 0x0164, 0x0105, 0x0162, 0x0125, 0x012C, 
0x004F, 0x0171, 0x0162, 0x005B, 0x0125, 0x00A5, 0x013E, 0x00C3, 0x00FA, 0x012C, 0x00B7, 0x0127, 0x004D, 0x00C7, 0x0008, 0x00C6, 
0x00C6, 0x012C, 0x0036, 0x004F, 0x0168, 0x004D, 0x008A, 0x00A5, 0x00EB, 0x019C, 0x008A, 0x010C, 0x00AC, 0x00FE, 0x0168, 0x00C6, 
0x00A8, 0x013E, 0x00EE, 0x00B3, 0x005B, 0x008C, 0x00EE, 0x00FE, 0x0094, 0x0105, 0x00A8, 0x00C6, 0x004F, 0x002D, 0x00EA, 0x0008, 
0x0105, 0x00FA, 0x0127, 0x0109, 0x019C, 0x013E, 0x00C3, 0x00A8, 0x00A8, 0x0164, 0x0015, 0x0015, 0x008C, 0x0085, 0x011A, 0x00C7, 
0x0094, 0x0036, 0x002D, 0x0036, 0x00FA, 0x013E, 0x012C, 0x0171, 0x00AC, 0x00B3, 0x0073, 0x0127, 0x0085, 0x0015, 0x00AC, 0x004D, 
0x00FE, 0x002D, 0x0094, 0x017B, 0x011A, 0x0049, 0x0040, 0x004D, 0x0171, 0x0184, 0x00EE, 0x00A5, 0x0162, 0x0094, 0x002D, 0x0127, 
0x00EE, 0x0036, 0x0162, 0x011A, 0x0184, 0x0008, 0x01B0, 0x00B7, 0x00C6, 0x011D, 0x0109, 0x0105, 0x0040, 0x00EB, 0x0036, 0x00B7, 
0x008C, 0x0094, 0x00A5, 0x0001, 0x011A, 0x010C, 0x0001, 0x011A, 0x017B, 0x0036, 0x0109, 0x00B3, 0x004F, 0x005B, 0x00EA, 0x012C, 
0x005B, 0x00C7, 0x00EE, 0x010C, 0x00B3, 0x0109, 0x0040, 0x0164, 0x00FA, 0x0097, 0x004D, 0x0049, 0x0156, 0x0008, 0x01B0, 0x00FA, 
0x00B3, 0x011A, 0x0184, 0x011A, 0x00FA, 0x019C, 0x005B, 0x0168, 0x0125, 0x0168, 0x019C, 0x00EB, 0x008C, 0x0073, 0x0127, 0x00C3, 
0x00EE, 0x0085, 0x0171, 0x0001, 0x01B0, 0x0171, 0x0156, 0x005B, 0x011D, 0x0171, 0x019C, 0x0109, 0x010C, 0x0008, 0x0049, 0x013E, 
0x013E, 0x008C, 0x004D, 0x00A5, 0x0008, 0x011D, 0x0094, 0x01A9, 0x010C, 0x0164, 0x0125, 0x0073, 0x0073, 0x0168, 0x01A9, 0x00A5, 
0x00A8, 0x0015, 0x0040, 0x0094, 0x0156, 0x005B, 0x0040, 0x0001, 0x01B0, 0x0040, 0x012C, 0x00C3, 0x00EE, 0x008A, 0x013E, 0x0125, 
0x00C6, 0x0015, 0x0049, 0x008C, 0x0049, 0x0156, 0x0015, 0x00B7, 0x0097, 0x002D, 0x0097, 0x00FE, 0x00B7, 0x0001, 0x01A9, 0x005B, 
0x0168, 0x0164, 0x011A, 0x00B7, 0x004D, 0x0171, 0x00A8, 0x00FE, 0x00A5, 0x00C3, 0x00EA, 0x0156, 0x0085, 0x00C7, 0x0156, 0x0162, 
0x00FE, 0x00A8, 0x017B, 0x0036, 0x0097, 0x01B0, 0x00A5, 0x0097, 0x01B0, 0x010C, 0x011D, 0x0125, 0x00FA, 0x017B, 0x00C6, 0x0171, 
0x00AC, 0x00A8, 0x0094, 0x00EB, 0x00FA, 0x0001, 0x01A9, 0x002D, 0x0097, 0x004F, 0x017B, 0x00C3, 0x008A, 0x0184, 0x011D, 0x004F, 
0x010C, 0x00C3, 0x002D, 0x0040, 0x0164, 0x0171, 0x0168, 0x0097, 0x0036, 0x011D, 0x0184, 0x00B3, 0x0164, 0x0105, 0x019C, 0x012C, 
0x008A, 0x013E, 0x00FE, 0x0105, 0x0040, 0x0085, 0x0073, 0x00B7, 0x017B, 0x0184, 0x017B, 0x011D, 0x00EA, 0x0097, 0x012C, 0x0125, 
0x019C, 0x019C, 0x004D, 0x0109, 0x0109, 0x00EE, 0x0073, 0x0015, 0x00A8, 0x008A, 0x00B7, 0x00AC, 0x01A9, 0x00C7, 0x0184, 0x0162, 
0x00EB, 0x0109, 0x00AC, 0x011D, 0x00B3, 0x00C3, 0x0125, 0x0156, 0x00FE, 0x00C3, 0x0073, 0x0109, 0x00EB, 0x0049, 0x00B3, 0x0105, 
0x00A5, 0x0127, 0x0015, 0x00C6, 0x010C, 0x0127, 0x0164, 0x0049, 0x0162, 0x017B, 0x0085, 0x00EB, 0x00EB, 0x01A9, 0x00EA, 0x0164, 
0x008A, 0x00FA, 0x0085, 0x00B7, 0x00EE, 0x0073, 0x010C, 0x008C, 0x0156, 0x004F, 0x0040, 0x0162, 0x0085, 0x008C, 0x004F, 0x00AC, 
0x004D, 0x0105, 0x0127, 0x01B0, 0x00C7, 0x008C, 0x01A9, 0x0049, 0x00C7, 0x0097, 0x0105, 0x0184, 0x017B, 0x00C7, 0x0001, 0x008A, 
0x0168, 0x0008, 0x0073, 0x0008, 0x005B, 0x00EB, 0x0094, 0x0015, 0x0085, 0x002D, 0x00FE, 0x00C7, 0x0001, 0x009E, 0x010D, 0x011B, 
0x00D0, 0x0044, 0x011E, 0x0073, 0x0032, 0x0185, 0x0159, 0x0160, 0x0149, 0x009C, 0x005F, 0x01A1, 0x0051, 0x006A, 0x01A6, 0x0199, 
0x0125, 0x0181, 0x0035, 0x00C0, 0x018D, 0x0016, 0x001B, 0x0190, 0x00E1, 0x0120, 0x0129, 0x0046, 0x008F, 0x00F1, 0x00A7, 0x0126, 
0x006C, 0x01AB, 0x00A9, 0x0069, 0x0030, 0x018C, 0x0166, 0x00D2, 0x0008, 0x0093, 0x009B, 0x001A, 0x0188, 0x0176, 0x008B, 0x000C, 
0x0108, 0x0171, 0x013B, 0x019F, 0x0048, 0x002C, 0x0009, 0x0027, 0x00BF, 0x00A2, 0x000B, 0x00EB, 0x0012, 0x004E, 0x01AF, 0x0197, 
0x0191, 0x0196, 0x018F, 0x0079, 0x0036, 0x00B1, 0x0113, 0x015F, 0x017B, 0x0121, 0x00B3, 0x0088, 0x014F, 0x00DF, 0x000D, 0x00D8, 
0x018A, 0x0112, 0x0152, 0x0110, 0x0023, 0x018E, 0x0085, 0x0115, 0x00DD, 0x00F2, 0x0136, 0x00D3, 0x004B, 0x0011, 0x016B, 0x00CC, 
0x00D7, 0x0138, 0x00CB, 0x00A4, 0x0144, 0x0090, 0x00DA, 0x0118, 0x019B, 0x0198, 0x0029, 0x00BB, 0x0180, 0x0076, 0x00C7, 0x0018, 
0x01AD, 0x007B, 0x00D9, 0x0064, 0x017F, 0x012D, 0x0163, 0x0031, 0x0132, 0x0006, 0x0167, 0x0145, 0x00B0, 0x00F6, 0x0002, 0x00C8, 
0x013E, 0x0075, 0x01A4, 0x00DE, 0x0128, 0x008C, 0x00F3, 0x0040, 0x007F, 0x0101, 0x003B, 0x0042, 0x0024, 0x0131, 0x00E5, 0x00FE, 
0x0151, 0x0096, 0x0094, 0x0022, 0x0099, 0x0080, 0x0122, 0x00C5, 0x0025, 0x0089, 0x0004, 0x010F, 0x0003, 0x0068, 0x006F, 0x00A1, 
0x012C, 0x0142, 0x0010, 0x0162, 0x01A8, 0x014D, 0x013C, 0x01A9, 0x014B, 0x0091, 0x0060, 0x006D, 0x0100, 0x014E, 0x01B0, 0x0063, 
0x0052, 0x00E6, 0x011D, 0x0021, 0x017D, 0x0116, 0x00E9, 0x0084, 0x0169, 0x0033, 0x0147, 0x01AE, 0x00D4, 0x009F, 0x004F, 0x0058, 
0x017E, 0x00C6, 0x00EA, 0x00BE, 0x0148, 0x00C4, 0x010A, 0x016F, 0x0019, 0x0020, 0x0034, 0x016D, 0x0066, 0x0062, 0x01A0, 0x00EC, 
0x017C, 0x00ED, 0x01A5, 0x004A, 0x004A, 0x01A5, 0x00ED, 0x017C, 0x00EC, 0x01A0, 0x0062, 0x0066, 0x016D, 0x0034, 0x0020, 0x0019, 
0x016F, 0x010A, 0x00C4, 0x0148, 0x00BE, 0x00EA, 0x00C6, 0x017E, 0x0058, 0x004F, 0x009F, 0x00D4, 0x01AE, 0x0147, 0x0033, 0x0169, 
0x0084, 0x00E9, 0x0116, 0x017D, 0x0021, 0x011D, 0x00E6, 0x0052, 0x0063, 0x01B0, 0x014E, 0x0100, 0x006D, 0x0060, 0x0091, 0x014B, 
0x01A9, 0x013C, 0x014D, 0x01A8, 0x0162, 0x0010, 0x0142, 0x012C, 0x00A1, 0x006F, 0x0068, 0x0003, 0x010F, 0x0004, 0x0089, 0x0025, 
0x00C5, 0x0122, 0x0080, 0x0099, 0x0022, 0x0094, 0x0096, 0x0151, 0x00FE, 0x00E5, 0x0131, 0x0024, 0x0042, 0x003B, 0x0101, 0x007F, 
0x0040, 0x00F3, 0x008C, 0x0128, 0x00DE, 0x01A4, 0x0075, 0x013E, 0x00C8, 0x0002, 0x00F6, 0x00B0, 0x0145, 0x0167, 0x0006, 0x0132, 
0x0031, 0x0163, 0x012D, 0x017F, 0x0064, 0x00D9, 0x007B, 0x01AD, 0x0018, 0x00C7, 0x0076, 0x0180, 0x00BB, 0x0029, 0x0198, 0x019B, 
0x0118, 0x00DA, 0x0090, 0x0144, 0x00A4, 0x00CB, 0x0138, 0x00D7, 0x00CC, 0x016B, 0x0011, 0x004B, 0x00D3, 0x0136, 0x00F2, 0x00DD, 
0x0115, 0x0085, 0x018E, 0x0023, 0x0110, 0x0152, 0x0112, 0x018A, 0x00D8, 0x000D, 0x00DF, 0x014F, 0x0088, 0x00B3, 0x0121, 0x017B, 
0x015F, 0x0113, 0x00B1, 0x0036, 0x0079, 0x018F, 0x0196, 0x0191, 0x0197, 0x01AF, 0x004E, 0x0012, 0x00EB, 0x000B, 0x00A2, 0x00BF, 
0x0027, 0x0009, 0x002C, 0x0048, 0x019F, 0x013B, 0x0171, 0x0108, 0x000C, 0x008B, 0x0176, 0x0188, 0x001A, 0x009B, 0x0093, 0x0008, 
0x00D2, 0x0166, 0x018C, 0x0030, 0x0069, 0x00A9, 0x01AB, 0x006C, 0x0126, 0x00A7, 0x00F1, 0x008F, 0x0046, 0x0129, 0x0120, 0x00E1, 
0x0190, 0x001B, 0x0016, 0x018D, 0x00C0, 0x0035, 0x0181, 0x0125, 0x0199, 0x01A6, 0x006A, 0x0051, 0x01A1, 0x005F, 0x009C, 0x0149, 
0x0160, 0x0159, 0x0185, 0x0032, 0x0073, 0x011E, 0x0044, 0x00D0, 0x011B, 0x010D, 0x0001, 0x013C, 0x0176, 0x010A, 0x00AE, 0x0198, 
0x010E, 0x0036, 0x0011, 0x01AA, 0x014B, 0x0147, 0x017C, 0x0013, 0x007E, 0x00B1, 0x004E, 0x00B0, 0x00E0, 0x0182, 0x005B, 0x00F3, 
0x0161, 0x0116, 0x018F, 0x008B, 0x0128, 0x0177, 0x001E, 0x019D, 0x0072, 0x004B, 0x0185, 0x0190, 0x00D8, 0x00C0, 0x0063, 0x00CD, 
0x0060, 0x012F, 0x00EC, 0x00B2, 0x00EF, 0x0093, 0x0168, 0x010B, 0x0165, 0x017E, 0x009C, 0x0051, 0x00A1, 0x00BF, 0x0088, 0x0008, 
0x0005, 0x0123, 0x00CF, 0x0183, 0x0062, 0x00AF, 0x0189, 0x0055, 0x0104, 0x013E, 0x0130, 0x0181, 0x012B, 0x018D, 0x0186, 0x0113, 
0x00B8, 0x0034, 0x002D, 0x006C, 0x0112, 0x0107, 0x00AC, 0x001A, 0x011D, 0x0037, 0x0121, 0x0064, 0x00D5, 0x0187, 0x0095, 0x00B6, 
0x018B, 0x0079, 0x0054, 0x013A, 0x019C, 0x0172, 0x00CA, 0x00E8, 0x0006, 0x0152, 0x015B, 0x016F, 0x01AF, 0x0031, 0x0041, 0x00D7, 
0x007D, 0x00A9, 0x00F6, 0x006D, 0x0179, 0x016B, 0x00C8, 0x0119, 0x00DD, 0x00A0, 0x005C, 0x001D, 0x0171, 0x00BA, 0x018E, 0x00E1, 
0x0114, 0x0135, 0x000C, 0x015E, 0x016D, 0x000E, 0x0092, 0x0143, 0x0080, 0x0020, 0x00BC, 0x0173, 0x0106, 0x01A4, 0x0125, 0x005A, 
0x019A, 0x013B, 0x011B, 0x010C, 0x0003, 0x012C, 0x009A, 0x007A, 0x00D2, 0x019B, 0x0018, 0x016C, 0x0142, 0x0162, 0x01A2, 0x01A1, 
0x0109, 0x0195, 0x001B, 0x00E3, 0x015F, 0x01A6, 0x00B4, 0x01AD, 0x00CB, 0x003C, 0x0032, 0x018A, 0x0154, 0x01A8, 0x008A, 0x00C1, 
0x004A, 0x0097, 0x00D3, 0x0140, 0x0158, 0x0164, 0x006B, 0x0074, 0x015A, 0x0084, 0x0118, 0x0083, 0x00FE, 0x0043, 0x0078, 0x0124, 
0x00C3, 0x000A, 0x0153, 0x00B5, 0x010F, 0x0087, 0x00F8, 0x00A4, 0x0069, 0x0122, 0x00D6, 0x0067, 0x00FA, 0x0169, 0x0159, 0x00EA, 
0x00EB, 0x0149, 0x0070, 0x00BD, 0x0132, 0x0188, 0x016A, 0x0061, 0x0174, 0x0091, 0x0065, 0x00E5, 0x0136, 0x00ED, 0x0192, 0x0039, 
0x0012, 0x018C, 0x0025, 0x019F, 0x0178, 0x001F, 0x00C4, 0x007B, 0x00CC, 0x014C, 0x0120, 0x003D, 0x0150, 0x0047, 0x0029, 0x007F, 
0x00F4, 0x0141, 0x0068, 0x00C6, 0x00C7, 0x0058, 0x0048, 0x00B7, 0x014A, 0x00DB, 0x008F, 0x0148, 0x010D, 0x00B9, 0x012A, 0x00A2, 
0x00FC, 0x005E, 0x01A7, 0x00EE, 0x008D, 0x0139, 0x016E, 0x00B3, 0x012E, 0x0099, 0x012D, 0x0057, 0x013D, 0x0146, 0x004D, 0x0059, 
0x0071, 0x00DE, 0x011A, 0x0167, 0x00F0, 0x0127, 0x0009, 0x005D, 0x0027, 0x017F, 0x0175, 0x00E6, 0x0004, 0x00FD, 0x000B, 0x0052, 
0x00CE, 0x0196, 0x001C, 0x00A8, 0x0010, 0x000F, 0x004F, 0x006F, 0x0045, 0x0199, 0x0016, 0x00DF, 0x0137, 0x0117, 0x0085, 0x01AE, 
0x00A5, 0x0096, 0x0076, 0x0017, 0x0157, 0x008C, 0x000D, 0x00AB, 0x003E, 0x00F5, 0x0191, 0x0131, 0x006E, 0x011F, 0x01A3, 0x0044, 
0x0053, 0x01A5, 0x007C, 0x009D, 0x00D0, 0x0023, 0x00F7, 0x0040, 0x0194, 0x0155, 0x0111, 0x00D4, 0x0098, 0x00E9, 0x0046, 0x0038, 
0x0144, 0x00BB, 0x0108, 0x0134, 0x00DA, 0x0170, 0x0180, 0x0002, 0x0042, 0x0056, 0x005F, 0x01AB, 0x00C9, 0x00E7, 0x003F, 0x0015, 
0x0077, 0x015D, 0x0138, 0x0026, 0x00FB, 0x011C, 0x002A, 0x00DC, 0x014D, 0x0090, 0x017A, 0x0094, 0x0197, 0x0105, 0x00AA, 0x009F, 
0x0145, 0x0184, 0x017D, 0x00F9, 0x009E, 0x002B, 0x0024, 0x0086, 0x0030, 0x0081, 0x0073, 0x00AD, 0x015C, 0x0028, 0x0102, 0x014F, 
0x002E, 0x00E2, 0x008E, 0x01AC, 0x01A9, 0x0129, 0x00F2, 0x0110, 0x0160, 0x0115, 0x0033, 0x004C, 0x00A6, 0x0049, 0x011E, 0x00C2, 
0x00FF, 0x00C5, 0x0082, 0x0151, 0x00E4, 0x014E, 0x00F1, 0x00D9, 0x0021, 0x002C, 0x0166, 0x013F, 0x0014, 0x0193, 0x003A, 0x0089, 
0x0126, 0x0022, 0x009B, 0x0050, 0x00BE, 0x0156, 0x002F, 0x00D1, 0x0101, 0x0163, 0x0100, 0x0133, 0x019E, 0x0035, 0x006A, 0x0066, 
0x0007, 0x01A0, 0x017B, 0x00A3, 0x0019, 0x0103, 0x00A7, 0x003B, 0x0001, 0x00C7, 0x0100, 0x00C6, 0x0004, 0x011B, 0x009E, 0x01B0, 
0x0099, 0x016B, 0x00B1, 0x001B, 0x00B1, 0x010A, 0x009E, 0x00EA, 0x001B, 0x0089, 0x0167, 0x0167, 0x00B3, 0x0096, 0x0145, 0x00B1, 
0x0010, 0x0096, 0x00C6, 0x006C, 0x0004, 0x010A, 0x0046, 0x00EB, 0x0118, 0x00B1, 0x00C7, 0x01A1, 0x00C7, 0x01AD, 0x0118, 0x01AD, 
0x0096, 0x0073, 0x013E, 0x0196, 0x00B3, 0x009E, 0x0145, 0x0096, 0x011B, 0x0099, 0x01A1, 0x0196, 0x0118, 0x01B0, 0x0113, 0x0113, 
0x006C, 0x016B, 0x0099, 0x006C, 0x009E, 0x004A, 0x0167, 0x0001, 0x0113, 0x0128, 0x0073, 0x0096, 0x0040, 0x00C6, 0x004A, 0x0118, 
0x00FE, 0x00C6, 0x00C7, 0x0046, 0x00FE, 0x0128, 0x01B0, 0x0046, 0x001B, 0x0196, 0x0167, 0x0171, 0x006C, 0x0040, 0x009E, 0x0100, 
0x0073, 0x0073, 0x00FE, 0x010A, 0x00A7, 0x009E, 0x0089, 0x0196, 0x013E, 0x001B, 0x00EB, 0x0089, 0x0046, 0x0118, 0x013E, 0x0100, 
0x011B, 0x0128, 0x0046, 0x00EA, 0x0096, 0x00A7, 0x011B, 0x00A7, 0x0004, 0x0113, 0x0001, 0x0167, 0x00EB, 0x0089, 0x0171, 0x0113, 
0x0099, 0x010A, 0x0128, 0x0004, 0x0040, 0x01AD, 0x00EB, 0x00C7, 0x0004, 0x00A7, 0x0073, 0x0010, 0x01B0, 0x0171, 0x0167, 0x0196, 
0x00EA, 0x00B3, 0x01A1, 0x01B0, 0x0040, 0x0004, 0x0099, 0x0128, 0x0010, 0x013E, 0x0089, 0x01B0, 0x016B, 0x00C6, 0x00B3, 0x004A, 
0x00EA, 0x013E, 0x0118, 0x0010, 0x0073, 0x00EA, 0x00EB, 0x004A, 0x0100, 0x00B1, 0x01AD, 0x0100, 0x00FE, 0x01AD, 0x00EA, 0x00FE, 
0x0099, 0x0113, 0x0171, 0x00B3, 0x0145, 0x010A, 0x016B, 0x011B, 0x00C6, 0x0171, 0x0001, 0x0171, 0x0046, 0x013E, 0x00B3, 0x006C, 
0x016B, 0x0145, 0x0010, 0x010A, 0x006C, 0x01A1, 0x0089, 0x0100, 0x00A7, 0x0040, 0x00FE, 0x00B1, 0x01A1, 0x0001, 0x0001, 0x01A1, 
0x01AD, 0x004A, 0x00C7, 0x0128, 0x00A7, 0x0040, 0x016B, 0x011B, 0x0145, 0x001B, 0x001B, 0x0010, 0x0145, 0x004A, 0x0196, 0x00EB, 
0x00EB, 0x0196, 0x004A, 0x0145, 0x0010, 0x001B, 0x001B, 0x0145, 0x011B, 0x016B, 0x0040, 0x00A7, 0x0128, 0x00C7, 0x004A, 0x01AD, 
0x01A1, 0x0001, 0x0001, 0x01A1, 0x00B1, 0x00FE, 0x0040, 0x00A7, 0x0100, 0x0089, 0x01A1, 0x006C, 0x010A, 0x0010, 0x0145, 0x016B, 
0x006C, 0x00B3, 0x013E, 0x0046, 0x0171, 0x0001, 0x0171, 0x00C6, 0x011B, 0x016B, 0x010A, 0x0145, 0x00B3, 0x0171, 0x0113, 0x0099, 
0x00FE, 0x00EA, 0x01AD, 0x00FE, 0x0100, 0x01AD, 0x00B1, 0x0100, 0x004A, 0x00EB, 0x00EA, 0x0073, 0x0010, 0x0118, 0x013E, 0x00EA, 
0x004A, 0x00B3, 0x00C6, 0x016B, 0x01B0, 0x0089, 0x013E, 0x0010, 0x0128, 0x0099, 0x0004, 0x0040, 0x01B0, 0x01A1, 0x00B3, 0x00EA, 
0x0196, 0x0167, 0x0171, 0x01B0, 0x0010, 0x0073, 0x00A7, 0x0004, 0x00C7, 0x00EB, 0x01AD, 0x0040, 0x0004, 0x0128, 0x010A, 0x0099, 
0x0113, 0x0171, 0x0089, 0x00EB, 0x0167, 0x0001, 0x0113, 0x0004, 0x00A7, 0x011B, 0x00A7, 0x0096, 0x00EA, 0x0046, 0x0128, 0x011B, 
0x0100, 0x013E, 0x0118, 0x0046, 0x0089, 0x00EB, 0x001B, 0x013E, 0x0196, 0x0089, 0x009E, 0x00A7, 0x010A, 0x00FE, 0x0073, 0x0073, 
0x0100, 0x009E, 0x0040, 0x006C, 0x0171, 0x0167, 0x0196, 0x001B, 0x0046, 0x01B0, 0x0128, 0x00FE, 0x0046, 0x00C7, 0x00C6, 0x00FE, 
0x0118, 0x004A, 0x00C6, 0x0040, 0x0096, 0x0073, 0x0128, 0x0113, 0x0001, 0x0167, 0x004A, 0x009E, 0x006C, 0x0099, 0x016B, 0x006C, 
0x0113, 0x0113, 0x01B0, 0x0118, 0x0196, 0x01A1, 0x0099, 0x011B, 0x0096, 0x0145, 0x009E, 0x00B3, 0x0196, 0x013E, 0x0073, 0x0096, 
0x01AD, 0x0118, 0x01AD, 0x00C7, 0x01A1, 0x00C7, 0x00B1, 0x0118, 0x00EB, 0x0046, 0x010A, 0x0004, 0x006C, 0x00C6, 0x0096, 0x0010, 
0x00B1, 0x0145, 0x0096, 0x00B3, 0x0167, 0x0167, 0x0089, 0x001B, 0x00EA, 0x009E, 0x010A, 0x00B1, 0x001B, 0x00B1, 0x016B, 0x0099, 
0x01B0, 0x009E, 0x011B, 0x0004, 0x00C6, 0x0100, 0x0001, 0x018E, 0x014F, 0x0167, 0x0014, 0x018F, 0x00F0, 0x01A9, 0x004E, 0x00A6, 
0x00D7, 0x0144, 0x0088, 0x0104, 0x00CD, 0x0118, 0x001A, 0x012D, 0x0146, 0x00FC, 0x0127, 0x010D, 0x0072, 0x015F, 0x0190, 0x0003, 
0x0096, 0x01AA, 0x0074, 0x00BA, 0x0005, 0x009F, 0x0093, 0x0185, 0x0025, 0x0122, 0x0002, 0x0119, 0x005F, 0x0111, 0x0058, 0x0043, 
0x00FB, 0x006F, 0x0105, 0x0154, 0x0078, 0x0110, 0x000B, 0x0121, 0x0032, 0x0148, 0x0076, 0x017B, 0x0193, 0x00F5, 0x005E, 0x010E, 
0x016F, 0x01A2, 0x0070, 0x0102, 0x0065, 0x0040, 0x007A, 0x0033, 0x0158, 0x00F1, 0x0056, 0x0004, 0x003A, 0x00F2, 0x0164, 0x016B, 
0x00CB, 0x007C, 0x0049, 0x008B, 0x0162, 0x0194, 0x0016, 0x0180, 0x0161, 0x00FD, 0x0057, 0x0134, 0x0143, 0x000C, 0x0114, 0x0187, 
0x00A5, 0x00E0, 0x0178, 0x0082, 0x0019, 0x0006, 0x0067, 0x0030, 0x013C, 0x0115, 0x008E, 0x019F, 0x0117, 0x00D3, 0x010F, 0x00C8, 
0x0081, 0x009E, 0x0149, 0x00B8, 0x00ED, 0x0055, 0x0013, 0x00AE, 0x0073, 0x004C, 0x00D8, 0x0091, 0x00B2, 0x005C, 0x0147, 0x019A, 
0x0024, 0x003F, 0x00CE, 0x016A, 0x0191, 0x0166, 0x0053, 0x003C, 0x0157, 0x017C, 0x012C, 0x0054, 0x0192, 0x00E1, 0x0010, 0x0015, 
0x0176, 0x0125, 0x016C, 0x0087, 0x00E5, 0x00BE, 0x009B, 0x0061, 0x00DD, 0x011D, 0x018B, 0x0100, 0x00B7, 0x01A7, 0x0128, 0x002B, 
0x0064, 0x014B, 0x012E, 0x00A7, 0x007F, 0x0095, 0x0051, 0x0060, 0x00D6, 0x01A0, 0x0156, 0x00CA, 0x006C, 0x00EE, 0x0136, 0x01A3, 
0x013A, 0x002D, 0x0170, 0x0182, 0x0133, 0x000D, 0x0196, 0x012B, 0x00B3, 0x00AB, 0x0071, 0x011F, 0x011A, 0x0183, 0x0028, 0x0107, 
0x018A, 0x00D5, 0x003D, 0x01A8, 0x00BB, 0x00DF, 0x00BD, 0x0124, 0x00A8, 0x0034, 0x0138, 0x00C6, 0x00C7, 0x0108, 0x003E, 0x00E2, 
0x0080, 0x00C5, 0x001C, 0x00C2, 0x00E8, 0x0199, 0x0179, 0x0029, 0x0044, 0x0169, 0x017A, 0x00F8, 0x0101, 0x0063, 0x014E, 0x00B0, 
0x00B9, 0x0037, 0x0048, 0x016D, 0x0188, 0x0038, 0x0018, 0x00C9, 0x00EF, 0x0195, 0x00EC, 0x0131, 0x00CF, 0x0173, 0x00A9, 0x00EA, 
0x00EB, 0x0079, 0x017D, 0x0109, 0x008D, 0x00F4, 0x00D2, 0x00F6, 0x0009, 0x0174, 0x00DC, 0x0027, 0x00AA, 0x0189, 0x002E, 0x0097, 
0x0092, 0x0140, 0x0106, 0x00FE, 0x0086, 0x001B, 0x01A4, 0x007E, 0x002F, 0x0041, 0x0184, 0x0077, 0x000E, 0x007B, 0x00C3, 0x0145, 
0x00E7, 0x005B, 0x0011, 0x00DB, 0x0151, 0x0160, 0x011C, 0x0132, 0x010A, 0x0083, 0x0066, 0x014D, 0x0186, 0x0089, 0x000A, 0x00FA, 
0x00B1, 0x0026, 0x0094, 0x00D4, 0x0150, 0x0116, 0x00F3, 0x00CC, 0x012A, 0x0045, 0x008C, 0x003B, 0x019C, 0x01A1, 0x00D0, 0x001F, 
0x015D, 0x0085, 0x0035, 0x005A, 0x0175, 0x015E, 0x004B, 0x0020, 0x0047, 0x00E3, 0x0172, 0x018D, 0x0017, 0x006A, 0x0155, 0x00FF, 
0x0120, 0x00D9, 0x0165, 0x013E, 0x0103, 0x019E, 0x015C, 0x00C4, 0x00F9, 0x0068, 0x0113, 0x0130, 0x00E9, 0x00A2, 0x00DE, 0x009A, 
0x0012, 0x0123, 0x009C, 0x0075, 0x0181, 0x014A, 0x01AB, 0x0198, 0x012F, 0x0039, 0x00D1, 0x010C, 0x002A, 0x009D, 0x01A5, 0x006E, 
0x007D, 0x015A, 0x00B4, 0x0050, 0x0031, 0x019B, 0x001D, 0x004F, 0x0126, 0x0168, 0x0135, 0x00E6, 0x0046, 0x004D, 0x00BF, 0x0177, 
0x01AD, 0x015B, 0x00C0, 0x0059, 0x017E, 0x0137, 0x0171, 0x014C, 0x00AF, 0x0141, 0x000F, 0x0042, 0x00A3, 0x0153, 0x00BC, 0x001E, 
0x0036, 0x013B, 0x0069, 0x017F, 0x0090, 0x01A6, 0x00A1, 0x0139, 0x005D, 0x00AC, 0x0142, 0x00B6, 0x016E, 0x0159, 0x00A0, 0x0152, 
0x0098, 0x01AF, 0x008F, 0x018C, 0x002C, 0x011E, 0x0112, 0x01AC, 0x00F7, 0x013D, 0x0007, 0x011B, 0x01AE, 0x0021, 0x0052, 0x013F, 
0x00A4, 0x008A, 0x00B5, 0x006B, 0x0084, 0x0197, 0x0099, 0x00E4, 0x00AD, 0x0129, 0x006D, 0x00DA, 0x010B, 0x0163, 0x0008, 0x00C1, 
0x0022, 0x019D, 0x004A, 0x0062, 0x0001, 0x016B, 0x008B, 0x0089, 0x0064, 0x00E5, 0x017D, 0x0171, 0x010D, 0x0169, 0x00C8, 0x01A8, 
0x0024, 0x00B0, 0x002C, 0x0096, 0x0009, 0x00DE, 0x0084, 0x0115, 0x0085, 0x0121, 0x0018, 0x00C5, 0x0029, 0x004E, 0x0099, 0x00ED, 
0x014D, 0x0180, 0x009B, 0x0145, 0x0058, 0x00EC, 0x01AD, 0x0030, 0x004A, 0x011E, 0x00F1, 0x005F, 0x0090, 0x00D8, 0x0191, 0x0079, 
0x0036, 0x0034, 0x000B, 0x0042, 0x006A, 0x00A1, 0x0181, 0x00A9, 0x00C0, 0x0073, 0x0052, 0x0129, 0x00A2, 0x0048, 0x0003, 0x018F, 
0x0151, 0x0198, 0x012D, 0x00C7, 0x0088, 0x014F, 0x0063, 0x016F, 0x0131, 0x0118, 0x00DD, 0x0068, 0x0008, 0x0010, 0x0046, 0x014B, 
0x01A9, 0x0011, 0x00FE, 0x0116, 0x0032, 0x0138, 0x0120, 0x0023, 0x0022, 0x004B, 0x0185, 0x00BE, 0x013C, 0x0075, 0x0125, 0x0101, 
0x0148, 0x0060, 0x00D2, 0x008F, 0x0020, 0x0176, 0x006C, 0x01A5, 0x0035, 0x0149, 0x009F, 0x0126, 0x0136, 0x01A0, 0x017C, 0x00B1, 
0x0163, 0x0142, 0x0147, 0x01AB, 0x019F, 0x015F, 0x00EB, 0x009C, 0x009E, 0x00DF, 0x018E, 0x00D7, 0x00A4, 0x00E1, 0x0062, 0x0012, 
0x00CB, 0x0093, 0x010A, 0x0167, 0x013B, 0x0006, 0x014E, 0x016D, 0x0040, 0x01AF, 0x0091, 0x0122, 0x001B, 0x012C, 0x001A, 0x013E, 
0x00E6, 0x0076, 0x0110, 0x0051, 0x0188, 0x0132, 0x000C, 0x00B3, 0x0190, 0x0128, 0x0162, 0x00D4, 0x0100, 0x007F, 0x0159, 0x006D, 
0x00D9, 0x0196, 0x0113, 0x0019, 0x0033, 0x018D, 0x00F2, 0x00F3, 0x008C, 0x00BF, 0x011B, 0x0094, 0x01AE, 0x00DA, 0x0002, 0x017B, 
0x000D, 0x0031, 0x0021, 0x007B, 0x01A1, 0x018C, 0x01B0, 0x0025, 0x0066, 0x0112, 0x004F, 0x00C4, 0x0027, 0x01A6, 0x0044, 0x00D0, 
0x010F, 0x0016, 0x00D3, 0x017E, 0x0069, 0x0166, 0x011D, 0x00E9, 0x019B, 0x00EA, 0x00C6, 0x0197, 0x0152, 0x00BB, 0x0004, 0x0160, 
0x006F, 0x0080, 0x018A, 0x00CC, 0x01A4, 0x017F, 0x003B, 0x0144, 0x0199, 0x00F6, 0x0108, 0x00A7, 0x00A7, 0x0108, 0x00F6, 0x0199, 
0x0144, 0x003B, 0x017F, 0x01A4, 0x00CC, 0x018A, 0x0080, 0x006F, 0x0160, 0x0004, 0x00BB, 0x0152, 0x0197, 0x00C6, 0x00EA, 0x019B, 
0x00E9, 0x011D, 0x0166, 0x0069, 0x017E, 0x00D3, 0x0016, 0x010F, 0x00D0, 0x0044, 0x01A6, 0x0027, 0x00C4, 0x004F, 0x0112, 0x0066, 
0x0025, 0x01B0, 0x018C, 0x01A1, 0x007B, 0x0021, 0x0031, 0x000D, 0x017B, 0x0002, 0x00DA, 0x01AE, 0x0094, 0x011B, 0x00BF, 0x008C, 
0x00F3, 0x00F2, 0x018D, 0x0033, 0x0019, 0x0113, 0x0196, 0x00D9, 0x006D, 0x0159, 0x007F, 0x0100, 0x00D4, 0x0162, 0x0128, 0x0190, 
0x00B3, 0x000C, 0x0132, 0x0188, 0x0051, 0x0110, 0x0076, 0x00E6, 0x013E, 0x001A, 0x012C, 0x001B, 0x0122, 0x0091, 0x01AF, 0x0040, 
0x016D, 0x014E, 0x0006, 0x013B, 0x0167, 0x010A, 0x0093, 0x00CB, 0x0012, 0x0062, 0x00E1, 0x00A4, 0x00D7, 0x018E, 0x00DF, 0x009E, 
0x009C, 0x00EB, 0x015F, 0x019F, 0x01AB, 0x0147, 0x0142, 0x0163, 0x00B1, 0x017C, 0x01A0, 0x0136, 0x0126, 0x009F, 0x0149, 0x0035, 
0x01A5, 0x006C, 0x0176, 0x0020, 0x008F, 0x00D2, 0x0060, 0x0148, 0x0101, 0x0125, 0x0075, 0x013C, 0x00BE, 0x0185, 0x004B, 0x0022, 
0x0023, 0x0120, 0x0138, 0x0032, 0x0116, 0x00FE, 0x0011, 0x01A9, 0x014B, 0x0046, 0x0010, 0x0008, 0x0068, 0x00DD, 0x0118, 0x0131, 
0x016F, 0x0063, 0x014F, 0x0088, 0x00C7, 0x012D, 0x0198, 0x0151, 0x018F, 0x0003, 0x0048, 0x00A2, 0x0129, 0x0052, 0x0073, 0x00C0, 
0x00A9, 0x0181, 0x00A1, 0x006A, 0x0042, 0x000B, 0x0034, 0x0036, 0x0079, 0x0191, 0x00D8, 0x0090, 0x005F, 0x00F1, 0x011E, 0x004A, 
0x0030, 0x01AD, 0x00EC, 0x0058, 0x0145, 0x009B, 0x0180, 0x014D, 0x00ED, 0x0099, 0x004E, 0x0029, 0x00C5, 0x0018, 0x0121, 0x0085, 
0x0115, 0x0084, 0x00DE, 0x0009, 0x0096, 0x002C, 0x00B0, 0x0024, 0x01A8, 0x00C8, 0x0169, 0x010D, 0x0171, 0x017D, 0x00E5, 0x0064, 
0x0089, 0x008B, 0x0001, 0x0125, 0x01A1, 0x0073, 0x0043, 0x004B, 0x0045, 0x0162, 0x0100, 0x0092, 0x0023, 0x0145, 0x0023, 0x012B, 
0x00E3, 0x00EB, 0x0099, 0x0063, 0x0157, 0x0158, 0x00C3, 0x0128, 0x0077, 0x018E, 0x009F, 0x0128, 0x00EA, 0x008D, 0x0083, 0x0106, 
0x002A, 0x0008, 0x0132, 0x00E6, 0x0125, 0x01AD, 0x008C, 0x002B, 0x0132, 0x0150, 0x0113, 0x019C, 0x0164, 0x0080, 0x0109, 0x00E3, 
0x0054, 0x0089, 0x01AF, 0x0100, 0x0096, 0x0080, 0x00D9, 0x0094, 0x00B4, 0x00B2, 0x008D, 0x0117, 0x00B1, 0x007D, 0x00CE, 0x00B6, 
0x0158, 0x00B3, 0x00B4, 0x001B, 0x008A, 0x0113, 0x0105, 0x0073, 0x0067, 0x007F, 0x0097, 0x013E, 0x0036, 0x002A, 0x00FA, 0x001B, 
0x0094, 0x009D, 0x0099, 0x0025, 0x0059, 0x0156, 0x0124, 0x0184, 0x0045, 0x010A, 0x019C, 0x008A, 0x00FA, 0x0106, 0x00C2, 0x016C, 
0x0020, 0x0131, 0x0049, 0x0118, 0x012C, 0x0063, 0x009D, 0x00D9, 0x0164, 0x010A, 0x004B, 0x016B, 0x0187, 0x0040, 0x009E, 0x015B, 
0x0166, 0x00C2, 0x0083, 0x00B2, 0x00B3, 0x0157, 0x012C, 0x014E, 0x00A5, 0x00FD, 0x0167, 0x00AB, 0x016B, 0x0043, 0x0105, 0x0150, 
0x0008, 0x0036, 0x016E, 0x015B, 0x0015, 0x0075, 0x011D, 0x00A5, 0x005A, 0x0025, 0x00EB, 0x0109, 0x0096, 0x0162, 0x0184, 0x012E, 
0x0167, 0x0196, 0x0075, 0x004D, 0x0020, 0x004F, 0x0117, 0x00EA, 0x00C3, 0x00B6, 0x00C6, 0x0049, 0x00D8, 0x0075, 0x0127, 0x0040, 
0x01A9, 0x0067, 0x01A1, 0x00E6, 0x002B, 0x0010, 0x0097, 0x0061, 0x0040, 0x00B7, 0x0167, 0x00FF, 0x0156, 0x00EE, 0x0054, 0x012B, 
0x0092, 0x01AF, 0x00C7, 0x0156, 0x00FE, 0x00A5, 0x0114, 0x0049, 0x00A8, 0x007D, 0x011F, 0x0077, 0x009F, 0x0086, 0x007D, 0x011B, 
0x0020, 0x00A7, 0x015B, 0x00AC, 0x0097, 0x00CB, 0x01AD, 0x0001, 0x01B0, 0x01AD, 0x0186, 0x0067, 0x017B, 0x016B, 0x00EF, 0x0184, 
0x009A, 0x01AF, 0x013A, 0x0145, 0x0145, 0x0112, 0x0054, 0x00FB, 0x0025, 0x0085, 0x012C, 0x018C, 0x00B6, 0x015D, 0x009F, 0x006C, 
0x006C, 0x0077, 0x0002, 0x0117, 0x002D, 0x00C2, 0x0046, 0x0036, 0x014A, 0x002B, 0x0004, 0x0001, 0x01B0, 0x0004, 0x00E6, 0x011A, 
0x0105, 0x0056, 0x010A, 0x0191, 0x0096, 0x0134, 0x012B, 0x0112, 0x013A, 0x0092, 0x0134, 0x0109, 0x0168, 0x009D, 0x010C, 0x00B3, 
0x005B, 0x00EA, 0x0002, 0x011F, 0x0086, 0x015D, 0x00C3, 0x005B, 0x00B2, 0x004A, 0x00FA, 0x0171, 0x0150, 0x011A, 0x01A1, 0x0186, 
0x00CB, 0x0010, 0x014A, 0x0008, 0x0171, 0x008A, 0x013C, 0x00D9, 0x0168, 0x00EB, 0x00FB, 0x00EE, 0x00C7, 0x009A, 0x0162, 0x0191, 
0x0164, 0x013C, 0x001B, 0x004A, 0x0083, 0x002D, 0x004F, 0x011B, 0x00A8, 0x00C6, 0x018C, 0x0157, 0x010C, 0x0094, 0x013C, 0x019C, 
0x0056, 0x0043, 0x017B, 0x01A9, 0x0061, 0x00AC, 0x016E, 0x0046, 0x0106, 0x004A, 0x00B4, 0x010C, 0x0063, 0x0085, 0x005A, 0x00FE, 
0x00FF, 0x012E, 0x00EF, 0x004B, 0x0056, 0x0113, 0x0171, 0x002A, 0x0046, 0x0166, 0x00A7, 0x004D, 0x00D8, 0x0114, 0x014E, 0x0085, 
0x0099, 0x0168, 0x0080, 0x0191, 0x0045, 0x00EF, 0x00AB, 0x00B7, 0x0127, 0x0015, 0x00A7, 0x016C, 0x002D, 0x008D, 0x005B, 0x0158, 
0x018C, 0x0118, 0x0114, 0x011D, 0x0196, 0x00B7, 0x0187, 0x017B, 0x0073, 0x011A, 0x0132, 0x014A, 0x013E, 0x00AC, 0x009E, 0x0127, 
0x0196, 0x00FD, 0x00FE, 0x0059, 0x00FB, 0x00E3, 0x0134, 0x0100, 0x009A, 0x0124, 0x00FF, 0x00FD, 0x011D, 0x00D8, 0x0131, 0x011B, 
0x00B1, 0x0002, 0x0128, 0x015D, 0x00CE, 0x00A8, 0x0131, 0x004D, 0x0015, 0x009E, 0x0061, 0x007F, 0x0186, 0x0125, 0x0004, 0x008C, 
0x00CB, 0x007F, 0x01A9, 0x0187, 0x00AB, 0x012E, 0x0124, 0x00C7, 0x0089, 0x0112, 0x0023, 0x013A, 0x0089, 0x00EE, 0x0059, 0x005A, 
0x014E, 0x0118, 0x00C6, 0x00CE, 0x0086, 0x018E, 0x006C, 0x018E, 0x011F, 0x00B1, 0x004F, 0x016C, 0x0166, 0x016E, 0x013E, 0x0010, 
0x0001, 0x0099, 0x0181, 0x001B, 0x014F, 0x0011, 0x0032, 0x00EA, 0x008B, 0x00A1, 0x0181, 0x0003, 0x0016, 0x0121, 0x0176, 0x0128, 
0x0003, 0x0032, 0x0016, 0x0181, 0x00C6, 0x0011, 0x008B, 0x001A, 0x004E, 0x014F, 0x0100, 0x0033, 0x014F, 0x0042, 0x0003, 0x0100, 
0x008B, 0x001A, 0x0128, 0x0121, 0x01A1, 0x014F, 0x00F3, 0x0011, 0x0011, 0x01A1, 0x0099, 0x0003, 0x00EA, 0x0032, 0x0033, 0x0051, 
0x014F, 0x00F3, 0x0121, 0x00A1, 0x00F3, 0x00C6, 0x0176, 0x0009, 0x00F3, 0x00A1, 0x0033, 0x008B, 0x0009, 0x001A, 0x0016, 0x00C6, 
0x0009, 0x0032, 0x0099, 0x0051, 0x0100, 0x0100, 0x0181, 0x0033, 0x00C6, 0x0096, 0x0099, 0x00A1, 0x00C6, 0x0176, 0x0001, 0x0003, 
0x010D, 0x0003, 0x001A, 0x0096, 0x008B, 0x001B, 0x0176, 0x001A, 0x0128, 0x0128, 0x00EA, 0x0121, 0x0121, 0x0009, 0x0009, 0x010D, 
0x0099, 0x00A1, 0x0100, 0x0176, 0x010D, 0x0033, 0x0128, 0x0181, 0x0051, 0x0176, 0x010D, 0x01A1, 0x014F, 0x0042, 0x014F, 0x004E, 
0x0051, 0x0176, 0x00EA, 0x0181, 0x001B, 0x0009, 0x0096, 0x0032, 0x008B, 0x004E, 0x0032, 0x0051, 0x0096, 0x014F, 0x0096, 0x01A1, 
0x0011, 0x004E, 0x0099, 0x0121, 0x00EA, 0x001B, 0x001A, 0x010D, 0x0099, 0x00C6, 0x0042, 0x00C6, 0x0096, 0x0011, 0x00F3, 0x0009, 
0x004E, 0x01A1, 0x0176, 0x0001, 0x0003, 0x001B, 0x0001, 0x0181, 0x01A1, 0x01A1, 0x008B, 0x0042, 0x01A1, 0x0099, 0x001B, 0x001A, 
0x0016, 0x0016, 0x0051, 0x001A, 0x00EA, 0x0051, 0x0128, 0x0001, 0x0033, 0x0032, 0x001B, 0x00EA, 0x00F3, 0x0042, 0x0003, 0x0051, 
0x0096, 0x0100, 0x0001, 0x0100, 0x00A1, 0x0128, 0x0001, 0x0033, 0x010D, 0x0033, 0x0121, 0x004E, 0x00F3, 0x004E, 0x0032, 0x0016, 
0x0121, 0x001B, 0x0001, 0x0181, 0x004E, 0x00C6, 0x00EA, 0x0042, 0x0011, 0x0016, 0x0128, 0x0009, 0x0042, 0x0100, 0x010D, 0x0011, 
0x00F3, 0x010D, 0x00A1, 0x0042, 0x008B, 0x0016, 0x00A1, 0x0096, 0x0096, 0x00A1, 0x0016, 0x008B, 0x0042, 0x00A1, 0x010D, 0x00F3, 
0x0011, 0x010D, 0x0100, 0x0042, 0x0009, 0x0128, 0x0016, 0x0011, 0x0042, 0x00EA, 0x00C6, 0x004E, 0x0181, 0x0001, 0x001B, 0x0121, 
0x0016, 0x0032, 0x004E, 0x00F3, 0x004E, 0x0121, 0x0033, 0x010D, 0x0033, 0x0001, 0x0128, 0x00A1, 0x0100, 0x0001, 0x0100, 0x0096, 
0x0051, 0x0003, 0x0042, 0x00F3, 0x00EA, 0x001B, 0x0032, 0x0033, 0x0001, 0x0128, 0x0051, 0x00EA, 0x001A, 0x0051, 0x0016, 0x0016, 
0x001A, 0x001B, 0x0099, 0x01A1, 0x0042, 0x008B, 0x01A1, 0x01A1, 0x0181, 0x0001, 0x001B, 0x0003, 0x0001, 0x0176, 0x01A1, 0x004E, 
0x0009, 0x00F3, 0x0011, 0x0096, 0x00C6, 0x0042, 0x00C6, 0x0099, 0x010D, 0x001A, 0x001B, 0x00EA, 0x0121, 0x0099, 0x004E, 0x0011, 
0x01A1, 0x0096, 0x014F, 0x0096, 0x0051, 0x0032, 0x004E, 0x008B, 0x0032, 0x0096, 0x0009, 0x001B, 0x0181, 0x00EA, 0x0176, 0x0051, 
0x004E, 0x014F, 0x0042, 0x014F, 0x01A1, 0x010D, 0x0176, 0x0051, 0x0181, 0x0128, 0x0033, 0x010D, 0x0176, 0x0100, 0x00A1, 0x0099, 
0x010D, 0x0009, 0x0009, 0x0121, 0x0121, 0x00EA, 0x0128, 0x0128, 0x001A, 0x0176, 0x001B, 0x008B, 0x0096, 0x001A, 0x0003, 0x010D, 
0x0003, 0x0001, 0x0176, 0x00C6, 0x00A1, 0x0099, 0x0096, 0x00C6, 0x0033, 0x0181, 0x0100, 0x0100, 0x0051, 0x0099, 0x0032, 0x0009, 
0x00C6, 0x0016, 0x001A, 0x0009, 0x008B, 0x0033, 0x00A1, 0x00F3, 0x0009, 0x0176, 0x00C6, 0x00F3, 0x00A1, 0x0121, 0x00F3, 0x014F, 
0x0051, 0x0033, 0x0032, 0x00EA, 0x0003, 0x0099, 0x01A1, 0x0011, 0x0011, 0x00F3, 0x014F, 0x01A1, 0x0121, 0x0128, 0x001A, 0x008B, 
0x0100, 0x0003, 0x0042, 0x014F, 0x0033, 0x0100, 0x014F, 0x004E, 0x001A, 0x008B, 0x0011, 0x00C6, 0x0181, 0x0016, 0x0032, 0x0003, 
0x0128, 0x0176, 0x0121, 0x0016, 0x0003, 0x0181, 0x00A1, 0x008B, 0x00EA, 0x0032, 0x0011, 0x014F, 0x001B, 0x0181, 0x0001, 0x0132, 
0x0121, 0x006C, 0x0178, 0x0066, 0x015E, 0x008C, 0x0181, 0x0137, 0x0152, 0x0024, 0x011E, 0x0095, 0x019E, 0x0196, 0x0033, 0x0022, 
0x01A2, 0x0153, 0x0105, 0x0176, 0x00A6, 0x00BF, 0x00DA, 0x0032, 0x01A1, 0x0081, 0x00BD, 0x00F8, 0x005D, 0x018E, 0x0101, 0x0012, 
0x0191, 0x000C, 0x0112, 0x00AD, 0x0180, 0x00F7, 0x0108, 0x00C2, 0x0054, 0x0084, 0x008A, 0x0087, 0x00E8, 0x01A8, 0x018A, 0x001A, 
0x0011, 0x0091, 0x0142, 0x012C, 0x00DB, 0x0047, 0x01AC, 0x00F5, 0x019B, 0x0071, 0x0074, 0x0139, 0x0057, 0x0073, 0x0098, 0x010D, 
0x0124, 0x0138, 0x0158, 0x00A7, 0x0038, 0x00D0, 0x00A5, 0x0113, 0x00D9, 0x0070, 0x005B, 0x00A1, 0x004F, 0x00F0, 0x008B, 0x00F6, 
0x01AA, 0x002B, 0x007C, 0x009D, 0x003F, 0x007B, 0x016C, 0x00E3, 0x004D, 0x00AF, 0x001F, 0x019D, 0x01A6, 0x0115, 0x0077, 0x00BE, 
0x00E6, 0x00A2, 0x0143, 0x0006, 0x00B2, 0x00CC, 0x0116, 0x00F1, 0x00CD, 0x0004, 0x008F, 0x014C, 0x017C, 0x004C, 0x003C, 0x00CA, 
0x0040, 0x003D, 0x0080, 0x00C4, 0x0061, 0x0173, 0x016D, 0x01A7, 0x0058, 0x0055, 0x0083, 0x00D1, 0x01AF, 0x0075, 0x001C, 0x00B5, 
0x007D, 0x002C, 0x017B, 0x009A, 0x002E, 0x00D4, 0x00B1, 0x002D, 0x0051, 0x0008, 0x016E, 0x00F9, 0x006D, 0x01AE, 0x0034, 0x0106, 
0x01A4, 0x0094, 0x000E, 0x0099, 0x0097, 0x0041, 0x0096, 0x0086, 0x0148, 0x0151, 0x0056, 0x0167, 0x018C, 0x0107, 0x004E, 0x0064, 
0x00D5, 0x016F, 0x0049, 0x0017, 0x0046, 0x00A8, 0x0188, 0x0111, 0x011F, 0x019C, 0x0026, 0x00E2, 0x005C, 0x0190, 0x0089, 0x0067, 
0x00B3, 0x00B6, 0x0082, 0x00B4, 0x00B7, 0x0123, 0x0193, 0x0189, 0x015F, 0x0177, 0x001D, 0x0062, 0x0018, 0x0147, 0x0161, 0x002A, 
0x00C3, 0x0076, 0x00D3, 0x00EA, 0x00EB, 0x00D2, 0x0182, 0x0072, 0x014E, 0x0068, 0x006B, 0x0157, 0x0103, 0x0048, 0x007E, 0x00C8, 
0x00C5, 0x0088, 0x00A3, 0x017A, 0x0198, 0x0166, 0x004B, 0x0019, 0x0037, 0x010E, 0x0129, 0x00EC, 0x00E9, 0x0133, 0x0169, 0x00AE, 
0x005A, 0x0146, 0x0149, 0x0063, 0x013F, 0x002F, 0x00DF, 0x00C6, 0x00C7, 0x00DE, 0x013B, 0x00EE, 0x0187, 0x0050, 0x006A, 0x0199, 
0x014F, 0x0194, 0x003A, 0x0052, 0x0028, 0x001E, 0x008E, 0x00FA, 0x00FD, 0x012F, 0x00FB, 0x00FE, 0x014A, 0x0128, 0x0021, 0x0155, 
0x00CF, 0x018B, 0x0015, 0x0092, 0x00A0, 0x0029, 0x0109, 0x016B, 0x019A, 0x0168, 0x0042, 0x00DC, 0x014D, 0x0163, 0x00AA, 0x0025, 
0x004A, 0x015B, 0x0060, 0x0069, 0x012B, 0x011B, 0x0170, 0x011A, 0x0118, 0x01A3, 0x011D, 0x000D, 0x00AB, 0x017D, 0x0003, 0x0144, 
0x00B8, 0x0043, 0x01A9, 0x0160, 0x0184, 0x0100, 0x00DD, 0x0183, 0x0117, 0x0036, 0x0185, 0x0134, 0x00FC, 0x0195, 0x013C, 0x0002, 
0x00E0, 0x012E, 0x015C, 0x0159, 0x000A, 0x0044, 0x003E, 0x0150, 0x00ED, 0x0131, 0x0174, 0x0171, 0x00E7, 0x0175, 0x0165, 0x0035, 
0x0065, 0x0122, 0x01AD, 0x00E4, 0x00C0, 0x009B, 0x00E5, 0x00FF, 0x01AB, 0x006E, 0x010F, 0x00CB, 0x00F3, 0x013A, 0x009C, 0x000B, 
0x0014, 0x0192, 0x0102, 0x0164, 0x00CE, 0x0045, 0x0136, 0x0172, 0x0114, 0x0135, 0x0186, 0x0007, 0x00BB, 0x0126, 0x00C1, 0x0162, 
0x0110, 0x0156, 0x0141, 0x00D8, 0x009E, 0x010C, 0x00E1, 0x0179, 0x010A, 0x0059, 0x0079, 0x008D, 0x00A4, 0x0119, 0x013E, 0x015A, 
0x0078, 0x013D, 0x0140, 0x0016, 0x00BC, 0x0005, 0x016A, 0x00D6, 0x0085, 0x006F, 0x0120, 0x01A0, 0x0197, 0x0027, 0x0009, 0x00C9, 
0x012A, 0x0127, 0x012D, 0x015D, 0x00EF, 0x00A9, 0x00BA, 0x0031, 0x0104, 0x009F, 0x01A5, 0x0020, 0x019F, 0x00B0, 0x0023, 0x0154, 
0x00B9, 0x00F4, 0x0130, 0x0010, 0x017F, 0x00D7, 0x00F2, 0x010B, 0x003B, 0x00AC, 0x005E, 0x000F, 0x018F, 0x017E, 0x001B, 0x0013, 
0x011C, 0x0093, 0x018D, 0x005F, 0x007A, 0x0030, 0x0125, 0x0053, 0x014B, 0x0039, 0x0145, 0x0090, 0x0001, 0x00B3, 0x0001, 0x01B0, 
0x0094, 0x00B3, 0x011D, 0x00FE, 0x0001, 0x004F, 0x00FE, 0x01B0, 0x00FE, 0x0162, 0x0094, 0x0001, 0x0001, 0x00B3, 0x0094, 0x011D, 
0x011D, 0x0001, 0x0162, 0x00FE, 0x00FE, 0x0001, 0x0001, 0x0094, 0x011D, 0x004F, 0x011D, 0x00B3, 0x00FE, 0x00B3, 0x00B3, 0x01B0, 
0x00B3, 0x004F, 0x00FE, 0x0162, 0x01B0, 0x0162, 0x0094, 0x00B3, 0x0094, 0x0094, 0x004F, 0x0001, 0x00FE, 0x0001, 0x0001, 0x00B3, 
0x00B3, 0x00B3, 0x0162, 0x004F, 0x0094, 0x0162, 0x0001, 0x011D, 0x0094, 0x0162, 0x011D, 0x01B0, 0x0162, 0x0001, 0x004F, 0x01B0, 
0x0162, 0x01B0, 0x004F, 0x00FE, 0x0162, 0x01B0, 0x00FE, 0x011D, 0x004F, 0x0001, 0x00B3, 0x0094, 0x0001, 0x00FE, 0x011D, 0x0094, 
0x0094, 0x004F, 0x011D, 0x01B0, 0x0162, 0x004F, 0x004F, 0x004F, 0x011D, 0x011D, 0x00FE, 0x00B3, 0x011D, 0x0001, 0x00FE, 0x00B3, 
0x0094, 0x00B3, 0x0094, 0x01B0, 0x00B3, 0x01B0, 0x011D, 0x01B0, 0x01B0, 0x0094, 0x00B3, 0x011D, 0x011D, 0x004F, 0x01B0, 0x0094, 
0x00FE, 0x00B3, 0x011D, 0x0162, 0x01B0, 0x004F, 0x01B0, 0x0094, 0x0162, 0x0162, 0x00B3, 0x00FE, 0x0094, 0x0094, 0x0162, 0x00B3, 
0x00B3, 0x011D, 0x0094, 0x00FE, 0x0001, 0x0094, 0x0001, 0x00FE, 0x004F, 0x011D, 0x01B0, 0x0001, 0x00B3, 0x0094, 0x00FE, 0x00FE, 
0x0162, 0x0001, 0x011D, 0x0162, 0x0001, 0x011D, 0x00B3, 0x00B3, 0x004F, 0x01B0, 0x00B3, 0x004F, 0x0001, 0x00B3, 0x004F, 0x0001, 
0x0162, 0x0162, 0x01B0, 0x004F, 0x01B0, 0x004F, 0x0094, 0x011D, 0x004F, 0x0162, 0x004F, 0x00FE, 0x0001, 0x0094, 0x01B0, 0x011D, 
0x0094, 0x011D, 0x0094, 0x011D, 0x004F, 0x0162, 0x00FE, 0x0162, 0x011D, 0x0001, 0x00FE, 0x01B0, 0x0094, 0x0162, 0x0162, 0x00B3, 
0x01B0, 0x0001, 0x0001, 0x01B0, 0x004F, 0x004F, 0x00FE, 0x01B0, 0x011D, 0x004F, 0x0162, 0x00FE, 0x0162, 0x01B0, 0x01B0, 0x00FE, 
0x004F, 0x0162, 0x00FE, 0x00FE, 0x00FE, 0x00FE, 0x0162, 0x004F, 0x00FE, 0x01B0, 0x01B0, 0x0162, 0x00FE, 0x0162, 0x004F, 0x011D, 
0x01B0, 0x00FE, 0x004F, 0x004F, 0x01B0, 0x0001, 0x0001, 0x01B0, 0x00B3, 0x0162, 0x0162, 0x0094, 0x01B0, 0x00FE, 0x0001, 0x011D, 
0x0162, 0x00FE, 0x0162, 0x004F, 0x011D, 0x0094, 0x011D, 0x0094, 0x011D, 0x01B0, 0x0094, 0x0001, 0x00FE, 0x004F, 0x0162, 0x004F, 
0x011D, 0x0094, 0x004F, 0x01B0, 0x004F, 0x01B0, 0x0162, 0x0162, 0x0001, 0x004F, 0x00B3, 0x0001, 0x004F, 0x00B3, 0x01B0, 0x004F, 
0x00B3, 0x00B3, 0x011D, 0x0001, 0x0162, 0x011D, 0x0001, 0x0162, 0x00FE, 0x00FE, 0x0094, 0x00B3, 0x0001, 0x01B0, 0x011D, 0x004F, 
0x00FE, 0x0001, 0x0094, 0x0001, 0x00FE, 0x0094, 0x011D, 0x00B3, 0x00B3, 0x0162, 0x0094, 0x0094, 0x00FE, 0x00B3, 0x0162, 0x0162, 
0x0094, 0x01B0, 0x004F, 0x01B0, 0x0162, 0x011D, 0x00B3, 0x00FE, 0x0094, 0x01B0, 0x004F, 0x011D, 0x011D, 0x00B3, 0x0094, 0x01B0, 
0x01B0, 0x011D, 0x01B0, 0x00B3, 0x01B0, 0x0094, 0x00B3, 0x0094, 0x00B3, 0x00FE, 0x0001, 0x011D, 0x00B3, 0x00FE, 0x011D, 0x011D, 
0x004F, 0x004F, 0x004F, 0x0162, 0x01B0, 0x011D, 0x004F, 0x0094, 0x0094, 0x011D, 0x00FE, 0x0001, 0x0094, 0x00B3, 0x0001, 0x004F, 
0x011D, 0x00FE, 0x01B0, 0x0162, 0x00FE, 0x004F, 0x01B0, 0x0162, 0x01B0, 0x004F, 0x0001, 0x0162, 0x01B0, 0x011D, 0x0162, 0x0094, 
0x011D, 0x0001, 0x0162, 0x0094, 0x004F, 0x0162, 0x00B3, 0x00B3, 0x00B3, 0x0001, 0x0001, 0x00FE, 0x0001, 0x004F, 0x0094, 0x0094, 
0x00B3, 0x0094, 0x0162, 0x01B0, 0x0162, 0x00FE, 0x004F, 0x00B3, 0x01B0, 0x00B3, 0x00B3, 0x00FE, 0x00B3, 0x011D, 0x004F, 0x011D, 
0x0094, 0x0001, 0x0001, 0x00FE, 0x00FE, 0x0162, 0x0001, 0x011D, 0x011D, 0x0094, 0x00B3, 0x0001, 0x0001, 0x0094, 0x0162, 0x00FE, 
0x01B0, 0x00FE, 0x004F, 0x0001, 0x00FE, 0x011D, 0x00B3, 0x0094, 0x01B0, 0x0001, 0x0001, 0x0166, 0x0003, 0x01AD, 0x0133, 0x00D0, 
0x0107, 0x012C, 0x0009, 0x0165, 0x00C4, 0x01A5, 0x010F, 0x00C1, 0x0037, 0x0010, 0x0011, 0x00BF, 0x00D6, 0x0047, 0x0164, 0x0016, 
0x015C, 0x0022, 0x0120, 0x001A, 0x001B, 0x00F7, 0x0026, 0x00CD, 0x00AF, 0x0063, 0x009B, 0x0018, 0x00CB, 0x018D, 0x0080, 0x0194, 
0x017C, 0x0130, 0x0188, 0x0092, 0x012E, 0x0052, 0x00A5, 0x0139, 0x00F9, 0x0030, 0x0142, 0x0032, 0x0033, 0x00D7, 0x018A, 0x008C, 
0x01A2, 0x005E, 0x00D1, 0x00B5, 0x003B, 0x00D5, 0x0170, 0x012A, 0x00CA, 0x0171, 0x003D, 0x0042, 0x0061, 0x016D, 0x00B2, 0x016B, 
0x019D, 0x0066, 0x0127, 0x0167, 0x01AF, 0x000A, 0x0015, 0x004E, 0x011D, 0x0095, 0x0051, 0x002C, 0x0111, 0x0134, 0x0017, 0x012B, 
0x0072, 0x0159, 0x014A, 0x00B6, 0x0105, 0x0154, 0x005C, 0x0179, 0x013B, 0x0129, 0x016E, 0x0062, 0x0020, 0x0093, 0x00E2, 0x0048, 
0x0059, 0x0149, 0x00B0, 0x0147, 0x00B9, 0x0145, 0x0144, 0x0103, 0x0180, 0x0137, 0x00A3, 0x015A, 0x013E, 0x0119, 0x0112, 0x0152, 
0x008D, 0x002E, 0x0138, 0x0070, 0x0136, 0x00A6, 0x0054, 0x0005, 0x00D9, 0x0025, 0x0028, 0x00BC, 0x002B, 0x00F6, 0x01A9, 0x0056, 
0x003E, 0x0151, 0x0089, 0x0049, 0x008B, 0x0036, 0x013A, 0x00C9, 0x0122, 0x0090, 0x0198, 0x0187, 0x0064, 0x0162, 0x0161, 0x0096, 
0x00A8, 0x0074, 0x0099, 0x009D, 0x0021, 0x00D4, 0x0117, 0x0113, 0x013C, 0x0053, 0x00A1, 0x01A4, 0x0140, 0x00A4, 0x0184, 0x0135, 
0x010A, 0x011A, 0x0108, 0x0007, 0x00C2, 0x005B, 0x00F4, 0x006E, 0x0192, 0x0069, 0x00B1, 0x016C, 0x00FE, 0x00CE, 0x0177, 0x0157, 
0x00EE, 0x002F, 0x0146, 0x001C, 0x012D, 0x012F, 0x00AD, 0x00BE, 0x0012, 0x00F1, 0x01A3, 0x0106, 0x00B7, 0x000B, 0x00EC, 0x00C6, 
0x00C7, 0x00E9, 0x0123, 0x0172, 0x0023, 0x00E5, 0x0193, 0x00FD, 0x0065, 0x0006, 0x0178, 0x00DF, 0x00DE, 0x009C, 0x0175, 0x019E, 
0x0034, 0x0132, 0x007F, 0x017D, 0x0013, 0x003C, 0x0115, 0x00D3, 0x00D2, 0x0039, 0x01AB, 0x014C, 0x00B4, 0x001E, 0x00CC, 0x018E, 
0x003F, 0x008E, 0x00C8, 0x00EA, 0x00EB, 0x00C5, 0x01A6, 0x00FA, 0x00AB, 0x000E, 0x00C0, 0x019F, 0x00F3, 0x0104, 0x0082, 0x0084, 
0x0195, 0x006B, 0x0182, 0x00C3, 0x005A, 0x003A, 0x00E3, 0x00B3, 0x0045, 0x0100, 0x0148, 0x001F, 0x0143, 0x00BD, 0x0156, 0x00EF, 
0x01AA, 0x00A9, 0x0097, 0x00A7, 0x007C, 0x002D, 0x010D, 0x0071, 0x000D, 0x0110, 0x015E, 0x0075, 0x009E, 0x009A, 0x00DD, 0x0190, 
0x0114, 0x0118, 0x013D, 0x0109, 0x011B, 0x0050, 0x004F, 0x014D, 0x002A, 0x0019, 0x0121, 0x008F, 0x00E8, 0x0077, 0x017B, 0x0126, 
0x0168, 0x0128, 0x0060, 0x0173, 0x015B, 0x0008, 0x00BB, 0x0186, 0x00F5, 0x0189, 0x018C, 0x00D8, 0x01AC, 0x015D, 0x010B, 0x007B, 
0x0141, 0x0079, 0x0183, 0x0124, 0x005F, 0x009F, 0x0098, 0x0073, 0x0057, 0x010E, 0x007A, 0x0031, 0x00AE, 0x006D, 0x006C, 0x00F8, 
0x006A, 0x0101, 0x0068, 0x0158, 0x0169, 0x00CF, 0x011E, 0x0191, 0x014F, 0x0043, 0x0088, 0x0076, 0x0038, 0x0155, 0x005D, 0x00AC, 
0x00FB, 0x0067, 0x0058, 0x013F, 0x0086, 0x019A, 0x007D, 0x00A0, 0x0185, 0x0160, 0x011C, 0x0094, 0x0163, 0x019C, 0x01A7, 0x0002, 
0x004A, 0x008A, 0x014B, 0x0014, 0x0046, 0x00FF, 0x0044, 0x0150, 0x016F, 0x0174, 0x0040, 0x00E7, 0x0087, 0x0041, 0x00DC, 0x0176, 
0x00FC, 0x00E0, 0x0153, 0x000F, 0x0125, 0x0027, 0x00DA, 0x017E, 0x017F, 0x006F, 0x0181, 0x00B8, 0x0078, 0x010C, 0x015F, 0x0083, 
0x011F, 0x0029, 0x0081, 0x0035, 0x001D, 0x0131, 0x0024, 0x00E6, 0x0199, 0x0116, 0x014E, 0x0102, 0x00E4, 0x018B, 0x00BA, 0x0196, 
0x0197, 0x0091, 0x018F, 0x0055, 0x019B, 0x004D, 0x016A, 0x00DB, 0x00F2, 0x01A0, 0x01A1, 0x017A, 0x00F0, 0x00A2, 0x000C, 0x00ED, 
0x004C, 0x01A8, 0x0085, 0x00AA, 0x00E1, 0x007E, 0x0004, 0x01AE, 0x0001, 0x011B, 0x0009, 0x01A1, 0x00EC, 0x017E, 0x006D, 0x00EB, 
0x0051, 0x006A, 0x01A8, 0x0121, 0x003B, 0x0068, 0x0188, 0x0100, 0x0121, 0x0197, 0x00A9, 0x0079, 0x0073, 0x0033, 0x00D2, 0x017F, 
0x0110, 0x00F3, 0x0128, 0x01A5, 0x00EC, 0x0058, 0x00E5, 0x0089, 0x0160, 0x017F, 0x00B1, 0x0003, 0x0196, 0x00C5, 0x0062, 0x0024, 
0x0033, 0x0046, 0x01AD, 0x0090, 0x0040, 0x006D, 0x000C, 0x008B, 0x00BE, 0x014F, 0x0003, 0x0163, 0x0062, 0x00C7, 0x0029, 0x0044, 
0x00DE, 0x006A, 0x0011, 0x00DF, 0x016D, 0x0122, 0x00A9, 0x00EA, 0x0044, 0x001A, 0x0004, 0x008B, 0x009E, 0x0128, 0x0138, 0x01A0, 
0x013E, 0x0099, 0x011B, 0x0147, 0x013E, 0x0016, 0x01B0, 0x00E5, 0x0042, 0x0090, 0x008F, 0x0145, 0x00DF, 0x00A7, 0x0188, 0x0032, 
0x0167, 0x0167, 0x0171, 0x0068, 0x0149, 0x016D, 0x0030, 0x016F, 0x01AD, 0x004E, 0x0089, 0x019B, 0x0136, 0x01A0, 0x004A, 0x0009, 
0x0126, 0x0016, 0x0136, 0x001B, 0x00F3, 0x0159, 0x00BE, 0x00C0, 0x00E9, 0x0029, 0x00C6, 0x0079, 0x0010, 0x0030, 0x0145, 0x0144, 
0x0051, 0x00F1, 0x001A, 0x00E9, 0x006C, 0x00C5, 0x0118, 0x0196, 0x018D, 0x00C0, 0x0004, 0x01AE, 0x00EB, 0x010A, 0x008F, 0x016F, 
0x0096, 0x0073, 0x010D, 0x00C7, 0x006C, 0x018D, 0x014F, 0x0181, 0x0110, 0x016B, 0x019B, 0x01B0, 0x00CC, 0x01A1, 0x00FE, 0x0138, 
0x001B, 0x016B, 0x0160, 0x00A4, 0x0046, 0x0096, 0x0010, 0x0122, 0x0176, 0x003B, 0x00C8, 0x0032, 0x0171, 0x00C8, 0x0100, 0x00B3, 
0x0011, 0x0144, 0x010A, 0x0040, 0x00D3, 0x0058, 0x00CC, 0x0126, 0x0099, 0x0113, 0x0001, 0x0113, 0x0147, 0x004A, 0x00FE, 0x01A5, 
0x007B, 0x000C, 0x01AE, 0x00F1, 0x00DE, 0x00A1, 0x0197, 0x0176, 0x0149, 0x00A7, 0x00B3, 0x01A8, 0x00A1, 0x00EA, 0x00C6, 0x010D, 
0x0024, 0x0108, 0x00B1, 0x0181, 0x0159, 0x009E, 0x007B, 0x017E, 0x00D3, 0x0042, 0x004E, 0x00A4, 0x00D2, 0x0108, 0x0163, 0x0118, 
0x0118, 0x0163, 0x0108, 0x00D2, 0x00A4, 0x004E, 0x0042, 0x00D3, 0x017E, 0x007B, 0x009E, 0x0159, 0x0181, 0x00B1, 0x0108, 0x0024, 
0x010D, 0x00C6, 0x00EA, 0x00A1, 0x01A8, 0x00B3, 0x00A7, 0x0149, 0x0176, 0x0197, 0x00A1, 0x00DE, 0x00F1, 0x01AE, 0x000C, 0x007B, 
0x01A5, 0x00FE, 0x004A, 0x0147, 0x0113, 0x0001, 0x0113, 0x0099, 0x0126, 0x00CC, 0x0058, 0x00D3, 0x0040, 0x010A, 0x0144, 0x0011, 
0x00B3, 0x0100, 0x00C8, 0x0171, 0x0032, 0x00C8, 0x003B, 0x0176, 0x0122, 0x0010, 0x0096, 0x0046, 0x00A4, 0x0160, 0x016B, 0x001B, 
0x0138, 0x00FE, 0x01A1, 0x00CC, 0x01B0, 0x019B, 0x016B, 0x0110, 0x0181, 0x014F, 0x018D, 0x006C, 0x00C7, 0x010D, 0x0073, 0x0096, 
0x016F, 0x008F, 0x010A, 0x00EB, 0x01AE, 0x0004, 0x00C0, 0x018D, 0x0196, 0x0118, 0x00C5, 0x006C, 0x00E9, 0x001A, 0x00F1, 0x0051, 
0x0144, 0x0145, 0x0030, 0x0010, 0x0079, 0x00C6, 0x0029, 0x00E9, 0x00C0, 0x00BE, 0x0159, 0x00F3, 0x001B, 0x0136, 0x0016, 0x0126, 
0x0009, 0x004A, 0x01A0, 0x0136, 0x019B, 0x0089, 0x004E, 0x01AD, 0x016F, 0x0030, 0x016D, 0x0149, 0x0068, 0x0171, 0x0167, 0x0167, 
0x0032, 0x0188, 0x00A7, 0x00DF, 0x0145, 0x008F, 0x0090, 0x0042, 0x00E5, 0x01B0, 0x0016, 0x013E, 0x0147, 0x011B, 0x0099, 0x013E, 
0x01A0, 0x0138, 0x0128, 0x009E, 0x008B, 0x0004, 0x001A, 0x0044, 0x00EA, 0x00A9, 0x0122, 0x016D, 0x00DF, 0x0011, 0x006A, 0x00DE, 
0x0044, 0x0029, 0x00C7, 0x0062, 0x0163, 0x0003, 0x014F, 0x00BE, 0x008B, 0x000C, 0x006D, 0x0040, 0x0090, 0x01AD, 0x0046, 0x0033, 
0x0024, 0x0062, 0x00C5, 0x0196, 0x0003, 0x00B1, 0x017F, 0x0160, 0x0089, 0x00E5, 0x0058, 0x00EC, 0x01A5, 0x0128, 0x00F3, 0x0110, 
0x017F, 0x00D2, 0x0033, 0x0073, 0x0079, 0x00A9, 0x0197, 0x0121, 0x0100, 0x0188, 0x0068, 0x003B, 0x0121, 0x01A8, 0x006A, 0x0051, 
0x00EB, 0x006D, 0x017E, 0x00EC, 0x01A1, 0x0009, 0x0001, 0x0085, 0x001B, 0x0171, 0x013A, 0x007F, 0x014A, 0x0094, 0x0128, 0x00C2, 
0x014E, 0x0004, 0x014E, 0x009D, 0x00FB, 0x00C7, 0x0096, 0x018E, 0x00B4, 0x00FF, 0x00FA, 0x0100, 0x0043, 0x0063, 0x0131, 0x0100, 
0x00C6, 0x0061, 0x015D, 0x002A, 0x00AB, 0x0036, 0x0166, 0x0020, 0x0085, 0x006C, 0x012C, 0x007D, 0x0166, 0x008D, 0x0167, 0x0156, 
0x0105, 0x0112, 0x011A, 0x00FB, 0x0083, 0x00B1, 0x00D9, 0x0128, 0x0099, 0x0112, 0x01AF, 0x0162, 0x005A, 0x0158, 0x0061, 0x0056, 
0x0089, 0x0186, 0x00B6, 0x00E3, 0x00FF, 0x00FE, 0x005A, 0x01A1, 0x010C, 0x0167, 0x004D, 0x0171, 0x0045, 0x004B, 0x0109, 0x0040, 
0x0008, 0x00AB, 0x00EE, 0x01A1, 0x0162, 0x0086, 0x0096, 0x0075, 0x00B2, 0x0015, 0x0150, 0x0049, 0x014A, 0x0046, 0x0156, 0x010C, 
0x00EE, 0x002A, 0x011F, 0x0067, 0x00E6, 0x009F, 0x002D, 0x011B, 0x008C, 0x018E, 0x0086, 0x01AF, 0x0105, 0x0046, 0x007F, 0x00A7, 
0x0106, 0x013E, 0x004A, 0x0117, 0x0132, 0x011F, 0x015D, 0x0158, 0x00FE, 0x00B4, 0x008C, 0x0023, 0x008A, 0x0157, 0x0113, 0x0187, 
0x00A7, 0x013A, 0x004D, 0x008D, 0x0036, 0x0008, 0x0077, 0x0117, 0x005B, 0x0025, 0x004F, 0x008A, 0x00FD, 0x0075, 0x00C7, 0x011A, 
0x0099, 0x0094, 0x0049, 0x0054, 0x0113, 0x0010, 0x0025, 0x00AC, 0x00E6, 0x011D, 0x0056, 0x00C6, 0x00FA, 0x00E3, 0x00EA, 0x002D, 
0x0002, 0x0025, 0x00A5, 0x013E, 0x017B, 0x0045, 0x001B, 0x0020, 0x007D, 0x0196, 0x0109, 0x0124, 0x013E, 0x00C3, 0x0113, 0x0059, 
0x0015, 0x00B7, 0x0083, 0x009D, 0x00C2, 0x00D9, 0x00EB, 0x0015, 0x00B3, 0x008A, 0x012B, 0x002D, 0x0097, 0x0186, 0x00EF, 0x0043, 
0x0131, 0x0114, 0x0186, 0x0118, 0x00E6, 0x016B, 0x0117, 0x0164, 0x0109, 0x0191, 0x006C, 0x0001, 0x01B0, 0x006C, 0x0134, 0x0045, 
0x01A9, 0x00A7, 0x0092, 0x0049, 0x015B, 0x00D9, 0x016E, 0x0004, 0x0004, 0x0080, 0x0083, 0x00CE, 0x0075, 0x0125, 0x008C, 0x013C, 
0x00E3, 0x012E, 0x0131, 0x01AD, 0x01AD, 0x0043, 0x00D8, 0x0056, 0x0168, 0x011F, 0x010A, 0x0008, 0x016C, 0x007D, 0x0145, 0x0001, 
0x01B0, 0x0145, 0x0020, 0x00A8, 0x004D, 0x009A, 0x0046, 0x00CB, 0x0099, 0x002B, 0x009D, 0x0080, 0x016E, 0x00C2, 0x002B, 0x011A, 
0x0184, 0x0086, 0x0127, 0x00FE, 0x019C, 0x00C6, 0x00D8, 0x00EF, 0x0114, 0x012E, 0x00FA, 0x019C, 0x0158, 0x009E, 0x00EE, 0x0073, 
0x008D, 0x00A8, 0x001B, 0x0134, 0x0191, 0x0196, 0x016C, 0x0036, 0x0073, 0x010C, 0x018C, 0x01AF, 0x0184, 0x00C7, 0x00CE, 0x00B7, 
0x00EB, 0x015B, 0x0094, 0x00CB, 0x0105, 0x018C, 0x01A1, 0x009E, 0x015D, 0x0168, 0x011D, 0x0118, 0x0097, 0x00EA, 0x013C, 0x00B4, 
0x0127, 0x0162, 0x018C, 0x0156, 0x009A, 0x013A, 0x01A9, 0x017B, 0x0124, 0x0164, 0x0077, 0x010A, 0x002A, 0x009E, 0x005A, 0x0127, 
0x018E, 0x0125, 0x00FD, 0x00B3, 0x0059, 0x0054, 0x0092, 0x007F, 0x009A, 0x0167, 0x0073, 0x00AB, 0x010A, 0x0132, 0x016B, 0x00AC, 
0x0002, 0x012B, 0x0023, 0x0125, 0x0096, 0x0184, 0x0112, 0x00CB, 0x014A, 0x0092, 0x0187, 0x00C3, 0x00A5, 0x005B, 0x016B, 0x0067, 
0x0168, 0x0061, 0x019C, 0x00FF, 0x013C, 0x011B, 0x012B, 0x004F, 0x0010, 0x00C3, 0x0106, 0x01A9, 0x0171, 0x00A8, 0x0166, 0x016C, 
0x0040, 0x0164, 0x004A, 0x00A5, 0x0010, 0x0157, 0x00B3, 0x00B2, 0x00CE, 0x00FB, 0x002B, 0x0128, 0x015B, 0x0150, 0x0059, 0x0157, 
0x004F, 0x0002, 0x009F, 0x0118, 0x0089, 0x00D8, 0x0100, 0x012E, 0x00B6, 0x0097, 0x009F, 0x00AC, 0x005B, 0x004A, 0x0124, 0x004B, 
0x0134, 0x0085, 0x0145, 0x012C, 0x0191, 0x004B, 0x017B, 0x0106, 0x0187, 0x0054, 0x0150, 0x00EB, 0x00B1, 0x0080, 0x014E, 0x016E, 
0x00B1, 0x00B7, 0x00B2, 0x00FD, 0x0023, 0x011B, 0x00EA, 0x00B6, 0x0114, 0x0063, 0x01AD, 0x0063, 0x00EF, 0x0089, 0x011D, 0x0067, 
0x0132, 0x0077, 0x0040, 0x0196, 0x0001, 0x010A, 0x0051, 0x00B1, 0x010F, 0x0149, 0x0091, 0x013E, 0x0042, 0x00D0, 0x00D2, 0x0030, 
0x000C, 0x0021, 0x012D, 0x0099, 0x0181, 0x00EC, 0x0185, 0x0151, 0x0036, 0x0003, 0x00F2, 0x00D3, 0x0108, 0x00A1, 0x0096, 0x0076, 
0x00A2, 0x018A, 0x0069, 0x01AD, 0x007B, 0x00DE, 0x0145, 0x01A8, 0x0113, 0x01A4, 0x006A, 0x000B, 0x01AE, 0x004B, 0x018E, 0x016D, 
0x0085, 0x0120, 0x005F, 0x010D, 0x00F1, 0x004E, 0x0009, 0x0188, 0x0147, 0x0040, 0x00BB, 0x00D4, 0x014D, 0x00E1, 0x0121, 0x0012, 
0x0115, 0x00DA, 0x002C, 0x00EB, 0x00DD, 0x00F3, 0x00CB, 0x00A4, 0x0075, 0x011B, 0x0088, 0x00CC, 0x0125, 0x0196, 0x00A7, 0x0006, 
0x008C, 0x0033, 0x00FE, 0x0148, 0x001A, 0x0044, 0x0034, 0x0020, 0x019F, 0x00D8, 0x0084, 0x0062, 0x0080, 0x0131, 0x0008, 0x0190, 
0x0116, 0x009C, 0x00C8, 0x006D, 0x0023, 0x0016, 0x0004, 0x018D, 0x006F, 0x00E5, 0x0025, 0x0160, 0x0159, 0x017E, 0x0142, 0x0089, 
0x0110, 0x017C, 0x00C0, 0x0066, 0x0022, 0x00F6, 0x00C7, 0x0060, 0x0167, 0x00E9, 0x0191, 0x0019, 0x016F, 0x0048, 0x00BE, 0x018F, 
0x0063, 0x000D, 0x016B, 0x009E, 0x00C4, 0x014B, 0x00E6, 0x0079, 0x0073, 0x0132, 0x017D, 0x0144, 0x01A1, 0x017B, 0x0032, 0x0171, 
0x014E, 0x00ED, 0x0163, 0x008B, 0x00A9, 0x01AF, 0x0024, 0x00B3, 0x0101, 0x0100, 0x004F, 0x0129, 0x0128, 0x0002, 0x0136, 0x008F, 
0x0166, 0x0010, 0x004A, 0x00D7, 0x0011, 0x01A5, 0x0018, 0x014F, 0x01A9, 0x0199, 0x0118, 0x011D, 0x0090, 0x0198, 0x007F, 0x012C, 
0x0093, 0x0027, 0x00B0, 0x0058, 0x001B, 0x0112, 0x01B0, 0x009F, 0x01AB, 0x018C, 0x0162, 0x013B, 0x0031, 0x0152, 0x0138, 0x0169, 
0x0064, 0x0176, 0x00C5, 0x01A0, 0x009B, 0x00D9, 0x0094, 0x00DF, 0x003B, 0x00C6, 0x00EA, 0x017F, 0x01A6, 0x0052, 0x006C, 0x0126, 
0x0035, 0x013C, 0x0180, 0x0068, 0x011E, 0x0197, 0x019B, 0x0122, 0x00BF, 0x015F, 0x0029, 0x0046, 0x0046, 0x0029, 0x015F, 0x00BF, 
0x0122, 0x019B, 0x0197, 0x011E, 0x0068, 0x0180, 0x013C, 0x0035, 0x0126, 0x006C, 0x0052, 0x01A6, 0x017F, 0x00EA, 0x00C6, 0x003B, 
0x00DF, 0x0094, 0x00D9, 0x009B, 0x01A0, 0x00C5, 0x0176, 0x0064, 0x0169, 0x0138, 0x0152, 0x0031, 0x013B, 0x0162, 0x018C, 0x01AB, 
0x009F, 0x01B0, 0x0112, 0x001B, 0x0058, 0x00B0, 0x0027, 0x0093, 0x012C, 0x007F, 0x0198, 0x0090, 0x011D, 0x0118, 0x0199, 0x01A9, 
0x014F, 0x0018, 0x01A5, 0x0011, 0x00D7, 0x004A, 0x0010, 0x0166, 0x008F, 0x0136, 0x0002, 0x0128, 0x0129, 0x004F, 0x0100, 0x0101, 
0x00B3, 0x0024, 0x01AF, 0x00A9, 0x008B, 0x0163, 0x00ED, 0x014E, 0x0171, 0x0032, 0x017B, 0x01A1, 0x0144, 0x017D, 0x0132, 0x0073, 
0x0079, 0x00E6, 0x014B, 0x00C4, 0x009E, 0x016B, 0x000D, 0x0063, 0x018F, 0x00BE, 0x0048, 0x016F, 0x0019, 0x0191, 0x00E9, 0x0167, 
0x0060, 0x00C7, 0x00F6, 0x0022, 0x0066, 0x00C0, 0x017C, 0x0110, 0x0089, 0x0142, 0x017E, 0x0159, 0x0160, 0x0025, 0x00E5, 0x006F, 
0x018D, 0x0004, 0x0016, 0x0023, 0x006D, 0x00C8, 0x009C, 0x0116, 0x0190, 0x0008, 0x0131, 0x0080, 0x0062, 0x0084, 0x00D8, 0x019F, 
0x0020, 0x0034, 0x0044, 0x001A, 0x0148, 0x00FE, 0x0033, 0x008C, 0x0006, 0x00A7, 0x0196, 0x0125, 0x00CC, 0x0088, 0x011B, 0x0075, 
0x00A4, 0x00CB, 0x00F3, 0x00DD, 0x00EB, 0x002C, 0x00DA, 0x0115, 0x0012, 0x0121, 0x00E1, 0x014D, 0x00D4, 0x00BB, 0x0040, 0x0147, 
0x0188, 0x0009, 0x004E, 0x00F1, 0x010D, 0x005F, 0x0120, 0x0085, 0x016D, 0x018E, 0x004B, 0x01AE, 0x000B, 0x006A, 0x01A4, 0x0113, 
0x01A8, 0x0145, 0x00DE, 0x007B, 0x01AD, 0x0069, 0x018A, 0x00A2, 0x0076, 0x0096, 0x00A1, 0x0108, 0x00D3, 0x00F2, 0x0003, 0x0036, 
0x0151, 0x0185, 0x00EC, 0x0181, 0x0099, 0x012D, 0x0021, 0x000C, 0x0030, 0x00D2, 0x00D0, 0x0042, 0x013E, 0x0091, 0x0149, 0x010F, 
0x00B1, 0x0051, 0x0001, 0x0063, 0x00F3, 0x0113, 0x0038, 0x00F2, 0x0095, 0x017B, 0x00A1, 0x015C, 0x0091, 0x008F, 0x009C, 0x001D, 
0x00B9, 0x011B, 0x0032, 0x015F, 0x001E, 0x00F5, 0x010C, 0x0042, 0x0172, 0x012D, 0x0069, 0x0121, 0x0099, 0x0111, 0x0170, 0x0081, 
0x00E0, 0x0131, 0x00A2, 0x00BB, 0x0075, 0x006D, 0x00D8, 0x0174, 0x00ED, 0x0007, 0x0136, 0x0077, 0x00E3, 0x0027, 0x0164, 0x0102, 
0x0087, 0x0163, 0x0076, 0x0003, 0x001A, 0x0021, 0x000B, 0x01A9, 0x0146, 0x00B5, 0x016A, 0x003C, 0x00A4, 0x00D6, 0x000A, 0x005D, 
0x00AE, 0x013E, 0x004C, 0x0011, 0x00B2, 0x0147, 0x0117, 0x0145, 0x0082, 0x018F, 0x00AC, 0x00A7, 0x0191, 0x0017, 0x0184, 0x0051, 
0x0094, 0x0104, 0x0176, 0x017C, 0x01A3, 0x005A, 0x00CA, 0x0186, 0x00E2, 0x018D, 0x0086, 0x00AB, 0x0127, 0x01AC, 0x0133, 0x0177, 
0x017D, 0x0048, 0x016C, 0x01A8, 0x018C, 0x0129, 0x0182, 0x0199, 0x015B, 0x00EC, 0x011E, 0x00DF, 0x00F7, 0x004A, 0x00CC, 0x00E8, 
0x005F, 0x00A6, 0x017A, 0x014C, 0x0171, 0x0137, 0x0002, 0x00D7, 0x0059, 0x0192, 0x00F1, 0x007C, 0x01A5, 0x0072, 0x00FB, 0x0153, 
0x00CB, 0x0132, 0x00AA, 0x00A3, 0x00FD, 0x0180, 0x008C, 0x012E, 0x0155, 0x014B, 0x0196, 0x0156, 0x0016, 0x0085, 0x014A, 0x0139, 
0x0068, 0x0062, 0x0101, 0x008D, 0x0060, 0x004F, 0x00BD, 0x0128, 0x00EE, 0x0070, 0x0100, 0x0134, 0x01A4, 0x00E1, 0x015D, 0x016B, 
0x004B, 0x00C1, 0x008B, 0x00DD, 0x000F, 0x017E, 0x019C, 0x015A, 0x01AD, 0x00FA, 0x0058, 0x0050, 0x0043, 0x0049, 0x013D, 0x0123, 
0x0039, 0x014D, 0x0010, 0x0114, 0x00FE, 0x002A, 0x00D5, 0x00C2, 0x0109, 0x0173, 0x0195, 0x0053, 0x0142, 0x0140, 0x0119, 0x0030, 
0x0185, 0x00C8, 0x0026, 0x0061, 0x011A, 0x0198, 0x016D, 0x00EA, 0x00EB, 0x0188, 0x0183, 0x006E, 0x0112, 0x00DE, 0x0028, 0x0092, 
0x00F9, 0x019F, 0x0014, 0x00A9, 0x0079, 0x01AB, 0x019E, 0x00CD, 0x009B, 0x018E, 0x0023, 0x0116, 0x00E4, 0x0013, 0x0006, 0x0138, 
0x0108, 0x019D, 0x0012, 0x00B8, 0x011F, 0x0189, 0x00D3, 0x009F, 0x0143, 0x002E, 0x0029, 0x00C6, 0x00C7, 0x0044, 0x0019, 0x0097, 
0x0150, 0x018B, 0x00E9, 0x002C, 0x0181, 0x0098, 0x0071, 0x006F, 0x015E, 0x001C, 0x003E, 0x00A8, 0x00EF, 0x00DC, 0x0187, 0x00B3, 
0x009D, 0x01A1, 0x0064, 0x0178, 0x008E, 0x0074, 0x0168, 0x016E, 0x0161, 0x0159, 0x00B7, 0x0004, 0x0057, 0x0015, 0x0033, 0x01A2, 
0x00D4, 0x0126, 0x00F0, 0x0166, 0x0046, 0x0054, 0x00D0, 0x000D, 0x007D, 0x00B1, 0x0141, 0x00C3, 0x0089, 0x00F4, 0x0162, 0x0151, 
0x0124, 0x00B0, 0x014F, 0x0149, 0x0078, 0x0067, 0x012C, 0x019B, 0x005B, 0x001B, 0x0066, 0x005C, 0x0083, 0x0125, 0x0031, 0x00B4, 
0x010E, 0x0107, 0x007F, 0x00E6, 0x005E, 0x00B6, 0x013F, 0x000C, 0x0135, 0x00C0, 0x001F, 0x0158, 0x00DA, 0x01AF, 0x007A, 0x0040, 
0x0065, 0x0037, 0x010B, 0x0152, 0x00C9, 0x00E5, 0x0167, 0x00BA, 0x00D2, 0x0093, 0x00C5, 0x0056, 0x0018, 0x002F, 0x0088, 0x0025, 
0x0009, 0x0045, 0x0169, 0x0034, 0x003A, 0x007E, 0x0005, 0x008A, 0x0106, 0x012B, 0x0024, 0x00CF, 0x002B, 0x00E7, 0x0157, 0x000E, 
0x0035, 0x003B, 0x00AD, 0x011D, 0x0160, 0x002D, 0x019A, 0x0020, 0x010A, 0x0105, 0x0022, 0x012F, 0x006C, 0x009A, 0x006A, 0x00FF, 
0x01A0, 0x0165, 0x0073, 0x0103, 0x0154, 0x01A7, 0x00DB, 0x010D, 0x0175, 0x0047, 0x00FC, 0x006B, 0x0008, 0x01A6, 0x0190, 0x0197, 
0x01AE, 0x013B, 0x004E, 0x012A, 0x00AF, 0x004D, 0x018A, 0x00CE, 0x013A, 0x007B, 0x01AA, 0x00C4, 0x003D, 0x00D9, 0x0144, 0x013C, 
0x00F6, 0x010F, 0x0080, 0x00D1, 0x0130, 0x0041, 0x00A0, 0x0118, 0x0090, 0x0148, 0x0084, 0x003F, 0x016F, 0x00A5, 0x00BC, 0x0193, 
0x0052, 0x017F, 0x0096, 0x00F8, 0x0194, 0x0115, 0x0122, 0x0120, 0x0055, 0x0110, 0x0036, 0x011C, 0x00BF, 0x0179, 0x009E, 0x00BE, 
0x0001, 0x00C6, 0x0128, 0x00EA, 0x0118, 0x0099, 0x00B1, 0x0001, 0x0096, 0x0010, 0x0128, 0x01A1, 0x0128, 0x0196, 0x00B1, 0x00C6, 
0x01A1, 0x0100, 0x0089, 0x0089, 0x01B0, 0x0099, 0x011B, 0x0128, 0x001B, 0x0099, 0x00EA, 0x011B, 0x0118, 0x0196, 0x0010, 0x00EA, 
0x0096, 0x0128, 0x00C6, 0x001B, 0x00C6, 0x0118, 0x0096, 0x0118, 0x0099, 0x00EB, 0x00EB, 0x01A1, 0x01B0, 0x00B1, 0x011B, 0x0099, 
0x0099, 0x0096, 0x001B, 0x01A1, 0x0096, 0x0001, 0x00B1, 0x00B1, 0x011B, 0x0010, 0x0096, 0x011B, 0x00B1, 0x0089, 0x0089, 0x0001, 
0x00B1, 0x0100, 0x00EB, 0x0099, 0x00C7, 0x00EA, 0x0089, 0x0096, 0x01B0, 0x00EA, 0x00C6, 0x0010, 0x01B0, 0x0100, 0x0001, 0x0010, 
0x01A1, 0x01A1, 0x0089, 0x00C7, 0x011B, 0x00C7, 0x00B1, 0x0128, 0x00EB, 0x00EB, 0x01B0, 0x0196, 0x0196, 0x00B1, 0x0100, 0x01A1, 
0x00EB, 0x01A1, 0x00EA, 0x0100, 0x0010, 0x0096, 0x00EB, 0x0128, 0x0099, 0x0100, 0x0010, 0x00C6, 0x0099, 0x0196, 0x0099, 0x0196, 
0x0118, 0x00B1, 0x0001, 0x0089, 0x00EA, 0x0100, 0x00C7, 0x00B1, 0x0096, 0x0196, 0x0100, 0x0118, 0x00C7, 0x0118, 0x00EA, 0x00C6, 
0x0118, 0x0196, 0x00EB, 0x001B, 0x0001, 0x00C7, 0x0089, 0x01A1, 0x00C6, 0x01B0, 0x001B, 0x0001, 0x00C7, 0x0118, 0x0096, 0x0100, 
0x001B, 0x00EB, 0x0100, 0x0001, 0x0010, 0x00EA, 0x01B0, 0x0089, 0x00C6, 0x00EB, 0x0096, 0x001B, 0x00EB, 0x00C6, 0x00EA, 0x0089, 
0x0128, 0x0128, 0x0118, 0x0128, 0x01B0, 0x0118, 0x00C6, 0x01B0, 0x0096, 0x00B1, 0x00C7, 0x01B0, 0x011B, 0x0196, 0x0010, 0x0099, 
0x00EA, 0x00C7, 0x0001, 0x00C7, 0x0010, 0x00EB, 0x01B0, 0x011B, 0x0010, 0x011B, 0x001B, 0x0196, 0x011B, 0x001B, 0x0100, 0x0128, 
0x0196, 0x00C7, 0x01B0, 0x0128, 0x001B, 0x0001, 0x0001, 0x001B, 0x0118, 0x0089, 0x00C6, 0x0100, 0x0196, 0x00C7, 0x0010, 0x0099, 
0x011B, 0x01A1, 0x01A1, 0x001B, 0x011B, 0x0089, 0x01A1, 0x00EA, 0x00EA, 0x01A1, 0x0089, 0x011B, 0x001B, 0x01A1, 0x01A1, 0x011B, 
0x0099, 0x0010, 0x00C7, 0x0196, 0x0100, 0x00C6, 0x0089, 0x0118, 0x001B, 0x0001, 0x0001, 0x001B, 0x0128, 0x01B0, 0x00C7, 0x0196, 
0x0128, 0x0100, 0x001B, 0x011B, 0x0196, 0x001B, 0x011B, 0x0010, 0x011B, 0x01B0, 0x00EB, 0x0010, 0x00C7, 0x0001, 0x00C7, 0x00EA, 
0x0099, 0x0010, 0x0196, 0x011B, 0x01B0, 0x00C7, 0x00B1, 0x0096, 0x01B0, 0x00C6, 0x0118, 0x01B0, 0x0128, 0x0118, 0x0128, 0x0128, 
0x0089, 0x00EA, 0x00C6, 0x00EB, 0x001B, 0x0096, 0x00EB, 0x00C6, 0x0089, 0x01B0, 0x00EA, 0x0010, 0x0001, 0x0100, 0x00EB, 0x001B, 
0x0100, 0x0096, 0x0118, 0x00C7, 0x0001, 0x001B, 0x01B0, 0x00C6, 0x01A1, 0x0089, 0x00C7, 0x0001, 0x001B, 0x00EB, 0x0196, 0x0118, 
0x00C6, 0x00EA, 0x0118, 0x00C7, 0x0118, 0x0100, 0x0196, 0x0096, 0x00B1, 0x00C7, 0x0100, 0x00EA, 0x0089, 0x0001, 0x00B1, 0x0118, 
0x0196, 0x0099, 0x0196, 0x0099, 0x00C6, 0x0010, 0x0100, 0x0099, 0x0128, 0x00EB, 0x0096, 0x0010, 0x0100, 0x00EA, 0x01A1, 0x00EB, 
0x01A1, 0x0100, 0x00B1, 0x0196, 0x0196, 0x01B0, 0x00EB, 0x00EB, 0x0128, 0x00B1, 0x00C7, 0x011B, 0x00C7, 0x0089, 0x01A1, 0x01A1, 
0x0010, 0x0001, 0x0100, 0x01B0, 0x0010, 0x00C6, 0x00EA, 0x01B0, 0x0096, 0x0089, 0x00EA, 0x00C7, 0x0099, 0x00EB, 0x0100, 0x00B1, 
0x0001, 0x0089, 0x0089, 0x00B1, 0x011B, 0x0096, 0x0010, 0x011B, 0x00B1, 0x00B1, 0x0001, 0x0096, 0x01A1, 0x001B, 0x0096, 0x0099, 
0x0099, 0x011B, 0x00B1, 0x01B0, 0x01A1, 0x00EB, 0x00EB, 0x0099, 0x0118, 0x0096, 0x0118, 0x00C6, 0x001B, 0x00C6, 0x0128, 0x0096, 
0x00EA, 0x0010, 0x0196, 0x0118, 0x011B, 0x00EA, 0x0099, 0x001B, 0x0128, 0x011B, 0x0099, 0x01B0, 0x0089, 0x0089, 0x0100, 0x01A1, 
0x00C6, 0x00B1, 0x0196, 0x0128, 0x01A1, 0x0128, 0x0010, 0x0096, 0x0001, 0x00B1, 0x0099, 0x0118, 0x00EA, 0x0128, 0x0001, 0x018C, 
0x0016, 0x0046, 0x0065, 0x0034, 0x0175, 0x0008, 0x0033, 0x00A0, 0x00E1, 0x00F1, 0x0180, 0x0037, 0x0039, 0x0089, 0x00A1, 0x0116, 
0x0005, 0x008E, 0x019C, 0x014F, 0x000E, 0x00B0, 0x00F2, 0x0051, 0x0100, 0x0082, 0x0146, 0x0038, 0x003F, 0x007F, 0x00BB, 0x0069, 
0x0002, 0x006A, 0x018E, 0x00F8, 0x00DD, 0x0177, 0x00D3, 0x0158, 0x0092, 0x00A2, 0x0184, 0x015C, 0x0137, 0x01A0, 0x0088, 0x008B, 
0x004E, 0x0022, 0x009C, 0x0036, 0x00D1, 0x0182, 0x006E, 0x003E, 0x00BE, 0x005D, 0x0195, 0x010B, 0x0194, 0x0040, 0x00F7, 0x0009, 
0x009D, 0x000C, 0x0134, 0x0167, 0x00C9, 0x0198, 0x0168, 0x01AD, 0x0080, 0x015E, 0x0164, 0x0032, 0x004F, 0x019E, 0x0003, 0x01A4, 
0x0071, 0x0106, 0x00F0, 0x00E3, 0x00F4, 0x0044, 0x0083, 0x016E, 0x0156, 0x0072, 0x0057, 0x00B8, 0x0048, 0x00C4, 0x0117, 0x00A4, 
0x00D9, 0x0035, 0x013D, 0x0091, 0x0186, 0x0029, 0x002C, 0x0122, 0x019D, 0x00A7, 0x00DF, 0x003D, 0x0060, 0x0007, 0x001F, 0x0104, 
0x0073, 0x0130, 0x0063, 0x014B, 0x012B, 0x0017, 0x018D, 0x00AA, 0x0138, 0x0050, 0x00C2, 0x00CF, 0x0112, 0x00E6, 0x00B5, 0x0183, 
0x002A, 0x0064, 0x0085, 0x00FD, 0x0135, 0x01A6, 0x0118, 0x0127, 0x0121, 0x008C, 0x015B, 0x0165, 0x00E9, 0x003B, 0x0012, 0x0067, 
0x018A, 0x0094, 0x00DB, 0x001B, 0x011A, 0x0028, 0x01A1, 0x00FB, 0x012D, 0x013B, 0x005A, 0x006C, 0x0191, 0x010E, 0x001A, 0x0142, 
0x00AF, 0x0030, 0x010C, 0x0095, 0x009E, 0x0109, 0x00EC, 0x00D5, 0x00FF, 0x0105, 0x001E, 0x0041, 0x00CA, 0x0052, 0x011B, 0x015D, 
0x00B3, 0x013A, 0x012A, 0x0150, 0x00FA, 0x0070, 0x016A, 0x00F5, 0x011E, 0x0078, 0x00E4, 0x016F, 0x0190, 0x006D, 0x01A2, 0x0045, 
0x00EE, 0x01AB, 0x007B, 0x00C6, 0x00C7, 0x00CC, 0x01A7, 0x018B, 0x0166, 0x0108, 0x005E, 0x0124, 0x0119, 0x00D7, 0x0103, 0x0068, 
0x0058, 0x005F, 0x005C, 0x0133, 0x0018, 0x013C, 0x0075, 0x0199, 0x007E, 0x0155, 0x0152, 0x0159, 0x0149, 0x00AE, 0x00DA, 0x0098, 
0x008D, 0x0153, 0x00A9, 0x004B, 0x0026, 0x000A, 0x00E5, 0x00EA, 0x00EB, 0x0136, 0x0006, 0x00C3, 0x016C, 0x000F, 0x0144, 0x0021, 
0x0042, 0x00CD, 0x0139, 0x0093, 0x00BC, 0x0047, 0x0141, 0x00B7, 0x0061, 0x0087, 0x0077, 0x00FE, 0x0054, 0x0096, 0x015F, 0x00E7, 
0x0170, 0x0193, 0x00AC, 0x00B2, 0x00DC, 0x00C5, 0x00A8, 0x0113, 0x011C, 0x00A5, 0x0181, 0x0102, 0x006F, 0x0197, 0x00A3, 0x0020, 
0x0145, 0x0157, 0x0076, 0x0084, 0x00B6, 0x0010, 0x0189, 0x0097, 0x0196, 0x00D6, 0x011D, 0x0027, 0x014A, 0x019F, 0x0176, 0x00C8, 
0x004C, 0x0056, 0x0125, 0x0090, 0x008A, 0x0099, 0x000B, 0x007C, 0x00B4, 0x012C, 0x014D, 0x0187, 0x002E, 0x00FC, 0x00CB, 0x009F, 
0x00E2, 0x00EF, 0x0161, 0x0079, 0x0107, 0x0024, 0x019A, 0x0086, 0x0066, 0x014E, 0x0081, 0x013E, 0x00AD, 0x0192, 0x01AA, 0x0151, 
0x0174, 0x00D2, 0x010A, 0x0014, 0x008F, 0x0185, 0x0188, 0x002B, 0x0120, 0x0074, 0x017C, 0x00D8, 0x010D, 0x009A, 0x00ED, 0x0169, 
0x00F9, 0x015A, 0x013F, 0x005B, 0x0043, 0x012E, 0x016D, 0x00BD, 0x00CE, 0x00C1, 0x00AB, 0x0140, 0x000D, 0x01AE, 0x0013, 0x0162, 
0x017F, 0x004D, 0x0053, 0x0131, 0x0004, 0x0049, 0x0019, 0x00E8, 0x004A, 0x007D, 0x01A5, 0x0114, 0x01A8, 0x00BA, 0x0171, 0x001D, 
0x00A6, 0x001C, 0x0154, 0x00F3, 0x0173, 0x0143, 0x002F, 0x00E0, 0x017B, 0x0115, 0x018F, 0x0163, 0x0126, 0x0129, 0x0011, 0x007A, 
0x0055, 0x002D, 0x010F, 0x011F, 0x0059, 0x00DE, 0x003A, 0x00D4, 0x00B9, 0x0023, 0x0147, 0x01AF, 0x0148, 0x00F6, 0x0132, 0x0172, 
0x0179, 0x006B, 0x012F, 0x00B1, 0x0160, 0x00BF, 0x0101, 0x01A3, 0x0062, 0x0015, 0x0123, 0x01AC, 0x009B, 0x0110, 0x0128, 0x0178, 
0x017A, 0x0031, 0x00C0, 0x00D0, 0x0111, 0x017E, 0x01A9, 0x003C, 0x017D, 0x014C, 0x016B, 0x019B, 0x0001, 0x0167, 0x0042, 0x0118, 
0x0048, 0x0138, 0x000D, 0x0040, 0x001A, 0x012D, 0x0136, 0x0126, 0x00E5, 0x0151, 0x01A6, 0x001B, 0x008B, 0x00F1, 0x005F, 0x00F2, 
0x01A9, 0x0009, 0x0142, 0x0147, 0x01A5, 0x0176, 0x01A1, 0x00B0, 0x0169, 0x017D, 0x00DD, 0x00A7, 0x006D, 0x006A, 0x0046, 0x0160, 
0x0004, 0x014B, 0x0188, 0x0116, 0x01A8, 0x009F, 0x00D8, 0x00C8, 0x008C, 0x01A4, 0x0148, 0x0032, 0x00A9, 0x0016, 0x0051, 0x0024, 
0x0029, 0x013E, 0x00ED, 0x018F, 0x00D0, 0x0084, 0x0181, 0x0180, 0x0018, 0x0064, 0x0152, 0x00C7, 0x0022, 0x00A1, 0x007F, 0x017F, 
0x0023, 0x0010, 0x019F, 0x016D, 0x012C, 0x0089, 0x004A, 0x00BB, 0x0085, 0x0003, 0x00B3, 0x00D4, 0x00F3, 0x00E9, 0x011E, 0x0166, 
0x0031, 0x0025, 0x000B, 0x0163, 0x0191, 0x0020, 0x017B, 0x0060, 0x0129, 0x0199, 0x0159, 0x00C5, 0x00D9, 0x0033, 0x010A, 0x0068, 
0x0198, 0x0044, 0x014E, 0x016F, 0x0122, 0x01AE, 0x0019, 0x011B, 0x003B, 0x00D7, 0x0108, 0x015F, 0x0027, 0x00C4, 0x00EB, 0x00BF, 
0x0145, 0x0058, 0x004B, 0x00A2, 0x0197, 0x0185, 0x0110, 0x018A, 0x0002, 0x0066, 0x009E, 0x01AD, 0x0190, 0x0052, 0x0132, 0x00D2, 
0x0171, 0x0080, 0x0093, 0x00EC, 0x0100, 0x0008, 0x014F, 0x0073, 0x01AF, 0x0021, 0x019B, 0x010D, 0x000C, 0x013C, 0x0149, 0x00FE, 
0x009C, 0x0099, 0x0094, 0x0012, 0x0096, 0x0075, 0x0144, 0x00D3, 0x0112, 0x00B1, 0x006C, 0x014D, 0x0121, 0x00CC, 0x017C, 0x004E, 
0x0036, 0x0035, 0x0196, 0x0162, 0x0030, 0x010F, 0x0131, 0x0125, 0x01AB, 0x0034, 0x0115, 0x008F, 0x0128, 0x00CB, 0x01B0, 0x00E6, 
0x00F6, 0x0063, 0x011D, 0x0101, 0x0120, 0x0069, 0x00DF, 0x002C, 0x00E1, 0x0011, 0x00C0, 0x0090, 0x0088, 0x018C, 0x004F, 0x007B, 
0x01A0, 0x00EA, 0x00C6, 0x0062, 0x009B, 0x0076, 0x016B, 0x00A4, 0x00DA, 0x018E, 0x0091, 0x0079, 0x0006, 0x00BE, 0x017E, 0x00DE, 
0x006F, 0x013B, 0x018D, 0x0113, 0x0113, 0x018D, 0x013B, 0x006F, 0x00DE, 0x017E, 0x00BE, 0x0006, 0x0079, 0x0091, 0x018E, 0x00DA, 
0x00A4, 0x016B, 0x0076, 0x009B, 0x0062, 0x00C6, 0x00EA, 0x01A0, 0x007B, 0x004F, 0x018C, 0x0088, 0x0090, 0x00C0, 0x0011, 0x00E1, 
0x002C, 0x00DF, 0x0069, 0x0120, 0x0101, 0x011D, 0x0063, 0x00F6, 0x00E6, 0x01B0, 0x00CB, 0x0128, 0x008F, 0x0115, 0x0034, 0x01AB, 
0x0125, 0x0131, 0x010F, 0x0030, 0x0162, 0x0196, 0x0035, 0x0036, 0x004E, 0x017C, 0x00CC, 0x0121, 0x014D, 0x006C, 0x00B1, 0x0112, 
0x00D3, 0x0144, 0x0075, 0x0096, 0x0012, 0x0094, 0x0099, 0x009C, 0x00FE, 0x0149, 0x013C, 0x000C, 0x010D, 0x019B, 0x0021, 0x01AF, 
0x0073, 0x014F, 0x0008, 0x0100, 0x00EC, 0x0093, 0x0080, 0x0171, 0x00D2, 0x0132, 0x0052, 0x0190, 0x01AD, 0x009E, 0x0066, 0x0002, 
0x018A, 0x0110, 0x0185, 0x0197, 0x00A2, 0x004B, 0x0058, 0x0145, 0x00BF, 0x00EB, 0x00C4, 0x0027, 0x015F, 0x0108, 0x00D7, 0x003B, 
0x011B, 0x0019, 0x01AE, 0x0122, 0x016F, 0x014E, 0x0044, 0x0198, 0x0068, 0x010A, 0x0033, 0x00D9, 0x00C5, 0x0159, 0x0199, 0x0129, 
0x0060, 0x017B, 0x0020, 0x0191, 0x0163, 0x000B, 0x0025, 0x0031, 0x0166, 0x011E, 0x00E9, 0x00F3, 0x00D4, 0x00B3, 0x0003, 0x0085, 
0x00BB, 0x004A, 0x0089, 0x012C, 0x016D, 0x019F, 0x0010, 0x0023, 0x017F, 0x007F, 0x00A1, 0x0022, 0x00C7, 0x0152, 0x0064, 0x0018, 
0x0180, 0x0181, 0x0084, 0x00D0, 0x018F, 0x00ED, 0x013E, 0x0029, 0x0024, 0x0051, 0x0016, 0x00A9, 0x0032, 0x0148, 0x01A4, 0x008C, 
0x00C8, 0x00D8, 0x009F, 0x01A8, 0x0116, 0x0188, 0x014B, 0x0004, 0x0160, 0x0046, 0x006A, 0x006D, 0x00A7, 0x00DD, 0x017D, 0x0169, 
0x00B0, 0x01A1, 0x0176, 0x01A5, 0x0147, 0x0142, 0x0009, 0x01A9, 0x00F2, 0x005F, 0x00F1, 0x008B, 0x001B, 0x01A6, 0x0151, 0x00E5, 
0x0126, 0x0136, 0x012D, 0x001A, 0x0040, 0x000D, 0x0138, 0x0048, 0x0118, 0x0042, 0x0001, 0x011D, 0x00C6, 0x00FE, 0x0168, 0x008C, 
0x005B, 0x004F, 0x00EA, 0x019C, 0x017B, 0x0040, 0x017B, 0x0184, 0x010C, 0x01B0, 0x00C6, 0x0008, 0x0049, 0x004D, 0x0109, 0x00C6, 
0x002D, 0x0036, 0x0085, 0x00C6, 0x0001, 0x00A5, 0x004D, 0x00AC, 0x0164, 0x0094, 0x0085, 0x008C, 0x011D, 0x0073, 0x0094, 0x0015, 
0x0085, 0x0127, 0x0040, 0x00B7, 0x00C3, 0x008C, 0x00EE, 0x010C, 0x0105, 0x00EB, 0x0036, 0x00EA, 0x00EA, 0x008C, 0x0008, 0x011D, 
0x002D, 0x0105, 0x00A5, 0x0127, 0x00C7, 0x005B, 0x00A5, 0x008A, 0x004D, 0x00B3, 0x002D, 0x00EA, 0x011A, 0x0040, 0x00FA, 0x00FE, 
0x0015, 0x012C, 0x00FA, 0x00B3, 0x0162, 0x0164, 0x011A, 0x00EA, 0x011D, 0x0049, 0x00C6, 0x0036, 0x0164, 0x00C3, 0x010C, 0x0097, 
0x005B, 0x0040, 0x00B7, 0x011A, 0x011A, 0x00AC, 0x0156, 0x0156, 0x012C, 0x0125, 0x0109, 0x00EB, 0x0162, 0x0008, 0x0049, 0x0008, 
0x00C3, 0x0040, 0x008C, 0x0073, 0x004D, 0x00FE, 0x0171, 0x010C, 0x0125, 0x0156, 0x004D, 0x0105, 0x00B3, 0x0049, 0x0162, 0x01A9, 
0x0109, 0x0184, 0x013E, 0x0105, 0x0073, 0x0168, 0x00FA, 0x0127, 0x0094, 0x0162, 0x0049, 0x010C, 0x00FA, 0x0008, 0x0094, 0x0109, 
0x0168, 0x0036, 0x01B0, 0x00EE, 0x00EA, 0x004F, 0x0097, 0x0164, 0x013E, 0x00C7, 0x0008, 0x00EE, 0x012C, 0x0162, 0x0127, 0x0001, 
0x0109, 0x008A, 0x0001, 0x0109, 0x01A9, 0x0008, 0x0097, 0x00FE, 0x011D, 0x0015, 0x00C6, 0x008C, 0x0015, 0x00EB, 0x00FA, 0x008A, 
0x00FE, 0x0097, 0x013E, 0x00AC, 0x00C3, 0x00A8, 0x0105, 0x0184, 0x019C, 0x0036, 0x01B0, 0x00C3, 0x00FE, 0x0109, 0x0168, 0x0109, 
0x00C3, 0x005B, 0x0015, 0x002D, 0x0085, 0x002D, 0x005B, 0x00C7, 0x012C, 0x0171, 0x010C, 0x00B7, 0x00FA, 0x0125, 0x0073, 0x0001, 
0x01B0, 0x0073, 0x019C, 0x0015, 0x004F, 0x0073, 0x005B, 0x0097, 0x008A, 0x0036, 0x0184, 0x0040, 0x0040, 0x012C, 0x0105, 0x0127, 
0x0036, 0x004F, 0x0162, 0x017B, 0x008A, 0x00AC, 0x0085, 0x0171, 0x0171, 0x002D, 0x017B, 0x0127, 0x011A, 0x0156, 0x013E, 0x0162, 
0x019C, 0x0015, 0x013E, 0x0001, 0x01B0, 0x013E, 0x008C, 0x00B7, 0x00FA, 0x00A5, 0x0040, 0x0085, 0x00EA, 0x0156, 0x0184, 0x012C, 
0x0184, 0x019C, 0x0156, 0x00EE, 0x00A8, 0x0049, 0x00A8, 0x00B3, 0x00EE, 0x0001, 0x017B, 0x0015, 0x002D, 0x00AC, 0x0109, 0x00EE, 
0x0105, 0x0073, 0x011A, 0x00B3, 0x0127, 0x00B7, 0x00C6, 0x019C, 0x0125, 0x00EB, 0x019C, 0x0094, 0x00B3, 0x011A, 0x01A9, 0x0008, 
0x00A8, 0x01B0, 0x0127, 0x00A8, 0x01B0, 0x008A, 0x004F, 0x0085, 0x00C3, 0x01A9, 0x00EA, 0x0073, 0x004D, 0x011A, 0x0162, 0x00C7, 
0x00C3, 0x0001, 0x017B, 0x0049, 0x00A8, 0x011D, 0x01A9, 0x00B7, 0x00A5, 0x0168, 0x004F, 0x011D, 0x008A, 0x00B7, 0x0049, 0x013E, 
0x00AC, 0x0073, 0x002D, 0x00A8, 0x0008, 0x004F, 0x0168, 0x00FE, 0x00AC, 0x0164, 0x005B, 0x008C, 0x00A5, 0x0040, 0x00B3, 0x0164, 
0x013E, 0x0125, 0x0171, 0x00EE, 0x01A9, 0x0168, 0x01A9, 0x004F, 0x00C6, 0x00A8, 0x008C, 0x0085, 0x005B, 0x005B, 0x0105, 0x0097, 
0x0097, 0x00FA, 0x0171, 0x0156, 0x011A, 0x00A5, 0x00EE, 0x004D, 0x017B, 0x00EB, 0x0168, 0x0094, 0x00C7, 0x0097, 0x004D, 0x004F, 
0x00FE, 0x00B7, 0x0085, 0x019C, 0x00B3, 0x00B7, 0x0171, 0x0097, 0x00C7, 0x0184, 0x00FE, 0x0164, 0x0127, 0x010C, 0x0156, 0x00EA, 
0x008A, 0x010C, 0x00AC, 0x0184, 0x0094, 0x01A9, 0x0125, 0x00C7, 0x00C7, 0x017B, 0x00C6, 0x00AC, 0x00A5, 0x00C3, 0x0125, 0x00EE, 
0x00FA, 0x0171, 0x008A, 0x012C, 0x019C, 0x011D, 0x013E, 0x0094, 0x0125, 0x012C, 0x011D, 0x004D, 0x0105, 0x0164, 0x010C, 0x01B0, 
0x00EB, 0x012C, 0x017B, 0x0184, 0x00EB, 0x00A8, 0x0164, 0x0168, 0x01A9, 0x00EB, 0x0001, 0x00A5, 0x002D, 0x0036, 0x0171, 0x0036, 
0x0015, 0x00C7, 0x0162, 0x0156, 0x0125, 0x0049, 0x00B3, 0x00EB, 0x0001, 0x0089, 0x00A1, 0x0096, 0x0044, 0x0197, 0x00CC, 0x00C7, 
0x0176, 0x00DF, 0x0110, 0x014F, 0x00A4, 0x00EC, 0x007B, 0x01A1, 0x014F, 0x0090, 0x0058, 0x00F1, 0x0171, 0x001A, 0x00A9, 0x01AE, 
0x0126, 0x0181, 0x001B, 0x0122, 0x0044, 0x018D, 0x00D3, 0x0196, 0x003B, 0x01AE, 0x0010, 0x00F3, 0x0118, 0x016D, 0x01A8, 0x006D, 
0x001A, 0x0145, 0x009E, 0x0062, 0x013E, 0x00CC, 0x008F, 0x0016, 0x0030, 0x0009, 0x00F3, 0x0160, 0x01A8, 0x00EB, 0x0136, 0x0147, 
0x0138, 0x00DF, 0x0032, 0x0108, 0x006A, 0x0149, 0x0058, 0x00C6, 0x0147, 0x0121, 0x0113, 0x0016, 0x016B, 0x001B, 0x00C0, 0x017F, 
0x0040, 0x0100, 0x0089, 0x00D2, 0x0040, 0x0042, 0x01B0, 0x00D3, 0x0011, 0x0062, 0x0068, 0x0167, 0x0108, 0x01AD, 0x007B, 0x0003, 
0x010A, 0x010A, 0x0073, 0x00EC, 0x00C5, 0x006A, 0x0163, 0x01A0, 0x009E, 0x0051, 0x0196, 0x016F, 0x000C, 0x017F, 0x00A7, 0x00A1, 
0x019B, 0x0042, 0x000C, 0x0099, 0x0181, 0x0024, 0x0030, 0x00C8, 0x0029, 0x0136, 0x00EA, 0x00F1, 0x011B, 0x0163, 0x0167, 0x00E5, 
0x0176, 0x00E9, 0x0121, 0x0029, 0x004A, 0x016D, 0x00B1, 0x0118, 0x0144, 0x00C8, 0x0113, 0x00BE, 0x00C7, 0x0004, 0x0068, 0x01A0, 
0x0128, 0x0171, 0x0033, 0x00EB, 0x004A, 0x0144, 0x0009, 0x004E, 0x0126, 0x006C, 0x016F, 0x01B0, 0x00DE, 0x0096, 0x00B3, 0x00C0, 
0x0099, 0x006C, 0x003B, 0x017E, 0x0145, 0x0128, 0x011B, 0x0149, 0x010D, 0x00A4, 0x0188, 0x0003, 0x0073, 0x0188, 0x01A1, 0x00FE, 
0x0032, 0x00E5, 0x0004, 0x013E, 0x0079, 0x018D, 0x00DE, 0x019B, 0x0100, 0x0046, 0x0001, 0x0046, 0x00D2, 0x00A7, 0x00B3, 0x0122, 
0x01A5, 0x008F, 0x00BE, 0x00E9, 0x0138, 0x008B, 0x0090, 0x010D, 0x00C5, 0x01AD, 0x00FE, 0x0110, 0x008B, 0x00C6, 0x00EA, 0x0033, 
0x006D, 0x0159, 0x0010, 0x004E, 0x0024, 0x016B, 0x01A5, 0x0197, 0x0079, 0x0011, 0x0051, 0x017E, 0x00A9, 0x0159, 0x0160, 0x00B1, 
0x00B1, 0x0160, 0x0159, 0x00A9, 0x017E, 0x0051, 0x0011, 0x0079, 0x0197, 0x01A5, 0x016B, 0x0024, 0x004E, 0x0010, 0x0159, 0x006D, 
0x0033, 0x00EA, 0x00C6, 0x008B, 0x0110, 0x00FE, 0x01AD, 0x00C5, 0x010D, 0x0090, 0x008B, 0x0138, 0x00E9, 0x00BE, 0x008F, 0x01A5, 
0x0122, 0x00B3, 0x00A7, 0x00D2, 0x0046, 0x0001, 0x0046, 0x0100, 0x019B, 0x00DE, 0x018D, 0x0079, 0x013E, 0x0004, 0x00E5, 0x0032, 
0x00FE, 0x01A1, 0x0188, 0x0073, 0x0003, 0x0188, 0x00A4, 0x010D, 0x0149, 0x011B, 0x0128, 0x0145, 0x017E, 0x003B, 0x006C, 0x0099, 
0x00C0, 0x00B3, 0x0096, 0x00DE, 0x01B0, 0x016F, 0x006C, 0x0126, 0x004E, 0x0009, 0x0144, 0x004A, 0x00EB, 0x0033, 0x0171, 0x0128, 
0x01A0, 0x0068, 0x0004, 0x00C7, 0x00BE, 0x0113, 0x00C8, 0x0144, 0x0118, 0x00B1, 0x016D, 0x004A, 0x0029, 0x0121, 0x00E9, 0x0176, 
0x00E5, 0x0167, 0x0163, 0x011B, 0x00F1, 0x00EA, 0x0136, 0x0029, 0x00C8, 0x0030, 0x0024, 0x0181, 0x0099, 0x000C, 0x0042, 0x019B, 
0x00A1, 0x00A7, 0x017F, 0x000C, 0x016F, 0x0196, 0x0051, 0x009E, 0x01A0, 0x0163, 0x006A, 0x00C5, 0x00EC, 0x0073, 0x010A, 0x010A, 
0x0003, 0x007B, 0x01AD, 0x0108, 0x0167, 0x0068, 0x0062, 0x0011, 0x00D3, 0x01B0, 0x0042, 0x0040, 0x00D2, 0x0089, 0x0100, 0x0040, 
0x017F, 0x00C0, 0x001B, 0x016B, 0x0016, 0x0113, 0x0121, 0x0147, 0x00C6, 0x0058, 0x0149, 0x006A, 0x0108, 0x0032, 0x00DF, 0x0138, 
0x0147, 0x0136, 0x00EB, 0x01A8, 0x0160, 0x00F3, 0x0009, 0x0030, 0x0016, 0x008F, 0x00CC, 0x013E, 0x0062, 0x009E, 0x0145, 0x001A, 
0x006D, 0x01A8, 0x016D, 0x0118, 0x00F3, 0x0010, 0x01AE, 0x003B, 0x0196, 0x00D3, 0x018D, 0x0044, 0x0122, 0x001B, 0x0181, 0x0126, 
0x01AE, 0x00A9, 0x001A, 0x0171, 0x00F1, 0x0058, 0x0090, 0x014F, 0x01A1, 0x007B, 0x00EC, 0x00A4, 0x014F, 0x0110, 0x00DF, 0x0176, 
0x00C7, 0x00CC, 0x0197, 0x0044, 0x0096, 0x00A1, 0x0001, 0x0112, 0x0032, 0x00A7, 0x0154, 0x0115, 0x0081, 0x0125, 0x014F, 0x0041, 
0x018A, 0x007B, 0x0190, 0x0111, 0x0071, 0x00B1, 0x0042, 0x01AB, 0x0175, 0x0039, 0x0184, 0x008B, 0x01A7, 0x0169, 0x01A6, 0x0033, 
0x0128, 0x0146, 0x00F0, 0x00DB, 0x002E, 0x0002, 0x00D7, 0x014B, 0x007F, 0x0058, 0x0191, 0x000E, 0x0052, 0x001E, 0x00C8, 0x00E3, 
0x012B, 0x019F, 0x0015, 0x0123, 0x00E2, 0x00BE, 0x00BB, 0x0011, 0x010D, 0x0076, 0x0185, 0x0085, 0x00A3, 0x007E, 0x001F, 0x0179, 
0x0160, 0x00FC, 0x0194, 0x002F, 0x015C, 0x0073, 0x0026, 0x0016, 0x00EF, 0x00C5, 0x016E, 0x009E, 0x00D1, 0x0129, 0x0156, 0x0145, 
0x013C, 0x0174, 0x00A5, 0x0181, 0x0162, 0x01AA, 0x004E, 0x00F2, 0x0195, 0x0117, 0x0165, 0x0059, 0x0135, 0x0108, 0x0124, 0x007D, 
0x0049, 0x003E, 0x0087, 0x0005, 0x0180, 0x0064, 0x00AB, 0x0090, 0x0166, 0x0148, 0x015A, 0x0060, 0x013A, 0x0122, 0x0120, 0x0044, 
0x01A2, 0x0046, 0x018D, 0x003F, 0x0084, 0x013D, 0x012F, 0x010B, 0x0040, 0x00F4, 0x00CB, 0x0142, 0x011F, 0x00C9, 0x00DE, 0x0119, 
0x0029, 0x0141, 0x009D, 0x005C, 0x018C, 0x014E, 0x00E4, 0x0014, 0x0056, 0x018F, 0x0036, 0x0067, 0x00B8, 0x011E, 0x011B, 0x0105, 
0x00A1, 0x01A9, 0x002A, 0x006E, 0x01A5, 0x0197, 0x00C4, 0x00B4, 0x0101, 0x011D, 0x00AA, 0x01A1, 0x00B7, 0x00AD, 0x001B, 0x00B2, 
0x0034, 0x010F, 0x016C, 0x0004, 0x018E, 0x00F7, 0x0009, 0x009B, 0x00F5, 0x003B, 0x0164, 0x007A, 0x0167, 0x00EE, 0x00DF, 0x0189, 
0x00FB, 0x008A, 0x0095, 0x00E7, 0x0139, 0x0019, 0x0118, 0x0150, 0x00B3, 0x002B, 0x0153, 0x0054, 0x011A, 0x0065, 0x017A, 0x00B9, 
0x0018, 0x0047, 0x0050, 0x01AE, 0x00E1, 0x0079, 0x015E, 0x005A, 0x00A8, 0x0035, 0x0068, 0x00EA, 0x00EB, 0x00F1, 0x0103, 0x019A, 
0x00D9, 0x0144, 0x0013, 0x012E, 0x0072, 0x00DD, 0x00AF, 0x006A, 0x00CC, 0x000D, 0x003A, 0x00DC, 0x0152, 0x0080, 0x0131, 0x005F, 
0x00D5, 0x0177, 0x01A4, 0x00E5, 0x0147, 0x0102, 0x00D4, 0x013F, 0x0083, 0x019E, 0x006D, 0x00D8, 0x0017, 0x00AE, 0x00C0, 0x00C6, 
0x00C7, 0x0149, 0x017C, 0x0109, 0x0157, 0x0053, 0x0138, 0x00D0, 0x0003, 0x0161, 0x016A, 0x0199, 0x00F8, 0x0037, 0x014C, 0x0097, 
0x015D, 0x005E, 0x0186, 0x00FE, 0x0061, 0x0099, 0x0198, 0x0078, 0x00CA, 0x011C, 0x0127, 0x00B6, 0x0028, 0x00D2, 0x00C3, 0x004A, 
0x0137, 0x004D, 0x0176, 0x00BC, 0x0116, 0x01A8, 0x00BA, 0x0023, 0x01AD, 0x0045, 0x00A2, 0x017D, 0x00FF, 0x0196, 0x0104, 0x00FA, 
0x0010, 0x0107, 0x0094, 0x00B0, 0x00FD, 0x00ED, 0x001A, 0x000C, 0x0143, 0x0187, 0x0008, 0x0110, 0x00AC, 0x0096, 0x0093, 0x00F9, 
0x014A, 0x017B, 0x0022, 0x015B, 0x019D, 0x00CD, 0x0063, 0x0025, 0x0155, 0x0114, 0x0070, 0x0188, 0x0098, 0x00D3, 0x00E8, 0x0092, 
0x006F, 0x00E6, 0x00BD, 0x0171, 0x00A6, 0x0082, 0x0074, 0x012D, 0x0172, 0x0024, 0x016B, 0x000F, 0x016D, 0x0091, 0x008F, 0x0077, 
0x0151, 0x0057, 0x0069, 0x004B, 0x0121, 0x0106, 0x014D, 0x0031, 0x01AC, 0x012A, 0x0173, 0x0168, 0x0134, 0x008D, 0x00A9, 0x007C, 
0x0158, 0x004C, 0x009A, 0x001C, 0x00BF, 0x0163, 0x0007, 0x004F, 0x0030, 0x010C, 0x003D, 0x0075, 0x006C, 0x005B, 0x0088, 0x00E0, 
0x0113, 0x0043, 0x00EC, 0x00C2, 0x019B, 0x018B, 0x013E, 0x0055, 0x0182, 0x001D, 0x00B5, 0x0051, 0x0038, 0x0192, 0x0133, 0x010E, 
0x012C, 0x002C, 0x013B, 0x00A4, 0x01A0, 0x00F6, 0x00F3, 0x00CF, 0x008E, 0x019C, 0x0012, 0x0086, 0x00CE, 0x00E9, 0x0193, 0x015F, 
0x01A3, 0x0020, 0x0159, 0x0132, 0x0066, 0x00DA, 0x01AF, 0x0183, 0x00D6, 0x00C1, 0x006B, 0x0089, 0x017E, 0x000B, 0x0048, 0x000A, 
0x0126, 0x002D, 0x0178, 0x003C, 0x0006, 0x016F, 0x0100, 0x0140, 0x00A0, 0x0021, 0x0136, 0x0027, 0x0170, 0x0062, 0x008C, 0x0130, 
0x009C, 0x005D, 0x010A, 0x017F, 0x0001, 0x0073, 0x0096, 0x00EB, 0x0191, 0x016B, 0x0025, 0x00B3, 0x01A1, 0x00D9, 0x0004, 0x00B1, 
0x0004, 0x0166, 0x018C, 0x00EA, 0x0100, 0x0145, 0x009F, 0x0112, 0x0162, 0x001B, 0x00CB, 0x0004, 0x009E, 0x001B, 0x00C6, 0x0023, 
0x0020, 0x004B, 0x007F, 0x0040, 0x00A7, 0x01AD, 0x0073, 0x0089, 0x0073, 0x0063, 0x00A7, 0x014E, 0x0196, 0x0008, 0x012C, 0x004A, 
0x004F, 0x018C, 0x00E6, 0x001B, 0x0046, 0x01A1, 0x0128, 0x004A, 0x010A, 0x00FE, 0x0131, 0x0080, 0x0023, 0x00D8, 0x01A1, 0x018E, 
0x018C, 0x013C, 0x0112, 0x01B0, 0x0131, 0x0099, 0x01A9, 0x0196, 0x008C, 0x00EB, 0x0075, 0x00A7, 0x011D, 0x00EB, 0x013E, 0x007F, 
0x0094, 0x0099, 0x00FE, 0x0132, 0x0100, 0x0167, 0x0112, 0x0036, 0x0023, 0x0125, 0x0025, 0x011B, 0x0008, 0x01A9, 0x0094, 0x004B, 
0x01AF, 0x0025, 0x006C, 0x004A, 0x0085, 0x0100, 0x0171, 0x0145, 0x0132, 0x010A, 0x012C, 0x011B, 0x016B, 0x0118, 0x007F, 0x00C7, 
0x0196, 0x0002, 0x016B, 0x01AF, 0x0020, 0x0080, 0x01B0, 0x009F, 0x0171, 0x0145, 0x017B, 0x0131, 0x0010, 0x004B, 0x0118, 0x0191, 
0x008C, 0x014E, 0x0040, 0x013E, 0x0191, 0x0002, 0x0008, 0x0113, 0x00FE, 0x017B, 0x009F, 0x0167, 0x00EA, 0x004F, 0x0128, 0x00B3, 
0x0125, 0x0020, 0x0010, 0x0099, 0x0113, 0x012C, 0x006C, 0x00B3, 0x00D8, 0x00C6, 0x0162, 0x013C, 0x00EA, 0x0085, 0x010A, 0x0113, 
0x01A9, 0x00C7, 0x0040, 0x0075, 0x0096, 0x01AD, 0x0063, 0x0096, 0x011D, 0x014E, 0x00C7, 0x0094, 0x0010, 0x0080, 0x0036, 0x0162, 
0x00E6, 0x0166, 0x00D9, 0x0046, 0x00C6, 0x0036, 0x01B0, 0x017B, 0x0132, 0x0085, 0x004F, 0x018E, 0x00D9, 0x00CB, 0x009E, 0x0166, 
0x018E, 0x0128, 0x006C, 0x011B, 0x0002, 0x008C, 0x011D, 0x01AD, 0x0089, 0x0001, 0x0001, 0x0089, 0x0063, 0x0075, 0x013E, 0x0118, 
0x01AF, 0x0125, 0x00D8, 0x0046, 0x00CB, 0x00B1, 0x00B1, 0x009E, 0x00E6, 0x013C, 0x0167, 0x0171, 0x0171, 0x0167, 0x013C, 0x00E6, 
0x009E, 0x00B1, 0x00B1, 0x00CB, 0x0046, 0x00D8, 0x0125, 0x01AF, 0x0118, 0x013E, 0x0075, 0x0063, 0x0089, 0x0001, 0x0001, 0x0089, 
0x01AD, 0x011D, 0x008C, 0x0002, 0x011B, 0x006C, 0x0128, 0x018E, 0x0166, 0x009E, 0x00CB, 0x00D9, 0x018E, 0x004F, 0x0085, 0x0132, 
0x017B, 0x01B0, 0x0036, 0x00C6, 0x0046, 0x00D9, 0x0166, 0x00E6, 0x0162, 0x0036, 0x0080, 0x0010, 0x0094, 0x00C7, 0x014E, 0x011D, 
0x0096, 0x0063, 0x01AD, 0x0096, 0x0075, 0x0040, 0x00C7, 0x01A9, 0x0113, 0x010A, 0x0085, 0x00EA, 0x013C, 0x0162, 0x00C6, 0x00D8, 
0x00B3, 0x006C, 0x012C, 0x0113, 0x0099, 0x0010, 0x0020, 0x0125, 0x00B3, 0x0128, 0x004F, 0x00EA, 0x0167, 0x009F, 0x017B, 0x00FE, 
0x0113, 0x0008, 0x0002, 0x0191, 0x013E, 0x0040, 0x014E, 0x008C, 0x0191, 0x0118, 0x004B, 0x0010, 0x0131, 0x017B, 0x0145, 0x0171, 
0x009F, 0x01B0, 0x0080, 0x0020, 0x01AF, 0x016B, 0x0002, 0x0196, 0x00C7, 0x007F, 0x0118, 0x016B, 0x011B, 0x012C, 0x010A, 0x0132, 
0x0145, 0x0171, 0x0100, 0x0085, 0x004A, 0x006C, 0x0025, 0x01AF, 0x004B, 0x0094, 0x01A9, 0x0008, 0x011B, 0x0025, 0x0125, 0x0023, 
0x0036, 0x0112, 0x0167, 0x0100, 0x0132, 0x00FE, 0x0099, 0x0094, 0x007F, 0x013E, 0x00EB, 0x011D, 0x00A7, 0x0075, 0x00EB, 0x008C, 
0x0196, 0x01A9, 0x0099, 0x0131, 0x01B0, 0x0112, 0x013C, 0x018C, 0x018E, 0x01A1, 0x00D8, 0x0023, 0x0080, 0x0131, 0x00FE, 0x010A, 
0x004A, 0x0128, 0x01A1, 0x0046, 0x001B, 0x00E6, 0x018C, 0x004F, 0x004A, 0x012C, 0x0008, 0x0196, 0x014E, 0x00A7, 0x0063, 0x0073, 
0x0089, 0x0073, 0x01AD, 0x00A7, 0x0040, 0x007F, 0x004B, 0x0020, 0x0023, 0x00C6, 0x001B, 0x009E, 0x0004, 0x00CB, 0x001B, 0x0162, 
0x0112, 0x009F, 0x0145, 0x0100, 0x00EA, 0x018C, 0x0166, 0x0004, 0x00B1, 0x0004, 0x00D9, 0x01A1, 0x00B3, 0x0025, 0x016B, 0x0191, 
0x00EB, 0x0096, 0x0001, 0x00E6, 0x0011, 0x004A, 0x0111, 0x000D, 0x0103, 0x0085, 0x0121, 0x0005, 0x002C, 0x0188, 0x0034, 0x00F9, 
0x0137, 0x0118, 0x0016, 0x00DD, 0x01A7, 0x011C, 0x0049, 0x00A1, 0x0153, 0x0060, 0x0035, 0x010D, 0x0096, 0x0072, 0x003E, 0x0055, 
0x0028, 0x013C, 0x013B, 0x0129, 0x0080, 0x00A9, 0x0166, 0x012A, 0x0012, 0x0172, 0x00C0, 0x0150, 0x0157, 0x00E1, 0x005B, 0x001E, 
0x01A2, 0x01AE, 0x018F, 0x0042, 0x0176, 0x0180, 0x00F2, 0x0125, 0x0141, 0x00F0, 0x0107, 0x0194, 0x0163, 0x0041, 0x0155, 0x006B, 
0x0177, 0x0171, 0x0154, 0x008B, 0x014A, 0x0149, 0x0086, 0x01AD, 0x0050, 0x014D, 0x0015, 0x0046, 0x0023, 0x007E, 0x008A, 0x00F3, 
0x0094, 0x00E8, 0x0181, 0x01AB, 0x00E2, 0x00CE, 0x0179, 0x0054, 0x00BC, 0x00DF, 0x0117, 0x0092, 0x002D, 0x0195, 0x00F7, 0x000E, 
0x012D, 0x00B0, 0x0158, 0x0197, 0x009F, 0x0019, 0x00A3, 0x011E, 0x009D, 0x01A5, 0x000B, 0x00EC, 0x00A6, 0x0113, 0x0058, 0x00DC, 
0x0018, 0x00D1, 0x0098, 0x012F, 0x013E, 0x0102, 0x0132, 0x00F6, 0x0045, 0x00E4, 0x00CC, 0x0039, 0x00E9, 0x016A, 0x00B4, 0x0053, 
0x014E, 0x0002, 0x00CA, 0x0104, 0x00B6, 0x0169, 0x0008, 0x007D, 0x00F8, 0x0148, 0x0010, 0x004D, 0x0009, 0x017B, 0x00B2, 0x00D6, 
0x007B, 0x017E, 0x0027, 0x0043, 0x0120, 0x004F, 0x008E, 0x0100, 0x00C3, 0x0192, 0x0128, 0x0083, 0x005F, 0x0021, 0x002B, 0x010A, 
0x00D9, 0x0065, 0x014F, 0x00DA, 0x0074, 0x0160, 0x0105, 0x0014, 0x0145, 0x00B7, 0x006A, 0x006E, 0x008D, 0x010C, 0x0183, 0x0175, 
0x0130, 0x00C4, 0x0196, 0x0056, 0x00FE, 0x00EF, 0x018B, 0x0187, 0x00A8, 0x0037, 0x0135, 0x0057, 0x0066, 0x00BD, 0x0139, 0x017F, 
0x0115, 0x00D3, 0x0182, 0x013A, 0x0097, 0x0052, 0x008F, 0x00C6, 0x00C7, 0x0079, 0x019E, 0x00FC, 0x0025, 0x018D, 0x0017, 0x00AB, 
0x0071, 0x010F, 0x01AA, 0x016D, 0x006D, 0x009B, 0x003D, 0x004C, 0x006F, 0x0020, 0x0191, 0x0142, 0x0165, 0x0174, 0x0116, 0x0144, 
0x0044, 0x0007, 0x00A2, 0x0140, 0x0106, 0x019A, 0x0024, 0x018C, 0x00B5, 0x0013, 0x0138, 0x00EA, 0x00EB, 0x0122, 0x015F, 0x011A, 
0x0077, 0x002F, 0x00DE, 0x009C, 0x0032, 0x0078, 0x00F4, 0x014B, 0x015A, 0x007C, 0x017A, 0x0109, 0x002A, 0x0026, 0x00C2, 0x00B3, 
0x015B, 0x001B, 0x00ED, 0x0081, 0x003C, 0x002E, 0x00A5, 0x0124, 0x0143, 0x0147, 0x00FA, 0x006C, 0x019D, 0x00AC, 0x0051, 0x013D, 
0x00D7, 0x0062, 0x014C, 0x00D8, 0x00A7, 0x0186, 0x0190, 0x0152, 0x012E, 0x0089, 0x001F, 0x00EE, 0x00B1, 0x0123, 0x0162, 0x0091, 
0x016E, 0x018A, 0x0033, 0x0136, 0x00DB, 0x00FF, 0x0036, 0x01A8, 0x0164, 0x01A1, 0x0069, 0x00B9, 0x0134, 0x01A9, 0x0048, 0x00FB, 
0x00AD, 0x00E7, 0x01AF, 0x0063, 0x015E, 0x00FD, 0x0047, 0x00C8, 0x0178, 0x00E5, 0x00CD, 0x016C, 0x00BB, 0x007F, 0x00AF, 0x0073, 
0x0082, 0x0119, 0x00E0, 0x0199, 0x00D5, 0x0159, 0x009E, 0x010B, 0x00C5, 0x01A6, 0x000C, 0x0114, 0x0093, 0x010E, 0x0198, 0x0112, 
0x001A, 0x0059, 0x0101, 0x0084, 0x01A3, 0x00BA, 0x001C, 0x0184, 0x011F, 0x009A, 0x00D2, 0x00F5, 0x015D, 0x0038, 0x00E3, 0x00CF, 
0x0006, 0x0030, 0x00C9, 0x011D, 0x00BE, 0x0127, 0x0133, 0x018E, 0x016B, 0x019C, 0x0064, 0x0161, 0x0004, 0x012B, 0x0068, 0x0067, 
0x0126, 0x005D, 0x0040, 0x003A, 0x0146, 0x005C, 0x0170, 0x004E, 0x001D, 0x00AA, 0x00C1, 0x0070, 0x008C, 0x00BF, 0x0031, 0x003B, 
0x016F, 0x0022, 0x0003, 0x000F, 0x0193, 0x0156, 0x00D0, 0x005A, 0x0061, 0x00F1, 0x003F, 0x019F, 0x0087, 0x004B, 0x0108, 0x0131, 
0x0088, 0x0076, 0x0075, 0x0189, 0x015C, 0x0173, 0x013F, 0x011B, 0x00A4, 0x017C, 0x0151, 0x005E, 0x0110, 0x0168, 0x0095, 0x000A, 
0x00D4, 0x019B, 0x0099, 0x007A, 0x00B8, 0x017D, 0x0029, 0x0185, 0x01AC, 0x0090, 0x012C, 0x00AE, 0x01A4, 0x00A0, 0x0167, 0x01A0, 
0x0001, 0x001B, 0x0033, 0x0128, 0x0042, 0x004E, 0x0051, 0x00C6, 0x0003, 0x0032, 0x0033, 0x0176, 0x00F3, 0x0016, 0x014F, 0x0096, 
0x0176, 0x0051, 0x00F3, 0x0033, 0x00EA, 0x004E, 0x0003, 0x008B, 0x001A, 0x0042, 0x0099, 0x00A1, 0x0042, 0x0181, 0x0176, 0x0099, 
0x0003, 0x008B, 0x0096, 0x0016, 0x0100, 0x0042, 0x010D, 0x004E, 0x004E, 0x0100, 0x001B, 0x0176, 0x00C6, 0x0051, 0x00A1, 0x0121, 
0x0042, 0x010D, 0x0016, 0x0032, 0x010D, 0x00EA, 0x014F, 0x0011, 0x010D, 0x0032, 0x00A1, 0x0003, 0x0011, 0x008B, 0x00F3, 0x00EA, 
0x0011, 0x0051, 0x001B, 0x0121, 0x0099, 0x0099, 0x0033, 0x00A1, 0x00EA, 0x01A1, 0x001B, 0x0032, 0x00EA, 0x014F, 0x0001, 0x0176, 
0x0009, 0x0176, 0x008B, 0x01A1, 0x0003, 0x0128, 0x014F, 0x008B, 0x0096, 0x0096, 0x00C6, 0x0016, 0x0016, 0x0011, 0x0011, 0x0009, 
0x001B, 0x0032, 0x0099, 0x014F, 0x0009, 0x00A1, 0x0096, 0x0033, 0x0121, 0x014F, 0x0009, 0x0100, 0x0042, 0x0181, 0x0042, 0x001A, 
0x0121, 0x014F, 0x00C6, 0x0033, 0x0128, 0x0011, 0x01A1, 0x0051, 0x0003, 0x001A, 0x0051, 0x0121, 0x01A1, 0x0042, 0x01A1, 0x0100, 
0x004E, 0x001A, 0x001B, 0x0016, 0x00C6, 0x0128, 0x008B, 0x0009, 0x001B, 0x00EA, 0x0181, 0x00EA, 0x01A1, 0x004E, 0x010D, 0x0011, 
0x001A, 0x0100, 0x014F, 0x0001, 0x0176, 0x0128, 0x0001, 0x0033, 0x0100, 0x0100, 0x0003, 0x0181, 0x0100, 0x001B, 0x0128, 0x008B, 
0x00F3, 0x00F3, 0x0121, 0x008B, 0x00C6, 0x0121, 0x0096, 0x0001, 0x00A1, 0x0051, 0x0128, 0x00C6, 0x010D, 0x0181, 0x0176, 0x0121, 
0x01A1, 0x0099, 0x0001, 0x0099, 0x0032, 0x0096, 0x0001, 0x00A1, 0x0009, 0x00A1, 0x0016, 0x001A, 0x010D, 0x001A, 0x0051, 0x00F3, 
0x0016, 0x0128, 0x0001, 0x0033, 0x001A, 0x00EA, 0x00C6, 0x0181, 0x004E, 0x00F3, 0x0096, 0x0011, 0x0181, 0x0099, 0x0009, 0x004E, 
0x010D, 0x0009, 0x0032, 0x0181, 0x0003, 0x00F3, 0x0032, 0x01A1, 0x01A1, 0x0032, 0x00F3, 0x0003, 0x0181, 0x0032, 0x0009, 0x010D, 
0x004E, 0x0009, 0x0099, 0x0181, 0x0011, 0x0096, 0x00F3, 0x004E, 0x0181, 0x00C6, 0x00EA, 0x001A, 0x0033, 0x0001, 0x0128, 0x0016, 
0x00F3, 0x0051, 0x001A, 0x010D, 0x001A, 0x0016, 0x00A1, 0x0009, 0x00A1, 0x0001, 0x0096, 0x0032, 0x0099, 0x0001, 0x0099, 0x01A1, 
0x0121, 0x0176, 0x0181, 0x010D, 0x00C6, 0x0128, 0x0051, 0x00A1, 0x0001, 0x0096, 0x0121, 0x00C6, 0x008B, 0x0121, 0x00F3, 0x00F3, 
0x008B, 0x0128, 0x001B, 0x0100, 0x0181, 0x0003, 0x0100, 0x0100, 0x0033, 0x0001, 0x0128, 0x0176, 0x0001, 0x014F, 0x0100, 0x001A, 
0x0011, 0x010D, 0x004E, 0x01A1, 0x00EA, 0x0181, 0x00EA, 0x001B, 0x0009, 0x008B, 0x0128, 0x00C6, 0x0016, 0x001B, 0x001A, 0x004E, 
0x0100, 0x01A1, 0x0042, 0x01A1, 0x0121, 0x0051, 0x001A, 0x0003, 0x0051, 0x01A1, 0x0011, 0x0128, 0x0033, 0x00C6, 0x014F, 0x0121, 
0x001A, 0x0042, 0x0181, 0x0042, 0x0100, 0x0009, 0x014F, 0x0121, 0x0033, 0x0096, 0x00A1, 0x0009, 0x014F, 0x0099, 0x0032, 0x001B, 
0x0009, 0x0011, 0x0011, 0x0016, 0x0016, 0x00C6, 0x0096, 0x0096, 0x008B, 0x014F, 0x0128, 0x0003, 0x01A1, 0x008B, 0x0176, 0x0009, 
0x0176, 0x0001, 0x014F, 0x00EA, 0x0032, 0x001B, 0x01A1, 0x00EA, 0x00A1, 0x0033, 0x0099, 0x0099, 0x0121, 0x001B, 0x0051, 0x0011, 
0x00EA, 0x00F3, 0x008B, 0x0011, 0x0003, 0x00A1, 0x0032, 0x010D, 0x0011, 0x014F, 0x00EA, 0x010D, 0x0032, 0x0016, 0x010D, 0x0042, 
0x0121, 0x00A1, 0x0051, 0x00C6, 0x0176, 0x001B, 0x0100, 0x004E, 0x004E, 0x010D, 0x0042, 0x0100, 0x0016, 0x0096, 0x008B, 0x0003, 
0x0099, 0x0176, 0x0181, 0x0042, 0x00A1, 0x0099, 0x0042, 0x001A, 0x008B, 0x0003, 0x004E, 0x00EA, 0x0033, 0x00F3, 0x0051, 0x0176, 
0x0096, 0x014F, 0x0016, 0x00F3, 0x0176, 0x0033, 0x0032, 0x0003, 0x00C6, 0x0051, 0x004E, 0x0042, 0x0128, 0x0033, 0x0001, 0x0036, 
0x0099, 0x013E, 0x014A, 0x0023, 0x0086, 0x011D, 0x001B, 0x0043, 0x0080, 0x009E, 0x0080, 0x0134, 0x0106, 0x00EB, 0x0128, 0x009F, 
0x011F, 0x009A, 0x0097, 0x01A1, 0x0045, 0x0131, 0x00D9, 0x01A1, 0x00EA, 0x00B2, 0x00B6, 0x0124, 0x0150, 0x0085, 0x0063, 0x018C, 
0x0036, 0x0167, 0x017B, 0x0157, 0x0063, 0x0059, 0x00A7, 0x0168, 0x0127, 0x0002, 0x00FA, 0x0106, 0x00CE, 0x0010, 0x00CB, 0x001B, 
0x0100, 0x0002, 0x0191, 0x004F, 0x00EF, 0x0056, 0x00B2, 0x012E, 0x0196, 0x00B4, 0x00AB, 0x0187, 0x009A, 0x00FE, 0x00EF, 0x0096, 
0x004D, 0x00A7, 0x00A5, 0x013E, 0x009D, 0x014E, 0x00C3, 0x0073, 0x0125, 0x0150, 0x0109, 0x0096, 0x004F, 0x002B, 0x0128, 0x0166, 
0x0117, 0x0184, 0x00FF, 0x0156, 0x0086, 0x006C, 0x0168, 0x004D, 0x0109, 0x0124, 0x013A, 0x012B, 0x013C, 0x01AF, 0x0015, 0x0089, 
0x01A9, 0x009F, 0x002B, 0x0191, 0x0127, 0x006C, 0x0023, 0x0004, 0x0061, 0x0171, 0x010A, 0x015D, 0x018E, 0x013A, 0x00B6, 0x0056, 
0x00FE, 0x011F, 0x01A9, 0x0112, 0x0105, 0x00C2, 0x016B, 0x008D, 0x0004, 0x014A, 0x00A5, 0x0059, 0x0085, 0x0125, 0x0067, 0x015D, 
0x0049, 0x0132, 0x0162, 0x0105, 0x0092, 0x0166, 0x00EB, 0x00FA, 0x0100, 0x011D, 0x0156, 0x00FB, 0x016B, 0x011B, 0x0132, 0x008A, 
0x013C, 0x0094, 0x012E, 0x00EA, 0x0097, 0x0187, 0x00C6, 0x0015, 0x0020, 0x0132, 0x0164, 0x0171, 0x012C, 0x009D, 0x0099, 0x018C, 
0x0157, 0x0118, 0x00C3, 0x0158, 0x0171, 0x00A8, 0x016B, 0x015B, 0x0184, 0x011A, 0x00CE, 0x0134, 0x0043, 0x00CB, 0x00C7, 0x0184, 
0x00B3, 0x0105, 0x0186, 0x0015, 0x00B7, 0x00B4, 0x016E, 0x0045, 0x00D9, 0x007D, 0x00B4, 0x00B1, 0x013C, 0x0145, 0x015D, 0x010C, 
0x00C3, 0x0025, 0x0167, 0x0001, 0x01B0, 0x0167, 0x005A, 0x009D, 0x008C, 0x0004, 0x0077, 0x0156, 0x0083, 0x00CB, 0x016C, 0x009E, 
0x009E, 0x00D8, 0x00CE, 0x002A, 0x0166, 0x0008, 0x01A9, 0x004B, 0x0187, 0x00E3, 0x00D9, 0x0113, 0x0113, 0x0045, 0x00E6, 0x012E, 
0x005B, 0x013A, 0x01AD, 0x0125, 0x0114, 0x0157, 0x004A, 0x0001, 0x01B0, 0x004A, 0x018C, 0x00EE, 0x00A5, 0x0054, 0x006C, 0x0075, 
0x0100, 0x00FD, 0x0134, 0x00D8, 0x016C, 0x0043, 0x00FD, 0x00FA, 0x019C, 0x002B, 0x00AC, 0x00FE, 0x002D, 0x00EA, 0x00E6, 0x016E, 
0x007D, 0x00E3, 0x0097, 0x002D, 0x0056, 0x0046, 0x0109, 0x0040, 0x0059, 0x00EE, 0x0099, 0x005A, 0x0025, 0x0118, 0x0114, 0x0085, 
0x0040, 0x004D, 0x007F, 0x0191, 0x019C, 0x00EB, 0x002A, 0x011A, 0x00C7, 0x0083, 0x011D, 0x0075, 0x0127, 0x007F, 0x0096, 0x0046, 
0x00B6, 0x005B, 0x0094, 0x00B1, 0x00B7, 0x00C6, 0x004B, 0x011F, 0x00AC, 0x004F, 0x007F, 0x0168, 0x0054, 0x014A, 0x008C, 0x012C, 
0x0158, 0x010C, 0x0067, 0x01AD, 0x0124, 0x0046, 0x00EF, 0x00AC, 0x009F, 0x0008, 0x0092, 0x00B3, 0x015B, 0x00FB, 0x0077, 0x0023, 
0x0054, 0x00A7, 0x0040, 0x0150, 0x01AD, 0x018E, 0x0145, 0x008A, 0x0020, 0x0186, 0x0112, 0x0008, 0x0128, 0x019C, 0x0002, 0x0075, 
0x0086, 0x0077, 0x008D, 0x00A8, 0x0164, 0x0049, 0x0145, 0x012B, 0x005B, 0x00B2, 0x002D, 0x009A, 0x004B, 0x0089, 0x0186, 0x0162, 
0x011B, 0x00A8, 0x0061, 0x008C, 0x013E, 0x00EE, 0x0063, 0x0114, 0x0073, 0x010C, 0x010A, 0x0164, 0x011B, 0x00C2, 0x00B3, 0x0117, 
0x002A, 0x0106, 0x00FD, 0x001B, 0x0083, 0x00FF, 0x015B, 0x00C2, 0x0162, 0x0020, 0x01AF, 0x00B1, 0x0196, 0x00E6, 0x01A1, 0x00E3, 
0x00AB, 0x00B7, 0x01AF, 0x008A, 0x0049, 0x010A, 0x0158, 0x014E, 0x005A, 0x0036, 0x004A, 0x017B, 0x0025, 0x014E, 0x012C, 0x0061, 
0x008D, 0x00FB, 0x00FF, 0x00C7, 0x0010, 0x00D8, 0x0080, 0x016C, 0x0010, 0x011A, 0x0117, 0x0092, 0x0112, 0x0089, 0x00C6, 0x00AB, 
0x007D, 0x0131, 0x0113, 0x0131, 0x016E, 0x0196, 0x0094, 0x012B, 0x018E, 0x0067, 0x0073, 0x0118, 0x0001, 0x006C, 0x001A, 0x0196, 
0x015F, 0x00D2, 0x0048, 0x0073, 0x00F3, 0x00ED, 0x006D, 0x00A4, 0x016D, 0x019F, 0x0021, 0x0128, 0x010D, 0x0108, 0x0101, 0x0031, 
0x008C, 0x0051, 0x0120, 0x0188, 0x00E5, 0x0011, 0x0100, 0x00DD, 0x0052, 0x0064, 0x0018, 0x0167, 0x00EC, 0x0029, 0x009E, 0x016F, 
0x00A7, 0x002C, 0x018D, 0x0060, 0x0160, 0x018E, 0x0080, 0x0058, 0x01A9, 0x0169, 0x009C, 0x014F, 0x01A5, 0x0033, 0x0042, 0x0068, 
0x0024, 0x0171, 0x009B, 0x0035, 0x00BB, 0x00C4, 0x008B, 0x0198, 0x0027, 0x01AB, 0x00B0, 0x00EB, 0x017C, 0x0176, 0x018C, 0x0062, 
0x007F, 0x00B1, 0x0142, 0x00E9, 0x017B, 0x011B, 0x0145, 0x01A6, 0x0036, 0x0009, 0x00B3, 0x0199, 0x00A1, 0x0159, 0x00D0, 0x0075, 
0x0019, 0x0191, 0x0190, 0x019B, 0x01AF, 0x0002, 0x012C, 0x0012, 0x00BF, 0x018A, 0x008F, 0x00F1, 0x0131, 0x0003, 0x004A, 0x0138, 
0x000D, 0x00C8, 0x004B, 0x0197, 0x00D3, 0x01A8, 0x01A4, 0x0010, 0x01A0, 0x011E, 0x000C, 0x005F, 0x00D7, 0x0116, 0x00C7, 0x0180, 
0x016B, 0x0122, 0x013C, 0x014B, 0x00BE, 0x013B, 0x003B, 0x00DA, 0x0112, 0x0185, 0x0004, 0x010A, 0x0129, 0x0152, 0x0025, 0x007B, 
0x013E, 0x014E, 0x00E1, 0x00C0, 0x0099, 0x0125, 0x004E, 0x0040, 0x009F, 0x0088, 0x017E, 0x0032, 0x00CC, 0x00E6, 0x0079, 0x00FE, 
0x018F, 0x001B, 0x011D, 0x006F, 0x01A1, 0x00CB, 0x00C5, 0x006A, 0x0023, 0x0118, 0x0046, 0x0006, 0x0181, 0x0044, 0x0034, 0x0016, 
0x0085, 0x017D, 0x0089, 0x004F, 0x0126, 0x0066, 0x0063, 0x0008, 0x0084, 0x014D, 0x0022, 0x00DE, 0x0096, 0x00D9, 0x01B0, 0x00D8, 
0x000B, 0x0166, 0x0094, 0x00D4, 0x00A2, 0x0115, 0x0136, 0x0076, 0x00F6, 0x0121, 0x00A9, 0x0030, 0x00F2, 0x0020, 0x0162, 0x0144, 
0x0090, 0x00C6, 0x00EA, 0x0163, 0x0151, 0x0069, 0x0113, 0x017F, 0x0093, 0x0132, 0x010F, 0x00DF, 0x012D, 0x0110, 0x01AE, 0x0147, 
0x0091, 0x0148, 0x0149, 0x01AD, 0x01AD, 0x0149, 0x0148, 0x0091, 0x0147, 0x01AE, 0x0110, 0x012D, 0x00DF, 0x010F, 0x0132, 0x0093, 
0x017F, 0x0113, 0x0069, 0x0151, 0x0163, 0x00EA, 0x00C6, 0x0090, 0x0144, 0x0162, 0x0020, 0x00F2, 0x0030, 0x00A9, 0x0121, 0x00F6, 
0x0076, 0x0136, 0x0115, 0x00A2, 0x00D4, 0x0094, 0x0166, 0x000B, 0x00D8, 0x01B0, 0x00D9, 0x0096, 0x00DE, 0x0022, 0x014D, 0x0084, 
0x0008, 0x0063, 0x0066, 0x0126, 0x004F, 0x0089, 0x017D, 0x0085, 0x0016, 0x0034, 0x0044, 0x0181, 0x0006, 0x0046, 0x0118, 0x0023, 
0x006A, 0x00C5, 0x00CB, 0x01A1, 0x006F, 0x011D, 0x001B, 0x018F, 0x00FE, 0x0079, 0x00E6, 0x00CC, 0x0032, 0x017E, 0x0088, 0x009F, 
0x0040, 0x004E, 0x0125, 0x0099, 0x00C0, 0x00E1, 0x014E, 0x013E, 0x007B, 0x0025, 0x0152, 0x0129, 0x010A, 0x0004, 0x0185, 0x0112, 
0x00DA, 0x003B, 0x013B, 0x00BE, 0x014B, 0x013C, 0x0122, 0x016B, 0x0180, 0x00C7, 0x0116, 0x00D7, 0x005F, 0x000C, 0x011E, 0x01A0, 
0x0010, 0x01A4, 0x01A8, 0x00D3, 0x0197, 0x004B, 0x00C8, 0x000D, 0x0138, 0x004A, 0x0003, 0x0131, 0x00F1, 0x008F, 0x018A, 0x00BF, 
0x0012, 0x012C, 0x0002, 0x01AF, 0x019B, 0x0190, 0x0191, 0x0019, 0x0075, 0x00D0, 0x0159, 0x00A1, 0x0199, 0x00B3, 0x0009, 0x0036, 
0x01A6, 0x0145, 0x011B, 0x017B, 0x00E9, 0x0142, 0x00B1, 0x007F, 0x0062, 0x018C, 0x0176, 0x017C, 0x00EB, 0x00B0, 0x01AB, 0x0027, 
0x0198, 0x008B, 0x00C4, 0x00BB, 0x0035, 0x009B, 0x0171, 0x0024, 0x0068, 0x0042, 0x0033, 0x01A5, 0x014F, 0x009C, 0x0169, 0x01A9, 
0x0058, 0x0080, 0x018E, 0x0160, 0x0060, 0x018D, 0x002C, 0x00A7, 0x016F, 0x009E, 0x0029, 0x00EC, 0x0167, 0x0018, 0x0064, 0x0052, 
0x00DD, 0x0100, 0x0011, 0x00E5, 0x0188, 0x0120, 0x0051, 0x008C, 0x0031, 0x0101, 0x0108, 0x010D, 0x0128, 0x0021, 0x019F, 0x016D, 
0x00A4, 0x006D, 0x00ED, 0x00F3, 0x0073, 0x0048, 0x00D2, 0x015F, 0x0196, 0x001A, 0x0001, 0x00D8, 0x004E, 0x0145, 0x0017, 0x018A, 
0x0047, 0x0036, 0x0016, 0x00CD, 0x014D, 0x00EC, 0x019F, 0x00B5, 0x003E, 0x0196, 0x00F3, 0x01A6, 0x0078, 0x0072, 0x0156, 0x0032, 
0x0081, 0x013B, 0x0060, 0x0009, 0x01A1, 0x007E, 0x00D5, 0x0192, 0x0137, 0x00E6, 0x01AB, 0x005F, 0x014E, 0x00DE, 0x0075, 0x0175, 
0x0148, 0x0178, 0x008F, 0x0106, 0x0134, 0x0198, 0x0049, 0x0098, 0x0194, 0x003B, 0x0116, 0x0181, 0x014F, 0x00D4, 0x00B0, 0x0008, 
0x012A, 0x0172, 0x010B, 0x006E, 0x0197, 0x00E8, 0x00D6, 0x003D, 0x0107, 0x013E, 0x0013, 0x0003, 0x0077, 0x00A9, 0x0067, 0x010A, 
0x015A, 0x0142, 0x0184, 0x009E, 0x007F, 0x001E, 0x0105, 0x010D, 0x011D, 0x00F5, 0x0033, 0x0091, 0x0179, 0x012E, 0x0189, 0x0117, 
0x00A0, 0x00E5, 0x00FF, 0x00B4, 0x0015, 0x0165, 0x000A, 0x00E7, 0x00A2, 0x00BB, 0x008D, 0x0126, 0x018E, 0x0018, 0x000E, 0x0031, 
0x016C, 0x0147, 0x0048, 0x0159, 0x0155, 0x01AD, 0x0138, 0x011C, 0x0021, 0x00F8, 0x002F, 0x0053, 0x0171, 0x017A, 0x0025, 0x000D, 
0x016E, 0x013D, 0x0029, 0x0146, 0x0149, 0x00BA, 0x002B, 0x0055, 0x004B, 0x0112, 0x00D1, 0x00CF, 0x0054, 0x00D7, 0x0125, 0x009D, 
0x0041, 0x0084, 0x00B1, 0x00A5, 0x0011, 0x012C, 0x0150, 0x0104, 0x0044, 0x0110, 0x0088, 0x00EF, 0x0022, 0x0162, 0x0082, 0x0099, 
0x00A8, 0x01A2, 0x0096, 0x0056, 0x00E1, 0x0052, 0x012B, 0x004A, 0x0131, 0x005E, 0x0042, 0x00BF, 0x00F9, 0x0090, 0x0127, 0x001C, 
0x016B, 0x011A, 0x0144, 0x0014, 0x002A, 0x004D, 0x0140, 0x0161, 0x0141, 0x0066, 0x0089, 0x0059, 0x00FE, 0x0157, 0x0103, 0x00CE, 
0x00EE, 0x0026, 0x005D, 0x01AC, 0x017D, 0x0065, 0x00A3, 0x0160, 0x00ED, 0x007B, 0x0177, 0x0092, 0x00B7, 0x011E, 0x00DF, 0x00EA, 
0x00EB, 0x01A5, 0x00BD, 0x01AA, 0x0191, 0x00C0, 0x0102, 0x00FB, 0x00F0, 0x0035, 0x007C, 0x018D, 0x00E9, 0x002C, 0x008E, 0x002E, 
0x009C, 0x0002, 0x01AF, 0x0115, 0x0183, 0x0123, 0x0185, 0x00C8, 0x0024, 0x0135, 0x017C, 0x00C1, 0x00B6, 0x00AF, 0x00F1, 0x0020, 
0x0007, 0x00F4, 0x000C, 0x00C6, 0x00C7, 0x00D2, 0x0093, 0x00FA, 0x011F, 0x003A, 0x0136, 0x00C4, 0x0051, 0x010E, 0x014C, 0x0034, 
0x0005, 0x0154, 0x018B, 0x00C3, 0x00E3, 0x00AE, 0x005A, 0x00B3, 0x0158, 0x0128, 0x014B, 0x0070, 0x0050, 0x0071, 0x0164, 0x0187, 
0x019D, 0x006D, 0x0097, 0x0046, 0x0195, 0x008A, 0x0121, 0x00B8, 0x00F2, 0x016F, 0x0153, 0x0080, 0x0167, 0x0086, 0x015F, 0x00D0, 
0x015B, 0x011B, 0x000F, 0x0109, 0x0118, 0x012F, 0x004F, 0x018F, 0x00C2, 0x0129, 0x00A1, 0x016D, 0x00AD, 0x0061, 0x0085, 0x01A0, 
0x010C, 0x0100, 0x012D, 0x0170, 0x0114, 0x008C, 0x00DA, 0x015D, 0x00E2, 0x00E0, 0x009F, 0x0166, 0x015C, 0x0186, 0x00F7, 0x0068, 
0x006B, 0x0188, 0x0074, 0x0043, 0x01A4, 0x018C, 0x0037, 0x0040, 0x015E, 0x0182, 0x00B9, 0x0190, 0x0095, 0x0079, 0x0004, 0x005C, 
0x0058, 0x0169, 0x006A, 0x0045, 0x0180, 0x01A3, 0x0199, 0x0023, 0x008B, 0x0124, 0x00F6, 0x010F, 0x00CA, 0x01A7, 0x004C, 0x019C, 
0x00FD, 0x00B2, 0x00CC, 0x0111, 0x009A, 0x0028, 0x0083, 0x0038, 0x0120, 0x017E, 0x00BC, 0x0094, 0x00A4, 0x00AC, 0x0193, 0x0132, 
0x0113, 0x002D, 0x006F, 0x0057, 0x00A7, 0x014A, 0x0108, 0x013A, 0x01AE, 0x019E, 0x0073, 0x00AA, 0x0174, 0x00DB, 0x00C9, 0x001A, 
0x0143, 0x00A6, 0x003F, 0x0087, 0x01A9, 0x0101, 0x00DD, 0x0062, 0x0030, 0x009B, 0x0176, 0x001D, 0x0119, 0x0168, 0x0019, 0x007D, 
0x00AB, 0x0122, 0x0039, 0x0069, 0x003C, 0x013C, 0x00D3, 0x0063, 0x0152, 0x0006, 0x00CB, 0x007A, 0x001F, 0x00DC, 0x0133, 0x0010, 
0x01A8, 0x0151, 0x0076, 0x0130, 0x017F, 0x005B, 0x013F, 0x0139, 0x000B, 0x00BE, 0x001B, 0x0173, 0x00FC, 0x0012, 0x00C5, 0x0064, 
0x00E4, 0x019B, 0x017B, 0x016A, 0x0027, 0x019A, 0x006C, 0x0163, 0x0001, 0x01B0, 0x00EA, 0x0001, 0x0073, 0x00C7, 0x0040, 0x01B0, 
0x00C6, 0x013E, 0x00C7, 0x00EA, 0x00C7, 0x0171, 0x0040, 0x0001, 0x00EA, 0x00EB, 0x0073, 0x0073, 0x00FE, 0x00EA, 0x0171, 0x00C7, 
0x00EB, 0x00EA, 0x0001, 0x0040, 0x0073, 0x0171, 0x0073, 0x01B0, 0x00EB, 0x00C7, 0x01B0, 0x00C6, 0x01B0, 0x013E, 0x00EB, 0x013E, 
0x00EA, 0x00B3, 0x00FE, 0x00C7, 0x00FE, 0x0040, 0x0171, 0x00EA, 0x00C7, 0x00C6, 0x00C6, 0x00C7, 0x00EB, 0x01B0, 0x0171, 0x0171, 
0x0040, 0x013E, 0x00C6, 0x0040, 0x0040, 0x013E, 0x0073, 0x0001, 0x0171, 0x00C6, 0x00B3, 0x00EA, 0x00B3, 0x0001, 0x013E, 0x00EB, 
0x00B3, 0x0001, 0x01B0, 0x0073, 0x00B3, 0x00C6, 0x01B0, 0x0073, 0x00EA, 0x00C7, 0x0073, 0x00FE, 0x0040, 0x00B3, 0x0040, 0x00EA, 
0x00B3, 0x00B3, 0x00B3, 0x0171, 0x0040, 0x0040, 0x00EB, 0x00C7, 0x00FE, 0x00EA, 0x01B0, 0x00EB, 0x0073, 0x00EB, 0x00FE, 0x00EA, 
0x00C7, 0x00C6, 0x0073, 0x0001, 0x00EA, 0x0040, 0x00C7, 0x0040, 0x0073, 0x0171, 0x0001, 0x0073, 0x01B0, 0x00EB, 0x00FE, 0x0171, 
0x00C6, 0x0171, 0x00C6, 0x0073, 0x00B3, 0x013E, 0x01B0, 0x01B0, 0x0073, 0x0040, 0x00B3, 0x00EB, 0x01B0, 0x00FE, 0x0073, 0x00C7, 
0x0001, 0x00FE, 0x00C6, 0x01B0, 0x00B3, 0x0073, 0x00C6, 0x00C6, 0x00EB, 0x00FE, 0x00EB, 0x01B0, 0x013E, 0x0001, 0x00FE, 0x013E, 
0x0001, 0x00FE, 0x00EB, 0x00EB, 0x00B3, 0x0001, 0x01B0, 0x013E, 0x00EA, 0x00C7, 0x013E, 0x00EA, 0x00B3, 0x013E, 0x0001, 0x00B3, 
0x00C6, 0x0171, 0x00FE, 0x00FE, 0x0171, 0x0171, 0x013E, 0x00C7, 0x0001, 0x00FE, 0x0001, 0x00FE, 0x0073, 0x00FE, 0x00FE, 0x0040, 
0x013E, 0x0171, 0x00EB, 0x0171, 0x0040, 0x00C6, 0x00EB, 0x00EA, 0x0040, 0x00B3, 0x00B3, 0x00C7, 0x00C6, 0x0001, 0x0001, 0x00C6, 
0x013E, 0x013E, 0x01B0, 0x00C6, 0x0040, 0x00B3, 0x013E, 0x00C7, 0x0171, 0x00EA, 0x00EA, 0x00EB, 0x0171, 0x013E, 0x00C7, 0x01B0, 
0x01B0, 0x00C7, 0x013E, 0x0171, 0x00EB, 0x00EA, 0x00EA, 0x0171, 0x00C7, 0x013E, 0x00B3, 0x0040, 0x00C6, 0x01B0, 0x013E, 0x013E, 
0x00C6, 0x0001, 0x0001, 0x00C6, 0x00C7, 0x00B3, 0x00B3, 0x0040, 0x00EA, 0x00EB, 0x00C6, 0x0040, 0x0171, 0x00EB, 0x0171, 0x013E, 
0x0040, 0x00FE, 0x00FE, 0x0073, 0x00FE, 0x0001, 0x00FE, 0x0001, 0x00C7, 0x013E, 0x0171, 0x0171, 0x00FE, 0x00FE, 0x0171, 0x00C6, 
0x00B3, 0x0001, 0x013E, 0x00B3, 0x00EA, 0x013E, 0x00C7, 0x00EA, 0x013E, 0x01B0, 0x0001, 0x00B3, 0x00EB, 0x00EB, 0x00FE, 0x0001, 
0x013E, 0x00FE, 0x0001, 0x013E, 0x01B0, 0x00EB, 0x00FE, 0x00EB, 0x00C6, 0x00C6, 0x0073, 0x00B3, 0x01B0, 0x00C6, 0x00FE, 0x0001, 
0x00C7, 0x0073, 0x00FE, 0x01B0, 0x00EB, 0x00B3, 0x0040, 0x0073, 0x01B0, 0x01B0, 0x013E, 0x00B3, 0x0073, 0x00C6, 0x0171, 0x00C6, 
0x0171, 0x00FE, 0x00EB, 0x01B0, 0x0073, 0x0001, 0x0171, 0x0073, 0x0040, 0x00C7, 0x0040, 0x00EA, 0x0001, 0x0073, 0x00C6, 0x00C7, 
0x00EA, 0x00FE, 0x00EB, 0x0073, 0x00EB, 0x01B0, 0x00EA, 0x00FE, 0x00C7, 0x00EB, 0x0040, 0x0040, 0x0171, 0x00B3, 0x00B3, 0x00B3, 
0x00EA, 0x0040, 0x00B3, 0x0040, 0x00FE, 0x0073, 0x00C7, 0x00EA, 0x0073, 0x01B0, 0x00C6, 0x00B3, 0x0073, 0x01B0, 0x0001, 0x00B3, 
0x00EB, 0x013E, 0x0001, 0x00B3, 0x00EA, 0x00B3, 0x00C6, 0x0171, 0x0001, 0x0073, 0x013E, 0x0040, 0x0040, 0x00C6, 0x013E, 0x0040, 
0x0171, 0x0171, 0x01B0, 0x00EB, 0x00C7, 0x00C6, 0x00C6, 0x00C7, 0x00EA, 0x0171, 0x0040, 0x00FE, 0x00C7, 0x00FE, 0x00B3, 0x00EA, 
0x013E, 0x00EB, 0x013E, 0x01B0, 0x00C6, 0x01B0, 0x00C7, 0x00EB, 0x01B0, 0x0073, 0x0171, 0x0073, 0x0040, 0x0001, 0x00EA, 0x00EB, 
0x00C7, 0x0171, 0x00EA, 0x00FE, 0x0073, 0x0073, 0x00EB, 0x00EA, 0x0001, 0x0040, 0x0171, 0x00C7, 0x00EA, 0x00C7, 0x013E, 0x00C6, 
0x01B0, 0x0040, 0x00C7, 0x0073, 0x0001, 0x00EA, 0x0001, 0x01AF, 0x010D, 0x0004, 0x008E, 0x0148, 0x000F, 0x01A9, 0x0032, 0x0095, 
0x0018, 0x00D2, 0x01A6, 0x0193, 0x005E, 0x0010, 0x0051, 0x014D, 0x0014, 0x0087, 0x008A, 0x0181, 0x0104, 0x000D, 0x00F6, 0x0016, 
0x001B, 0x003C, 0x0130, 0x00F5, 0x0065, 0x0191, 0x018A, 0x010F, 0x018E, 0x00C8, 0x018C, 0x0189, 0x0048, 0x00A3, 0x0044, 0x009D, 
0x0061, 0x0060, 0x00AC, 0x015A, 0x0017, 0x0197, 0x00E1, 0x0176, 0x008B, 0x0185, 0x014B, 0x017B, 0x0179, 0x0139, 0x00B8, 0x0102, 
0x01A8, 0x0178, 0x0007, 0x00E7, 0x013D, 0x0040, 0x00AA, 0x004E, 0x012E, 0x0144, 0x00E3, 0x0046, 0x003E, 0x0021, 0x004D, 0x004A, 
0x0166, 0x0050, 0x0168, 0x0121, 0x0162, 0x006B, 0x014F, 0x0129, 0x0013, 0x0077, 0x00F4, 0x00EF, 0x0174, 0x00F1, 0x0157, 0x0059, 
0x010C, 0x00AE, 0x0143, 0x0183, 0x00F2, 0x0034, 0x0186, 0x01A0, 0x014E, 0x0076, 0x0165, 0x009B, 0x00B6, 0x0058, 0x006F, 0x00CC, 
0x00B5, 0x006C, 0x0188, 0x0070, 0x0006, 0x00F0, 0x0005, 0x0041, 0x0073, 0x015E, 0x013C, 0x0012, 0x015D, 0x0072, 0x008F, 0x01A3, 
0x006A, 0x0194, 0x0124, 0x00E8, 0x0132, 0x0131, 0x0071, 0x005D, 0x0043, 0x0115, 0x012C, 0x0106, 0x0172, 0x00DA, 0x0089, 0x019C, 
0x00F3, 0x0125, 0x007D, 0x0135, 0x00A9, 0x016F, 0x012D, 0x0117, 0x0152, 0x011D, 0x00B9, 0x0096, 0x00FA, 0x0111, 0x0099, 0x0092, 
0x0035, 0x0120, 0x0187, 0x009E, 0x0112, 0x00DB, 0x0003, 0x00C4, 0x0133, 0x0110, 0x005B, 0x018B, 0x00A7, 0x00C3, 0x0079, 0x017A, 
0x0086, 0x0184, 0x00BA, 0x007A, 0x00E2, 0x0180, 0x00B1, 0x00B4, 0x00B3, 0x00FF, 0x001F, 0x014A, 0x0097, 0x0055, 0x0177, 0x00DC, 
0x00D4, 0x005C, 0x0195, 0x017E, 0x011E, 0x0149, 0x00E4, 0x0056, 0x0109, 0x0022, 0x0024, 0x00C6, 0x00C7, 0x00C5, 0x010B, 0x0098, 
0x00E6, 0x007B, 0x0082, 0x0045, 0x000A, 0x0101, 0x002F, 0x00D3, 0x000C, 0x0019, 0x00E0, 0x0047, 0x015F, 0x00D9, 0x00D8, 0x0052, 
0x016A, 0x00D1, 0x0198, 0x01A5, 0x00DE, 0x0182, 0x00B0, 0x01A7, 0x016C, 0x012F, 0x0136, 0x00CB, 0x0119, 0x00A6, 0x00EC, 0x00EA, 
0x00EB, 0x018D, 0x018F, 0x00A8, 0x015B, 0x00CD, 0x0068, 0x0093, 0x0033, 0x001C, 0x0155, 0x00DD, 0x00D5, 0x003A, 0x015C, 0x011A, 
0x0067, 0x0192, 0x00B2, 0x00FE, 0x00FD, 0x0100, 0x0031, 0x00CF, 0x0137, 0x00F7, 0x002D, 0x012B, 0x0037, 0x0138, 0x00EE, 0x010A, 
0x0026, 0x0156, 0x00A1, 0x007E, 0x00ED, 0x01AE, 0x00D6, 0x009F, 0x0113, 0x002A, 0x0091, 0x017C, 0x011F, 0x0118, 0x00A0, 0x00B7, 
0x011B, 0x00F8, 0x0094, 0x005F, 0x009A, 0x0084, 0x0042, 0x0108, 0x007C, 0x0134, 0x008C, 0x00BE, 0x0015, 0x0128, 0x00D7, 0x003F, 
0x00AB, 0x0085, 0x009C, 0x016E, 0x0154, 0x0140, 0x0080, 0x007F, 0x00C9, 0x008D, 0x001D, 0x0147, 0x000E, 0x0122, 0x013F, 0x0054, 
0x019F, 0x0075, 0x0053, 0x013E, 0x0170, 0x01AC, 0x00C1, 0x01AB, 0x0141, 0x0029, 0x0145, 0x00FC, 0x00E5, 0x0142, 0x0159, 0x00FB, 
0x0116, 0x004C, 0x013B, 0x0063, 0x0011, 0x002B, 0x017D, 0x00BF, 0x002E, 0x006E, 0x0103, 0x00A5, 0x0158, 0x005A, 0x00C0, 0x003D, 
0x00C2, 0x00BD, 0x013A, 0x019E, 0x0088, 0x0062, 0x0146, 0x004F, 0x0090, 0x0049, 0x0161, 0x004B, 0x0167, 0x0164, 0x0190, 0x0173, 
0x016B, 0x00CE, 0x006D, 0x0083, 0x0163, 0x0107, 0x0171, 0x0074, 0x00CA, 0x01AA, 0x0039, 0x0009, 0x00AF, 0x00F9, 0x0078, 0x0038, 
0x0036, 0x0066, 0x002C, 0x0126, 0x003B, 0x00D0, 0x001A, 0x019A, 0x0057, 0x0105, 0x0151, 0x0150, 0x0114, 0x016D, 0x010E, 0x0169, 
0x0028, 0x0025, 0x00E9, 0x0023, 0x00A2, 0x0027, 0x0020, 0x014C, 0x00BC, 0x0081, 0x0175, 0x0196, 0x019B, 0x00BB, 0x01A4, 0x00AD, 
0x0030, 0x0127, 0x012A, 0x019D, 0x0064, 0x0160, 0x01A1, 0x0153, 0x001E, 0x000B, 0x00DF, 0x0199, 0x011C, 0x017F, 0x0008, 0x01A2, 
0x0069, 0x0123, 0x01AD, 0x00A4, 0x0001, 0x01AD, 0x0176, 0x0010, 0x0115, 0x00EC, 0x0069, 0x0171, 0x0011, 0x00BF, 0x0108, 0x0163, 
0x0122, 0x000D, 0x006F, 0x0100, 0x004E, 0x016D, 0x017C, 0x0066, 0x012C, 0x00F3, 0x015F, 0x0138, 0x0058, 0x008B, 0x0128, 0x017D, 
0x009C, 0x01A6, 0x0064, 0x0113, 0x000C, 0x0079, 0x004A, 0x0110, 0x016B, 0x00D4, 0x00D2, 0x0019, 0x00BE, 0x0063, 0x0112, 0x0147, 
0x017B, 0x0148, 0x00D7, 0x0033, 0x00C8, 0x0051, 0x00A1, 0x0136, 0x00DF, 0x0073, 0x0180, 0x00D0, 0x0060, 0x00F2, 0x014F, 0x002C, 
0x01AB, 0x0021, 0x0035, 0x00C7, 0x00E1, 0x0181, 0x013C, 0x017E, 0x004B, 0x0089, 0x0048, 0x00D3, 0x01A9, 0x0118, 0x0004, 0x0012, 
0x0008, 0x001A, 0x00FE, 0x014D, 0x0121, 0x006A, 0x0116, 0x0025, 0x0185, 0x00CB, 0x0142, 0x01A8, 0x00D9, 0x00D8, 0x008C, 0x01A4, 
0x00A2, 0x0006, 0x0029, 0x00E5, 0x009F, 0x0042, 0x009E, 0x006D, 0x0076, 0x00DE, 0x007F, 0x003B, 0x018D, 0x0197, 0x013B, 0x0196, 
0x0126, 0x00C4, 0x00E9, 0x0022, 0x0084, 0x0031, 0x00EB, 0x014B, 0x00A7, 0x0188, 0x018C, 0x0101, 0x01A0, 0x0018, 0x0030, 0x012D, 
0x0080, 0x00DD, 0x0145, 0x0046, 0x0120, 0x018F, 0x0075, 0x00C0, 0x0040, 0x0023, 0x009B, 0x00CC, 0x0096, 0x0085, 0x0003, 0x013E, 
0x0131, 0x0091, 0x0160, 0x0016, 0x0159, 0x0020, 0x0144, 0x00B3, 0x011E, 0x01A1, 0x004F, 0x0169, 0x001B, 0x0191, 0x01A5, 0x0149, 
0x014E, 0x011B, 0x010A, 0x0190, 0x0032, 0x008F, 0x00F6, 0x0009, 0x0125, 0x00BB, 0x00B1, 0x011D, 0x0062, 0x00B0, 0x018E, 0x0036, 
0x0088, 0x000B, 0x0093, 0x0024, 0x0099, 0x01AF, 0x01B0, 0x0002, 0x019F, 0x0132, 0x0162, 0x0034, 0x005F, 0x00DA, 0x00F1, 0x0199, 
0x0151, 0x010D, 0x0044, 0x017F, 0x010F, 0x00E6, 0x0094, 0x00A9, 0x00A4, 0x00EA, 0x00C6, 0x01AE, 0x0198, 0x018A, 0x0167, 0x019B, 
0x00ED, 0x0166, 0x0152, 0x00C5, 0x0129, 0x0090, 0x016F, 0x0068, 0x0052, 0x0027, 0x007B, 0x006C, 0x006C, 0x007B, 0x0027, 0x0052, 
0x0068, 0x016F, 0x0090, 0x0129, 0x00C5, 0x0152, 0x0166, 0x00ED, 0x019B, 0x0167, 0x018A, 0x0198, 0x01AE, 0x00C6, 0x00EA, 0x00A4, 
0x00A9, 0x0094, 0x00E6, 0x010F, 0x017F, 0x0044, 0x010D, 0x0151, 0x0199, 0x00F1, 0x00DA, 0x005F, 0x0034, 0x0162, 0x0132, 0x019F, 
0x0002, 0x01B0, 0x01AF, 0x0099, 0x0024, 0x0093, 0x000B, 0x0088, 0x0036, 0x018E, 0x00B0, 0x0062, 0x011D, 0x00B1, 0x00BB, 0x0125, 
0x0009, 0x00F6, 0x008F, 0x0032, 0x0190, 0x010A, 0x011B, 0x014E, 0x0149, 0x01A5, 0x0191, 0x001B, 0x0169, 0x004F, 0x01A1, 0x011E, 
0x00B3, 0x0144, 0x0020, 0x0159, 0x0016, 0x0160, 0x0091, 0x0131, 0x013E, 0x0003, 0x0085, 0x0096, 0x00CC, 0x009B, 0x0023, 0x0040, 
0x00C0, 0x0075, 0x018F, 0x0120, 0x0046, 0x0145, 0x00DD, 0x0080, 0x012D, 0x0030, 0x0018, 0x01A0, 0x0101, 0x018C, 0x0188, 0x00A7, 
0x014B, 0x00EB, 0x0031, 0x0084, 0x0022, 0x00E9, 0x00C4, 0x0126, 0x0196, 0x013B, 0x0197, 0x018D, 0x003B, 0x007F, 0x00DE, 0x0076, 
0x006D, 0x009E, 0x0042, 0x009F, 0x00E5, 0x0029, 0x0006, 0x00A2, 0x01A4, 0x008C, 0x00D8, 0x00D9, 0x01A8, 0x0142, 0x00CB, 0x0185, 
0x0025, 0x0116, 0x006A, 0x0121, 0x014D, 0x00FE, 0x001A, 0x0008, 0x0012, 0x0004, 0x0118, 0x01A9, 0x00D3, 0x0048, 0x0089, 0x004B, 
0x017E, 0x013C, 0x0181, 0x00E1, 0x00C7, 0x0035, 0x0021, 0x01AB, 0x002C, 0x014F, 0x00F2, 0x0060, 0x00D0, 0x0180, 0x0073, 0x00DF, 
0x0136, 0x00A1, 0x0051, 0x00C8, 0x0033, 0x00D7, 0x0148, 0x017B, 0x0147, 0x0112, 0x0063, 0x00BE, 0x0019, 0x00D2, 0x00D4, 0x016B, 
0x0110, 0x004A, 0x0079, 0x000C, 0x0113, 0x0064, 0x01A6, 0x009C, 0x017D, 0x0128, 0x008B, 0x0058, 0x0138, 0x015F, 0x00F3, 0x012C, 
0x0066, 0x017C, 0x016D, 0x004E, 0x0100, 0x006F, 0x000D, 0x0122, 0x0163, 0x0108, 0x00BF, 0x0011, 0x0171, 0x0069, 0x00EC, 0x0115, 
0x0010, 0x0176, 0x0001, 0x01A9, 0x0100, 0x0040, 0x0056, 0x0075, 0x012E, 0x0162, 0x0099, 0x00B2, 0x0132, 0x016B, 0x0132, 0x00B6, 
0x016E, 0x00C7, 0x001B, 0x004B, 0x0124, 0x0134, 0x00EE, 0x0096, 0x0117, 0x007F, 0x0023, 0x0096, 0x00C6, 0x0114, 0x00C2, 0x0067, 
0x0045, 0x008C, 0x018C, 0x00D9, 0x01A9, 0x010A, 0x0008, 0x0106, 0x018C, 0x0086, 0x01AD, 0x0105, 0x005B, 0x0063, 0x00A8, 0x016E, 
0x0092, 0x011B, 0x0112, 0x0099, 0x01A1, 0x0063, 0x0080, 0x0094, 0x0150, 0x0186, 0x0114, 0x00B4, 0x0118, 0x002A, 0x0043, 0x013A, 
0x0134, 0x00B3, 0x0150, 0x0128, 0x0184, 0x01AD, 0x019C, 0x0040, 0x015D, 0x0025, 0x011A, 0x0171, 0x012C, 0x0045, 0x00B7, 0x0128, 
0x0094, 0x00E3, 0x001B, 0x0020, 0x007D, 0x004D, 0x009D, 0x008A, 0x012E, 0x004A, 0x0105, 0x0184, 0x00B7, 0x0067, 0x0158, 0x0083, 
0x01AF, 0x014E, 0x010C, 0x0196, 0x0036, 0x004B, 0x00E3, 0x0080, 0x005B, 0x004A, 0x0075, 0x0113, 0x016C, 0x0073, 0x0004, 0x0157, 
0x013C, 0x0158, 0x00C2, 0x0186, 0x00B3, 0x0124, 0x0036, 0x0166, 0x0168, 0x0061, 0x006C, 0x014A, 0x0113, 0x0056, 0x019C, 0x0086, 
0x008C, 0x012C, 0x015B, 0x0157, 0x00AC, 0x00E6, 0x011D, 0x0168, 0x008D, 0x0020, 0x00C7, 0x00A8, 0x01A1, 0x0162, 0x008A, 0x00EF, 
0x006C, 0x0089, 0x00E6, 0x0156, 0x01AF, 0x004F, 0x00B4, 0x00C6, 0x00EE, 0x013A, 0x00EA, 0x010C, 0x0131, 0x00E6, 0x002D, 0x0073, 
0x0125, 0x015D, 0x0100, 0x00D9, 0x0106, 0x00B1, 0x011A, 0x012B, 0x0073, 0x00FA, 0x006C, 0x002B, 0x004D, 0x00C3, 0x0092, 0x00B6, 
0x00B2, 0x0112, 0x00EB, 0x004D, 0x00FE, 0x0168, 0x00CE, 0x010C, 0x0109, 0x002A, 0x00FF, 0x0117, 0x0023, 0x00FB, 0x002A, 0x0010, 
0x01AF, 0x0167, 0x0157, 0x0015, 0x011A, 0x00D8, 0x010A, 0x0001, 0x01B0, 0x010A, 0x00AB, 0x015D, 0x0085, 0x0113, 0x0059, 0x008A, 
0x00FD, 0x0112, 0x009A, 0x016B, 0x016B, 0x018E, 0x0092, 0x0077, 0x0020, 0x017B, 0x0036, 0x0191, 0x013A, 0x011F, 0x0023, 0x0046, 
0x0046, 0x0117, 0x009F, 0x00B4, 0x0127, 0x0158, 0x009E, 0x012C, 0x0054, 0x0106, 0x00A7, 0x0001, 0x01B0, 0x00A7, 0x00D9, 0x0097, 
0x019C, 0x005A, 0x004A, 0x0002, 0x01A1, 0x0187, 0x00B6, 0x018E, 0x009A, 0x00B2, 0x0187, 0x00A8, 0x00A5, 0x00E3, 0x0049, 0x00B3, 
0x0164, 0x00C6, 0x009F, 0x00FF, 0x00FB, 0x011F, 0x00EE, 0x0164, 0x0186, 0x0145, 0x00B7, 0x013E, 0x0086, 0x0097, 0x0100, 0x00AB, 
0x00D8, 0x00B1, 0x0054, 0x008C, 0x013E, 0x0184, 0x00CB, 0x0080, 0x00A5, 0x00C7, 0x0077, 0x00C3, 0x00EB, 0x00FD, 0x0162, 0x0002, 
0x005B, 0x00CB, 0x0128, 0x0145, 0x00C2, 0x0127, 0x004F, 0x0010, 0x0109, 0x00EA, 0x0191, 0x0124, 0x0049, 0x0094, 0x00CB, 0x0105, 
0x005A, 0x0056, 0x0085, 0x0125, 0x012B, 0x0015, 0x015B, 0x009E, 0x0067, 0x0145, 0x0150, 0x0049, 0x004B, 0x017B, 0x008D, 0x00FE, 
0x002B, 0x00EF, 0x0059, 0x0075, 0x005A, 0x01AD, 0x013E, 0x0045, 0x009E, 0x013C, 0x0167, 0x0156, 0x0131, 0x00CE, 0x0166, 0x017B, 
0x001B, 0x00A5, 0x0063, 0x0002, 0x012E, 0x0059, 0x014A, 0x00FA, 0x002D, 0x00AC, 0x0167, 0x0083, 0x0127, 0x0114, 0x0164, 0x0134, 
0x0191, 0x0196, 0x00CE, 0x011D, 0x0089, 0x00FA, 0x016C, 0x0085, 0x0040, 0x0097, 0x018C, 0x0054, 0x0171, 0x0015, 0x0004, 0x002D, 
0x0089, 0x0061, 0x00FE, 0x007D, 0x0077, 0x016E, 0x0187, 0x0099, 0x00FD, 0x009D, 0x002B, 0x0061, 0x011D, 0x0131, 0x014E, 0x0010, 
0x0118, 0x009F, 0x0096, 0x011F, 0x0043, 0x0109, 0x014E, 0x0156, 0x00AC, 0x0004, 0x012B, 0x0025, 0x00AB, 0x01A9, 0x00A7, 0x0008, 
0x00D8, 0x0025, 0x0125, 0x016C, 0x014A, 0x00EF, 0x009D, 0x00EB, 0x011B, 0x018E, 0x0132, 0x009A, 0x011B, 0x00C3, 0x007D, 0x008D, 
0x0166, 0x0196, 0x00EA, 0x0043, 0x00FB, 0x007F, 0x0046, 0x007F, 0x00FF, 0x0118, 0x004F, 0x0083, 0x013C, 0x015B, 0x0171, 0x00B1, 
0x0001, 0x01A1, 0x014F, 0x0100, 0x01AE, 0x010D, 0x017E, 0x00EA, 0x004E, 0x0030, 0x014F, 0x001A, 0x0051, 0x017F, 0x0126, 0x0099, 
0x001A, 0x0033, 0x0160, 0x0062, 0x00EB, 0x010D, 0x0163, 0x0011, 0x0009, 0x0003, 0x0096, 0x016F, 0x01AE, 0x003B, 0x0197, 0x0096, 
0x004E, 0x0011, 0x0099, 0x0032, 0x0128, 0x01AE, 0x0121, 0x00A4, 0x010D, 0x0089, 0x0010, 0x001A, 0x00C7, 0x017E, 0x016F, 0x00A1, 
0x0003, 0x0121, 0x0032, 0x0181, 0x0121, 0x00C6, 0x0126, 0x00BE, 0x0090, 0x0030, 0x0042, 0x0163, 0x00BE, 0x01A0, 0x0160, 0x00C6, 
0x00BE, 0x0033, 0x0010, 0x00A1, 0x011B, 0x0096, 0x0062, 0x0042, 0x00EB, 0x001B, 0x01A1, 0x0030, 0x00EB, 0x008B, 0x0001, 0x0197, 
0x0016, 0x001A, 0x01A0, 0x0196, 0x0163, 0x00B1, 0x0126, 0x0011, 0x0118, 0x0118, 0x00C7, 0x017F, 0x017F, 0x00BE, 0x00F3, 0x0016, 
0x0010, 0x0181, 0x0096, 0x008B, 0x019B, 0x0042, 0x0118, 0x014F, 0x00A1, 0x008B, 0x019B, 0x0128, 0x0003, 0x003B, 0x0003, 0x01A8, 
0x0110, 0x0126, 0x00EA, 0x0062, 0x0100, 0x00F3, 0x0196, 0x017E, 0x004E, 0x01A8, 0x0033, 0x0110, 0x0196, 0x01AE, 0x001B, 0x0128, 
0x00A4, 0x01A8, 0x0010, 0x0032, 0x00EA, 0x00B1, 0x01A0, 0x0016, 0x01A1, 0x00EB, 0x0176, 0x00C6, 0x0196, 0x00A4, 0x0121, 0x00F3, 
0x0009, 0x0089, 0x008B, 0x0001, 0x0197, 0x0100, 0x01B0, 0x0062, 0x0128, 0x0089, 0x004E, 0x0176, 0x0089, 0x01A1, 0x0100, 0x01A0, 
0x0051, 0x0051, 0x0110, 0x0011, 0x00C7, 0x0110, 0x0099, 0x01B0, 0x0042, 0x017E, 0x00B1, 0x00C7, 0x0090, 0x003B, 0x0197, 0x00A1, 
0x001B, 0x011B, 0x0001, 0x011B, 0x0030, 0x0118, 0x01B0, 0x016F, 0x019B, 0x016F, 0x0032, 0x01A8, 0x0090, 0x0009, 0x0033, 0x0051, 
0x017F, 0x00B1, 0x01B0, 0x014F, 0x0009, 0x00C6, 0x00EA, 0x0176, 0x00A4, 0x0160, 0x0099, 0x00F3, 0x003B, 0x011B, 0x019B, 0x010D, 
0x0090, 0x0016, 0x0181, 0x0176, 0x0163, 0x0160, 0x0181, 0x001B, 0x001B, 0x0181, 0x0160, 0x0163, 0x0176, 0x0181, 0x0016, 0x0090, 
0x010D, 0x019B, 0x011B, 0x003B, 0x00F3, 0x0099, 0x0160, 0x00A4, 0x0176, 0x00EA, 0x00C6, 0x0009, 0x014F, 0x01B0, 0x00B1, 0x017F, 
0x0051, 0x0033, 0x0009, 0x0090, 0x01A8, 0x0032, 0x016F, 0x019B, 0x016F, 0x01B0, 0x0118, 0x0030, 0x011B, 0x0001, 0x011B, 0x001B, 
0x00A1, 0x0197, 0x003B, 0x0090, 0x00C7, 0x00B1, 0x017E, 0x0042, 0x01B0, 0x0099, 0x0110, 0x00C7, 0x0011, 0x0110, 0x0051, 0x0051, 
0x01A0, 0x0100, 0x01A1, 0x0089, 0x0176, 0x004E, 0x0089, 0x0128, 0x0062, 0x01B0, 0x0100, 0x0197, 0x0001, 0x008B, 0x0089, 0x0009, 
0x00F3, 0x0121, 0x00A4, 0x0196, 0x00C6, 0x0176, 0x00EB, 0x01A1, 0x0016, 0x01A0, 0x00B1, 0x00EA, 0x0032, 0x0010, 0x01A8, 0x00A4, 
0x0128, 0x001B, 0x01AE, 0x0196, 0x0110, 0x0033, 0x01A8, 0x004E, 0x017E, 0x0196, 0x00F3, 0x0100, 0x0062, 0x00EA, 0x0126, 0x0110, 
0x01A8, 0x0003, 0x003B, 0x0003, 0x0128, 0x019B, 0x008B, 0x00A1, 0x014F, 0x0118, 0x0042, 0x019B, 0x008B, 0x0096, 0x0181, 0x0010, 
0x0016, 0x00F3, 0x00BE, 0x017F, 0x017F, 0x00C7, 0x0118, 0x0118, 0x0011, 0x0126, 0x00B1, 0x0163, 0x0196, 0x01A0, 0x001A, 0x0016, 
0x0197, 0x0001, 0x008B, 0x00EB, 0x0030, 0x01A1, 0x001B, 0x00EB, 0x0042, 0x0062, 0x0096, 0x011B, 0x00A1, 0x0010, 0x0033, 0x00BE, 
0x00C6, 0x0160, 0x01A0, 0x00BE, 0x0163, 0x0042, 0x0030, 0x0090, 0x00BE, 0x0126, 0x00C6, 0x0121, 0x0181, 0x0032, 0x0121, 0x0003, 
0x00A1, 0x016F, 0x017E, 0x00C7, 0x001A, 0x0010, 0x0089, 0x010D, 0x00A4, 0x0121, 0x01AE, 0x0128, 0x0032, 0x0099, 0x0011, 0x004E, 
0x0096, 0x0197, 0x003B, 0x01AE, 0x016F, 0x0096, 0x0003, 0x0009, 0x0011, 0x0163, 0x010D, 0x00EB, 0x0062, 0x0160, 0x0033, 0x001A, 
0x0099, 0x0126, 0x017F, 0x0051, 0x001A, 0x014F, 0x0030, 0x004E, 0x00EA, 0x017E, 0x010D, 0x01AE, 0x0100, 0x014F, 0x0001, 0x0191, 
0x008B, 0x009E, 0x01A2, 0x013B, 0x004C, 0x008C, 0x010D, 0x002F, 0x00DD, 0x0138, 0x00BB, 0x00A6, 0x0050, 0x011B, 0x0009, 0x0034, 
0x00C1, 0x00E4, 0x00AC, 0x0121, 0x0173, 0x0198, 0x00E1, 0x004E, 0x0099, 0x013D, 0x015A, 0x0026, 0x003C, 0x0025, 0x0199, 0x0091, 
0x009F, 0x0044, 0x007F, 0x013F, 0x000D, 0x0041, 0x00CC, 0x007D, 0x00FF, 0x0116, 0x0127, 0x00FC, 0x016A, 0x016F, 0x0093, 0x00A1, 
0x0181, 0x0066, 0x00A2, 0x012C, 0x0095, 0x00F8, 0x019E, 0x00BA, 0x01AE, 0x0053, 0x014C, 0x00F5, 0x005D, 0x0073, 0x00E2, 0x014F, 
0x00CE, 0x007B, 0x002A, 0x006C, 0x001E, 0x01A6, 0x010C, 0x010A, 0x0063, 0x00B8, 0x0156, 0x0011, 0x004F, 0x0055, 0x0032, 0x0190, 
0x0141, 0x014A, 0x012A, 0x0043, 0x001F, 0x00C5, 0x00EF, 0x0056, 0x0164, 0x00A3, 0x0071, 0x006B, 0x0088, 0x017C, 0x00FD, 0x003B, 
0x0080, 0x002C, 0x0178, 0x00ED, 0x0106, 0x00C8, 0x0012, 0x000C, 0x00F4, 0x0167, 0x0147, 0x01AC, 0x014D, 0x0123, 0x01AA, 0x00AF, 
0x0040, 0x006E, 0x004B, 0x0060, 0x00FB, 0x0177, 0x0159, 0x00C9, 0x00D3, 0x0183, 0x0059, 0x0037, 0x018E, 0x00D9, 0x0174, 0x0081, 
0x016C, 0x0069, 0x017B, 0x0150, 0x012F, 0x018A, 0x0196, 0x0184, 0x001A, 0x0008, 0x005A, 0x0153, 0x00C0, 0x0160, 0x0006, 0x0054, 
0x0052, 0x0094, 0x0017, 0x0128, 0x011A, 0x00AE, 0x0100, 0x013A, 0x018F, 0x0142, 0x0124, 0x0046, 0x0002, 0x0137, 0x0033, 0x0084, 
0x00AA, 0x00BE, 0x0168, 0x0078, 0x0004, 0x0109, 0x0149, 0x01A7, 0x0186, 0x0015, 0x00E7, 0x0133, 0x00D5, 0x00BF, 0x0010, 0x0092, 
0x00B3, 0x0117, 0x001C, 0x012B, 0x00FA, 0x019D, 0x0104, 0x0119, 0x0101, 0x0028, 0x0172, 0x019B, 0x00D7, 0x018D, 0x0135, 0x0083, 
0x00EE, 0x0115, 0x0029, 0x00EA, 0x00EB, 0x0144, 0x0038, 0x005C, 0x013C, 0x00D2, 0x0194, 0x0114, 0x00D1, 0x005F, 0x00DB, 0x0122, 
0x0108, 0x0031, 0x0111, 0x01A3, 0x0048, 0x00CB, 0x00E6, 0x0169, 0x000E, 0x00A0, 0x0180, 0x00A9, 0x008F, 0x00D6, 0x0152, 0x00E0, 
0x009D, 0x001D, 0x00DF, 0x0075, 0x0155, 0x0179, 0x006D, 0x00C6, 0x00C7, 0x0188, 0x009C, 0x00C3, 0x012E, 0x007C, 0x0024, 0x00DA, 
0x0016, 0x003F, 0x0189, 0x00B0, 0x0098, 0x00AD, 0x0014, 0x00B7, 0x0086, 0x0195, 0x009A, 0x00FE, 0x011F, 0x01A1, 0x00F2, 0x00DC, 
0x007E, 0x00CA, 0x019C, 0x002B, 0x000A, 0x0068, 0x00A8, 0x01AD, 0x0139, 0x0049, 0x00F3, 0x0107, 0x012D, 0x017E, 0x007A, 0x01AF, 
0x016B, 0x008D, 0x006F, 0x0022, 0x0077, 0x00B1, 0x0103, 0x0097, 0x0089, 0x019A, 0x011D, 0x015F, 0x015D, 0x01AB, 0x0051, 0x00F1, 
0x005E, 0x0157, 0x01A9, 0x0197, 0x002D, 0x001B, 0x0027, 0x0082, 0x0061, 0x0036, 0x0148, 0x0045, 0x0130, 0x003D, 0x00D8, 0x0023, 
0x017A, 0x0158, 0x002E, 0x00DE, 0x00E8, 0x0058, 0x003A, 0x00B6, 0x0151, 0x0166, 0x0143, 0x0171, 0x0102, 0x0007, 0x008E, 0x0064, 
0x0005, 0x006A, 0x004A, 0x00BD, 0x01A5, 0x019F, 0x00E9, 0x00AB, 0x00C4, 0x0039, 0x0185, 0x0131, 0x0176, 0x00B4, 0x0035, 0x0129, 
0x0146, 0x0140, 0x010E, 0x004D, 0x015B, 0x00C2, 0x00EC, 0x0192, 0x016E, 0x0087, 0x0067, 0x0070, 0x0021, 0x017F, 0x015C, 0x0162, 
0x01A0, 0x005B, 0x00F9, 0x014E, 0x00A7, 0x00A5, 0x000B, 0x0193, 0x0145, 0x0187, 0x0136, 0x00E3, 0x0062, 0x00CF, 0x013E, 0x0154, 
0x00BC, 0x0065, 0x015E, 0x0003, 0x00F7, 0x0013, 0x00B9, 0x011C, 0x0085, 0x010F, 0x014B, 0x0030, 0x0110, 0x011E, 0x0042, 0x0047, 
0x00B5, 0x008A, 0x009B, 0x00B2, 0x0134, 0x00E5, 0x0170, 0x01A4, 0x0072, 0x0132, 0x016D, 0x0112, 0x0120, 0x0018, 0x018C, 0x0175, 
0x018B, 0x0057, 0x0074, 0x0118, 0x0163, 0x00D0, 0x0019, 0x003E, 0x0090, 0x0105, 0x00CD, 0x00F0, 0x017D, 0x01A8, 0x0096, 0x0161, 
0x010B, 0x00F6, 0x0079, 0x00D4, 0x0182, 0x00A4, 0x0125, 0x0165, 0x0076, 0x000F, 0x0113, 0x0126, 0x0001, 0x0171, 0x01A1, 0x00C7, 
0x0166, 0x009E, 0x0063, 0x00FE, 0x0100, 0x0025, 0x010A, 0x0118, 0x010A, 0x009F, 0x014E, 0x00C6, 0x0099, 0x0046, 0x00CB, 0x00E6, 
0x0094, 0x0128, 0x0132, 0x010A, 0x01AD, 0x0128, 0x00EA, 0x00D8, 0x004B, 0x0112, 0x0080, 0x013E, 0x004A, 0x00A7, 0x0171, 0x011B, 
0x0171, 0x01AF, 0x004A, 0x0002, 0x0089, 0x0036, 0x008C, 0x006C, 0x011D, 0x014E, 0x007F, 0x0128, 0x0113, 0x0100, 0x0096, 0x006C, 
0x0167, 0x00B3, 0x0191, 0x0020, 0x00D8, 0x018C, 0x0100, 0x00D9, 0x014E, 0x0023, 0x00E6, 0x01B0, 0x0191, 0x001B, 0x017B, 0x0089, 
0x012C, 0x00C7, 0x018E, 0x004A, 0x004F, 0x00C7, 0x0040, 0x0080, 0x0162, 0x001B, 0x00B3, 0x0131, 0x0099, 0x0145, 0x00E6, 0x0008, 
0x00D8, 0x0085, 0x0063, 0x0010, 0x0036, 0x017B, 0x0162, 0x0112, 0x0075, 0x0063, 0x016B, 0x006C, 0x0125, 0x0099, 0x0073, 0x0046, 
0x0131, 0x0167, 0x008C, 0x0010, 0x009E, 0x0196, 0x0080, 0x00EB, 0x0089, 0x013C, 0x009E, 0x0075, 0x004B, 0x0020, 0x01B0, 0x00CB, 
0x0073, 0x0046, 0x01A9, 0x0191, 0x00B1, 0x0112, 0x0196, 0x0166, 0x012C, 0x0002, 0x013E, 0x0040, 0x0166, 0x013C, 0x0036, 0x0004, 
0x00B3, 0x01A9, 0x00CB, 0x0145, 0x00C6, 0x011D, 0x0096, 0x00FE, 0x0085, 0x004B, 0x00B1, 0x001B, 0x0004, 0x008C, 0x016B, 0x00FE, 
0x018C, 0x00EA, 0x0094, 0x0023, 0x00C6, 0x0125, 0x0167, 0x0004, 0x017B, 0x00EB, 0x013E, 0x018E, 0x01A1, 0x00A7, 0x01AF, 0x01A1, 
0x004F, 0x0002, 0x00EB, 0x0162, 0x00B1, 0x0020, 0x0008, 0x0094, 0x007F, 0x009F, 0x0025, 0x0113, 0x00EA, 0x0008, 0x01B0, 0x01A9, 
0x0131, 0x0125, 0x011D, 0x00D9, 0x0025, 0x0132, 0x01AD, 0x009F, 0x00D9, 0x0096, 0x016B, 0x0010, 0x013C, 0x012C, 0x004F, 0x00A7, 
0x011B, 0x0001, 0x0001, 0x011B, 0x01AF, 0x018E, 0x0040, 0x0196, 0x0075, 0x0085, 0x018C, 0x0113, 0x0132, 0x0118, 0x0118, 0x01AD, 
0x007F, 0x0023, 0x0145, 0x0073, 0x0073, 0x0145, 0x0023, 0x007F, 0x01AD, 0x0118, 0x0118, 0x0132, 0x0113, 0x018C, 0x0085, 0x0075, 
0x0196, 0x0040, 0x018E, 0x01AF, 0x011B, 0x0001, 0x0001, 0x011B, 0x00A7, 0x004F, 0x012C, 0x013C, 0x0010, 0x016B, 0x0096, 0x00D9, 
0x009F, 0x01AD, 0x0132, 0x0025, 0x00D9, 0x011D, 0x0125, 0x0131, 0x01A9, 0x01B0, 0x0008, 0x00EA, 0x0113, 0x0025, 0x009F, 0x007F, 
0x0094, 0x0008, 0x0020, 0x00B1, 0x0162, 0x00EB, 0x0002, 0x004F, 0x01A1, 0x01AF, 0x00A7, 0x01A1, 0x018E, 0x013E, 0x00EB, 0x017B, 
0x0004, 0x0167, 0x0125, 0x00C6, 0x0023, 0x0094, 0x00EA, 0x018C, 0x00FE, 0x016B, 0x008C, 0x0004, 0x001B, 0x00B1, 0x004B, 0x0085, 
0x00FE, 0x0096, 0x011D, 0x00C6, 0x0145, 0x00CB, 0x01A9, 0x00B3, 0x0004, 0x0036, 0x013C, 0x0166, 0x0040, 0x013E, 0x0002, 0x012C, 
0x0166, 0x0196, 0x0112, 0x00B1, 0x0191, 0x01A9, 0x0046, 0x0073, 0x00CB, 0x01B0, 0x0020, 0x004B, 0x0075, 0x009E, 0x013C, 0x0089, 
0x00EB, 0x0080, 0x0196, 0x009E, 0x0010, 0x008C, 0x0167, 0x0131, 0x0046, 0x0073, 0x0099, 0x0125, 0x006C, 0x016B, 0x0063, 0x0075, 
0x0112, 0x0162, 0x017B, 0x0036, 0x0010, 0x0063, 0x0085, 0x00D8, 0x0008, 0x00E6, 0x0145, 0x0099, 0x0131, 0x00B3, 0x001B, 0x0162, 
0x0080, 0x0040, 0x00C7, 0x004F, 0x004A, 0x018E, 0x00C7, 0x012C, 0x0089, 0x017B, 0x001B, 0x0191, 0x01B0, 0x00E6, 0x0023, 0x014E, 
0x00D9, 0x0100, 0x018C, 0x00D8, 0x0020, 0x0191, 0x00B3, 0x0167, 0x006C, 0x0096, 0x0100, 0x0113, 0x0128, 0x007F, 0x014E, 0x011D, 
0x006C, 0x008C, 0x0036, 0x0089, 0x0002, 0x004A, 0x01AF, 0x0171, 0x011B, 0x0171, 0x00A7, 0x004A, 0x013E, 0x0080, 0x0112, 0x004B, 
0x00D8, 0x00EA, 0x0128, 0x01AD, 0x010A, 0x0132, 0x0128, 0x0094, 0x00E6, 0x00CB, 0x0046, 0x0099, 0x00C6, 0x014E, 0x009F, 0x010A, 
0x0118, 0x010A, 0x0025, 0x0100, 0x00FE, 0x0063, 0x009E, 0x0166, 0x00C7, 0x01A1, 0x0001, 0x0131, 0x0181, 0x016B, 0x003A, 0x0052, 
0x0104, 0x012C, 0x008B, 0x0172, 0x0148, 0x0149, 0x01AB, 0x003D, 0x00F7, 0x0089, 0x0003, 0x018A, 0x0189, 0x010E, 0x004D, 0x0011, 
0x006E, 0x0142, 0x014D, 0x014F, 0x0100, 0x01A3, 0x000A, 0x01AA, 0x0047, 0x00D9, 0x0115, 0x0031, 0x0166, 0x00E5, 0x00E6, 0x0165, 
0x0120, 0x0050, 0x01A5, 0x0067, 0x0187, 0x01A6, 0x010C, 0x00D1, 0x0154, 0x0160, 0x0034, 0x00F3, 0x0121, 0x01A4, 0x0198, 0x008C, 
0x0195, 0x003C, 0x00BC, 0x0013, 0x017E, 0x001E, 0x0017, 0x0005, 0x00C9, 0x0171, 0x0055, 0x0032, 0x0117, 0x00DF, 0x015D, 0x004A, 
0x0071, 0x0084, 0x008A, 0x0004, 0x0025, 0x00CA, 0x019C, 0x0176, 0x011D, 0x0098, 0x010D, 0x00ED, 0x0026, 0x00EF, 0x00AE, 0x00B4, 
0x0182, 0x006D, 0x002B, 0x0150, 0x00AC, 0x005E, 0x0038, 0x00D5, 0x0116, 0x0199, 0x0114, 0x0110, 0x007F, 0x0048, 0x003E, 0x00F6, 
0x0083, 0x016D, 0x0088, 0x00A9, 0x0111, 0x010A, 0x00D3, 0x0078, 0x00DA, 0x0072, 0x00F8, 0x00B8, 0x013E, 0x00A6, 0x0020, 0x0021, 
0x015B, 0x0039, 0x00C8, 0x0057, 0x008F, 0x00E2, 0x0106, 0x00FC, 0x0075, 0x018E, 0x011C, 0x017A, 0x0092, 0x005F, 0x01A9, 0x00E3, 
0x007E, 0x0022, 0x0118, 0x0168, 0x0042, 0x0036, 0x0086, 0x0102, 0x00C5, 0x01A8, 0x0093, 0x0059, 0x0066, 0x0162, 0x0074, 0x001B, 
0x0109, 0x007C, 0x01A1, 0x005A, 0x00DD, 0x00BF, 0x00B6, 0x0145, 0x014E, 0x001D, 0x0016, 0x00D0, 0x006B, 0x0197, 0x002D, 0x014C, 
0x0113, 0x0097, 0x0024, 0x00F4, 0x0045, 0x0156, 0x0141, 0x0183, 0x019D, 0x0151, 0x011B, 0x007D, 0x00FE, 0x0124, 0x00D6, 0x0043, 
0x00C3, 0x005C, 0x015E, 0x00C1, 0x0076, 0x000F, 0x0137, 0x0163, 0x0035, 0x0029, 0x0170, 0x00B2, 0x00FA, 0x0101, 0x0147, 0x00C6, 
0x00C7, 0x0136, 0x001F, 0x0123, 0x0002, 0x0079, 0x00AA, 0x0077, 0x0087, 0x002C, 0x012F, 0x0159, 0x00C0, 0x0012, 0x00CD, 0x0081, 
0x00A2, 0x009F, 0x0112, 0x010F, 0x0130, 0x00E4, 0x019F, 0x00F1, 0x0058, 0x0082, 0x0185, 0x012A, 0x013A, 0x0107, 0x0138, 0x01AF, 
0x008E, 0x0192, 0x007B, 0x00EA, 0x00EB, 0x006A, 0x00B0, 0x00B7, 0x00FF, 0x0041, 0x0188, 0x017C, 0x004E, 0x007A, 0x01A2, 0x013B, 
0x00F0, 0x0053, 0x0155, 0x00EE, 0x016E, 0x00DB, 0x008D, 0x00B3, 0x0134, 0x0096, 0x0060, 0x0014, 0x002E, 0x0070, 0x005B, 0x016C, 
0x00BD, 0x018D, 0x011A, 0x009E, 0x0065, 0x0184, 0x001A, 0x0146, 0x00E1, 0x019B, 0x0194, 0x0063, 0x006C, 0x00FB, 0x00F2, 0x00D4, 
0x0157, 0x0010, 0x0135, 0x00A8, 0x0196, 0x013D, 0x004F, 0x014B, 0x0158, 0x011E, 0x0009, 0x00EC, 0x00AF, 0x012B, 0x017B, 0x016F, 
0x0049, 0x0099, 0x018F, 0x0133, 0x00CE, 0x0008, 0x0152, 0x011F, 0x0037, 0x0095, 0x0023, 0x013C, 0x00B5, 0x00AB, 0x00CF, 0x0122, 
0x015A, 0x00E9, 0x0178, 0x0056, 0x0190, 0x0191, 0x010B, 0x0073, 0x00F9, 0x00B9, 0x013F, 0x00D7, 0x0139, 0x00DE, 0x00A7, 0x00A0, 
0x0108, 0x0129, 0x0044, 0x012E, 0x00BB, 0x0173, 0x0169, 0x0132, 0x00A1, 0x009D, 0x0018, 0x009B, 0x00DC, 0x0179, 0x0153, 0x0105, 
0x0061, 0x0186, 0x0144, 0x002F, 0x00FD, 0x0103, 0x00C2, 0x018B, 0x00C4, 0x00A4, 0x0119, 0x0094, 0x003B, 0x0015, 0x00E7, 0x018C, 
0x01AD, 0x0127, 0x012D, 0x0140, 0x0167, 0x0054, 0x00D2, 0x009A, 0x017F, 0x015C, 0x0040, 0x00E8, 0x01AC, 0x019A, 0x0193, 0x0033, 
0x019E, 0x00F5, 0x0175, 0x001C, 0x0125, 0x0019, 0x000D, 0x0090, 0x00BE, 0x017D, 0x0051, 0x005D, 0x00E0, 0x00A5, 0x000B, 0x002A, 
0x014A, 0x000C, 0x0161, 0x0091, 0x004C, 0x00CB, 0x00CC, 0x004B, 0x0180, 0x009C, 0x00D8, 0x016A, 0x0007, 0x01A7, 0x000E, 0x00B1, 
0x0062, 0x0064, 0x006F, 0x0143, 0x01A0, 0x0164, 0x00A3, 0x0028, 0x0027, 0x01AE, 0x0128, 0x00BA, 0x0174, 0x0006, 0x0068, 0x0069, 
0x003F, 0x0126, 0x0085, 0x00AD, 0x015F, 0x0177, 0x0046, 0x0030, 0x0001, 0x00B1, 0x0121, 0x0099, 0x0122, 0x003B, 0x0058, 0x00EB, 
0x0181, 0x00EC, 0x0090, 0x0033, 0x0163, 0x01A5, 0x00F1, 0x001B, 0x0033, 0x00A4, 0x006A, 0x00CC, 0x013E, 0x0176, 0x016D, 0x016F, 
0x0062, 0x0032, 0x01A1, 0x0029, 0x0122, 0x00DF, 0x0024, 0x0010, 0x0030, 0x016F, 0x0196, 0x0011, 0x011B, 0x008F, 0x0197, 0x00A9, 
0x0176, 0x01AD, 0x0167, 0x017E, 0x0171, 0x0058, 0x0188, 0x0009, 0x017F, 0x001A, 0x0011, 0x00BE, 0x0197, 0x00C7, 0x00C0, 0x0149, 
0x0144, 0x00EC, 0x0016, 0x0044, 0x0068, 0x0136, 0x006A, 0x00EA, 0x0149, 0x010D, 0x004A, 0x0009, 0x010A, 0x01A1, 0x00E5, 0x019B, 
0x0073, 0x0128, 0x00B1, 0x00C5, 0x0073, 0x00A1, 0x01B0, 0x0024, 0x008B, 0x017E, 0x007B, 0x009E, 0x0044, 0x0145, 0x00F1, 0x0042, 
0x016B, 0x016B, 0x0040, 0x01A5, 0x000C, 0x0068, 0x01AE, 0x0126, 0x0167, 0x00F3, 0x0010, 0x0110, 0x00C8, 0x019B, 0x0046, 0x0121, 
0x01A8, 0x00A1, 0x00C8, 0x0096, 0x0032, 0x00D2, 0x017F, 0x00D3, 0x0138, 0x00C0, 0x00C6, 0x00CC, 0x0118, 0x01AE, 0x009E, 0x0159, 
0x0181, 0x00DE, 0x010D, 0x0138, 0x0113, 0x008F, 0x0089, 0x011B, 0x0108, 0x00D3, 0x004A, 0x01A0, 0x00EB, 0x006C, 0x007B, 0x0126, 
0x0100, 0x013E, 0x0051, 0x00C7, 0x0113, 0x0108, 0x001A, 0x0003, 0x0062, 0x0004, 0x0110, 0x01B0, 0x018D, 0x0099, 0x00B3, 0x00E5, 
0x0096, 0x0004, 0x0030, 0x0160, 0x01AD, 0x0100, 0x0118, 0x0136, 0x004E, 0x0163, 0x0079, 0x0042, 0x0040, 0x0079, 0x001B, 0x00FE, 
0x0016, 0x0159, 0x006C, 0x0171, 0x006D, 0x00DF, 0x018D, 0x01A8, 0x0128, 0x00A7, 0x0001, 0x00A7, 0x00C5, 0x0046, 0x00B3, 0x0029, 
0x00E9, 0x0188, 0x01A0, 0x00DE, 0x0144, 0x014F, 0x00A4, 0x004E, 0x000C, 0x0145, 0x00FE, 0x0090, 0x014F, 0x00EA, 0x00C6, 0x0051, 
0x00A9, 0x0147, 0x0196, 0x0003, 0x00D2, 0x010A, 0x00E9, 0x003B, 0x006D, 0x008B, 0x00F3, 0x0160, 0x016D, 0x0147, 0x00BE, 0x0089, 
0x0089, 0x00BE, 0x0147, 0x016D, 0x0160, 0x00F3, 0x008B, 0x006D, 0x003B, 0x00E9, 0x010A, 0x00D2, 0x0003, 0x0196, 0x0147, 0x00A9, 
0x0051, 0x00C6, 0x00EA, 0x014F, 0x0090, 0x00FE, 0x0145, 0x000C, 0x004E, 0x00A4, 0x014F, 0x0144, 0x00DE, 0x01A0, 0x0188, 0x00E9, 
0x0029, 0x00B3, 0x0046, 0x00C5, 0x00A7, 0x0001, 0x00A7, 0x0128, 0x01A8, 0x018D, 0x00DF, 0x006D, 0x0171, 0x006C, 0x0159, 0x0016, 
0x00FE, 0x001B, 0x0079, 0x0040, 0x0042, 0x0079, 0x0163, 0x004E, 0x0136, 0x0118, 0x0100, 0x01AD, 0x0160, 0x0030, 0x0004, 0x0096, 
0x00E5, 0x00B3, 0x0099, 0x018D, 0x01B0, 0x0110, 0x0004, 0x0062, 0x0003, 0x001A, 0x0108, 0x0113, 0x00C7, 0x0051, 0x013E, 0x0100, 
0x0126, 0x007B, 0x006C, 0x00EB, 0x01A0, 0x004A, 0x00D3, 0x0108, 0x011B, 0x0089, 0x008F, 0x0113, 0x0138, 0x010D, 0x00DE, 0x0181, 
0x0159, 0x009E, 0x01AE, 0x0118, 0x00CC, 0x00C6, 0x00C0, 0x0138, 0x00D3, 0x017F, 0x00D2, 0x0032, 0x0096, 0x00C8, 0x00A1, 0x01A8, 
0x0121, 0x0046, 0x019B, 0x00C8, 0x0110, 0x0010, 0x00F3, 0x0167, 0x0126, 0x01AE, 0x0068, 0x000C, 0x01A5, 0x0040, 0x016B, 0x016B, 
0x0042, 0x00F1, 0x0145, 0x0044, 0x009E, 0x007B, 0x017E, 0x008B, 0x0024, 0x01B0, 0x00A1, 0x0073, 0x00C5, 0x00B1, 0x0128, 0x0073, 
0x019B, 0x00E5, 0x01A1, 0x010A, 0x0009, 0x004A, 0x010D, 0x0149, 0x00EA, 0x006A, 0x0136, 0x0068, 0x0044, 0x0016, 0x00EC, 0x0144, 
0x0149, 0x00C0, 0x00C7, 0x0197, 0x00BE, 0x0011, 0x001A, 0x017F, 0x0009, 0x0188, 0x0058, 0x0171, 0x017E, 0x0167, 0x01AD, 0x0176, 
0x00A9, 0x0197, 0x008F, 0x011B, 0x0011, 0x0196, 0x016F, 0x0030, 0x0010, 0x0024, 0x00DF, 0x0122, 0x0029, 0x01A1, 0x0032, 0x0062, 
0x016F, 0x016D, 0x0176, 0x013E, 0x00CC, 0x006A, 0x00A4, 0x0033, 0x001B, 0x00F1, 0x01A5, 0x0163, 0x0033, 0x0090, 0x00EC, 0x0181, 
0x00EB, 0x0058, 0x003B, 0x0122, 0x0099, 0x0121, 0x0001, 0x0162, 0x0001, 0x00B3, 0x0097, 0x0162, 0x00B7, 0x0094, 0x0001, 0x00C3, 
0x011D, 0x00B3, 0x011D, 0x0109, 0x0097, 0x01B0, 0x0001, 0x0162, 0x011A, 0x00B7, 0x00B7, 0x0001, 0x00A8, 0x0094, 0x011D, 0x0001, 
0x0001, 0x011A, 0x00B7, 0x00C3, 0x00FA, 0x004F, 0x011D, 0x0162, 0x0162, 0x00B3, 0x004F, 0x00EE, 0x011D, 0x0109, 0x00B3, 0x0109, 
0x011A, 0x0162, 0x0097, 0x0097, 0x00EE, 0x01B0, 0x0094, 0x0001, 0x0001, 0x0162, 0x0162, 0x0162, 0x00A8, 0x00EE, 0x011A, 0x0109, 
0x01B0, 0x00B7, 0x011A, 0x00A8, 0x00B7, 0x00FE, 0x00A8, 0x0001, 0x00C3, 0x00B3, 0x00A8, 0x00B3, 0x00EE, 0x0094, 0x00A8, 0x00FE, 
0x011D, 0x00FA, 0x00C3, 0x0001, 0x0162, 0x011A, 0x0001, 0x0094, 0x00FA, 0x011A, 0x0097, 0x00EE, 0x00B7, 0x00B3, 0x0109, 0x00C3, 
0x00C3, 0x00C3, 0x00FA, 0x00FA, 0x0094, 0x004F, 0x00B7, 0x01B0, 0x011D, 0x0162, 0x011A, 0x0162, 0x011A, 0x00B3, 0x0162, 0x00B3, 
0x00B7, 0x00B3, 0x00FE, 0x0097, 0x004F, 0x00FA, 0x00B7, 0x00EE, 0x00FE, 0x011A, 0x011D, 0x004F, 0x00B7, 0x0109, 0x00FE, 0x00EE, 
0x00B3, 0x0097, 0x00A8, 0x0109, 0x004F, 0x011D, 0x011A, 0x0097, 0x00A8, 0x0162, 0x004F, 0x00B7, 0x0097, 0x0094, 0x01B0, 0x0097, 
0x0001, 0x0094, 0x00EE, 0x00FA, 0x00FE, 0x01B0, 0x0162, 0x0097, 0x0094, 0x011D, 0x0109, 0x0001, 0x00B7, 0x00A8, 0x0001, 0x00B7, 
0x004F, 0x0162, 0x00EE, 0x00B3, 0x0162, 0x00EE, 0x0001, 0x0162, 0x00EE, 0x01B0, 0x00A8, 0x00A8, 0x00B3, 0x00EE, 0x00FE, 0x00C3, 
0x011A, 0x00FA, 0x00EE, 0x0109, 0x00C3, 0x0094, 0x01B0, 0x011A, 0x00B3, 0x00B7, 0x0097, 0x00B7, 0x011A, 0x00B7, 0x00EE, 0x00A8, 
0x011D, 0x00A8, 0x00B7, 0x01B0, 0x0094, 0x00FE, 0x0097, 0x0109, 0x00A8, 0x004F, 0x00B3, 0x0001, 0x01B0, 0x00B3, 0x00C3, 0x00EE, 
0x0094, 0x00B3, 0x00B7, 0x00EE, 0x00A8, 0x0094, 0x0109, 0x00B3, 0x00B3, 0x0094, 0x00EE, 0x0109, 0x0094, 0x0094, 0x011D, 0x011D, 
0x00A8, 0x00C3, 0x011D, 0x00FE, 0x00FE, 0x00A8, 0x011D, 0x0109, 0x00C3, 0x00FA, 0x00FE, 0x011D, 0x00C3, 0x00EE, 0x00FE, 0x0001, 
0x01B0, 0x00FE, 0x0162, 0x0109, 0x00A8, 0x011A, 0x00B3, 0x011D, 0x0001, 0x00FA, 0x0109, 0x0094, 0x0109, 0x00C3, 0x00FA, 0x0097, 
0x00FA, 0x011A, 0x00FA, 0x00FE, 0x0097, 0x0001, 0x011D, 0x00EE, 0x00A8, 0x00C3, 0x00B7, 0x0097, 0x00EE, 0x00B3, 0x00C3, 0x00FE, 
0x0109, 0x0109, 0x0001, 0x00C3, 0x004F, 0x01B0, 0x00C3, 0x004F, 0x00FE, 0x00C3, 0x004F, 0x0162, 0x00FA, 0x01B0, 0x0109, 0x00FA, 
0x01B0, 0x00A8, 0x0094, 0x011D, 0x011A, 0x004F, 0x0001, 0x00B3, 0x00B7, 0x00C3, 0x011D, 0x01B0, 0x011A, 0x0001, 0x011D, 0x011A, 
0x00FA, 0x0162, 0x004F, 0x0109, 0x011A, 0x0097, 0x0094, 0x0162, 0x00A8, 0x0109, 0x011A, 0x00FE, 0x00C3, 0x00B3, 0x00A8, 0x00FA, 
0x0162, 0x0094, 0x0097, 0x00B3, 0x00C3, 0x00FA, 0x00B7, 0x0162, 0x011A, 0x00B3, 0x00FE, 0x00FA, 0x00FE, 0x004F, 0x00FE, 0x0097, 
0x004F, 0x0097, 0x004F, 0x0094, 0x0001, 0x00FA, 0x0162, 0x011D, 0x00B7, 0x00B7, 0x00EE, 0x00EE, 0x00EE, 0x00A8, 0x00FE, 0x00FA, 
0x00C3, 0x011A, 0x0097, 0x00B7, 0x011D, 0x01B0, 0x0097, 0x004F, 0x01B0, 0x00EE, 0x00B7, 0x0094, 0x00B3, 0x0109, 0x011D, 0x00C3, 
0x00FE, 0x0109, 0x00FE, 0x00EE, 0x01B0, 0x0109, 0x00B3, 0x00FA, 0x0109, 0x0097, 0x00FA, 0x0001, 0x00A8, 0x0097, 0x00C3, 0x0109, 
0x004F, 0x004F, 0x004F, 0x01B0, 0x01B0, 0x011D, 0x0001, 0x00C3, 0x011A, 0x011A, 0x004F, 0x0097, 0x00A8, 0x00FE, 0x00A8, 0x0094, 
0x00C3, 0x0162, 0x00FE, 0x004F, 0x004F, 0x0094, 0x0162, 0x00B7, 0x00EE, 0x00FA, 0x0097, 0x01B0, 0x01B0, 0x0094, 0x011D, 0x0109, 
0x01B0, 0x00FA, 0x00FA, 0x0097, 0x004F, 0x01B0, 0x0001, 0x011A, 0x00A8, 0x0094, 0x00FE, 0x0094, 0x00EE, 0x01B0, 0x011D, 0x00FA, 
0x004F, 0x011A, 0x00FE, 0x01B0, 0x0001, 0x0113, 0x0003, 0x011B, 0x0142, 0x0188, 0x019F, 0x013E, 0x0009, 0x00DA, 0x0068, 0x01A0, 
0x00F1, 0x00F6, 0x0064, 0x01A1, 0x0011, 0x0136, 0x00A2, 0x00C4, 0x017B, 0x0016, 0x0190, 0x0058, 0x00C5, 0x001A, 0x001B, 0x0066, 
0x006F, 0x00DD, 0x0185, 0x016B, 0x0138, 0x0159, 0x010A, 0x017E, 0x0145, 0x0180, 0x0122, 0x00D0, 0x019B, 0x0131, 0x0002, 0x01A5, 
0x012C, 0x0012, 0x0169, 0x0181, 0x0144, 0x0032, 0x0033, 0x00DE, 0x008F, 0x0040, 0x0093, 0x0152, 0x0035, 0x00D7, 0x0176, 0x009B, 
0x013B, 0x0018, 0x010F, 0x00EB, 0x005F, 0x0042, 0x004B, 0x0030, 0x014E, 0x0196, 0x000B, 0x0108, 0x008C, 0x00B1, 0x009E, 0x017D, 
0x0125, 0x004E, 0x00FE, 0x002C, 0x0051, 0x000C, 0x018F, 0x0132, 0x0116, 0x0075, 0x014D, 0x00A4, 0x00CB, 0x00E6, 0x01A9, 0x00BB, 
0x012D, 0x0076, 0x00CC, 0x00DF, 0x01AF, 0x014F, 0x0046, 0x0147, 0x0151, 0x00A9, 0x0023, 0x01AE, 0x016D, 0x0163, 0x0060, 0x0118, 
0x0197, 0x009C, 0x006D, 0x0120, 0x0148, 0x011E, 0x00C7, 0x00ED, 0x0004, 0x00E5, 0x007F, 0x00BF, 0x01A8, 0x0019, 0x016F, 0x0069, 
0x00D8, 0x0031, 0x004A, 0x006C, 0x0006, 0x0091, 0x0166, 0x018D, 0x0073, 0x0112, 0x0022, 0x00D2, 0x0128, 0x0036, 0x008B, 0x0171, 
0x00D9, 0x01AB, 0x017F, 0x0121, 0x00EC, 0x018C, 0x006A, 0x00B3, 0x0052, 0x0096, 0x0162, 0x01A6, 0x0099, 0x0025, 0x0079, 0x00E9, 
0x0080, 0x0089, 0x01AD, 0x0199, 0x00A1, 0x00C0, 0x0101, 0x010D, 0x0008, 0x00B0, 0x0010, 0x0094, 0x003B, 0x00F2, 0x009F, 0x0085, 
0x0027, 0x00D4, 0x015F, 0x0044, 0x0100, 0x0191, 0x01B0, 0x0020, 0x0034, 0x018E, 0x004F, 0x014B, 0x0129, 0x0048, 0x0024, 0x0198, 
0x017C, 0x00F3, 0x007B, 0x0110, 0x0084, 0x013C, 0x011D, 0x0149, 0x00BE, 0x00C6, 0x00EA, 0x0126, 0x00E1, 0x000D, 0x00A7, 0x0090, 
0x0115, 0x0063, 0x0088, 0x0029, 0x018A, 0x0160, 0x0062, 0x00C8, 0x0021, 0x01A4, 0x00D3, 0x0167, 0x0167, 0x00D3, 0x01A4, 0x0021, 
0x00C8, 0x0062, 0x0160, 0x018A, 0x0029, 0x0088, 0x0063, 0x0115, 0x0090, 0x00A7, 0x000D, 0x00E1, 0x0126, 0x00EA, 0x00C6, 0x00BE, 
0x0149, 0x011D, 0x013C, 0x0084, 0x0110, 0x007B, 0x00F3, 0x017C, 0x0198, 0x0024, 0x0048, 0x0129, 0x014B, 0x004F, 0x018E, 0x0034, 
0x0020, 0x01B0, 0x0191, 0x0100, 0x0044, 0x015F, 0x00D4, 0x0027, 0x0085, 0x009F, 0x00F2, 0x003B, 0x0094, 0x0010, 0x00B0, 0x0008, 
0x010D, 0x0101, 0x00C0, 0x00A1, 0x0199, 0x01AD, 0x0089, 0x0080, 0x00E9, 0x0079, 0x0025, 0x0099, 0x01A6, 0x0162, 0x0096, 0x0052, 
0x00B3, 0x006A, 0x018C, 0x00EC, 0x0121, 0x017F, 0x01AB, 0x00D9, 0x0171, 0x008B, 0x0036, 0x0128, 0x00D2, 0x0022, 0x0112, 0x0073, 
0x018D, 0x0166, 0x0091, 0x0006, 0x006C, 0x004A, 0x0031, 0x00D8, 0x0069, 0x016F, 0x0019, 0x01A8, 0x00BF, 0x007F, 0x00E5, 0x0004, 
0x00ED, 0x00C7, 0x011E, 0x0148, 0x0120, 0x006D, 0x009C, 0x0197, 0x0118, 0x0060, 0x0163, 0x016D, 0x01AE, 0x0023, 0x00A9, 0x0151, 
0x0147, 0x0046, 0x014F, 0x01AF, 0x00DF, 0x00CC, 0x0076, 0x012D, 0x00BB, 0x01A9, 0x00E6, 0x00CB, 0x00A4, 0x014D, 0x0075, 0x0116, 
0x0132, 0x018F, 0x000C, 0x0051, 0x002C, 0x00FE, 0x004E, 0x0125, 0x017D, 0x009E, 0x00B1, 0x008C, 0x0108, 0x000B, 0x0196, 0x014E, 
0x0030, 0x004B, 0x0042, 0x005F, 0x00EB, 0x010F, 0x0018, 0x013B, 0x009B, 0x0176, 0x00D7, 0x0035, 0x0152, 0x0093, 0x0040, 0x008F, 
0x00DE, 0x0033, 0x0032, 0x0144, 0x0181, 0x0169, 0x0012, 0x012C, 0x01A5, 0x0002, 0x0131, 0x019B, 0x00D0, 0x0122, 0x0180, 0x0145, 
0x017E, 0x010A, 0x0159, 0x0138, 0x016B, 0x0185, 0x00DD, 0x006F, 0x0066, 0x001B, 0x001A, 0x00C5, 0x0058, 0x0190, 0x0016, 0x017B, 
0x00C4, 0x00A2, 0x0136, 0x0011, 0x01A1, 0x0064, 0x00F6, 0x00F1, 0x01A0, 0x0068, 0x00DA, 0x0009, 0x013E, 0x019F, 0x0188, 0x0142, 
0x011B, 0x0003, 0x0001, 0x0075, 0x0009, 0x010A, 0x0137, 0x00BB, 0x0133, 0x017B, 0x0051, 0x000F, 0x0116, 0x00E5, 0x0066, 0x019D, 
0x00C9, 0x00B1, 0x0121, 0x0180, 0x002F, 0x0017, 0x00A5, 0x0033, 0x006B, 0x017C, 0x00A2, 0x00F3, 0x0128, 0x0102, 0x00BC, 0x0087, 
0x0170, 0x0166, 0x0151, 0x0027, 0x00D9, 0x0149, 0x014E, 0x012F, 0x0034, 0x005D, 0x018D, 0x00FD, 0x0056, 0x0152, 0x004D, 0x018B, 
0x0050, 0x0126, 0x0120, 0x014F, 0x0003, 0x011E, 0x00DA, 0x01A9, 0x0123, 0x0135, 0x01A7, 0x015A, 0x01A0, 0x00CF, 0x00A3, 0x00BD, 
0x00BA, 0x013E, 0x0071, 0x001A, 0x0106, 0x00E9, 0x0061, 0x0113, 0x015C, 0x0185, 0x0105, 0x006C, 0x009F, 0x017A, 0x002D, 0x0016, 
0x0094, 0x0038, 0x0042, 0x0076, 0x00D1, 0x009D, 0x00F8, 0x0067, 0x0189, 0x008F, 0x013A, 0x015D, 0x008A, 0x013D, 0x0119, 0x010B, 
0x0148, 0x00BF, 0x00EF, 0x0163, 0x0002, 0x00E1, 0x0107, 0x015F, 0x008D, 0x0079, 0x00DD, 0x0188, 0x0139, 0x016B, 0x00C5, 0x0111, 
0x0198, 0x00D6, 0x0103, 0x0081, 0x0171, 0x00D5, 0x0023, 0x00B0, 0x0187, 0x0194, 0x00D2, 0x0013, 0x006D, 0x001E, 0x009A, 0x0070, 
0x0131, 0x0191, 0x0155, 0x00E7, 0x0086, 0x000B, 0x008C, 0x0158, 0x0104, 0x019F, 0x011B, 0x005B, 0x010D, 0x0085, 0x011F, 0x000E, 
0x00D3, 0x0030, 0x000D, 0x00E3, 0x01AB, 0x004F, 0x005E, 0x01A1, 0x00C3, 0x003C, 0x001B, 0x0045, 0x0088, 0x0199, 0x00B2, 0x01AD, 
0x00E6, 0x0039, 0x0176, 0x0169, 0x0143, 0x017F, 0x0015, 0x00CD, 0x004A, 0x00B7, 0x000C, 0x0005, 0x0157, 0x0168, 0x00FC, 0x0053, 
0x0174, 0x0115, 0x0118, 0x016E, 0x00FE, 0x0083, 0x013F, 0x007D, 0x00A8, 0x011C, 0x0183, 0x0192, 0x00ED, 0x003F, 0x0177, 0x0110, 
0x006F, 0x0108, 0x016A, 0x00FB, 0x0097, 0x0190, 0x00C0, 0x00EA, 0x00EB, 0x0159, 0x00C1, 0x001C, 0x007F, 0x016D, 0x003E, 0x002B, 
0x0007, 0x012D, 0x004C, 0x0136, 0x0147, 0x018F, 0x0065, 0x00F9, 0x014D, 0x0025, 0x018C, 0x0064, 0x00B8, 0x014C, 0x0022, 0x006A, 
0x007B, 0x0165, 0x0084, 0x01AA, 0x0186, 0x0173, 0x0044, 0x0132, 0x0195, 0x00F0, 0x0058, 0x00C6, 0x00C7, 0x00F1, 0x0021, 0x011A, 
0x00B6, 0x0047, 0x00A9, 0x0142, 0x00A1, 0x003A, 0x0172, 0x00C4, 0x001F, 0x002E, 0x0095, 0x0109, 0x0134, 0x0072, 0x012E, 0x00B3, 
0x0043, 0x0099, 0x009C, 0x003D, 0x015E, 0x00B5, 0x0049, 0x005A, 0x01AC, 0x01A5, 0x00FA, 0x0167, 0x00E4, 0x019C, 0x0032, 0x006E, 
0x0048, 0x003B, 0x0178, 0x00CB, 0x0004, 0x00FF, 0x0018, 0x0129, 0x016C, 0x0196, 0x0175, 0x00EE, 0x0010, 0x0153, 0x0162, 0x0006, 
0x00CE, 0x01A4, 0x0181, 0x00DE, 0x01A3, 0x0092, 0x012C, 0x00A4, 0x0156, 0x0096, 0x0012, 0x00AD, 0x0059, 0x0125, 0x01A6, 0x012B, 
0x00CA, 0x005C, 0x0020, 0x0080, 0x0141, 0x0117, 0x0193, 0x0144, 0x019E, 0x00DF, 0x001D, 0x002A, 0x0101, 0x018E, 0x00DC, 0x0040, 
0x0130, 0x00AE, 0x00DB, 0x0019, 0x00A0, 0x00EC, 0x0046, 0x0078, 0x0029, 0x00D4, 0x0138, 0x0124, 0x0052, 0x00AA, 0x00D0, 0x01AF, 
0x004E, 0x00C2, 0x00F2, 0x0069, 0x00A6, 0x0098, 0x0074, 0x0127, 0x0054, 0x0077, 0x0122, 0x0028, 0x014A, 0x00B9, 0x0114, 0x00E0, 
0x013B, 0x016F, 0x0179, 0x011D, 0x019B, 0x0184, 0x0037, 0x0112, 0x0145, 0x00AC, 0x002C, 0x0055, 0x009E, 0x0150, 0x00C8, 0x00AB, 
0x0197, 0x0140, 0x0073, 0x00F7, 0x00F4, 0x010E, 0x00E2, 0x0011, 0x0057, 0x000A, 0x007C, 0x008E, 0x0008, 0x00D7, 0x0093, 0x01AE, 
0x0062, 0x0091, 0x008B, 0x0161, 0x0026, 0x0164, 0x005F, 0x015B, 0x00B4, 0x0024, 0x0154, 0x017D, 0x0082, 0x0063, 0x0068, 0x00D8, 
0x018A, 0x0060, 0x004B, 0x0041, 0x012A, 0x00F5, 0x00AF, 0x0089, 0x00BE, 0x010F, 0x0035, 0x0146, 0x017E, 0x010C, 0x019A, 0x0182, 
0x0031, 0x0090, 0x0100, 0x00E8, 0x0014, 0x014B, 0x00CC, 0x009B, 0x01A2, 0x0160, 0x0036, 0x007E, 0x00F6, 0x007A, 0x00A7, 0x01A8, 
0x0001, 0x00EA, 0x001B, 0x00C6, 0x0100, 0x0100, 0x01A1, 0x0001, 0x0128, 0x0096, 0x001B, 0x0096, 0x001B, 0x0099, 0x01A1, 0x00EA, 
0x0096, 0x01A1, 0x001B, 0x001B, 0x0001, 0x0100, 0x0128, 0x001B, 0x0099, 0x0100, 0x00C6, 0x0128, 0x0100, 0x0099, 0x0096, 0x00C6, 
0x0128, 0x001B, 0x00EA, 0x0099, 0x00EA, 0x0100, 0x0128, 0x0100, 0x0100, 0x00EA, 0x00EA, 0x0096, 0x0001, 0x01A1, 0x0128, 0x0100, 
0x0100, 0x0128, 0x0099, 0x0096, 0x0128, 0x0001, 0x01A1, 0x01A1, 0x0128, 0x0096, 0x0128, 0x0128, 0x01A1, 0x001B, 0x001B, 0x0001, 
0x01A1, 0x01A1, 0x00EA, 0x0100, 0x00C6, 0x00C6, 0x001B, 0x0128, 0x0001, 0x00C6, 0x00EA, 0x0096, 0x0001, 0x01A1, 0x0001, 0x0096, 
0x0096, 0x0096, 0x001B, 0x00C6, 0x0128, 0x00C6, 0x01A1, 0x001B, 0x00EA, 0x00EA, 0x0001, 0x0099, 0x0099, 0x01A1, 0x01A1, 0x0096, 
0x00EA, 0x0096, 0x00C6, 0x01A1, 0x0096, 0x0128, 0x00EA, 0x001B, 0x0100, 0x01A1, 0x0096, 0x00EA, 0x0100, 0x0099, 0x0100, 0x0099, 
0x0100, 0x01A1, 0x0001, 0x001B, 0x00C6, 0x01A1, 0x00C6, 0x01A1, 0x0128, 0x0099, 0x01A1, 0x0100, 0x00C6, 0x0100, 0x00C6, 0x00EA, 
0x0100, 0x0099, 0x00EA, 0x0099, 0x0001, 0x00C6, 0x001B, 0x0096, 0x00EA, 0x0001, 0x0099, 0x0001, 0x00C6, 0x0100, 0x0128, 0x01A1, 
0x0099, 0x00EA, 0x01A1, 0x0001, 0x0096, 0x00C6, 0x0001, 0x001B, 0x00EA, 0x00EA, 0x0128, 0x0099, 0x00EA, 0x00EA, 0x00C6, 0x001B, 
0x001B, 0x001B, 0x0100, 0x001B, 0x0001, 0x0100, 0x00EA, 0x0001, 0x0128, 0x01A1, 0x00C6, 0x0001, 0x0128, 0x0099, 0x0096, 0x0100, 
0x00C6, 0x00C6, 0x0001, 0x00C6, 0x0096, 0x00EA, 0x0001, 0x0128, 0x0096, 0x0128, 0x0099, 0x0099, 0x0128, 0x0099, 0x01A1, 0x001B, 
0x0099, 0x00C6, 0x0001, 0x001B, 0x0099, 0x0001, 0x0001, 0x0099, 0x0100, 0x001B, 0x00EA, 0x01A1, 0x0099, 0x00C6, 0x0096, 0x0100, 
0x0128, 0x0096, 0x0096, 0x0099, 0x0128, 0x001B, 0x0096, 0x00C6, 0x00C6, 0x0096, 0x001B, 0x0128, 0x0099, 0x0096, 0x0096, 0x0128, 
0x0100, 0x0096, 0x00C6, 0x0099, 0x01A1, 0x00EA, 0x001B, 0x0100, 0x0099, 0x0001, 0x0001, 0x0099, 0x001B, 0x0001, 0x00C6, 0x0099, 
0x001B, 0x01A1, 0x0099, 0x0128, 0x0099, 0x0099, 0x0128, 0x0096, 0x0128, 0x0001, 0x00EA, 0x0096, 0x00C6, 0x0001, 0x00C6, 0x00C6, 
0x0100, 0x0096, 0x0099, 0x0128, 0x0001, 0x00C6, 0x01A1, 0x0128, 0x0001, 0x00EA, 0x0100, 0x0001, 0x001B, 0x0100, 0x001B, 0x001B, 
0x001B, 0x00C6, 0x00EA, 0x00EA, 0x0099, 0x0128, 0x00EA, 0x00EA, 0x001B, 0x0001, 0x00C6, 0x0096, 0x0001, 0x01A1, 0x00EA, 0x0099, 
0x01A1, 0x0128, 0x0100, 0x00C6, 0x0001, 0x0099, 0x0001, 0x00EA, 0x0096, 0x001B, 0x00C6, 0x0001, 0x0099, 0x00EA, 0x0099, 0x0100, 
0x00EA, 0x00C6, 0x0100, 0x00C6, 0x0100, 0x01A1, 0x0099, 0x0128, 0x01A1, 0x00C6, 0x01A1, 0x00C6, 0x001B, 0x0001, 0x01A1, 0x0100, 
0x0099, 0x0100, 0x0099, 0x0100, 0x00EA, 0x0096, 0x01A1, 0x0100, 0x001B, 0x00EA, 0x0128, 0x0096, 0x01A1, 0x00C6, 0x0096, 0x00EA, 
0x0096, 0x01A1, 0x01A1, 0x0099, 0x0099, 0x0001, 0x00EA, 0x00EA, 0x001B, 0x01A1, 0x00C6, 0x0128, 0x00C6, 0x001B, 0x0096, 0x0096, 
0x0096, 0x0001, 0x01A1, 0x0001, 0x0096, 0x00EA, 0x00C6, 0x0001, 0x0128, 0x001B, 0x00C6, 0x00C6, 0x0100, 0x00EA, 0x01A1, 0x01A1, 
0x0001, 0x001B, 0x001B, 0x01A1, 0x0128, 0x0128, 0x0096, 0x0128, 0x01A1, 0x01A1, 0x0001, 0x0128, 0x0096, 0x0099, 0x0128, 0x0100, 
0x0100, 0x0128, 0x01A1, 0x0001, 0x0096, 0x00EA, 0x00EA, 0x0100, 0x0100, 0x0128, 0x0100, 0x00EA, 0x0099, 0x00EA, 0x001B, 0x0128, 
0x00C6, 0x0096, 0x0099, 0x0100, 0x0128, 0x00C6, 0x0100, 0x0099, 0x001B, 0x0128, 0x0100, 0x0001, 0x001B, 0x001B, 0x01A1, 0x0096, 
0x00EA, 0x01A1, 0x0099, 0x001B, 0x0096, 0x001B, 0x0096, 0x0128, 0x0001, 0x01A1, 0x0100, 0x0100, 0x00C6, 0x001B, 0x0001, 0x0023, 
0x0051, 0x0167, 0x019E, 0x00ED, 0x0141, 0x0008, 0x0042, 0x00C9, 0x0129, 0x0044, 0x015F, 0x019A, 0x00C1, 0x0118, 0x0181, 0x0091, 
0x0050, 0x006B, 0x0015, 0x0003, 0x0139, 0x00D7, 0x0169, 0x00A1, 0x0096, 0x003D, 0x003F, 0x0104, 0x0140, 0x0112, 0x00F2, 0x0034, 
0x018C, 0x0138, 0x01AF, 0x00CA, 0x011E, 0x0119, 0x0068, 0x012E, 0x0067, 0x0069, 0x002D, 0x0082, 0x0038, 0x00A4, 0x01A4, 0x004E, 
0x0009, 0x0006, 0x0064, 0x0036, 0x01A3, 0x0193, 0x01A2, 0x0028, 0x0090, 0x0007, 0x0143, 0x0177, 0x0192, 0x0040, 0x0103, 0x00F3, 
0x005A, 0x0058, 0x00EF, 0x0004, 0x00B9, 0x005F, 0x0049, 0x016B, 0x00E6, 0x008E, 0x004D, 0x0033, 0x004F, 0x0135, 0x001A, 0x00B0, 
0x004C, 0x00B2, 0x002E, 0x008D, 0x0154, 0x00D3, 0x002A, 0x0114, 0x005B, 0x00DC, 0x0175, 0x00E4, 0x00D4, 0x006F, 0x00B6, 0x019B, 
0x0075, 0x0084, 0x01AC, 0x013B, 0x011F, 0x00D2, 0x0022, 0x0024, 0x001D, 0x009E, 0x00C0, 0x0178, 0x010F, 0x00F9, 0x015E, 0x0155, 
0x0073, 0x0065, 0x00D9, 0x0115, 0x00B4, 0x00F5, 0x0136, 0x002F, 0x00C5, 0x0087, 0x0045, 0x00D6, 0x0020, 0x004B, 0x0074, 0x0195, 
0x0158, 0x0116, 0x0085, 0x0077, 0x00B5, 0x0031, 0x0010, 0x008A, 0x0032, 0x008C, 0x00CE, 0x019D, 0x0147, 0x0126, 0x0066, 0x0186, 
0x00F6, 0x0094, 0x010B, 0x0100, 0x0097, 0x00CF, 0x0128, 0x0061, 0x019F, 0x0035, 0x016E, 0x00A7, 0x0132, 0x01A7, 0x0011, 0x002C, 
0x00A0, 0x0062, 0x00A5, 0x003E, 0x006C, 0x00A8, 0x00E5, 0x0137, 0x0054, 0x00AC, 0x0072, 0x00D1, 0x010E, 0x0018, 0x0196, 0x00AB, 
0x00B3, 0x0086, 0x0130, 0x009A, 0x00B7, 0x0153, 0x0026, 0x0041, 0x0021, 0x00BA, 0x0057, 0x003B, 0x0198, 0x01A5, 0x0055, 0x0134, 
0x00C3, 0x0060, 0x0108, 0x00C6, 0x00C7, 0x0122, 0x016A, 0x0102, 0x0131, 0x00C8, 0x00BD, 0x0056, 0x0133, 0x01A6, 0x017A, 0x0144, 
0x0029, 0x018A, 0x0107, 0x0095, 0x00D0, 0x014E, 0x0063, 0x00E1, 0x011C, 0x00AA, 0x0027, 0x0188, 0x006D, 0x0037, 0x000B, 0x007E, 
0x015B, 0x00F4, 0x00E9, 0x0080, 0x00AF, 0x0047, 0x008F, 0x00EA, 0x00EB, 0x00A9, 0x0151, 0x00EE, 0x007D, 0x015C, 0x000C, 0x0019, 
0x0176, 0x015A, 0x00F7, 0x0190, 0x0170, 0x018B, 0x005E, 0x00FA, 0x0117, 0x0081, 0x012B, 0x00FE, 0x0106, 0x001B, 0x0199, 0x00A3, 
0x00E0, 0x013F, 0x0105, 0x015D, 0x007A, 0x00CC, 0x0109, 0x0145, 0x0173, 0x010C, 0x014F, 0x0111, 0x0185, 0x01A0, 0x000A, 0x007F, 
0x010A, 0x0043, 0x017C, 0x0012, 0x0150, 0x0089, 0x00E2, 0x011A, 0x00B1, 0x00A6, 0x011D, 0x00BB, 0x002B, 0x014B, 0x008B, 0x006A, 
0x0014, 0x00E3, 0x0125, 0x017F, 0x0127, 0x01A1, 0x0180, 0x00FC, 0x013A, 0x012C, 0x009B, 0x0059, 0x001C, 0x013D, 0x0166, 0x0191, 
0x00DB, 0x016C, 0x012A, 0x00EC, 0x0182, 0x007B, 0x00BC, 0x00FD, 0x009C, 0x00D8, 0x014C, 0x013E, 0x005C, 0x0053, 0x00B8, 0x00A2, 
0x0039, 0x00F1, 0x0113, 0x0194, 0x018D, 0x018F, 0x00DF, 0x0092, 0x0076, 0x0005, 0x012D, 0x013C, 0x0016, 0x00FB, 0x0142, 0x00DD, 
0x00CD, 0x003C, 0x00D5, 0x0156, 0x009D, 0x0187, 0x00DE, 0x005D, 0x0124, 0x0183, 0x00FF, 0x0165, 0x0101, 0x0197, 0x007C, 0x0162, 
0x017E, 0x0164, 0x0123, 0x00CB, 0x0046, 0x0168, 0x0152, 0x00F8, 0x01AD, 0x00C2, 0x0159, 0x0157, 0x00BE, 0x00AE, 0x0171, 0x001F, 
0x003A, 0x006E, 0x01AA, 0x0121, 0x0189, 0x000F, 0x001E, 0x000E, 0x017B, 0x014D, 0x01AB, 0x01A8, 0x0163, 0x000D, 0x010D, 0x0179, 
0x012F, 0x0184, 0x0148, 0x014A, 0x0083, 0x0149, 0x0098, 0x0093, 0x00E7, 0x0002, 0x0079, 0x0025, 0x017D, 0x00BF, 0x009F, 0x0071, 
0x00AD, 0x0172, 0x0174, 0x011B, 0x0110, 0x0048, 0x00DA, 0x0078, 0x01AE, 0x019C, 0x0146, 0x0161, 0x0120, 0x0030, 0x0099, 0x00F0, 
0x0017, 0x0052, 0x016D, 0x0088, 0x00E8, 0x016F, 0x01A9, 0x0070, 0x00C4, 0x0013, 0x004A, 0x0160, 0x0001, 0x0046, 0x00F3, 0x0089, 
0x0152, 0x007B, 0x0052, 0x0040, 0x00A1, 0x0116, 0x00EC, 0x017F, 0x00E9, 0x006F, 0x0129, 0x0096, 0x0032, 0x000C, 0x00DD, 0x0198, 
0x0008, 0x0042, 0x010F, 0x018D, 0x016D, 0x0121, 0x0099, 0x0199, 0x005F, 0x0006, 0x018A, 0x006C, 0x00C0, 0x0024, 0x0004, 0x0197, 
0x0167, 0x013B, 0x0149, 0x019F, 0x016F, 0x007F, 0x0063, 0x0122, 0x0125, 0x015F, 0x0022, 0x004E, 0x00E5, 0x0003, 0x001A, 0x0138, 
0x0068, 0x013E, 0x0060, 0x0034, 0x000B, 0x009B, 0x010D, 0x01A4, 0x00DA, 0x012D, 0x00D4, 0x00C7, 0x017D, 0x0011, 0x0191, 0x0163, 
0x0025, 0x0118, 0x0091, 0x0159, 0x0085, 0x0010, 0x016B, 0x0190, 0x012C, 0x0051, 0x00B3, 0x0027, 0x0176, 0x008F, 0x00F6, 0x00E6, 
0x000D, 0x0002, 0x0088, 0x017E, 0x0112, 0x009F, 0x0036, 0x0142, 0x0031, 0x00D7, 0x00DE, 0x0108, 0x014E, 0x0009, 0x0145, 0x00D2, 
0x0169, 0x0058, 0x0075, 0x00BE, 0x006A, 0x0160, 0x0048, 0x00B1, 0x0090, 0x00E1, 0x00CC, 0x00B0, 0x0093, 0x0151, 0x00EB, 0x0019, 
0x0113, 0x00D3, 0x00CB, 0x0185, 0x0110, 0x0069, 0x01A0, 0x011E, 0x018E, 0x0076, 0x00A7, 0x004A, 0x00F2, 0x0101, 0x0020, 0x0144, 
0x0171, 0x0166, 0x00BB, 0x00A9, 0x001B, 0x01A9, 0x0016, 0x0073, 0x0023, 0x00BF, 0x01AE, 0x014F, 0x0044, 0x00D9, 0x00DF, 0x00FE, 
0x017C, 0x0128, 0x011D, 0x0120, 0x0100, 0x00D8, 0x00F1, 0x0029, 0x0132, 0x0196, 0x009E, 0x0084, 0x008B, 0x00C8, 0x0064, 0x0033, 
0x017B, 0x014D, 0x011B, 0x004F, 0x00A4, 0x002C, 0x004B, 0x008C, 0x00ED, 0x01AB, 0x0035, 0x0147, 0x01A1, 0x0080, 0x01B0, 0x0131, 
0x0021, 0x013C, 0x0094, 0x0018, 0x0066, 0x018F, 0x006D, 0x0148, 0x01A6, 0x0181, 0x01A5, 0x0126, 0x0180, 0x01AF, 0x0162, 0x00C5, 
0x0030, 0x00EA, 0x00C6, 0x019B, 0x0012, 0x009C, 0x01AD, 0x0062, 0x00D0, 0x018C, 0x014B, 0x0136, 0x00C4, 0x003B, 0x01A8, 0x0188, 
0x00A2, 0x0115, 0x0079, 0x010A, 0x010A, 0x0079, 0x0115, 0x00A2, 0x0188, 0x01A8, 0x003B, 0x00C4, 0x0136, 0x014B, 0x018C, 0x00D0, 
0x0062, 0x01AD, 0x009C, 0x0012, 0x019B, 0x00C6, 0x00EA, 0x0030, 0x00C5, 0x0162, 0x01AF, 0x0180, 0x0126, 0x01A5, 0x0181, 0x01A6, 
0x0148, 0x006D, 0x018F, 0x0066, 0x0018, 0x0094, 0x013C, 0x0021, 0x0131, 0x01B0, 0x0080, 0x01A1, 0x0147, 0x0035, 0x01AB, 0x00ED, 
0x008C, 0x004B, 0x002C, 0x00A4, 0x004F, 0x011B, 0x014D, 0x017B, 0x0033, 0x0064, 0x00C8, 0x008B, 0x0084, 0x009E, 0x0196, 0x0132, 
0x0029, 0x00F1, 0x00D8, 0x0100, 0x0120, 0x011D, 0x0128, 0x017C, 0x00FE, 0x00DF, 0x00D9, 0x0044, 0x014F, 0x01AE, 0x00BF, 0x0023, 
0x0073, 0x0016, 0x01A9, 0x001B, 0x00A9, 0x00BB, 0x0166, 0x0171, 0x0144, 0x0020, 0x0101, 0x00F2, 0x004A, 0x00A7, 0x0076, 0x018E, 
0x011E, 0x01A0, 0x0069, 0x0110, 0x0185, 0x00CB, 0x00D3, 0x0113, 0x0019, 0x00EB, 0x0151, 0x0093, 0x00B0, 0x00CC, 0x00E1, 0x0090, 
0x00B1, 0x0048, 0x0160, 0x006A, 0x00BE, 0x0075, 0x0058, 0x0169, 0x00D2, 0x0145, 0x0009, 0x014E, 0x0108, 0x00DE, 0x00D7, 0x0031, 
0x0142, 0x0036, 0x009F, 0x0112, 0x017E, 0x0088, 0x0002, 0x000D, 0x00E6, 0x00F6, 0x008F, 0x0176, 0x0027, 0x00B3, 0x0051, 0x012C, 
0x0190, 0x016B, 0x0010, 0x0085, 0x0159, 0x0091, 0x0118, 0x0025, 0x0163, 0x0191, 0x0011, 0x017D, 0x00C7, 0x00D4, 0x012D, 0x00DA, 
0x01A4, 0x010D, 0x009B, 0x000B, 0x0034, 0x0060, 0x013E, 0x0068, 0x0138, 0x001A, 0x0003, 0x00E5, 0x004E, 0x0022, 0x015F, 0x0125, 
0x0122, 0x0063, 0x007F, 0x016F, 0x019F, 0x0149, 0x013B, 0x0167, 0x0197, 0x0004, 0x0024, 0x00C0, 0x006C, 0x018A, 0x0006, 0x005F, 
0x0199, 0x0099, 0x0121, 0x016D, 0x018D, 0x010F, 0x0042, 0x0008, 0x0198, 0x00DD, 0x000C, 0x0032, 0x0096, 0x0129, 0x006F, 0x00E9, 
0x017F, 0x00EC, 0x0116, 0x00A1, 0x0040, 0x0052, 0x007B, 0x0152, 0x0089, 0x00F3, 0x0001, 0x008C, 0x0128, 0x0073, 0x0187, 0x0131, 
0x008D, 0x004F, 0x0096, 0x00B6, 0x01AF, 0x010A, 0x01AF, 0x00FF, 0x007D, 0x00EB, 0x01A1, 0x00D8, 0x012E, 0x016E, 0x00A8, 0x0099, 
0x00AB, 0x0002, 0x0020, 0x0099, 0x00EA, 0x00C2, 0x009D, 0x00B4, 0x005A, 0x01A9, 0x0112, 0x0166, 0x008C, 0x016B, 0x0125, 0x0117, 
0x0112, 0x0092, 0x0145, 0x008A, 0x0168, 0x00CB, 0x00C3, 0x007D, 0x012B, 0x0118, 0x018C, 0x0096, 0x001B, 0x00CB, 0x013C, 0x011D, 
0x0054, 0x013A, 0x00C2, 0x014A, 0x011B, 0x0056, 0x0134, 0x002B, 0x016E, 0x00B3, 0x0054, 0x0100, 0x0015, 0x0145, 0x0184, 0x0073, 
0x0150, 0x009F, 0x00B7, 0x013E, 0x017B, 0x005A, 0x0097, 0x0100, 0x011D, 0x0059, 0x01A1, 0x0023, 0x0043, 0x010C, 0x00EF, 0x00AC, 
0x008D, 0x0113, 0x008A, 0x0015, 0x0097, 0x00B4, 0x00E3, 0x0124, 0x0132, 0x00E6, 0x0164, 0x0010, 0x0085, 0x00D8, 0x0059, 0x013C, 
0x0168, 0x0113, 0x0131, 0x004A, 0x0157, 0x0040, 0x006C, 0x0045, 0x0080, 0x00E3, 0x009D, 0x013A, 0x00B3, 0x012E, 0x0085, 0x00D9, 
0x0156, 0x015D, 0x0004, 0x00FD, 0x004A, 0x0187, 0x0184, 0x0092, 0x01A9, 0x017B, 0x002A, 0x0045, 0x0127, 0x014E, 0x0094, 0x0156, 
0x0083, 0x0023, 0x00EB, 0x00C3, 0x001B, 0x004F, 0x00AC, 0x0114, 0x0004, 0x00B1, 0x014E, 0x0049, 0x0132, 0x0162, 0x014A, 0x00EA, 
0x00A8, 0x002B, 0x00C6, 0x0164, 0x0075, 0x014E, 0x019C, 0x0040, 0x0008, 0x0150, 0x0128, 0x0166, 0x0117, 0x0089, 0x00B7, 0x011F, 
0x0040, 0x011A, 0x0004, 0x0077, 0x010C, 0x0109, 0x012B, 0x00FF, 0x00B6, 0x018C, 0x00C7, 0x010C, 0x00FE, 0x0156, 0x0158, 0x0164, 
0x00EE, 0x0056, 0x00FB, 0x00AB, 0x0020, 0x00B2, 0x0056, 0x0196, 0x0132, 0x009E, 0x0045, 0x002D, 0x00B7, 0x004B, 0x016B, 0x0001, 
0x01B0, 0x016B, 0x009A, 0x0150, 0x0036, 0x004A, 0x00CE, 0x00AC, 0x0067, 0x018C, 0x0106, 0x010A, 0x010A, 0x0191, 0x012B, 0x0186, 
0x0023, 0x012C, 0x0085, 0x018E, 0x002B, 0x0086, 0x0020, 0x00A7, 0x00A7, 0x00AB, 0x0025, 0x014A, 0x0105, 0x00E3, 0x0167, 0x017B, 
0x0061, 0x0117, 0x0046, 0x0001, 0x01B0, 0x0046, 0x0166, 0x00FA, 0x0184, 0x016C, 0x0113, 0x007F, 0x001B, 0x015B, 0x00FF, 0x0191, 
0x0106, 0x00B6, 0x015B, 0x00C3, 0x004D, 0x0059, 0x005B, 0x00B3, 0x00A5, 0x00EA, 0x0025, 0x00FB, 0x00B2, 0x0086, 0x00A8, 0x00A5, 
0x013A, 0x01AD, 0x0097, 0x0171, 0x0092, 0x00FA, 0x0128, 0x009A, 0x004B, 0x0089, 0x0061, 0x01A9, 0x0171, 0x0015, 0x0063, 0x013C, 
0x004D, 0x00EB, 0x0186, 0x0109, 0x00C7, 0x0067, 0x004F, 0x007F, 0x0168, 0x0063, 0x0100, 0x01AD, 0x009D, 0x0105, 0x0162, 0x0196, 
0x00EE, 0x00C6, 0x018E, 0x012E, 0x005B, 0x011D, 0x0063, 0x008A, 0x016C, 0x0187, 0x0036, 0x0008, 0x011F, 0x002D, 0x002A, 0x0167, 
0x00B4, 0x01AD, 0x0054, 0x005B, 0x00D8, 0x012C, 0x0083, 0x00FE, 0x0077, 0x0114, 0x00CE, 0x0131, 0x016C, 0x0145, 0x0171, 0x005A, 
0x0167, 0x0080, 0x009E, 0x0049, 0x0075, 0x0158, 0x00D9, 0x012C, 0x01A1, 0x004D, 0x00CB, 0x007F, 0x008D, 0x00CE, 0x00FD, 0x011A, 
0x019C, 0x0127, 0x009E, 0x0124, 0x0105, 0x00C2, 0x00A5, 0x016E, 0x018E, 0x0010, 0x0158, 0x0094, 0x00B1, 0x011A, 0x0157, 0x0036, 
0x0073, 0x00FA, 0x0112, 0x0061, 0x013E, 0x002D, 0x006C, 0x019C, 0x00B1, 0x015D, 0x00FE, 0x0043, 0x0186, 0x007D, 0x015B, 0x0096, 
0x0067, 0x00EF, 0x0077, 0x015D, 0x0094, 0x0075, 0x00E6, 0x0196, 0x011B, 0x0025, 0x0099, 0x0086, 0x0134, 0x00EE, 0x00E6, 0x0049, 
0x0127, 0x006C, 0x011F, 0x009F, 0x009A, 0x008C, 0x0046, 0x0125, 0x004B, 0x009F, 0x0008, 0x0157, 0x00FD, 0x0114, 0x00EF, 0x00C7, 
0x0118, 0x0191, 0x01AF, 0x0106, 0x0118, 0x0109, 0x0043, 0x0083, 0x00D9, 0x0010, 0x00C6, 0x0134, 0x00B2, 0x0002, 0x00A7, 0x0002, 
0x00FB, 0x011B, 0x0162, 0x0124, 0x0080, 0x002A, 0x013E, 0x0089, 0x0001, 0x0118, 0x0016, 0x001B, 0x00DF, 0x0062, 0x0079, 0x00C7, 
0x0033, 0x0058, 0x019B, 0x00A1, 0x0197, 0x006A, 0x008F, 0x0128, 0x00A1, 0x01A8, 0x006D, 0x0188, 0x0040, 0x014F, 0x0024, 0x0030, 
0x016F, 0x0051, 0x0100, 0x00EC, 0x00DF, 0x00CC, 0x00C0, 0x00B1, 0x017E, 0x0030, 0x0089, 0x004E, 0x0010, 0x00D2, 0x0126, 0x00D3, 
0x014F, 0x00A7, 0x0145, 0x0110, 0x0073, 0x0079, 0x00C5, 0x0011, 0x0160, 0x008B, 0x004E, 0x00A4, 0x0126, 0x00EB, 0x0122, 0x0108, 
0x00E9, 0x0058, 0x00F3, 0x018D, 0x00A9, 0x0044, 0x006D, 0x00C6, 0x0108, 0x0009, 0x006C, 0x0011, 0x0167, 0x0100, 0x0029, 0x00BE, 
0x0171, 0x0096, 0x0118, 0x0159, 0x0171, 0x0032, 0x01B0, 0x00C0, 0x0003, 0x0110, 0x016D, 0x01AD, 0x018D, 0x0046, 0x008F, 0x0181, 
0x009E, 0x009E, 0x013E, 0x006A, 0x0147, 0x00A9, 0x003B, 0x01AE, 0x0145, 0x010D, 0x00B1, 0x017F, 0x0149, 0x00BE, 0x0113, 0x0016, 
0x01A0, 0x0032, 0x0149, 0x01A1, 0x0051, 0x00E5, 0x0160, 0x0136, 0x01A5, 0x0122, 0x00EA, 0x0188, 0x0196, 0x003B, 0x01AD, 0x0138, 
0x0033, 0x007B, 0x0009, 0x01A5, 0x0004, 0x00D2, 0x011B, 0x0010, 0x00DE, 0x0136, 0x006C, 0x0163, 0x00C7, 0x016B, 0x016D, 0x01AE, 
0x0099, 0x0040, 0x0121, 0x00EB, 0x0004, 0x00DE, 0x008B, 0x0176, 0x016F, 0x010A, 0x017F, 0x01B0, 0x00F1, 0x001B, 0x00FE, 0x0029, 
0x01A1, 0x010A, 0x017E, 0x0090, 0x00A7, 0x0099, 0x0196, 0x0044, 0x001A, 0x0197, 0x000C, 0x0181, 0x013E, 0x000C, 0x0128, 0x00B3, 
0x00F3, 0x0138, 0x016B, 0x0073, 0x00C8, 0x00CC, 0x00F1, 0x01A0, 0x0096, 0x004A, 0x0001, 0x004A, 0x0159, 0x0113, 0x00FE, 0x00EC, 
0x0068, 0x00C5, 0x0163, 0x007B, 0x00E9, 0x0042, 0x01A8, 0x001A, 0x0147, 0x0046, 0x00B3, 0x019B, 0x0042, 0x00C6, 0x00EA, 0x0121, 
0x00D3, 0x0144, 0x0089, 0x0176, 0x00E5, 0x0167, 0x0068, 0x0062, 0x00C8, 0x0003, 0x010D, 0x0090, 0x0024, 0x0144, 0x00A4, 0x011B, 
0x011B, 0x00A4, 0x0144, 0x0024, 0x0090, 0x010D, 0x0003, 0x00C8, 0x0062, 0x0068, 0x0167, 0x00E5, 0x0176, 0x0089, 0x0144, 0x00D3, 
0x0121, 0x00EA, 0x00C6, 0x0042, 0x019B, 0x00B3, 0x0046, 0x0147, 0x001A, 0x01A8, 0x0042, 0x00E9, 0x007B, 0x0163, 0x00C5, 0x0068, 
0x00EC, 0x00FE, 0x0113, 0x0159, 0x004A, 0x0001, 0x004A, 0x0096, 0x01A0, 0x00F1, 0x00CC, 0x00C8, 0x0073, 0x016B, 0x0138, 0x00F3, 
0x00B3, 0x0128, 0x000C, 0x013E, 0x0181, 0x000C, 0x0197, 0x001A, 0x0044, 0x0196, 0x0099, 0x00A7, 0x0090, 0x017E, 0x010A, 0x01A1, 
0x0029, 0x00FE, 0x001B, 0x00F1, 0x01B0, 0x017F, 0x010A, 0x016F, 0x0176, 0x008B, 0x00DE, 0x0004, 0x00EB, 0x0121, 0x0040, 0x0099, 
0x01AE, 0x016D, 0x016B, 0x00C7, 0x0163, 0x006C, 0x0136, 0x00DE, 0x0010, 0x011B, 0x00D2, 0x0004, 0x01A5, 0x0009, 0x007B, 0x0033, 
0x0138, 0x01AD, 0x003B, 0x0196, 0x0188, 0x00EA, 0x0122, 0x01A5, 0x0136, 0x0160, 0x00E5, 0x0051, 0x01A1, 0x0149, 0x0032, 0x01A0, 
0x0016, 0x0113, 0x00BE, 0x0149, 0x017F, 0x00B1, 0x010D, 0x0145, 0x01AE, 0x003B, 0x00A9, 0x0147, 0x006A, 0x013E, 0x009E, 0x009E, 
0x0181, 0x008F, 0x0046, 0x018D, 0x01AD, 0x016D, 0x0110, 0x0003, 0x00C0, 0x01B0, 0x0032, 0x0171, 0x0159, 0x0118, 0x0096, 0x0171, 
0x00BE, 0x0029, 0x0100, 0x0167, 0x0011, 0x006C, 0x0009, 0x0108, 0x00C6, 0x006D, 0x0044, 0x00A9, 0x018D, 0x00F3, 0x0058, 0x00E9, 
0x0108, 0x0122, 0x00EB, 0x0126, 0x00A4, 0x004E, 0x008B, 0x0160, 0x0011, 0x00C5, 0x0079, 0x0073, 0x0110, 0x0145, 0x00A7, 0x014F, 
0x00D3, 0x0126, 0x00D2, 0x0010, 0x004E, 0x0089, 0x0030, 0x017E, 0x00B1, 0x00C0, 0x00CC, 0x00DF, 0x00EC, 0x0100, 0x0051, 0x016F, 
0x0030, 0x0024, 0x014F, 0x0040, 0x0188, 0x006D, 0x01A8, 0x00A1, 0x0128, 0x008F, 0x006A, 0x0197, 0x00A1, 0x019B, 0x0058, 0x0033, 
0x00C7, 0x0079, 0x0062, 0x00DF, 0x001B, 0x0016, 0x0001, 0x007F, 0x0042, 0x006C, 0x00F9, 0x009B, 0x019E, 0x0125, 0x001A, 0x000E, 
0x00BF, 0x00C8, 0x005F, 0x00B9, 0x019D, 0x0196, 0x008B, 0x010F, 0x0153, 0x002E, 0x002D, 0x0009, 0x018B, 0x011E, 0x0052, 0x0176, 
0x01A1, 0x0071, 0x0195, 0x003A, 0x0143, 0x0023, 0x0031, 0x014D, 0x0020, 0x00D2, 0x009F, 0x00BA, 0x00D0, 0x00D5, 0x0138, 0x0056, 
0x0077, 0x0115, 0x019C, 0x0172, 0x00A6, 0x017F, 0x0169, 0x0016, 0x0051, 0x012D, 0x01AB, 0x0085, 0x016A, 0x003E, 0x0123, 0x0155, 
0x0030, 0x0005, 0x015E, 0x013F, 0x0174, 0x0073, 0x0111, 0x00A1, 0x0134, 0x0122, 0x005A, 0x00A7, 0x0139, 0x0101, 0x005B, 0x0113, 
0x00D8, 0x00F0, 0x010C, 0x0003, 0x0162, 0x00CD, 0x00F3, 0x00DD, 0x01A2, 0x0061, 0x0194, 0x0187, 0x013D, 0x006A, 0x00CE, 0x016C, 
0x0168, 0x00E2, 0x0065, 0x012A, 0x0199, 0x0091, 0x015D, 0x017E, 0x00CB, 0x00C4, 0x0141, 0x0148, 0x00B4, 0x007B, 0x017C, 0x0068, 
0x0082, 0x0004, 0x00A9, 0x004C, 0x0066, 0x0050, 0x0178, 0x0098, 0x0040, 0x0007, 0x0131, 0x0022, 0x0186, 0x00CA, 0x006D, 0x011C, 
0x00F1, 0x00F4, 0x0043, 0x002F, 0x0002, 0x013C, 0x003C, 0x001F, 0x0124, 0x0060, 0x0036, 0x0092, 0x015A, 0x0019, 0x00B1, 0x00AC, 
0x014F, 0x01A9, 0x0083, 0x015C, 0x0188, 0x00A4, 0x0185, 0x012B, 0x000B, 0x011D, 0x0193, 0x0099, 0x00FA, 0x00AA, 0x0096, 0x0106, 
0x0142, 0x017D, 0x00EF, 0x0167, 0x0025, 0x0037, 0x0121, 0x0076, 0x00E0, 0x0163, 0x004D, 0x0104, 0x0046, 0x00C3, 0x016D, 0x00D6, 
0x009A, 0x0127, 0x0189, 0x01A7, 0x00AE, 0x0027, 0x0089, 0x00B6, 0x00B3, 0x014A, 0x005D, 0x00FF, 0x0097, 0x007C, 0x00BC, 0x010E, 
0x0088, 0x00AF, 0x0130, 0x01A0, 0x000D, 0x00E5, 0x0146, 0x009D, 0x0109, 0x0012, 0x000C, 0x00EA, 0x00EB, 0x00D3, 0x019A, 0x0041, 
0x0063, 0x0058, 0x00B5, 0x0158, 0x0137, 0x0021, 0x00E8, 0x00C5, 0x0024, 0x00DA, 0x0133, 0x0038, 0x00BB, 0x004B, 0x0166, 0x00F6, 
0x0179, 0x007E, 0x00D7, 0x018D, 0x00EC, 0x00C9, 0x0190, 0x007A, 0x0059, 0x00FC, 0x0159, 0x014E, 0x0170, 0x0017, 0x00DE, 0x00C6, 
0x00C7, 0x01A5, 0x019F, 0x00A8, 0x0114, 0x006B, 0x00CC, 0x01A4, 0x0011, 0x0081, 0x0102, 0x0129, 0x00A3, 0x00F5, 0x0135, 0x011A, 
0x00B2, 0x0154, 0x0067, 0x00FE, 0x00FB, 0x0128, 0x018A, 0x0103, 0x000A, 0x0028, 0x008A, 0x0117, 0x00DB, 0x0044, 0x00EE, 0x016B, 
0x00AD, 0x0164, 0x004E, 0x00D1, 0x013B, 0x0090, 0x017A, 0x018C, 0x004A, 0x00C2, 0x0034, 0x006F, 0x00AB, 0x011B, 0x0107, 0x00B7, 
0x0118, 0x001E, 0x0094, 0x01A6, 0x0086, 0x002C, 0x010D, 0x0029, 0x0055, 0x012E, 0x0008, 0x0062, 0x0105, 0x0100, 0x0198, 0x0057, 
0x011F, 0x017B, 0x0151, 0x008D, 0x0192, 0x0175, 0x0075, 0x01AF, 0x0182, 0x016E, 0x00BD, 0x00C0, 0x0095, 0x0144, 0x00E7, 0x002B, 
0x018F, 0x0080, 0x01AA, 0x0171, 0x0119, 0x0039, 0x0161, 0x014B, 0x0165, 0x0108, 0x01AD, 0x012F, 0x0149, 0x0035, 0x0136, 0x00FD, 
0x0069, 0x0070, 0x00ED, 0x00E6, 0x0033, 0x0054, 0x0120, 0x0018, 0x0087, 0x014C, 0x00CF, 0x0049, 0x0045, 0x00E3, 0x0147, 0x0074, 
0x002A, 0x001D, 0x0150, 0x000F, 0x00D4, 0x00BE, 0x00E4, 0x004F, 0x01AE, 0x00A5, 0x00C1, 0x00D9, 0x009E, 0x0156, 0x00B0, 0x0078, 
0x010A, 0x0157, 0x008F, 0x007D, 0x0110, 0x00A0, 0x013E, 0x003D, 0x0072, 0x0053, 0x01AC, 0x0181, 0x005C, 0x008E, 0x0173, 0x0047, 
0x012C, 0x0006, 0x0084, 0x0160, 0x019B, 0x0048, 0x0032, 0x010B, 0x003F, 0x0015, 0x009C, 0x013A, 0x015B, 0x0079, 0x00DC, 0x00E1, 
0x00F7, 0x0112, 0x00DF, 0x0191, 0x0064, 0x0180, 0x018E, 0x006E, 0x0177, 0x001C, 0x0140, 0x0010, 0x003B, 0x015F, 0x0093, 0x0026, 
0x01A8, 0x0184, 0x0183, 0x005E, 0x00A2, 0x0126, 0x001B, 0x0014, 0x00F8, 0x0152, 0x00E9, 0x00F2, 0x01A3, 0x0197, 0x008C, 0x0013, 
0x0116, 0x00B8, 0x0145, 0x016F, 0x0001, 0x00FE, 0x00C6, 0x01B0, 0x017B, 0x0040, 0x012C, 0x00B3, 0x00EA, 0x008C, 0x0171, 0x00EB, 
0x0171, 0x01A9, 0x0085, 0x0001, 0x00C6, 0x0073, 0x017B, 0x0036, 0x004F, 0x00C6, 0x01A9, 0x0171, 0x013E, 0x00C6, 0x0001, 0x0085, 
0x0036, 0x0008, 0x0036, 0x00FE, 0x013E, 0x0040, 0x00FE, 0x00C7, 0x00FE, 0x008C, 0x013E, 0x0125, 0x00EB, 0x0094, 0x0162, 0x0040, 
0x0162, 0x0085, 0x0008, 0x00C6, 0x0171, 0x00EA, 0x00EA, 0x0040, 0x0073, 0x00FE, 0x01A9, 0x0008, 0x0085, 0x0125, 0x00EA, 0x012C, 
0x0085, 0x0125, 0x0036, 0x01B0, 0x01A9, 0x00EA, 0x011D, 0x00EB, 0x0094, 0x01B0, 0x008C, 0x013E, 0x0094, 0x01B0, 0x00B3, 0x0036, 
0x011D, 0x00EA, 0x00FE, 0x017B, 0x00C6, 0x0171, 0x0036, 0x0162, 0x0085, 0x011D, 0x012C, 0x00EB, 0x0094, 0x011D, 0x011D, 0x0008, 
0x012C, 0x012C, 0x013E, 0x0040, 0x004F, 0x00C6, 0x00B3, 0x0073, 0x017B, 0x0073, 0x0162, 0x00EB, 0x0040, 0x00C7, 0x0036, 0x01B0, 
0x00EB, 0x0085, 0x0040, 0x012C, 0x0036, 0x0008, 0x01B0, 0x017B, 0x00B3, 0x0073, 0x004F, 0x01A9, 0x00C7, 0x0008, 0x00C7, 0x017B, 
0x0094, 0x0125, 0x00FE, 0x00B3, 0x017B, 0x0085, 0x0094, 0x0073, 0x00FE, 0x004F, 0x017B, 0x0171, 0x0001, 0x0162, 0x00EA, 0x00B3, 
0x011D, 0x0036, 0x00C7, 0x00EA, 0x0073, 0x0162, 0x013E, 0x00B3, 0x0125, 0x0001, 0x004F, 0x0125, 0x0001, 0x004F, 0x0073, 0x0073, 
0x011D, 0x01B0, 0x00FE, 0x008C, 0x00C6, 0x0040, 0x008C, 0x00C6, 0x0094, 0x0125, 0x01B0, 0x011D, 0x00C7, 0x0008, 0x0162, 0x004F, 
0x0008, 0x01A9, 0x008C, 0x0171, 0x0001, 0x0162, 0x01B0, 0x004F, 0x017B, 0x004F, 0x0162, 0x012C, 0x008C, 0x01A9, 0x013E, 0x01A9, 
0x012C, 0x00EA, 0x013E, 0x00EB, 0x0085, 0x0094, 0x0094, 0x0040, 0x00C7, 0x0001, 0x0001, 0x00C7, 0x008C, 0x008C, 0x00B3, 0x00C7, 
0x012C, 0x011D, 0x0125, 0x0171, 0x01A9, 0x00EB, 0x00EB, 0x013E, 0x0008, 0x0125, 0x0171, 0x00B3, 0x00B3, 0x0171, 0x0125, 0x0008, 
0x013E, 0x00EB, 0x00EB, 0x01A9, 0x0171, 0x0125, 0x011D, 0x012C, 0x00C7, 0x00B3, 0x008C, 0x008C, 0x00C7, 0x0001, 0x0001, 0x00C7, 
0x0040, 0x0094, 0x0094, 0x0085, 0x00EB, 0x013E, 0x00EA, 0x012C, 0x01A9, 0x013E, 0x01A9, 0x008C, 0x012C, 0x0162, 0x004F, 0x017B, 
0x004F, 0x01B0, 0x0162, 0x0001, 0x0171, 0x008C, 0x01A9, 0x0008, 0x004F, 0x0162, 0x0008, 0x00C7, 0x011D, 0x01B0, 0x0125, 0x0094, 
0x00C6, 0x008C, 0x0040, 0x00C6, 0x008C, 0x00FE, 0x01B0, 0x011D, 0x0073, 0x0073, 0x004F, 0x0001, 0x0125, 0x004F, 0x0001, 0x0125, 
0x00B3, 0x013E, 0x0162, 0x0073, 0x00EA, 0x00C7, 0x0036, 0x011D, 0x00B3, 0x00EA, 0x0162, 0x0001, 0x0171, 0x017B, 0x004F, 0x00FE, 
0x0073, 0x0094, 0x0085, 0x017B, 0x00B3, 0x00FE, 0x0125, 0x0094, 0x017B, 0x00C7, 0x0008, 0x00C7, 0x01A9, 0x004F, 0x0073, 0x00B3, 
0x017B, 0x01B0, 0x0008, 0x0036, 0x012C, 0x0040, 0x0085, 0x00EB, 0x01B0, 0x0036, 0x00C7, 0x0040, 0x00EB, 0x0162, 0x0073, 0x017B, 
0x0073, 0x00B3, 0x00C6, 0x004F, 0x0040, 0x013E, 0x012C, 0x012C, 0x0008, 0x011D, 0x011D, 0x0094, 0x00EB, 0x012C, 0x011D, 0x0085, 
0x0162, 0x0036, 0x0171, 0x00C6, 0x017B, 0x00FE, 0x00EA, 0x011D, 0x0036, 0x00B3, 0x01B0, 0x0094, 0x013E, 0x008C, 0x01B0, 0x0094, 
0x00EB, 0x011D, 0x00EA, 0x01A9, 0x01B0, 0x0036, 0x0125, 0x0085, 0x012C, 0x00EA, 0x0125, 0x0085, 0x0008, 0x01A9, 0x00FE, 0x0073, 
0x0040, 0x00EA, 0x00EA, 0x0171, 0x00C6, 0x0008, 0x0085, 0x0162, 0x0040, 0x0162, 0x0094, 0x00EB, 0x0125, 0x013E, 0x008C, 0x00FE, 
0x00C7, 0x00FE, 0x0040, 0x013E, 0x00FE, 0x0036, 0x0008, 0x0036, 0x0085, 0x0001, 0x00C6, 0x013E, 0x0171, 0x01A9, 0x00C6, 0x004F, 
0x0036, 0x017B, 0x0073, 0x00C6, 0x0001, 0x0085, 0x01A9, 0x0171, 0x00EB, 0x0171, 0x008C, 0x00EA, 0x00B3, 0x012C, 0x0040, 0x017B, 
0x01B0, 0x00C6, 0x0001, 0x004B, 0x00A1, 0x01AD, 0x00A3, 0x0180, 0x0170, 0x0085, 0x0176, 0x0065, 0x00A2, 0x00DE, 0x0022, 0x0141, 
0x0107, 0x0010, 0x014F, 0x0152, 0x0111, 0x00D6, 0x0168, 0x001A, 0x00F9, 0x00C4, 0x009C, 0x0181, 0x001B, 0x0104, 0x010B, 0x00F0, 
0x0177, 0x014E, 0x0066, 0x000B, 0x00E6, 0x00EC, 0x0131, 0x007C, 0x0116, 0x001D, 0x006D, 0x009A, 0x0043, 0x00DA, 0x0156, 0x0038, 
0x0178, 0x019B, 0x0148, 0x0009, 0x00F3, 0x0129, 0x0021, 0x0125, 0x01AA, 0x000F, 0x00DC, 0x006B, 0x017F, 0x00F7, 0x013F, 0x019D, 
0x0173, 0x0171, 0x015A, 0x0121, 0x002B, 0x0188, 0x00FD, 0x016B, 0x019E, 0x017C, 0x019C, 0x0167, 0x0002, 0x00CF, 0x0127, 0x0042, 
0x0094, 0x000A, 0x0011, 0x017D, 0x0098, 0x0124, 0x002F, 0x0106, 0x0078, 0x0149, 0x00B6, 0x0067, 0x0184, 0x012F, 0x00BC, 0x0037, 
0x014D, 0x0052, 0x012E, 0x0160, 0x0191, 0x00F2, 0x00AF, 0x0027, 0x005A, 0x00C0, 0x00E1, 0x0136, 0x0095, 0x0145, 0x0044, 0x0155, 
0x00B0, 0x0103, 0x0028, 0x002E, 0x013E, 0x00E7, 0x009F, 0x0093, 0x0134, 0x0153, 0x0108, 0x006E, 0x00E5, 0x00E8, 0x013A, 0x0071, 
0x00D8, 0x018C, 0x018B, 0x0193, 0x0150, 0x0019, 0x0008, 0x00C2, 0x0047, 0x0185, 0x0089, 0x0164, 0x0033, 0x017B, 0x015D, 0x0133, 
0x0138, 0x0163, 0x00DD, 0x009D, 0x019F, 0x004F, 0x0165, 0x0096, 0x00EE, 0x0172, 0x0099, 0x002A, 0x0048, 0x00BB, 0x0092, 0x0113, 
0x0075, 0x013D, 0x010D, 0x0199, 0x0130, 0x01AE, 0x00AC, 0x008E, 0x010A, 0x00FA, 0x0122, 0x003D, 0x015B, 0x00A5, 0x0055, 0x0154, 
0x00FC, 0x01AB, 0x00B1, 0x00E3, 0x00FE, 0x016C, 0x00B9, 0x0059, 0x0109, 0x00D1, 0x0161, 0x00F4, 0x0091, 0x00E4, 0x019A, 0x0126, 
0x0076, 0x0058, 0x007A, 0x0086, 0x011A, 0x01A4, 0x00E9, 0x00C6, 0x00C7, 0x018D, 0x01AC, 0x0087, 0x018E, 0x0147, 0x000E, 0x00FF, 
0x001F, 0x006F, 0x003C, 0x01A5, 0x00DF, 0x012D, 0x0195, 0x015E, 0x0060, 0x007F, 0x0132, 0x0151, 0x0053, 0x001C, 0x0084, 0x00D2, 
0x000C, 0x0175, 0x0142, 0x0192, 0x00B2, 0x01A3, 0x006A, 0x0023, 0x012A, 0x0005, 0x0024, 0x00EA, 0x00EB, 0x00C8, 0x000D, 0x0097, 
0x012B, 0x0137, 0x0159, 0x013B, 0x008B, 0x0017, 0x00CD, 0x0120, 0x00BD, 0x0050, 0x00E0, 0x00A8, 0x0158, 0x00F8, 0x0045, 0x00B3, 
0x00CE, 0x0100, 0x0006, 0x00B5, 0x005D, 0x015C, 0x010C, 0x0056, 0x0174, 0x008F, 0x00B7, 0x00A7, 0x0123, 0x0105, 0x0003, 0x0081, 
0x0018, 0x00A4, 0x0074, 0x013C, 0x009E, 0x011F, 0x00F6, 0x0169, 0x0187, 0x0118, 0x003F, 0x00C3, 0x011B, 0x004C, 0x0162, 0x0012, 
0x0114, 0x00D4, 0x004E, 0x0079, 0x007E, 0x0054, 0x0036, 0x017E, 0x004D, 0x0128, 0x002C, 0x016A, 0x00EF, 0x01A9, 0x0198, 0x0061, 
0x001E, 0x0026, 0x0025, 0x00D9, 0x0140, 0x0077, 0x00C9, 0x00CC, 0x0143, 0x00A9, 0x005E, 0x007D, 0x011E, 0x0112, 0x00CA, 0x0073, 
0x0183, 0x0189, 0x00AE, 0x0101, 0x005C, 0x016D, 0x006C, 0x011C, 0x007B, 0x00D0, 0x00F1, 0x0157, 0x018A, 0x0102, 0x00BF, 0x0020, 
0x0051, 0x0083, 0x015F, 0x0064, 0x017A, 0x00F5, 0x0082, 0x002D, 0x014A, 0x00FB, 0x0068, 0x0139, 0x00AB, 0x0182, 0x008D, 0x0119, 
0x0034, 0x01A0, 0x01A7, 0x011D, 0x016F, 0x008A, 0x00E2, 0x01AF, 0x004A, 0x0015, 0x0035, 0x0013, 0x0046, 0x00B4, 0x0029, 0x0186, 
0x0090, 0x0057, 0x0040, 0x003E, 0x0014, 0x0072, 0x00BA, 0x0032, 0x0146, 0x00D5, 0x01A2, 0x0007, 0x008C, 0x0190, 0x0088, 0x00BE, 
0x01A8, 0x0069, 0x0016, 0x0039, 0x0179, 0x005B, 0x00D7, 0x016E, 0x0117, 0x0144, 0x0194, 0x009B, 0x0135, 0x0080, 0x00C5, 0x00CB, 
0x01A6, 0x014B, 0x0063, 0x003A, 0x00C1, 0x00A6, 0x00AD, 0x0196, 0x0030, 0x0115, 0x00ED, 0x00B8, 0x0197, 0x0049, 0x00DB, 0x00A0, 
0x005F, 0x0062, 0x01A1, 0x00AA, 0x0070, 0x018F, 0x00D3, 0x010F, 0x014C, 0x003B, 0x012C, 0x0041, 0x0031, 0x010E, 0x0004, 0x0110, 
0x0001, 0x0096, 0x0032, 0x01A1, 0x017E, 0x008B, 0x019B, 0x00C6, 0x014F, 0x0090, 0x0032, 0x0042, 0x0009, 0x00A4, 0x0030, 0x0100, 
0x0042, 0x0016, 0x01A8, 0x017F, 0x00C7, 0x008B, 0x0062, 0x0176, 0x0003, 0x0033, 0x0128, 0x0160, 0x017E, 0x0110, 0x016F, 0x0128, 
0x014F, 0x0176, 0x0100, 0x010D, 0x001B, 0x017E, 0x0011, 0x0126, 0x008B, 0x0196, 0x011B, 0x0042, 0x00EB, 0x019B, 0x0160, 0x00F3, 
0x0033, 0x0011, 0x010D, 0x0121, 0x0011, 0x00EA, 0x0030, 0x0197, 0x01A0, 0x0090, 0x0051, 0x0062, 0x0197, 0x003B, 0x01A8, 0x00EA, 
0x0197, 0x0016, 0x011B, 0x00F3, 0x0089, 0x0128, 0x017F, 0x0051, 0x00C7, 0x0099, 0x0096, 0x0090, 0x00C7, 0x0181, 0x0001, 0x016F, 
0x004E, 0x0042, 0x003B, 0x0118, 0x0062, 0x0010, 0x0030, 0x0176, 0x00B1, 0x00B1, 0x00EB, 0x00A4, 0x00A4, 0x0197, 0x001A, 0x004E, 
0x011B, 0x0121, 0x0128, 0x0181, 0x0163, 0x0051, 0x00B1, 0x0032, 0x00F3, 0x0181, 0x0163, 0x001B, 0x0033, 0x0110, 0x0033, 0x01AE, 
0x00BE, 0x0030, 0x00C6, 0x017F, 0x01A1, 0x001A, 0x0118, 0x019B, 0x014F, 0x01AE, 0x0016, 0x00BE, 0x0118, 0x017E, 0x0099, 0x001B, 
0x0126, 0x01AE, 0x011B, 0x010D, 0x00C6, 0x0010, 0x003B, 0x004E, 0x0096, 0x00C7, 0x00A1, 0x00EA, 0x0118, 0x0126, 0x0011, 0x001A, 
0x0003, 0x0196, 0x0181, 0x0001, 0x016F, 0x01A1, 0x01B0, 0x017F, 0x001B, 0x0196, 0x014F, 0x00A1, 0x0196, 0x0096, 0x01A1, 0x003B, 
0x0009, 0x0009, 0x00BE, 0x0176, 0x00EB, 0x00BE, 0x0100, 0x01B0, 0x0051, 0x019B, 0x0010, 0x00EB, 0x01A0, 0x0110, 0x016F, 0x00F3, 
0x0099, 0x0089, 0x0001, 0x0089, 0x0090, 0x00B1, 0x01B0, 0x0160, 0x0163, 0x0160, 0x010D, 0x01AE, 0x01A0, 0x0003, 0x0016, 0x0009, 
0x00A4, 0x0010, 0x01B0, 0x0032, 0x0003, 0x00EA, 0x00C6, 0x00A1, 0x0126, 0x01A8, 0x0100, 0x001A, 0x0110, 0x0089, 0x0163, 0x008B, 
0x01A0, 0x004E, 0x0121, 0x00A1, 0x0062, 0x01A8, 0x0121, 0x0099, 0x0099, 0x0121, 0x01A8, 0x0062, 0x00A1, 0x0121, 0x004E, 0x01A0, 
0x008B, 0x0163, 0x0089, 0x0110, 0x001A, 0x0100, 0x01A8, 0x0126, 0x00A1, 0x00C6, 0x00EA, 0x0003, 0x0032, 0x01B0, 0x0010, 0x00A4, 
0x0009, 0x0016, 0x0003, 0x01A0, 0x01AE, 0x010D, 0x0160, 0x0163, 0x0160, 0x01B0, 0x00B1, 0x0090, 0x0089, 0x0001, 0x0089, 0x0099, 
0x00F3, 0x016F, 0x0110, 0x01A0, 0x00EB, 0x0010, 0x019B, 0x0051, 0x01B0, 0x0100, 0x00BE, 0x00EB, 0x0176, 0x00BE, 0x0009, 0x0009, 
0x003B, 0x01A1, 0x0096, 0x0196, 0x00A1, 0x014F, 0x0196, 0x001B, 0x017F, 0x01B0, 0x01A1, 0x016F, 0x0001, 0x0181, 0x0196, 0x0003, 
0x001A, 0x0011, 0x0126, 0x0118, 0x00EA, 0x00A1, 0x00C7, 0x0096, 0x004E, 0x003B, 0x0010, 0x00C6, 0x010D, 0x011B, 0x01AE, 0x0126, 
0x001B, 0x0099, 0x017E, 0x0118, 0x00BE, 0x0016, 0x01AE, 0x014F, 0x019B, 0x0118, 0x001A, 0x01A1, 0x017F, 0x00C6, 0x0030, 0x00BE, 
0x01AE, 0x0033, 0x0110, 0x0033, 0x001B, 0x0163, 0x0181, 0x00F3, 0x0032, 0x00B1, 0x0051, 0x0163, 0x0181, 0x0128, 0x0121, 0x011B, 
0x004E, 0x001A, 0x0197, 0x00A4, 0x00A4, 0x00EB, 0x00B1, 0x00B1, 0x0176, 0x0030, 0x0010, 0x0062, 0x0118, 0x003B, 0x0042, 0x004E, 
0x016F, 0x0001, 0x0181, 0x00C7, 0x0090, 0x0096, 0x0099, 0x00C7, 0x0051, 0x017F, 0x0128, 0x0089, 0x00F3, 0x011B, 0x0016, 0x0197, 
0x00EA, 0x01A8, 0x003B, 0x0197, 0x0062, 0x0051, 0x0090, 0x01A0, 0x0197, 0x0030, 0x00EA, 0x0011, 0x0121, 0x010D, 0x0011, 0x0033, 
0x00F3, 0x0160, 0x019B, 0x00EB, 0x0042, 0x011B, 0x0196, 0x008B, 0x0126, 0x0011, 0x017E, 0x001B, 0x010D, 0x0100, 0x0176, 0x014F, 
0x0128, 0x016F, 0x0110, 0x017E, 0x0160, 0x0128, 0x0033, 0x0003, 0x0176, 0x0062, 0x008B, 0x00C7, 0x017F, 0x01A8, 0x0016, 0x0042, 
0x0100, 0x0030, 0x00A4, 0x0009, 0x0042, 0x0032, 0x0090, 0x014F, 0x00C6, 0x019B, 0x008B, 0x017E, 0x01A1, 0x0032, 0x0001, 0x012C, 
0x0096, 0x0171, 0x00B2, 0x0191, 0x0117, 0x011D, 0x01A1, 0x008D, 0x0075, 0x0167, 0x0075, 0x0083, 0x011F, 0x00C7, 0x0100, 0x018C, 
0x0106, 0x012B, 0x011A, 0x001B, 0x0059, 0x013C, 0x004B, 0x001B, 0x00C6, 0x014A, 0x00FD, 0x016E, 0x0077, 0x017B, 0x00E6, 0x009F, 
0x012C, 0x009E, 0x0085, 0x00E3, 0x00E6, 0x0045, 0x0046, 0x00A5, 0x002D, 0x0132, 0x00B7, 0x011F, 0x005A, 0x0196, 0x014E, 0x01A1, 
0x0128, 0x0132, 0x0023, 0x004F, 0x002A, 0x0114, 0x014A, 0x007D, 0x0010, 0x00FB, 0x0092, 0x00C2, 0x012B, 0x00FE, 0x002A, 0x0099, 
0x0156, 0x0046, 0x0168, 0x0171, 0x015B, 0x00CB, 0x00EE, 0x0040, 0x01A9, 0x0077, 0x00A8, 0x0099, 0x004F, 0x015D, 0x0100, 0x00D8, 
0x0086, 0x008A, 0x0067, 0x004D, 0x0117, 0x0004, 0x00A5, 0x0156, 0x00A8, 0x016E, 0x0061, 0x009A, 0x0131, 0x007F, 0x00AC, 0x00B1, 
0x0125, 0x018C, 0x015D, 0x0023, 0x002D, 0x0004, 0x0191, 0x006C, 0x013A, 0x013E, 0x016B, 0x002B, 0x0020, 0x0061, 0x00FD, 0x0114, 
0x00FE, 0x0106, 0x0125, 0x0025, 0x019C, 0x0187, 0x010A, 0x0043, 0x006C, 0x00B2, 0x0168, 0x0045, 0x017B, 0x01A9, 0x00FF, 0x002B, 
0x010C, 0x0002, 0x0162, 0x019C, 0x00AB, 0x00D8, 0x00C7, 0x00B7, 0x0128, 0x011D, 0x004D, 0x00B4, 0x010A, 0x0118, 0x0002, 0x0184, 
0x0131, 0x0094, 0x007D, 0x00C6, 0x011A, 0x00C2, 0x00EA, 0x00AC, 0x018E, 0x0002, 0x005B, 0x013E, 0x0036, 0x015B, 0x0096, 0x009F, 
0x00E3, 0x011B, 0x00EE, 0x016C, 0x013E, 0x0109, 0x010A, 0x009D, 0x008A, 0x0097, 0x005A, 0x0083, 0x008D, 0x014E, 0x00EB, 0x008A, 
0x00B3, 0x019C, 0x0054, 0x00AC, 0x00FA, 0x00FB, 0x0124, 0x0059, 0x004B, 0x012E, 0x00FB, 0x0089, 0x0131, 0x01AD, 0x002B, 0x0049, 
0x00EE, 0x0112, 0x009E, 0x0001, 0x01B0, 0x009E, 0x00CE, 0x015B, 0x0008, 0x006C, 0x0150, 0x004D, 0x0134, 0x014E, 0x0158, 0x0167, 
0x0167, 0x0166, 0x005A, 0x00EF, 0x00D8, 0x008C, 0x0125, 0x00D9, 0x00C2, 0x0157, 0x004B, 0x004A, 0x004A, 0x0059, 0x0063, 0x007D, 
0x0164, 0x0061, 0x0145, 0x01A9, 0x0056, 0x00E3, 0x0113, 0x0001, 0x01B0, 0x0113, 0x009F, 0x00C3, 0x0168, 0x0186, 0x0004, 0x0080, 
0x0128, 0x00B6, 0x0083, 0x0166, 0x0158, 0x008D, 0x00B6, 0x00B7, 0x0105, 0x015D, 0x0015, 0x00FE, 0x0127, 0x00C6, 0x0063, 0x0124, 
0x012E, 0x0157, 0x011A, 0x0127, 0x0114, 0x00A7, 0x00A8, 0x0073, 0x0045, 0x00C3, 0x0096, 0x00CE, 0x0112, 0x011B, 0x0056, 0x017B, 
0x0073, 0x0156, 0x01AF, 0x0023, 0x0105, 0x00C7, 0x00EF, 0x0097, 0x00EB, 0x0134, 0x011D, 0x0080, 0x002D, 0x01AF, 0x0099, 0x00A7, 
0x00FD, 0x0164, 0x0094, 0x0089, 0x00FA, 0x00EA, 0x00D9, 0x0106, 0x0015, 0x004F, 0x01AF, 0x00A5, 0x0186, 0x00B2, 0x0008, 0x0036, 
0x016C, 0x0049, 0x00FF, 0x0145, 0x016E, 0x00A7, 0x002A, 0x0015, 0x018C, 0x008C, 0x00AB, 0x00B3, 0x009D, 0x00B4, 0x0150, 0x0191, 
0x0186, 0x0046, 0x0073, 0x0077, 0x0145, 0x0020, 0x01AD, 0x0184, 0x018E, 0x0054, 0x0025, 0x008C, 0x0100, 0x0105, 0x0132, 0x0080, 
0x0117, 0x0150, 0x0043, 0x0109, 0x005B, 0x010C, 0x01AD, 0x009A, 0x0164, 0x014A, 0x0127, 0x012B, 0x00D9, 0x00B1, 0x0054, 0x0162, 
0x0118, 0x0109, 0x013A, 0x0008, 0x0171, 0x00C3, 0x00E6, 0x0056, 0x0040, 0x0049, 0x016B, 0x005B, 0x0118, 0x0187, 0x00B3, 0x0086, 
0x00EF, 0x011F, 0x00B6, 0x01A1, 0x0134, 0x0067, 0x009D, 0x0187, 0x0162, 0x018E, 0x007F, 0x0089, 0x0010, 0x0063, 0x001B, 0x0157, 
0x0092, 0x00FA, 0x007F, 0x0184, 0x010C, 0x016B, 0x016C, 0x00CB, 0x00CE, 0x012C, 0x0113, 0x0085, 0x0112, 0x00CB, 0x0036, 0x013A, 
0x0043, 0x00B4, 0x0067, 0x00EB, 0x0196, 0x0166, 0x0075, 0x0158, 0x0196, 0x0097, 0x0086, 0x00AB, 0x0025, 0x00B1, 0x00EA, 0x0092, 
0x012E, 0x013C, 0x004A, 0x013C, 0x0124, 0x0010, 0x0094, 0x009A, 0x0020, 0x00FF, 0x0040, 0x011B, 0x0001, 0x00A7, 0x0011, 0x00B1, 
0x0018, 0x00F1, 0x00DD, 0x0073, 0x0121, 0x006F, 0x01A5, 0x019B, 0x00DE, 0x0066, 0x0198, 0x0099, 0x0016, 0x00C8, 0x00D7, 0x015F, 
0x0125, 0x00A1, 0x013B, 0x00DF, 0x008F, 0x010D, 0x0096, 0x0093, 0x0199, 0x009B, 0x00E1, 0x0004, 0x00E5, 0x00D2, 0x006C, 0x003B, 
0x009E, 0x018F, 0x0136, 0x00A2, 0x0110, 0x0002, 0x00CB, 0x0029, 0x0008, 0x00D4, 0x014D, 0x0003, 0x0159, 0x0042, 0x0176, 0x0144, 
0x007B, 0x0171, 0x0091, 0x012D, 0x00BF, 0x0142, 0x004E, 0x0152, 0x00F6, 0x0151, 0x00DA, 0x00EB, 0x0084, 0x008B, 0x018E, 0x01AE, 
0x009F, 0x011B, 0x0185, 0x0147, 0x0036, 0x0196, 0x010A, 0x0180, 0x017B, 0x00F3, 0x00B3, 0x00D0, 0x0181, 0x0188, 0x0129, 0x014E, 
0x005F, 0x007F, 0x0019, 0x0160, 0x018C, 0x0025, 0x0085, 0x014B, 0x0169, 0x00BB, 0x018D, 0x0044, 0x00E6, 0x001A, 0x01AD, 0x00C5, 
0x00B0, 0x006A, 0x0131, 0x01A0, 0x0068, 0x00BE, 0x0101, 0x0089, 0x00A4, 0x0190, 0x0058, 0x0027, 0x000B, 0x0120, 0x00C7, 0x0052, 
0x004A, 0x0024, 0x0063, 0x009C, 0x0090, 0x017C, 0x0126, 0x01A6, 0x0191, 0x0022, 0x0046, 0x0113, 0x01A4, 0x018A, 0x0023, 0x0108, 
0x013E, 0x00D9, 0x0088, 0x016D, 0x01A1, 0x008C, 0x0009, 0x0040, 0x0020, 0x000D, 0x016F, 0x0033, 0x0122, 0x0166, 0x00EC, 0x00FE, 
0x0006, 0x0100, 0x0094, 0x002C, 0x0128, 0x004B, 0x00CC, 0x0138, 0x01AF, 0x0010, 0x0167, 0x0060, 0x014F, 0x00D3, 0x00C4, 0x0051, 
0x012C, 0x00ED, 0x0118, 0x0162, 0x0163, 0x0115, 0x00D8, 0x01A9, 0x019F, 0x0116, 0x01AB, 0x0149, 0x001B, 0x013C, 0x01B0, 0x0075, 
0x0031, 0x0080, 0x011D, 0x011E, 0x0148, 0x0064, 0x00A9, 0x0035, 0x00F2, 0x0032, 0x00E9, 0x0062, 0x0048, 0x0132, 0x004F, 0x000C, 
0x017F, 0x00C6, 0x00EA, 0x01A8, 0x010F, 0x017D, 0x0145, 0x017E, 0x0021, 0x0112, 0x0069, 0x00C0, 0x0012, 0x0030, 0x0197, 0x0079, 
0x0076, 0x0034, 0x006D, 0x016B, 0x016B, 0x006D, 0x0034, 0x0076, 0x0079, 0x0197, 0x0030, 0x0012, 0x00C0, 0x0069, 0x0112, 0x0021, 
0x017E, 0x0145, 0x017D, 0x010F, 0x01A8, 0x00EA, 0x00C6, 0x017F, 0x000C, 0x004F, 0x0132, 0x0048, 0x0062, 0x00E9, 0x0032, 0x00F2, 
0x0035, 0x00A9, 0x0064, 0x0148, 0x011E, 0x011D, 0x0080, 0x0031, 0x0075, 0x01B0, 0x013C, 0x001B, 0x0149, 0x01AB, 0x0116, 0x019F, 
0x01A9, 0x00D8, 0x0115, 0x0163, 0x0162, 0x0118, 0x00ED, 0x012C, 0x0051, 0x00C4, 0x00D3, 0x014F, 0x0060, 0x0167, 0x0010, 0x01AF, 
0x0138, 0x00CC, 0x004B, 0x0128, 0x002C, 0x0094, 0x0100, 0x0006, 0x00FE, 0x00EC, 0x0166, 0x0122, 0x0033, 0x016F, 0x000D, 0x0020, 
0x0040, 0x0009, 0x008C, 0x01A1, 0x016D, 0x0088, 0x00D9, 0x013E, 0x0108, 0x0023, 0x018A, 0x01A4, 0x0113, 0x0046, 0x0022, 0x0191, 
0x01A6, 0x0126, 0x017C, 0x0090, 0x009C, 0x0063, 0x0024, 0x004A, 0x0052, 0x00C7, 0x0120, 0x000B, 0x0027, 0x0058, 0x0190, 0x00A4, 
0x0089, 0x0101, 0x00BE, 0x0068, 0x01A0, 0x0131, 0x006A, 0x00B0, 0x00C5, 0x01AD, 0x001A, 0x00E6, 0x0044, 0x018D, 0x00BB, 0x0169, 
0x014B, 0x0085, 0x0025, 0x018C, 0x0160, 0x0019, 0x007F, 0x005F, 0x014E, 0x0129, 0x0188, 0x0181, 0x00D0, 0x00B3, 0x00F3, 0x017B, 
0x0180, 0x010A, 0x0196, 0x0036, 0x0147, 0x0185, 0x011B, 0x009F, 0x01AE, 0x018E, 0x008B, 0x0084, 0x00EB, 0x00DA, 0x0151, 0x00F6, 
0x0152, 0x004E, 0x0142, 0x00BF, 0x012D, 0x0091, 0x0171, 0x007B, 0x0144, 0x0176, 0x0042, 0x0159, 0x0003, 0x014D, 0x00D4, 0x0008, 
0x0029, 0x00CB, 0x0002, 0x0110, 0x00A2, 0x0136, 0x018F, 0x009E, 0x003B, 0x006C, 0x00D2, 0x00E5, 0x0004, 0x00E1, 0x009B, 0x0199, 
0x0093, 0x0096, 0x010D, 0x008F, 0x00DF, 0x013B, 0x00A1, 0x0125, 0x015F, 0x00D7, 0x00C8, 0x0016, 0x0099, 0x0198, 0x0066, 0x00DE, 
0x019B, 0x01A5, 0x006F, 0x0121, 0x0073, 0x00DD, 0x00F1, 0x0018, 0x00B1, 0x0011, 0x0001, 0x014E, 0x0033, 0x0113, 0x0078, 0x0093, 
0x00F8, 0x0036, 0x0003, 0x00F4, 0x012D, 0x00A9, 0x0120, 0x0081, 0x003A, 0x011B, 0x0176, 0x0088, 0x00BC, 0x005C, 0x005B, 0x004E, 
0x013D, 0x009C, 0x006F, 0x0042, 0x0099, 0x00DB, 0x00AA, 0x0140, 0x002F, 0x0080, 0x00C4, 0x00D4, 0x013C, 0x0188, 0x00D9, 0x0007, 
0x018F, 0x01A2, 0x0147, 0x0054, 0x0045, 0x0048, 0x0168, 0x00E2, 0x003F, 0x0090, 0x0012, 0x010D, 0x0016, 0x018A, 0x0018, 0x0008, 
0x00B5, 0x0192, 0x003E, 0x0039, 0x0110, 0x016A, 0x011C, 0x006E, 0x0137, 0x013E, 0x0161, 0x0051, 0x00FD, 0x00E5, 0x0092, 0x0145, 
0x0154, 0x00A2, 0x002D, 0x00A7, 0x0020, 0x00AD, 0x00AC, 0x014F, 0x011D, 0x00BA, 0x0009, 0x0066, 0x0193, 0x0158, 0x0119, 0x0061, 
0x000A, 0x00E9, 0x00AB, 0x012B, 0x019C, 0x008E, 0x00E8, 0x0102, 0x002C, 0x0021, 0x00E3, 0x017F, 0x0025, 0x00D7, 0x0017, 0x01A4, 
0x00EF, 0x018D, 0x005F, 0x00DE, 0x00DC, 0x004A, 0x007B, 0x010B, 0x00F2, 0x0026, 0x0179, 0x0165, 0x0171, 0x01A3, 0x01AF, 0x015F, 
0x005A, 0x0065, 0x0068, 0x001D, 0x00DF, 0x0170, 0x014A, 0x0183, 0x00E6, 0x007F, 0x0037, 0x007E, 0x00FF, 0x00D0, 0x0125, 0x0043, 
0x00AE, 0x0116, 0x0196, 0x010C, 0x0181, 0x012C, 0x00B6, 0x0072, 0x0058, 0x01A0, 0x0031, 0x0134, 0x0034, 0x0162, 0x001C, 0x0128, 
0x0109, 0x00C1, 0x0100, 0x0124, 0x000B, 0x00B0, 0x0077, 0x016B, 0x0166, 0x00CD, 0x00F3, 0x0198, 0x0153, 0x0126, 0x008A, 0x0174, 
0x01AD, 0x0097, 0x00F1, 0x0146, 0x0083, 0x0164, 0x015E, 0x0135, 0x00F9, 0x013B, 0x0010, 0x0187, 0x00FE, 0x0114, 0x00D1, 0x015B, 
0x00C3, 0x00E7, 0x003C, 0x019E, 0x01AB, 0x0005, 0x0111, 0x0197, 0x0151, 0x00C5, 0x0028, 0x002B, 0x00FA, 0x00BB, 0x006D, 0x00EA, 
0x00EB, 0x016D, 0x015A, 0x0141, 0x009F, 0x01A5, 0x010E, 0x009A, 0x0055, 0x0064, 0x012A, 0x0079, 0x008F, 0x0069, 0x0014, 0x012F, 
0x0035, 0x0023, 0x018E, 0x017C, 0x0082, 0x019D, 0x0148, 0x0122, 0x0138, 0x0087, 0x014D, 0x015C, 0x0117, 0x00A3, 0x000C, 0x0112, 
0x0070, 0x0057, 0x0044, 0x00C6, 0x00C7, 0x0144, 0x00F6, 0x00B7, 0x0186, 0x0189, 0x00EC, 0x0060, 0x001A, 0x00A0, 0x01AC, 0x0006, 
0x0013, 0x0175, 0x00CA, 0x00EE, 0x0056, 0x00E0, 0x009D, 0x00B3, 0x002A, 0x01A1, 0x0076, 0x00B8, 0x007C, 0x0053, 0x004D, 0x012E, 
0x006B, 0x00C0, 0x011A, 0x0004, 0x003D, 0x0127, 0x008B, 0x005E, 0x0019, 0x00BE, 0x00E4, 0x004B, 0x0046, 0x013A, 0x0101, 0x01A6, 
0x008D, 0x00B1, 0x00F0, 0x00A8, 0x0089, 0x0195, 0x004F, 0x017D, 0x007D, 0x0180, 0x0011, 0x0159, 0x013F, 0x00FB, 0x0085, 0x0030, 
0x00A5, 0x001B, 0x009B, 0x0103, 0x016E, 0x008C, 0x00E1, 0x00B2, 0x0133, 0x017A, 0x0132, 0x00CB, 0x002E, 0x0067, 0x0041, 0x00D2, 
0x0194, 0x0149, 0x014C, 0x0157, 0x0052, 0x0002, 0x000E, 0x0040, 0x004C, 0x0038, 0x018B, 0x00BF, 0x00A6, 0x0136, 0x0167, 0x00D5, 
0x00D3, 0x0152, 0x0024, 0x00C2, 0x000D, 0x019A, 0x00DA, 0x018C, 0x0032, 0x00CE, 0x0190, 0x0185, 0x00AF, 0x00C9, 0x0123, 0x0015, 
0x0086, 0x0106, 0x00C8, 0x01A7, 0x0150, 0x0098, 0x0059, 0x001E, 0x014B, 0x01A8, 0x00F7, 0x0094, 0x0062, 0x0105, 0x0104, 0x0191, 
0x010A, 0x0184, 0x010F, 0x005D, 0x006C, 0x011F, 0x00CC, 0x00B4, 0x0160, 0x0050, 0x0073, 0x007A, 0x0143, 0x0095, 0x0047, 0x00A1, 
0x0178, 0x0173, 0x001F, 0x00FC, 0x01A9, 0x0199, 0x0027, 0x019B, 0x00A4, 0x019F, 0x0121, 0x0172, 0x00CF, 0x0049, 0x0169, 0x016C, 
0x015D, 0x006A, 0x000F, 0x0022, 0x01AA, 0x00D8, 0x0029, 0x0075, 0x00DD, 0x00ED, 0x0131, 0x0182, 0x0071, 0x0107, 0x00D6, 0x0118, 
0x016F, 0x0142, 0x0115, 0x0074, 0x0163, 0x0156, 0x0155, 0x00F5, 0x0129, 0x003B, 0x0096, 0x0177, 0x0130, 0x0091, 0x0108, 0x0084, 
0x00BD, 0x01AE, 0x017B, 0x00B9, 0x011E, 0x0139, 0x009E, 0x017E, 0x0001, 0x00EB, 0x0099, 0x00EA, 0x00A7, 0x0010, 0x0004, 0x01B0, 
0x001B, 0x0113, 0x0118, 0x0128, 0x0118, 0x004A, 0x0004, 0x00C6, 0x0128, 0x011B, 0x006C, 0x006C, 0x00B3, 0x01A1, 0x016B, 0x0118, 
0x00B1, 0x01A1, 0x00EA, 0x0046, 0x00A7, 0x004A, 0x009E, 0x00C7, 0x0196, 0x0118, 0x00EB, 0x0100, 0x00EB, 0x010A, 0x0196, 0x010A, 
0x01A1, 0x0040, 0x0171, 0x0089, 0x00B3, 0x0004, 0x016B, 0x01A1, 0x0010, 0x001B, 0x0100, 0x0089, 0x0196, 0x01B0, 0x01AD, 0x01AD, 
0x0046, 0x0113, 0x001B, 0x0046, 0x0004, 0x0145, 0x006C, 0x0001, 0x01AD, 0x0096, 0x0040, 0x01A1, 0x0073, 0x00EA, 0x0145, 0x0196, 
0x00FE, 0x00EA, 0x00EB, 0x009E, 0x00FE, 0x0096, 0x01B0, 0x009E, 0x0128, 0x0089, 0x006C, 0x013E, 0x0046, 0x0073, 0x0004, 0x0099, 
0x0040, 0x0040, 0x00FE, 0x004A, 0x0167, 0x0004, 0x011B, 0x0089, 0x0171, 0x0128, 0x00C7, 0x011B, 0x009E, 0x0196, 0x0171, 0x0099, 
0x0010, 0x0096, 0x009E, 0x00C6, 0x01A1, 0x0167, 0x0010, 0x0167, 0x00A7, 0x01AD, 0x0001, 0x006C, 0x00C7, 0x011B, 0x013E, 0x01AD, 
0x001B, 0x004A, 0x0096, 0x00A7, 0x0073, 0x010A, 0x00C7, 0x00EB, 0x00A7, 0x0167, 0x0040, 0x00B1, 0x01B0, 0x013E, 0x006C, 0x0089, 
0x00C6, 0x00B3, 0x0100, 0x01B0, 0x0073, 0x00A7, 0x001B, 0x0096, 0x00B1, 0x0171, 0x011B, 0x01B0, 0x0113, 0x00EA, 0x00B3, 0x0145, 
0x00C6, 0x0171, 0x0196, 0x00B1, 0x0040, 0x00C6, 0x00C7, 0x0145, 0x0099, 0x0118, 0x010A, 0x0099, 0x00FE, 0x010A, 0x00C6, 0x00FE, 
0x001B, 0x01AD, 0x013E, 0x00B3, 0x016B, 0x004A, 0x0113, 0x0010, 0x00EA, 0x013E, 0x0001, 0x013E, 0x009E, 0x0171, 0x00B3, 0x0046, 
0x0113, 0x016B, 0x00B1, 0x004A, 0x0046, 0x0100, 0x011B, 0x0099, 0x0167, 0x0073, 0x00FE, 0x0118, 0x0100, 0x0001, 0x0001, 0x0100, 
0x010A, 0x0145, 0x00EB, 0x0096, 0x0167, 0x0073, 0x0113, 0x0010, 0x016B, 0x0128, 0x0128, 0x00B1, 0x016B, 0x0145, 0x0089, 0x00C7, 
0x00C7, 0x0089, 0x0145, 0x016B, 0x00B1, 0x0128, 0x0128, 0x016B, 0x0010, 0x0113, 0x0073, 0x0167, 0x0096, 0x00EB, 0x0145, 0x010A, 
0x0100, 0x0001, 0x0001, 0x0100, 0x0118, 0x00FE, 0x0073, 0x0167, 0x0099, 0x011B, 0x0100, 0x0046, 0x004A, 0x00B1, 0x016B, 0x0113, 
0x0046, 0x00B3, 0x0171, 0x009E, 0x013E, 0x0001, 0x013E, 0x00EA, 0x0010, 0x0113, 0x004A, 0x016B, 0x00B3, 0x013E, 0x01AD, 0x001B, 
0x00FE, 0x00C6, 0x010A, 0x00FE, 0x0099, 0x010A, 0x0118, 0x0099, 0x0145, 0x00C7, 0x00C6, 0x0040, 0x00B1, 0x0196, 0x0171, 0x00C6, 
0x0145, 0x00B3, 0x00EA, 0x0113, 0x01B0, 0x011B, 0x0171, 0x00B1, 0x0096, 0x001B, 0x00A7, 0x0073, 0x01B0, 0x0100, 0x00B3, 0x00C6, 
0x0089, 0x006C, 0x013E, 0x01B0, 0x00B1, 0x0040, 0x0167, 0x00A7, 0x00EB, 0x00C7, 0x010A, 0x0073, 0x00A7, 0x0096, 0x004A, 0x001B, 
0x01AD, 0x013E, 0x011B, 0x00C7, 0x006C, 0x0001, 0x01AD, 0x00A7, 0x0167, 0x0010, 0x0167, 0x01A1, 0x00C6, 0x009E, 0x0096, 0x0010, 
0x0099, 0x0171, 0x0196, 0x009E, 0x011B, 0x00C7, 0x0128, 0x0171, 0x0089, 0x011B, 0x0004, 0x0167, 0x004A, 0x00FE, 0x0040, 0x0040, 
0x0099, 0x0004, 0x0073, 0x0046, 0x013E, 0x006C, 0x0089, 0x0128, 0x009E, 0x01B0, 0x0096, 0x00FE, 0x009E, 0x00EB, 0x00EA, 0x00FE, 
0x0196, 0x0145, 0x00EA, 0x0073, 0x01A1, 0x0040, 0x0096, 0x01AD, 0x0001, 0x006C, 0x0145, 0x0004, 0x0046, 0x001B, 0x0113, 0x0046, 
0x01AD, 0x01AD, 0x01B0, 0x0196, 0x0089, 0x0100, 0x001B, 0x0010, 0x01A1, 0x016B, 0x0004, 0x00B3, 0x0089, 0x0171, 0x0040, 0x01A1, 
0x010A, 0x0196, 0x010A, 0x00EB, 0x0100, 0x00EB, 0x0118, 0x0196, 0x00C7, 0x009E, 0x004A, 0x00A7, 0x0046, 0x00EA, 0x01A1, 0x00B1, 
0x0118, 0x016B, 0x01A1, 0x00B3, 0x006C, 0x006C, 0x011B, 0x0128, 0x00C6, 0x0004, 0x004A, 0x0118, 0x0128, 0x0118, 0x0113, 0x001B, 
0x01B0, 0x0004, 0x0010, 0x00A7, 0x00EA, 0x0099, 0x0001, 0x0025, 0x001A, 0x0046, 0x0192, 0x0060, 0x001C, 0x01A9, 0x00F3, 0x0098, 
0x0031, 0x0058, 0x00B0, 0x00AA, 0x003C, 0x0089, 0x010D, 0x014B, 0x0140, 0x01AC, 0x0127, 0x0051, 0x007A, 0x00E1, 0x005F, 0x0011, 
0x0100, 0x00E4, 0x0050, 0x0037, 0x0087, 0x0132, 0x0198, 0x01AB, 0x01AF, 0x007B, 0x0023, 0x0095, 0x00F6, 0x00F8, 0x00D2, 0x005A, 
0x0117, 0x018F, 0x0105, 0x00B8, 0x00AE, 0x0062, 0x015F, 0x0033, 0x0042, 0x00C4, 0x012D, 0x017B, 0x00D5, 0x00D1, 0x005D, 0x016A, 
0x0126, 0x012F, 0x00F4, 0x00E8, 0x0135, 0x0040, 0x00AD, 0x0176, 0x0187, 0x00D3, 0x008D, 0x0167, 0x007E, 0x00DD, 0x0164, 0x01AD, 
0x0131, 0x013D, 0x0049, 0x0009, 0x0162, 0x0053, 0x00A1, 0x0199, 0x0130, 0x012B, 0x0141, 0x016C, 0x015C, 0x0029, 0x0043, 0x0083, 
0x00A5, 0x0139, 0x002E, 0x0178, 0x0027, 0x00A2, 0x011F, 0x01AE, 0x00D8, 0x009B, 0x0172, 0x0115, 0x0150, 0x0144, 0x017D, 0x0138, 
0x0013, 0x00A7, 0x01A5, 0x0057, 0x002C, 0x0174, 0x00FC, 0x019A, 0x0073, 0x0194, 0x014E, 0x0035, 0x00AB, 0x0182, 0x00EC, 0x0170, 
0x0108, 0x0165, 0x0056, 0x00AF, 0x009F, 0x00CB, 0x0146, 0x0153, 0x009D, 0x019F, 0x012C, 0x00B2, 0x0123, 0x000D, 0x0118, 0x0015, 
0x004E, 0x0125, 0x00C2, 0x014C, 0x018D, 0x017F, 0x0076, 0x00B6, 0x0021, 0x011D, 0x0111, 0x001B, 0x00B7, 0x0026, 0x01A1, 0x0067, 
0x0091, 0x014D, 0x0059, 0x006C, 0x0020, 0x0028, 0x0181, 0x0148, 0x003A, 0x019B, 0x0156, 0x01A7, 0x009E, 0x00EE, 0x00E9, 0x00BA, 
0x00FD, 0x002D, 0x000E, 0x013F, 0x003E, 0x00DA, 0x011B, 0x013A, 0x00B3, 0x0054, 0x0014, 0x002B, 0x011A, 0x0143, 0x00D6, 0x0193, 
0x00BF, 0x0038, 0x00F0, 0x0090, 0x0169, 0x016D, 0x0007, 0x00E3, 0x00A8, 0x0142, 0x00CC, 0x00C6, 0x00C7, 0x006A, 0x00CF, 0x010B, 
0x004B, 0x0122, 0x01A2, 0x0134, 0x00CA, 0x0129, 0x005C, 0x00F1, 0x0068, 0x011E, 0x00F5, 0x010E, 0x000B, 0x0075, 0x013C, 0x01A6, 
0x00A3, 0x00BC, 0x0093, 0x0149, 0x00C0, 0x0155, 0x0088, 0x00E7, 0x007D, 0x000F, 0x008F, 0x0166, 0x00A6, 0x00E2, 0x0147, 0x00EA, 
0x00EB, 0x00E5, 0x006F, 0x0109, 0x00CE, 0x01AA, 0x0044, 0x0048, 0x0121, 0x00C1, 0x0179, 0x00F2, 0x001E, 0x00DB, 0x006E, 0x0097, 
0x0186, 0x019D, 0x015D, 0x00FE, 0x0077, 0x0096, 0x00D7, 0x0173, 0x0072, 0x01A3, 0x0184, 0x00B4, 0x00F7, 0x00C8, 0x00C3, 0x0113, 
0x000A, 0x005B, 0x0016, 0x0177, 0x0069, 0x0030, 0x0189, 0x0191, 0x0145, 0x0158, 0x0064, 0x0120, 0x014A, 0x0010, 0x018B, 0x00FA, 
0x0196, 0x00A0, 0x0094, 0x0190, 0x00FB, 0x013B, 0x0032, 0x0024, 0x0065, 0x00EF, 0x008C, 0x0163, 0x019C, 0x0099, 0x01A4, 0x008E, 
0x00FF, 0x0085, 0x0012, 0x0114, 0x005E, 0x006B, 0x00E6, 0x0112, 0x0102, 0x015B, 0x004C, 0x00A9, 0x0041, 0x00C5, 0x002F, 0x0106, 
0x017C, 0x0063, 0x001D, 0x013E, 0x0017, 0x00B5, 0x003D, 0x0185, 0x015A, 0x000C, 0x010A, 0x019E, 0x0079, 0x0034, 0x006D, 0x0061, 
0x009C, 0x003F, 0x0116, 0x00D9, 0x0003, 0x0092, 0x010F, 0x018A, 0x0039, 0x0183, 0x0078, 0x010C, 0x012E, 0x016E, 0x0188, 0x0055, 
0x0045, 0x0070, 0x0086, 0x0081, 0x0018, 0x0110, 0x015E, 0x004F, 0x01A8, 0x0168, 0x0074, 0x0080, 0x0004, 0x004D, 0x00D4, 0x0133, 
0x004A, 0x0124, 0x00DE, 0x002A, 0x003B, 0x0104, 0x0171, 0x007C, 0x00C9, 0x00BD, 0x0082, 0x008B, 0x0047, 0x0154, 0x00E0, 0x00DC, 
0x0036, 0x0084, 0x00ED, 0x016F, 0x017E, 0x0052, 0x014F, 0x0103, 0x00F9, 0x00AC, 0x0022, 0x009A, 0x0157, 0x00DF, 0x00B9, 0x00BB, 
0x011C, 0x018E, 0x0136, 0x0002, 0x0006, 0x0019, 0x007F, 0x012A, 0x017A, 0x0161, 0x00CD, 0x00B1, 0x01A0, 0x0152, 0x00D0, 0x0137, 
0x0160, 0x008A, 0x0005, 0x0071, 0x0066, 0x00A4, 0x0128, 0x0175, 0x0107, 0x0101, 0x0159, 0x0180, 0x0119, 0x00BE, 0x0008, 0x0195, 
0x0151, 0x001F, 0x016B, 0x0197, 0x0001, 0x004A, 0x004E, 0x0118, 0x0116, 0x008F, 0x00C4, 0x0171, 0x0016, 0x00DD, 0x006A, 0x00BE, 
0x007B, 0x00D7, 0x0022, 0x001B, 0x00F3, 0x0149, 0x0012, 0x014D, 0x0085, 0x0032, 0x00D0, 0x00CC, 0x00D2, 0x0009, 0x01A1, 0x0142, 
0x009B, 0x015F, 0x0120, 0x010A, 0x0029, 0x00E5, 0x016B, 0x0062, 0x01AD, 0x0021, 0x0044, 0x018A, 0x017F, 0x013C, 0x0132, 0x00EC, 
0x0036, 0x00ED, 0x0180, 0x0176, 0x0138, 0x0181, 0x014F, 0x00E9, 0x016D, 0x0073, 0x0018, 0x000D, 0x0069, 0x00D4, 0x001A, 0x01AB, 
0x00A2, 0x005F, 0x019F, 0x00C7, 0x01A4, 0x0003, 0x00D9, 0x003B, 0x00CB, 0x0010, 0x011E, 0x0144, 0x0008, 0x0089, 0x0167, 0x0115, 
0x01A9, 0x010D, 0x00FE, 0x0091, 0x0033, 0x00C5, 0x0076, 0x0002, 0x0006, 0x0080, 0x018F, 0x0090, 0x014E, 0x0063, 0x0125, 0x00DA, 
0x017D, 0x010F, 0x00F1, 0x018D, 0x007F, 0x008B, 0x00A7, 0x0159, 0x0084, 0x006D, 0x0191, 0x0163, 0x00A9, 0x00A4, 0x012D, 0x011B, 
0x01A8, 0x002C, 0x0079, 0x0060, 0x014B, 0x0199, 0x00EB, 0x0064, 0x006C, 0x00C0, 0x01AF, 0x01A6, 0x019B, 0x0129, 0x01AE, 0x0066, 
0x0166, 0x0190, 0x0113, 0x0004, 0x0035, 0x0151, 0x00D8, 0x00DE, 0x0040, 0x0025, 0x013B, 0x0024, 0x0100, 0x012C, 0x0011, 0x013E, 
0x004B, 0x017C, 0x0030, 0x00A1, 0x00DF, 0x009F, 0x0058, 0x00B3, 0x0198, 0x0099, 0x0162, 0x0093, 0x0096, 0x0112, 0x0188, 0x01A5, 
0x0075, 0x00B1, 0x0145, 0x0152, 0x0042, 0x0136, 0x0169, 0x0121, 0x008C, 0x0048, 0x0196, 0x0094, 0x0197, 0x000B, 0x018C, 0x017B, 
0x0101, 0x0052, 0x0019, 0x0108, 0x0128, 0x0023, 0x01B0, 0x018E, 0x009C, 0x0020, 0x004F, 0x006F, 0x00BB, 0x0031, 0x00D3, 0x0088, 
0x0148, 0x0051, 0x0068, 0x016F, 0x0034, 0x0131, 0x011D, 0x0147, 0x0160, 0x00EA, 0x00C6, 0x01A0, 0x0027, 0x00F2, 0x0046, 0x0110, 
0x0185, 0x00E6, 0x00F6, 0x0122, 0x00B0, 0x017E, 0x0126, 0x000C, 0x00E1, 0x00BF, 0x00C8, 0x009E, 0x009E, 0x00C8, 0x00BF, 0x00E1, 
0x000C, 0x0126, 0x017E, 0x00B0, 0x0122, 0x00F6, 0x00E6, 0x0185, 0x0110, 0x0046, 0x00F2, 0x0027, 0x01A0, 0x00C6, 0x00EA, 0x0160, 
0x0147, 0x011D, 0x0131, 0x0034, 0x016F, 0x0068, 0x0051, 0x0148, 0x0088, 0x00D3, 0x0031, 0x00BB, 0x006F, 0x004F, 0x0020, 0x009C, 
0x018E, 0x01B0, 0x0023, 0x0128, 0x0108, 0x0019, 0x0052, 0x0101, 0x017B, 0x018C, 0x000B, 0x0197, 0x0094, 0x0196, 0x0048, 0x008C, 
0x0121, 0x0169, 0x0136, 0x0042, 0x0152, 0x0145, 0x00B1, 0x0075, 0x01A5, 0x0188, 0x0112, 0x0096, 0x0093, 0x0162, 0x0099, 0x0198, 
0x00B3, 0x0058, 0x009F, 0x00DF, 0x00A1, 0x0030, 0x017C, 0x004B, 0x013E, 0x0011, 0x012C, 0x0100, 0x0024, 0x013B, 0x0025, 0x0040, 
0x00DE, 0x00D8, 0x0151, 0x0035, 0x0004, 0x0113, 0x0190, 0x0166, 0x0066, 0x01AE, 0x0129, 0x019B, 0x01A6, 0x01AF, 0x00C0, 0x006C, 
0x0064, 0x00EB, 0x0199, 0x014B, 0x0060, 0x0079, 0x002C, 0x01A8, 0x011B, 0x012D, 0x00A4, 0x00A9, 0x0163, 0x0191, 0x006D, 0x0084, 
0x0159, 0x00A7, 0x008B, 0x007F, 0x018D, 0x00F1, 0x010F, 0x017D, 0x00DA, 0x0125, 0x0063, 0x014E, 0x0090, 0x018F, 0x0080, 0x0006, 
0x0002, 0x0076, 0x00C5, 0x0033, 0x0091, 0x00FE, 0x010D, 0x01A9, 0x0115, 0x0167, 0x0089, 0x0008, 0x0144, 0x011E, 0x0010, 0x00CB, 
0x003B, 0x00D9, 0x0003, 0x01A4, 0x00C7, 0x019F, 0x005F, 0x00A2, 0x01AB, 0x001A, 0x00D4, 0x0069, 0x000D, 0x0018, 0x0073, 0x016D, 
0x00E9, 0x014F, 0x0181, 0x0138, 0x0176, 0x0180, 0x00ED, 0x0036, 0x00EC, 0x0132, 0x013C, 0x017F, 0x018A, 0x0044, 0x0021, 0x01AD, 
0x0062, 0x016B, 0x00E5, 0x0029, 0x010A, 0x0120, 0x015F, 0x009B, 0x0142, 0x01A1, 0x0009, 0x00D2, 0x00CC, 0x00D0, 0x0032, 0x0085, 
0x014D, 0x0012, 0x0149, 0x00F3, 0x001B, 0x0022, 0x00D7, 0x007B, 0x00BE, 0x006A, 0x00DD, 0x0016, 0x0171, 0x00C4, 0x008F, 0x0116, 
0x0118, 0x004E, 0x0001, 0x0094, 0x00EA, 0x00FE, 0x005B, 0x01A9, 0x0049, 0x0162, 0x00C6, 0x002D, 0x012C, 0x0073, 0x012C, 0x019C, 
0x004D, 0x01B0, 0x00EA, 0x0125, 0x0156, 0x00A5, 0x00C3, 0x00EA, 0x0015, 0x0085, 0x0036, 0x00EA, 0x0001, 0x0164, 0x00A5, 0x008A, 
0x010C, 0x011D, 0x0036, 0x01A9, 0x0094, 0x0040, 0x011D, 0x0184, 0x0036, 0x00AC, 0x0073, 0x011A, 0x00A8, 0x01A9, 0x0109, 0x004D, 
0x0127, 0x00C7, 0x0085, 0x00C6, 0x00C6, 0x01A9, 0x0125, 0x0094, 0x0015, 0x0127, 0x0164, 0x00AC, 0x00EB, 0x0049, 0x0164, 0x0105, 
0x00A5, 0x00B3, 0x0015, 0x00C6, 0x00FA, 0x0073, 0x0097, 0x00FE, 0x0184, 0x017B, 0x0097, 0x00B3, 0x004F, 0x010C, 0x00FA, 0x00C6, 
0x0094, 0x0156, 0x00EA, 0x0085, 0x010C, 0x00A8, 0x004D, 0x00B7, 0x0049, 0x0073, 0x011A, 0x00FA, 0x00FA, 0x008A, 0x0168, 0x0168, 
0x017B, 0x0008, 0x00C3, 0x00C7, 0x004F, 0x0125, 0x0156, 0x0125, 0x00A8, 0x0073, 0x01A9, 0x0040, 0x00A5, 0x00FE, 0x013E, 0x004D, 
0x0008, 0x0168, 0x00A5, 0x0127, 0x00B3, 0x0156, 0x004F, 0x008C, 0x00C3, 0x019C, 0x0171, 0x0127, 0x0040, 0x005B, 0x0097, 0x00AC, 
0x011D, 0x004F, 0x0156, 0x004D, 0x0097, 0x0125, 0x011D, 0x00C3, 0x005B, 0x0085, 0x01B0, 0x0109, 0x00C6, 0x0162, 0x00B7, 0x010C, 
0x0171, 0x00EB, 0x0125, 0x0109, 0x017B, 0x004F, 0x00AC, 0x0001, 0x00C3, 0x0105, 0x0001, 0x00C3, 0x008C, 0x0125, 0x00B7, 0x00FE, 
0x0094, 0x0184, 0x00EA, 0x01A9, 0x0184, 0x00C7, 0x0097, 0x0105, 0x00FE, 0x00B7, 0x0171, 0x008A, 0x00A8, 0x00EE, 0x0127, 0x019C, 
0x002D, 0x0085, 0x01B0, 0x00A8, 0x00FE, 0x00C3, 0x005B, 0x00C3, 0x00A8, 0x0049, 0x0184, 0x0015, 0x0036, 0x0015, 0x0049, 0x00EB, 
0x017B, 0x013E, 0x004D, 0x011A, 0x0097, 0x0008, 0x0040, 0x0001, 0x01B0, 0x0040, 0x002D, 0x0184, 0x0162, 0x0040, 0x0049, 0x00B7, 
0x0105, 0x0085, 0x019C, 0x0073, 0x0073, 0x017B, 0x0127, 0x00AC, 0x0085, 0x0162, 0x004F, 0x012C, 0x0105, 0x008A, 0x0036, 0x013E, 
0x013E, 0x0015, 0x012C, 0x00AC, 0x00FA, 0x0168, 0x0171, 0x004F, 0x002D, 0x0184, 0x0171, 0x0001, 0x01B0, 0x0171, 0x01A9, 0x011A, 
0x0097, 0x0164, 0x0073, 0x0036, 0x00C6, 0x0168, 0x019C, 0x017B, 0x019C, 0x002D, 0x0168, 0x0109, 0x00EE, 0x0156, 0x00EE, 0x00B3, 
0x0109, 0x0001, 0x012C, 0x0184, 0x0015, 0x008A, 0x00C3, 0x0109, 0x0127, 0x0040, 0x00FA, 0x00B3, 0x00AC, 0x011A, 0x00EA, 0x002D, 
0x0008, 0x00C7, 0x002D, 0x011D, 0x00B3, 0x00FA, 0x008C, 0x0125, 0x00EE, 0x01B0, 0x00AC, 0x00EE, 0x01B0, 0x0105, 0x0162, 0x0036, 
0x00A8, 0x008C, 0x00C6, 0x0040, 0x00A5, 0x00FA, 0x004F, 0x00EB, 0x00A8, 0x0001, 0x012C, 0x0156, 0x00EE, 0x0094, 0x008C, 0x011A, 
0x0164, 0x005B, 0x0162, 0x0094, 0x0105, 0x011A, 0x0156, 0x0171, 0x008A, 0x0040, 0x0015, 0x00EE, 0x0125, 0x0162, 0x005B, 0x00FE, 
0x008A, 0x010C, 0x0049, 0x01A9, 0x0164, 0x0073, 0x00B3, 0x010C, 0x0171, 0x0008, 0x013E, 0x0109, 0x008C, 0x005B, 0x008C, 0x0162, 
0x00EA, 0x00EE, 0x01A9, 0x0036, 0x0049, 0x0049, 0x0127, 0x00B7, 0x00B7, 0x0097, 0x013E, 0x0168, 0x00FA, 0x0164, 0x0109, 0x00A5, 
0x012C, 0x00C7, 0x005B, 0x011D, 0x00EB, 0x00B7, 0x00A5, 0x0162, 0x00FE, 0x011A, 0x0036, 0x002D, 0x00B3, 0x011A, 0x013E, 0x00B7, 
0x00EB, 0x019C, 0x00FE, 0x010C, 0x00AC, 0x004D, 0x0168, 0x00C6, 0x0105, 0x004D, 0x008A, 0x019C, 0x011D, 0x008C, 0x0008, 0x00EB, 
0x00EB, 0x012C, 0x00EA, 0x008A, 0x0164, 0x00A8, 0x0008, 0x0109, 0x0097, 0x013E, 0x0105, 0x017B, 0x002D, 0x0094, 0x0171, 0x011D, 
0x0008, 0x017B, 0x0094, 0x00A5, 0x0127, 0x010C, 0x004D, 0x01B0, 0x00C7, 0x017B, 0x012C, 0x019C, 0x00C7, 0x00EE, 0x010C, 0x005B, 
0x008C, 0x00C7, 0x0001, 0x0164, 0x0015, 0x0085, 0x013E, 0x0085, 0x0184, 0x00EB, 0x004F, 0x0168, 0x0008, 0x0156, 0x00B3, 0x00C7, 
0x0001, 0x0128, 0x010D, 0x0096, 0x0016, 0x0181, 0x004E, 0x00EA, 0x0032, 0x0011, 0x010D, 0x0051, 0x0003, 0x008B, 0x0121, 0x01A1, 
0x0051, 0x004E, 0x0003, 0x010D, 0x00C6, 0x0181, 0x0032, 0x00A1, 0x0033, 0x0016, 0x001B, 0x0009, 0x0016, 0x00F3, 0x0051, 0x001B, 
0x0032, 0x00A1, 0x01A1, 0x008B, 0x0099, 0x0016, 0x0176, 0x0181, 0x0181, 0x0099, 0x0128, 0x0051, 0x00EA, 0x004E, 0x0009, 0x001A, 
0x0016, 0x0176, 0x008B, 0x0011, 0x0176, 0x00C6, 0x0121, 0x0042, 0x0176, 0x0011, 0x0009, 0x0032, 0x0042, 0x00A1, 0x0003, 0x00C6, 
0x0042, 0x004E, 0x0128, 0x001A, 0x001B, 0x001B, 0x010D, 0x0009, 0x00C6, 0x0100, 0x0128, 0x0011, 0x00C6, 0x0121, 0x0001, 0x0051, 
0x014F, 0x0051, 0x00A1, 0x0100, 0x0032, 0x0096, 0x0121, 0x00A1, 0x01A1, 0x01A1, 0x00EA, 0x008B, 0x008B, 0x0042, 0x0042, 0x014F, 
0x0128, 0x0011, 0x001B, 0x0121, 0x014F, 0x0009, 0x01A1, 0x010D, 0x001A, 0x0121, 0x014F, 0x0099, 0x0016, 0x00F3, 0x0016, 0x0033, 
0x001A, 0x0121, 0x00EA, 0x010D, 0x0096, 0x0042, 0x0100, 0x004E, 0x0032, 0x0033, 0x004E, 0x001A, 0x0100, 0x0016, 0x0100, 0x0099, 
0x0181, 0x0033, 0x0128, 0x008B, 0x00EA, 0x0096, 0x00A1, 0x014F, 0x0128, 0x00C6, 0x00F3, 0x00C6, 0x0100, 0x0181, 0x0176, 0x0042, 
0x0033, 0x0099, 0x0121, 0x0001, 0x0051, 0x0096, 0x0001, 0x010D, 0x0099, 0x0099, 0x0032, 0x00F3, 0x0099, 0x0128, 0x0096, 0x00A1, 
0x0003, 0x0003, 0x001A, 0x00A1, 0x00EA, 0x001A, 0x01A1, 0x0001, 0x0009, 0x004E, 0x0096, 0x00EA, 0x0176, 0x00F3, 0x0051, 0x001A, 
0x0100, 0x001B, 0x0001, 0x001B, 0x0011, 0x01A1, 0x0001, 0x0009, 0x014F, 0x0009, 0x008B, 0x0033, 0x0176, 0x0033, 0x004E, 0x0003, 
0x008B, 0x0096, 0x0001, 0x010D, 0x0033, 0x00C6, 0x00EA, 0x00F3, 0x0181, 0x0003, 0x01A1, 0x0042, 0x00F3, 0x001B, 0x014F, 0x0181, 
0x0176, 0x014F, 0x0011, 0x00F3, 0x0032, 0x0003, 0x0011, 0x0100, 0x0100, 0x0011, 0x0003, 0x0032, 0x00F3, 0x0011, 0x014F, 0x0176, 
0x0181, 0x014F, 0x001B, 0x00F3, 0x0042, 0x01A1, 0x0003, 0x0181, 0x00F3, 0x00EA, 0x00C6, 0x0033, 0x010D, 0x0001, 0x0096, 0x008B, 
0x0003, 0x004E, 0x0033, 0x0176, 0x0033, 0x008B, 0x0009, 0x014F, 0x0009, 0x0001, 0x01A1, 0x0011, 0x001B, 0x0001, 0x001B, 0x0100, 
0x001A, 0x0051, 0x00F3, 0x0176, 0x00EA, 0x0096, 0x004E, 0x0009, 0x0001, 0x01A1, 0x001A, 0x00EA, 0x00A1, 0x001A, 0x0003, 0x0003, 
0x00A1, 0x0096, 0x0128, 0x0099, 0x00F3, 0x0032, 0x0099, 0x0099, 0x010D, 0x0001, 0x0096, 0x0051, 0x0001, 0x0121, 0x0099, 0x0033, 
0x0042, 0x0176, 0x0181, 0x0100, 0x00C6, 0x00F3, 0x00C6, 0x0128, 0x014F, 0x00A1, 0x0096, 0x00EA, 0x008B, 0x0128, 0x0033, 0x0181, 
0x0099, 0x0100, 0x0016, 0x0100, 0x001A, 0x004E, 0x0033, 0x0032, 0x004E, 0x0100, 0x0042, 0x0096, 0x010D, 0x00EA, 0x0121, 0x001A, 
0x0033, 0x0016, 0x00F3, 0x0016, 0x0099, 0x014F, 0x0121, 0x001A, 0x010D, 0x01A1, 0x0009, 0x014F, 0x0121, 0x001B, 0x0011, 0x0128, 
0x014F, 0x0042, 0x0042, 0x008B, 0x008B, 0x00EA, 0x01A1, 0x01A1, 0x00A1, 0x0121, 0x0096, 0x0032, 0x0100, 0x00A1, 0x0051, 0x014F, 
0x0051, 0x0001, 0x0121, 0x00C6, 0x0011, 0x0128, 0x0100, 0x00C6, 0x0009, 0x010D, 0x001B, 0x001B, 0x001A, 0x0128, 0x004E, 0x0042, 
0x00C6, 0x0003, 0x00A1, 0x0042, 0x0032, 0x0009, 0x0011, 0x0176, 0x0042, 0x0121, 0x00C6, 0x0176, 0x0011, 0x008B, 0x0176, 0x0016, 
0x001A, 0x0009, 0x004E, 0x00EA, 0x0051, 0x0128, 0x0099, 0x0181, 0x0181, 0x0176, 0x0016, 0x0099, 0x008B, 0x01A1, 0x00A1, 0x0032, 
0x001B, 0x0051, 0x00F3, 0x0016, 0x0009, 0x001B, 0x0016, 0x0033, 0x00A1, 0x0032, 0x0181, 0x00C6, 0x010D, 0x0003, 0x004E, 0x0051, 
0x01A1, 0x0121, 0x008B, 0x0003, 0x0051, 0x010D, 0x0011, 0x0032, 0x00EA, 0x004E, 0x0181, 0x0016, 0x0096, 0x010D, 0x0001, 0x009F, 
0x0176, 0x00A7, 0x006E, 0x0091, 0x0071, 0x008C, 0x0011, 0x00AA, 0x0169, 0x006A, 0x0027, 0x00D6, 0x0005, 0x00B1, 0x004E, 0x0069, 
0x0039, 0x00B8, 0x0105, 0x00F3, 0x011C, 0x0190, 0x0199, 0x008B, 0x0128, 0x00FC, 0x00CD, 0x016A, 0x015A, 0x01AF, 0x015F, 0x0116, 
0x0132, 0x00F1, 0x0020, 0x0193, 0x0129, 0x00F5, 0x00C5, 0x016C, 0x00AB, 0x0064, 0x008A, 0x007C, 0x01A7, 0x017E, 0x00D4, 0x0051, 
0x00A1, 0x0012, 0x0151, 0x012C, 0x0133, 0x00E8, 0x0065, 0x0078, 0x0062, 0x0192, 0x0081, 0x0017, 0x00BD, 0x0073, 0x0189, 0x0181, 
0x015B, 0x0024, 0x0083, 0x009E, 0x002F, 0x00D7, 0x00A5, 0x0145, 0x0075, 0x01AA, 0x005B, 0x001A, 0x004F, 0x01A2, 0x0121, 0x0093, 
0x0175, 0x011F, 0x0161, 0x0157, 0x001D, 0x0138, 0x0134, 0x0124, 0x004D, 0x00E7, 0x0172, 0x008E, 0x00D0, 0x0076, 0x0086, 0x016F, 
0x004B, 0x0142, 0x003D, 0x0034, 0x0054, 0x0108, 0x0084, 0x0144, 0x0153, 0x0046, 0x00E9, 0x013D, 0x0115, 0x0053, 0x0154, 0x0026, 
0x0040, 0x001C, 0x00E6, 0x01AB, 0x009A, 0x010B, 0x01A5, 0x00A0, 0x0044, 0x00C1, 0x0187, 0x00AE, 0x0025, 0x0063, 0x012F, 0x0087, 
0x00EF, 0x00A2, 0x017B, 0x00B6, 0x0055, 0x005F, 0x011B, 0x002D, 0x0003, 0x0008, 0x009D, 0x0070, 0x00DF, 0x019B, 0x0022, 0x00FF, 
0x0031, 0x0094, 0x017A, 0x01A1, 0x0097, 0x00BA, 0x001B, 0x00B4, 0x0185, 0x00ED, 0x00CE, 0x0004, 0x0023, 0x00D5, 0x0032, 0x0035, 
0x0155, 0x01A8, 0x0049, 0x01A3, 0x0167, 0x00A8, 0x00DE, 0x010E, 0x0067, 0x019C, 0x00B9, 0x0119, 0x013F, 0x00F6, 0x0118, 0x002B, 
0x00B3, 0x0061, 0x002E, 0x0077, 0x00B7, 0x0165, 0x0038, 0x0177, 0x000D, 0x003E, 0x006B, 0x00A4, 0x00B0, 0x008F, 0x019E, 0x0059, 
0x00C3, 0x014B, 0x0058, 0x00EA, 0x00EB, 0x0068, 0x0137, 0x00AD, 0x00D8, 0x0029, 0x0014, 0x016E, 0x0041, 0x0198, 0x00E2, 0x00CC, 
0x007B, 0x01A6, 0x0102, 0x00D1, 0x00BF, 0x0131, 0x0080, 0x00F2, 0x00E0, 0x00AF, 0x000B, 0x0136, 0x00E5, 0x00CF, 0x0019, 0x0170, 
0x0043, 0x019D, 0x0188, 0x00D9, 0x0104, 0x007A, 0x0149, 0x00C6, 0x00C7, 0x0159, 0x0066, 0x00EE, 0x0158, 0x0013, 0x0122, 0x0101, 
0x010D, 0x0146, 0x0173, 0x01A4, 0x003A, 0x0179, 0x004C, 0x00FA, 0x013A, 0x0183, 0x0150, 0x00FE, 0x0186, 0x0099, 0x00BB, 0x0072, 
0x0098, 0x00F8, 0x0015, 0x014A, 0x00A3, 0x00D3, 0x0109, 0x004A, 0x000E, 0x0168, 0x0009, 0x005C, 0x017C, 0x017F, 0x00DC, 0x018E, 
0x01AD, 0x00E3, 0x00C4, 0x002C, 0x00FD, 0x0196, 0x00F7, 0x011A, 0x0010, 0x0037, 0x011D, 0x0180, 0x00B2, 0x018F, 0x0016, 0x00D2, 
0x0141, 0x0114, 0x01A9, 0x01AE, 0x0184, 0x0096, 0x0152, 0x015C, 0x00FB, 0x0036, 0x010F, 0x00C2, 0x012A, 0x0082, 0x014E, 0x018C, 
0x0103, 0x002A, 0x00F0, 0x016D, 0x0111, 0x000C, 0x00A6, 0x0117, 0x0006, 0x00CB, 0x0195, 0x0171, 0x018B, 0x005D, 0x015E, 0x009C, 
0x0074, 0x00C8, 0x016B, 0x005E, 0x006D, 0x012D, 0x00A9, 0x015D, 0x017D, 0x0174, 0x006F, 0x0166, 0x0042, 0x012B, 0x013B, 0x00E1, 
0x0123, 0x003F, 0x00CA, 0x0164, 0x008D, 0x007D, 0x0079, 0x0194, 0x005A, 0x0050, 0x0092, 0x003C, 0x011E, 0x0090, 0x000F, 0x0162, 
0x0197, 0x0156, 0x0007, 0x013C, 0x006C, 0x010C, 0x00DA, 0x0182, 0x0113, 0x012E, 0x018D, 0x0056, 0x0030, 0x0028, 0x013E, 0x00F4, 
0x019A, 0x0130, 0x001F, 0x014F, 0x0139, 0x014C, 0x00C9, 0x007E, 0x0085, 0x0060, 0x019F, 0x0110, 0x0160, 0x00DD, 0x0033, 0x000A, 
0x0135, 0x0127, 0x014D, 0x0106, 0x0045, 0x00EC, 0x00BC, 0x0088, 0x001E, 0x0191, 0x00C0, 0x007F, 0x009B, 0x0052, 0x0002, 0x0057, 
0x0047, 0x00E4, 0x00B5, 0x0089, 0x0126, 0x0018, 0x0021, 0x0095, 0x00BE, 0x00AC, 0x00F9, 0x0178, 0x0148, 0x0163, 0x0100, 0x01AC, 
0x00DB, 0x018A, 0x0147, 0x0048, 0x0107, 0x01A0, 0x0125, 0x0140, 0x0120, 0x0143, 0x010A, 0x003B, 0x0001, 0x013E, 0x0100, 0x00EB, 
0x0075, 0x0004, 0x0166, 0x00FE, 0x0099, 0x0191, 0x004A, 0x0196, 0x004A, 0x018E, 0x004B, 0x00EA, 0x001B, 0x009E, 0x00D9, 0x00D8, 
0x011D, 0x0096, 0x0025, 0x004A, 0x010A, 0x0096, 0x00C6, 0x0080, 0x013C, 0x0023, 0x014E, 0x0171, 0x0145, 0x0167, 0x013E, 0x0010, 
0x013E, 0x009F, 0x0145, 0x0112, 0x011B, 0x0085, 0x01A9, 0x0046, 0x0094, 0x004B, 0x018C, 0x0096, 0x01AD, 0x0099, 0x01A1, 0x0046, 
0x006C, 0x00B3, 0x01AF, 0x0002, 0x0080, 0x0020, 0x0099, 0x0131, 0x004B, 0x007F, 0x00D8, 0x01B0, 0x01AF, 0x0128, 0x012C, 0x011B, 
0x017B, 0x00EB, 0x0132, 0x0145, 0x0162, 0x00EB, 0x0073, 0x014E, 0x004F, 0x0128, 0x00B3, 0x0063, 0x001B, 0x016B, 0x00D8, 0x0125, 
0x0080, 0x0036, 0x0166, 0x00B1, 0x0085, 0x012C, 0x004F, 0x0023, 0x00CB, 0x0166, 0x0113, 0x0046, 0x0008, 0x001B, 0x0040, 0x009E, 
0x0063, 0x006C, 0x01A9, 0x00B1, 0x0004, 0x0089, 0x014E, 0x00C7, 0x011B, 0x00E6, 0x0004, 0x00CB, 0x013C, 0x0002, 0x01B0, 0x00D9, 
0x0040, 0x009E, 0x008C, 0x01AF, 0x0118, 0x0023, 0x0089, 0x0075, 0x017B, 0x0112, 0x0171, 0x0073, 0x0075, 0x00E6, 0x0085, 0x00A7, 
0x00B3, 0x008C, 0x00D9, 0x016B, 0x00EA, 0x0094, 0x01A1, 0x00FE, 0x0036, 0x013C, 0x0118, 0x0128, 0x00A7, 0x01A9, 0x0113, 0x00FE, 
0x0020, 0x00C6, 0x011D, 0x007F, 0x00EA, 0x0008, 0x006C, 0x00A7, 0x012C, 0x00C7, 0x0171, 0x0132, 0x0100, 0x0167, 0x009F, 0x0100, 
0x0162, 0x0112, 0x00C7, 0x004F, 0x0118, 0x0002, 0x0125, 0x011D, 0x018C, 0x018E, 0x0191, 0x01AD, 0x00C6, 0x0125, 0x01B0, 0x008C, 
0x0063, 0x0008, 0x0094, 0x0131, 0x0191, 0x0025, 0x010A, 0x018E, 0x0131, 0x01A1, 0x0113, 0x00B1, 0x00E6, 0x017B, 0x0162, 0x0167, 
0x0010, 0x0001, 0x0001, 0x0010, 0x009F, 0x0132, 0x0073, 0x0089, 0x00CB, 0x0036, 0x0020, 0x01AD, 0x0025, 0x0196, 0x0196, 0x010A, 
0x018C, 0x007F, 0x016B, 0x0040, 0x0040, 0x016B, 0x007F, 0x018C, 0x010A, 0x0196, 0x0196, 0x0025, 0x01AD, 0x0020, 0x0036, 0x00CB, 
0x0089, 0x0073, 0x0132, 0x009F, 0x0010, 0x0001, 0x0001, 0x0010, 0x0167, 0x0162, 0x017B, 0x00E6, 0x00B1, 0x0113, 0x01A1, 0x0131, 
0x018E, 0x010A, 0x0025, 0x0191, 0x0131, 0x0094, 0x0008, 0x0063, 0x008C, 0x01B0, 0x0125, 0x00C6, 0x01AD, 0x0191, 0x018E, 0x018C, 
0x011D, 0x0125, 0x0002, 0x0118, 0x004F, 0x00C7, 0x0112, 0x0162, 0x0100, 0x009F, 0x0167, 0x0100, 0x0132, 0x0171, 0x00C7, 0x012C, 
0x00A7, 0x006C, 0x0008, 0x00EA, 0x007F, 0x011D, 0x00C6, 0x0020, 0x00FE, 0x0113, 0x01A9, 0x00A7, 0x0128, 0x0118, 0x013C, 0x0036, 
0x00FE, 0x01A1, 0x0094, 0x00EA, 0x016B, 0x00D9, 0x008C, 0x00B3, 0x00A7, 0x0085, 0x00E6, 0x0075, 0x0073, 0x0171, 0x0112, 0x017B, 
0x0075, 0x0089, 0x0023, 0x0118, 0x01AF, 0x008C, 0x009E, 0x0040, 0x00D9, 0x01B0, 0x0002, 0x013C, 0x00CB, 0x0004, 0x00E6, 0x011B, 
0x00C7, 0x014E, 0x0089, 0x0004, 0x00B1, 0x01A9, 0x006C, 0x0063, 0x009E, 0x0040, 0x001B, 0x0008, 0x0046, 0x0113, 0x0166, 0x00CB, 
0x0023, 0x004F, 0x012C, 0x0085, 0x00B1, 0x0166, 0x0036, 0x0080, 0x0125, 0x00D8, 0x016B, 0x001B, 0x0063, 0x00B3, 0x0128, 0x004F, 
0x014E, 0x0073, 0x00EB, 0x0162, 0x0145, 0x0132, 0x00EB, 0x017B, 0x011B, 0x012C, 0x0128, 0x01AF, 0x01B0, 0x00D8, 0x007F, 0x004B, 
0x0131, 0x0099, 0x0020, 0x0080, 0x0002, 0x01AF, 0x00B3, 0x006C, 0x0046, 0x01A1, 0x0099, 0x01AD, 0x0096, 0x018C, 0x004B, 0x0094, 
0x0046, 0x01A9, 0x0085, 0x011B, 0x0112, 0x0145, 0x009F, 0x013E, 0x0010, 0x013E, 0x0167, 0x0145, 0x0171, 0x014E, 0x0023, 0x013C, 
0x0080, 0x00C6, 0x0096, 0x010A, 0x004A, 0x0025, 0x0096, 0x011D, 0x00D8, 0x00D9, 0x009E, 0x001B, 0x00EA, 0x004B, 0x018E, 0x004A, 
0x0196, 0x004A, 0x0191, 0x0099, 0x00FE, 0x0166, 0x0004, 0x0075, 0x00EB, 0x0100, 0x0001, 0x00CB, 0x014F, 0x004A, 0x0098, 0x0018, 
0x0155, 0x012C, 0x004E, 0x0071, 0x017D, 0x006D, 0x0060, 0x0178, 0x0103, 0x0118, 0x001A, 0x00F6, 0x00E2, 0x01A7, 0x0164, 0x010D, 
0x01A2, 0x002C, 0x009B, 0x0003, 0x0096, 0x0078, 0x0047, 0x00B8, 0x018B, 0x0075, 0x014D, 0x0052, 0x0131, 0x008F, 0x004B, 0x019D, 
0x0076, 0x0087, 0x0159, 0x0186, 0x0059, 0x0031, 0x00A5, 0x01A3, 0x01AA, 0x0110, 0x00ED, 0x0121, 0x0032, 0x00B0, 0x005F, 0x008C, 
0x0143, 0x0070, 0x0170, 0x007C, 0x016F, 0x0072, 0x00F5, 0x0050, 0x00B9, 0x0171, 0x012F, 0x0033, 0x00B6, 0x00C0, 0x00AB, 0x01AD, 
0x004C, 0x0012, 0x0127, 0x0046, 0x018E, 0x010E, 0x0015, 0x008B, 0x011D, 0x007E, 0x0016, 0x0142, 0x00AF, 0x016C, 0x0037, 0x013A, 
0x0193, 0x01A5, 0x0092, 0x009A, 0x0105, 0x00BD, 0x0104, 0x0137, 0x0091, 0x00E1, 0x0157, 0x0030, 0x0112, 0x00D4, 0x0028, 0x00BF, 
0x002A, 0x00DE, 0x01A4, 0x00E9, 0x00E8, 0x0113, 0x0068, 0x00BA, 0x000B, 0x00DC, 0x00CA, 0x00E4, 0x013E, 0x003A, 0x007F, 0x0019, 
0x00CE, 0x00C1, 0x006A, 0x0175, 0x018D, 0x00DB, 0x00B2, 0x013D, 0x0063, 0x01AF, 0x0173, 0x0017, 0x0067, 0x018A, 0x01A9, 0x008D, 
0x011C, 0x0006, 0x0010, 0x0049, 0x0176, 0x0036, 0x00FD, 0x0111, 0x00CC, 0x00BE, 0x0190, 0x0083, 0x009C, 0x0162, 0x0005, 0x0100, 
0x00A8, 0x00FC, 0x0128, 0x016E, 0x011E, 0x0048, 0x0150, 0x010A, 0x00D8, 0x001F, 0x0051, 0x0088, 0x0172, 0x01A0, 0x0184, 0x0013, 
0x0145, 0x011A, 0x007B, 0x0154, 0x0134, 0x005B, 0x005E, 0x0195, 0x001D, 0x00A2, 0x0196, 0x00C2, 0x00FE, 0x0056, 0x00A6, 0x009D, 
0x00EE, 0x0107, 0x008E, 0x0183, 0x017C, 0x015C, 0x0038, 0x01A8, 0x0084, 0x00D2, 0x00E0, 0x015D, 0x00B7, 0x00DA, 0x0079, 0x00C6, 
0x00C7, 0x00A9, 0x015E, 0x0146, 0x018C, 0x00EC, 0x002F, 0x012B, 0x0081, 0x0022, 0x0174, 0x0188, 0x016D, 0x0066, 0x015A, 0x014C, 
0x0069, 0x0191, 0x0020, 0x0148, 0x0065, 0x0057, 0x014B, 0x0044, 0x0029, 0x003D, 0x018F, 0x0130, 0x0086, 0x0182, 0x00C5, 0x0025, 
0x006B, 0x0053, 0x0108, 0x00EA, 0x00EB, 0x0138, 0x00D7, 0x00FA, 0x0054, 0x00D1, 0x00DF, 0x012D, 0x0009, 0x0179, 0x0055, 0x0035, 
0x002E, 0x0123, 0x00AA, 0x00C3, 0x0114, 0x010B, 0x015B, 0x00B3, 0x00EF, 0x001B, 0x010F, 0x0194, 0x001C, 0x0153, 0x0156, 0x007D, 
0x005D, 0x0136, 0x0097, 0x006C, 0x019E, 0x002D, 0x0011, 0x003F, 0x0129, 0x0160, 0x0192, 0x00D9, 0x00A7, 0x0061, 0x0169, 0x0093, 
0x0043, 0x0089, 0x00B5, 0x0109, 0x00B1, 0x01AC, 0x004F, 0x0115, 0x012E, 0x0021, 0x00F3, 0x00E5, 0x00A0, 0x00B4, 0x017B, 0x003B, 
0x0168, 0x01A1, 0x01AB, 0x0095, 0x0124, 0x0008, 0x0027, 0x014A, 0x019A, 0x003E, 0x0002, 0x014E, 0x0074, 0x00FF, 0x00D6, 0x0024, 
0x003C, 0x0147, 0x00F0, 0x00E3, 0x0198, 0x0132, 0x0177, 0x0073, 0x00CD, 0x00E7, 0x00D5, 0x01A6, 0x00F7, 0x0149, 0x009E, 0x00C9, 
0x00C8, 0x000D, 0x00D3, 0x0187, 0x00F2, 0x0189, 0x00DD, 0x009F, 0x0181, 0x005A, 0x00D0, 0x0120, 0x007A, 0x00AD, 0x00F4, 0x00AC, 
0x0117, 0x011F, 0x000C, 0x001E, 0x0077, 0x017A, 0x0045, 0x0102, 0x006F, 0x019B, 0x0133, 0x0094, 0x0126, 0x019C, 0x00A3, 0x0023, 
0x016B, 0x008A, 0x019F, 0x0165, 0x0004, 0x0106, 0x00F1, 0x00FB, 0x017E, 0x0082, 0x0040, 0x00F8, 0x0161, 0x00BC, 0x013F, 0x0042, 
0x0135, 0x0041, 0x0141, 0x006E, 0x0125, 0x0152, 0x0101, 0x017F, 0x0090, 0x00C4, 0x00A1, 0x0007, 0x000E, 0x010C, 0x0180, 0x0158, 
0x002B, 0x0058, 0x012A, 0x013B, 0x0014, 0x0166, 0x0122, 0x0080, 0x015F, 0x0064, 0x013C, 0x0026, 0x00F9, 0x016A, 0x0139, 0x011B, 
0x01AE, 0x0116, 0x0185, 0x000F, 0x00A4, 0x004D, 0x000A, 0x00CF, 0x00BB, 0x0197, 0x0099, 0x00AE, 0x0039, 0x0151, 0x0144, 0x0034, 
0x0140, 0x0163, 0x0085, 0x005C, 0x0199, 0x0119, 0x0167, 0x0062, 0x0001, 0x0196, 0x008B, 0x0128, 0x0147, 0x0090, 0x00DE, 0x00EB, 
0x010D, 0x0108, 0x0126, 0x0009, 0x017E, 0x0044, 0x01A5, 0x0096, 0x0009, 0x0062, 0x018D, 0x00E9, 0x0073, 0x0121, 0x0058, 0x00BE, 
0x019B, 0x004E, 0x0099, 0x0149, 0x0147, 0x0144, 0x0079, 0x0118, 0x00A4, 0x00BE, 0x011B, 0x0181, 0x00B1, 0x006A, 0x0110, 0x00CC, 
0x0121, 0x0167, 0x016B, 0x01A8, 0x0040, 0x00DE, 0x0068, 0x0042, 0x0163, 0x00A1, 0x0181, 0x003B, 0x0110, 0x00C7, 0x000C, 0x00D2, 
0x00C0, 0x0108, 0x0003, 0x0159, 0x00DF, 0x00C5, 0x018D, 0x00EA, 0x00D2, 0x014F, 0x0046, 0x0042, 0x006C, 0x0099, 0x00C8, 0x01AE, 
0x013E, 0x01A1, 0x0196, 0x00A9, 0x013E, 0x0011, 0x01B0, 0x0079, 0x0032, 0x01A8, 0x00EC, 0x010A, 0x0159, 0x009E, 0x01A5, 0x00F3, 
0x0004, 0x0004, 0x0171, 0x0044, 0x016D, 0x00DF, 0x0160, 0x017F, 0x016B, 0x0176, 0x0118, 0x01A0, 0x008F, 0x01AE, 0x01AD, 0x008B, 
0x016F, 0x0011, 0x008F, 0x0100, 0x004E, 0x006D, 0x0163, 0x0188, 0x0136, 0x000C, 0x00C6, 0x00E9, 0x0089, 0x0160, 0x010A, 0x00D3, 
0x010D, 0x0029, 0x014F, 0x0136, 0x00A7, 0x006A, 0x0010, 0x00B1, 0x00E5, 0x0188, 0x0046, 0x0030, 0x00EB, 0x0113, 0x00EC, 0x017F, 
0x001B, 0x0073, 0x001A, 0x00C7, 0x00A7, 0x00E5, 0x00A1, 0x0051, 0x019B, 0x004A, 0x01A0, 0x01B0, 0x0138, 0x0128, 0x00FE, 0x00C8, 
0x0100, 0x004A, 0x00A4, 0x0197, 0x0167, 0x001B, 0x0089, 0x00C5, 0x0033, 0x017E, 0x007B, 0x00F3, 0x0171, 0x007B, 0x0096, 0x00B3, 
0x0003, 0x00D3, 0x0113, 0x0040, 0x00F1, 0x0144, 0x0138, 0x016F, 0x01A1, 0x0145, 0x0001, 0x0145, 0x00A9, 0x01AD, 0x00FE, 0x0149, 
0x0122, 0x0068, 0x0030, 0x0029, 0x00C0, 0x0016, 0x0062, 0x0033, 0x016D, 0x009E, 0x00B3, 0x0126, 0x0016, 0x00EA, 0x00C6, 0x001A, 
0x00CC, 0x0024, 0x011B, 0x0051, 0x006D, 0x006C, 0x0122, 0x0090, 0x00F1, 0x0032, 0x0176, 0x0197, 0x0058, 0x0024, 0x003B, 0x0010, 
0x0010, 0x003B, 0x0024, 0x0058, 0x0197, 0x0176, 0x0032, 0x00F1, 0x0090, 0x0122, 0x006C, 0x006D, 0x0051, 0x011B, 0x0024, 0x00CC, 
0x001A, 0x00C6, 0x00EA, 0x0016, 0x0126, 0x00B3, 0x009E, 0x016D, 0x0033, 0x0062, 0x0016, 0x00C0, 0x0029, 0x0030, 0x0068, 0x0122, 
0x0149, 0x00FE, 0x01AD, 0x00A9, 0x0145, 0x0001, 0x0145, 0x01A1, 0x016F, 0x0138, 0x0144, 0x00F1, 0x0040, 0x0113, 0x00D3, 0x0003, 
0x00B3, 0x0096, 0x007B, 0x0171, 0x00F3, 0x007B, 0x017E, 0x0033, 0x00C5, 0x0089, 0x001B, 0x0167, 0x0197, 0x00A4, 0x004A, 0x0100, 
0x00C8, 0x00FE, 0x0128, 0x0138, 0x01B0, 0x01A0, 0x004A, 0x019B, 0x0051, 0x00A1, 0x00E5, 0x00A7, 0x00C7, 0x001A, 0x0073, 0x001B, 
0x017F, 0x00EC, 0x0113, 0x00EB, 0x0030, 0x0046, 0x0188, 0x00E5, 0x00B1, 0x0010, 0x006A, 0x00A7, 0x0136, 0x014F, 0x0029, 0x010D, 
0x00D3, 0x010A, 0x0160, 0x0089, 0x00E9, 0x00C6, 0x000C, 0x0136, 0x0188, 0x0163, 0x006D, 0x004E, 0x0100, 0x008F, 0x0011, 0x016F, 
0x008B, 0x01AD, 0x01AE, 0x008F, 0x01A0, 0x0118, 0x0176, 0x016B, 0x017F, 0x0160, 0x00DF, 0x016D, 0x0044, 0x0171, 0x0004, 0x0004, 
0x00F3, 0x01A5, 0x009E, 0x0159, 0x010A, 0x00EC, 0x01A8, 0x0032, 0x0079, 0x01B0, 0x0011, 0x013E, 0x00A9, 0x0196, 0x01A1, 0x013E, 
0x01AE, 0x00C8, 0x0099, 0x006C, 0x0042, 0x0046, 0x014F, 0x00D2, 0x00EA, 0x018D, 0x00C5, 0x00DF, 0x0159, 0x0003, 0x0108, 0x00C0, 
0x00D2, 0x000C, 0x00C7, 0x0110, 0x003B, 0x0181, 0x00A1, 0x0163, 0x0042, 0x0068, 0x00DE, 0x0040, 0x01A8, 0x016B, 0x0167, 0x0121, 
0x00CC, 0x0110, 0x006A, 0x00B1, 0x0181, 0x011B, 0x00BE, 0x00A4, 0x0118, 0x0079, 0x0144, 0x0147, 0x0149, 0x0099, 0x004E, 0x019B, 
0x00BE, 0x0058, 0x0121, 0x0073, 0x00E9, 0x018D, 0x0062, 0x0009, 0x0096, 0x01A5, 0x0044, 0x017E, 0x0009, 0x0126, 0x0108, 0x010D, 
0x00EB, 0x00DE, 0x0090, 0x0147, 0x0128, 0x008B, 0x0001, 0x017B, 0x01A1, 0x013E, 0x0150, 0x01AF, 0x00FF, 0x0094, 0x0100, 0x002A, 
0x00CB, 0x006C, 0x00CB, 0x0056, 0x00FD, 0x00EB, 0x0099, 0x0020, 0x00B6, 0x014A, 0x00FA, 0x0128, 0x0124, 0x00E6, 0x013C, 0x0128, 
0x00EA, 0x0077, 0x0186, 0x00C2, 0x011F, 0x012C, 0x00D8, 0x018E, 0x017B, 0x0004, 0x0036, 0x0083, 0x00D8, 0x016E, 0x009E, 0x0164, 
0x0015, 0x0025, 0x011A, 0x00FD, 0x007D, 0x0089, 0x004B, 0x0100, 0x0096, 0x0025, 0x007F, 0x0162, 0x00E3, 0x0045, 0x0077, 0x009D, 
0x00B1, 0x015D, 0x00B4, 0x005A, 0x014A, 0x00FE, 0x00E3, 0x001B, 0x0168, 0x009E, 0x005B, 0x013E, 0x0158, 0x00D9, 0x0109, 0x0073, 
0x008C, 0x011F, 0x00EE, 0x001B, 0x0162, 0x009A, 0x0099, 0x0080, 0x0067, 0x0105, 0x013A, 0x00A5, 0x00FF, 0x00A7, 0x0164, 0x0168, 
0x00EE, 0x00C2, 0x00AB, 0x00B2, 0x0063, 0x018C, 0x008A, 0x0118, 0x0008, 0x0020, 0x009A, 0x007F, 0x0015, 0x00A7, 0x01AF, 0x0046, 
0x0092, 0x0171, 0x0113, 0x012B, 0x0002, 0x00AB, 0x0186, 0x0045, 0x00FE, 0x00B6, 0x0008, 0x0191, 0x002D, 0x00CE, 0x004A, 0x00EF, 
0x0046, 0x0150, 0x005B, 0x016E, 0x012C, 0x008C, 0x0061, 0x012B, 0x004D, 0x0112, 0x004F, 0x002D, 0x00FB, 0x0080, 0x00EB, 0x011A, 
0x0096, 0x0094, 0x00A5, 0x002B, 0x004A, 0x0196, 0x0112, 0x019C, 0x0063, 0x011D, 0x009D, 0x00EA, 0x00FA, 0x005A, 0x00C6, 0x008A, 
0x0132, 0x0112, 0x0049, 0x0171, 0x0085, 0x0158, 0x01A1, 0x018E, 0x0083, 0x0010, 0x0109, 0x0043, 0x0171, 0x00C3, 0x004A, 0x016C, 
0x0105, 0x00B7, 0x007D, 0x0056, 0x002A, 0x004B, 0x00C7, 0x0105, 0x00B3, 0x002D, 0x0117, 0x008A, 0x0097, 0x015D, 0x0187, 0x0124, 
0x013C, 0x015B, 0x015D, 0x011B, 0x0063, 0x010A, 0x012B, 0x0156, 0x0109, 0x0023, 0x0004, 0x0001, 0x01B0, 0x0004, 0x012E, 0x0158, 
0x0125, 0x0046, 0x0106, 0x00A5, 0x0114, 0x004B, 0x008D, 0x006C, 0x006C, 0x0075, 0x007D, 0x0157, 0x0080, 0x01A9, 0x0008, 0x0131, 
0x005A, 0x0134, 0x013C, 0x0145, 0x0145, 0x0124, 0x0166, 0x009D, 0x010C, 0x00AB, 0x016B, 0x008C, 0x0059, 0x0083, 0x01AD, 0x0001, 
0x01B0, 0x01AD, 0x018E, 0x00A8, 0x005B, 0x0086, 0x00A7, 0x014E, 0x0096, 0x0054, 0x0056, 0x0075, 0x008D, 0x002A, 0x0054, 0x011A, 
0x0127, 0x009A, 0x0184, 0x00FE, 0x00AC, 0x00EA, 0x0166, 0x0187, 0x015B, 0x0134, 0x00FA, 0x00AC, 0x0045, 0x0167, 0x00EE, 0x0040, 
0x016E, 0x00A8, 0x01A1, 0x012E, 0x0023, 0x0010, 0x0059, 0x012C, 0x0040, 0x0168, 0x009F, 0x007F, 0x0127, 0x00EB, 0x0157, 0x00B7, 
0x00C7, 0x0114, 0x0094, 0x014E, 0x0015, 0x009F, 0x001B, 0x0167, 0x0186, 0x010C, 0x011D, 0x011B, 0x0097, 0x00C6, 0x0131, 0x00B6, 
0x0184, 0x0162, 0x009F, 0x0164, 0x0086, 0x0150, 0x0125, 0x0085, 0x0043, 0x0156, 0x0061, 0x016B, 0x00C2, 0x0167, 0x00E3, 0x0184, 
0x0020, 0x01A9, 0x00FB, 0x00B3, 0x016C, 0x002B, 0x0106, 0x01AF, 0x0086, 0x009E, 0x0040, 0x011F, 0x016B, 0x0002, 0x010A, 0x019C, 
0x0132, 0x0117, 0x0191, 0x01A9, 0x0099, 0x0127, 0x0025, 0x014E, 0x00FF, 0x0106, 0x00EF, 0x00C3, 0x0049, 0x004D, 0x010A, 0x00B2, 
0x010C, 0x0077, 0x00AC, 0x014A, 0x0131, 0x0118, 0x0117, 0x004F, 0x0196, 0x00C3, 0x0092, 0x0125, 0x013E, 0x00A8, 0x00D8, 0x0059, 
0x0073, 0x0156, 0x0113, 0x0049, 0x0196, 0x00CE, 0x00B3, 0x0067, 0x0157, 0x00FD, 0x0054, 0x0100, 0x0114, 0x013A, 0x016C, 0x00CE, 
0x004F, 0x0132, 0x018C, 0x011B, 0x00B1, 0x0166, 0x0128, 0x0134, 0x00B4, 0x0097, 0x018C, 0x019C, 0x004D, 0x0113, 0x0043, 0x00D9, 
0x012E, 0x017B, 0x01AD, 0x0036, 0x0023, 0x00D9, 0x0085, 0x0092, 0x00EF, 0x002B, 0x013A, 0x00C7, 0x0089, 0x0075, 0x00CB, 0x008D, 
0x0089, 0x00B7, 0x0067, 0x00FB, 0x0191, 0x0118, 0x00C6, 0x00B4, 0x015B, 0x00E6, 0x0145, 0x00E6, 0x0187, 0x00B1, 0x011D, 0x00B2, 
0x0002, 0x0061, 0x0073, 0x0010, 0x0001, 0x0145, 0x0181, 0x0196, 0x017D, 0x01A5, 0x0035, 0x013E, 0x008B, 0x01A4, 0x0044, 0x01AE, 
0x0029, 0x0152, 0x014B, 0x0128, 0x0003, 0x008F, 0x01AB, 0x0069, 0x0036, 0x0011, 0x00DD, 0x0144, 0x006A, 0x014F, 0x0100, 0x012D, 
0x0034, 0x00BF, 0x00ED, 0x004A, 0x00C8, 0x006D, 0x0113, 0x0090, 0x010A, 0x00D7, 0x00C5, 0x015F, 0x01A0, 0x00E6, 0x0025, 0x0149, 
0x0085, 0x017C, 0x00F6, 0x0051, 0x00D3, 0x00F3, 0x0121, 0x00C0, 0x00EC, 0x0040, 0x0169, 0x0190, 0x0120, 0x000D, 0x0033, 0x009C, 
0x009B, 0x0180, 0x0006, 0x00EB, 0x0021, 0x0032, 0x0131, 0x0160, 0x00D9, 0x00B1, 0x00B0, 0x0024, 0x0125, 0x011B, 0x006C, 0x00A2, 
0x008C, 0x0176, 0x00FE, 0x00C4, 0x010D, 0x0068, 0x0142, 0x0112, 0x0115, 0x014E, 0x0066, 0x0197, 0x004B, 0x0166, 0x0008, 0x005F, 
0x013B, 0x0116, 0x0138, 0x0159, 0x018C, 0x00A1, 0x0167, 0x00A9, 0x018F, 0x018D, 0x01AF, 0x0030, 0x00DF, 0x003B, 0x0022, 0x0010, 
0x0062, 0x019F, 0x00DE, 0x0064, 0x0151, 0x0048, 0x00C7, 0x0148, 0x0046, 0x0079, 0x009F, 0x0027, 0x0126, 0x0093, 0x017F, 0x0060, 
0x0075, 0x00DA, 0x01AD, 0x00A7, 0x0185, 0x014D, 0x0080, 0x00E5, 0x0073, 0x0191, 0x006F, 0x0058, 0x0099, 0x017B, 0x0042, 0x0171, 
0x013C, 0x002C, 0x00BE, 0x0009, 0x0147, 0x018E, 0x0108, 0x00B3, 0x000B, 0x001B, 0x004F, 0x0101, 0x01A1, 0x0023, 0x00E9, 0x0136, 
0x00CB, 0x0118, 0x016B, 0x0031, 0x0016, 0x0188, 0x0088, 0x001A, 0x01A9, 0x0129, 0x0089, 0x011D, 0x017E, 0x018A, 0x0020, 0x012C, 
0x0198, 0x00F2, 0x01A6, 0x00D2, 0x0096, 0x007F, 0x01B0, 0x0132, 0x010F, 0x0002, 0x0162, 0x0084, 0x0018, 0x00BB, 0x00CC, 0x011E, 
0x0091, 0x004E, 0x0122, 0x019B, 0x0076, 0x0063, 0x0094, 0x016D, 0x0163, 0x00C6, 0x00EA, 0x016F, 0x0052, 0x00D0, 0x009E, 0x01A8, 
0x0012, 0x00D8, 0x0199, 0x000C, 0x0019, 0x00A4, 0x0110, 0x007B, 0x00D4, 0x00E1, 0x00F1, 0x0004, 0x0004, 0x00F1, 0x00E1, 0x00D4, 
0x007B, 0x0110, 0x00A4, 0x0019, 0x000C, 0x0199, 0x00D8, 0x0012, 0x01A8, 0x009E, 0x00D0, 0x0052, 0x016F, 0x00EA, 0x00C6, 0x0163, 
0x016D, 0x0094, 0x0063, 0x0076, 0x019B, 0x0122, 0x004E, 0x0091, 0x011E, 0x00CC, 0x00BB, 0x0018, 0x0084, 0x0162, 0x0002, 0x010F, 
0x0132, 0x01B0, 0x007F, 0x0096, 0x00D2, 0x01A6, 0x00F2, 0x0198, 0x012C, 0x0020, 0x018A, 0x017E, 0x011D, 0x0089, 0x0129, 0x01A9, 
0x001A, 0x0088, 0x0188, 0x0016, 0x0031, 0x016B, 0x0118, 0x00CB, 0x0136, 0x00E9, 0x0023, 0x01A1, 0x0101, 0x004F, 0x001B, 0x000B, 
0x00B3, 0x0108, 0x018E, 0x0147, 0x0009, 0x00BE, 0x002C, 0x013C, 0x0171, 0x0042, 0x017B, 0x0099, 0x0058, 0x006F, 0x0191, 0x0073, 
0x00E5, 0x0080, 0x014D, 0x0185, 0x00A7, 0x01AD, 0x00DA, 0x0075, 0x0060, 0x017F, 0x0093, 0x0126, 0x0027, 0x009F, 0x0079, 0x0046, 
0x0148, 0x00C7, 0x0048, 0x0151, 0x0064, 0x00DE, 0x019F, 0x0062, 0x0010, 0x0022, 0x003B, 0x00DF, 0x0030, 0x01AF, 0x018D, 0x018F, 
0x00A9, 0x0167, 0x00A1, 0x018C, 0x0159, 0x0138, 0x0116, 0x013B, 0x005F, 0x0008, 0x0166, 0x004B, 0x0197, 0x0066, 0x014E, 0x0115, 
0x0112, 0x0142, 0x0068, 0x010D, 0x00C4, 0x00FE, 0x0176, 0x008C, 0x00A2, 0x006C, 0x011B, 0x0125, 0x0024, 0x00B0, 0x00B1, 0x00D9, 
0x0160, 0x0131, 0x0032, 0x0021, 0x00EB, 0x0006, 0x0180, 0x009B, 0x009C, 0x0033, 0x000D, 0x0120, 0x0190, 0x0169, 0x0040, 0x00EC, 
0x00C0, 0x0121, 0x00F3, 0x00D3, 0x0051, 0x00F6, 0x017C, 0x0085, 0x0149, 0x0025, 0x00E6, 0x01A0, 0x015F, 0x00C5, 0x00D7, 0x010A, 
0x0090, 0x0113, 0x006D, 0x00C8, 0x004A, 0x00ED, 0x00BF, 0x0034, 0x012D, 0x0100, 0x014F, 0x006A, 0x0144, 0x00DD, 0x0011, 0x0036, 
0x0069, 0x01AB, 0x008F, 0x0003, 0x0128, 0x014B, 0x0152, 0x0029, 0x01AE, 0x0044, 0x01A4, 0x008B, 0x013E, 0x0035, 0x01A5, 0x017D, 
0x0196, 0x0181, 
};
