#ifndef GALAS_BASE_HPP
#define GALAS_BASE_HPP

// -----------------------------
// GALAS P tables (indices)
// -----------------------------
static constexpr std::array<uint16_t, 64> GALAS_P_128 = {
    79,110,116,122,54,51,22,95,114,68,87,47,28,13,6,117,30,31,78,64,88,0,86,96,3,49,90,38,35,102,97,1,
    60,16,104,18,7,83,56,50,105,77,99,61,71,127,21,58,48,103,36,75,43,124,76,107,4,41,92,70,74,5,34,11
};

static constexpr std::array<uint16_t, 96> GALAS_P_192 = {
    173,121,117,94,116,159,11,183,174,144,48,91,43,172,66,16,78,125,0,22,150,128,191,10,19,158,58,28,109,103,188,181,
    60,90,86,106,12,130,59,63,118,61,134,179,135,17,147,6,141,33,105,38,143,24,169,148,81,110,20,149,36,152,73,42,
    85,69,167,15,189,18,127,142,27,9,163,84,97,165,184,140,14,3,129,99,67,82,108,37,52,122,178,164,4,120,114,190
};

static constexpr std::array<uint16_t, 128> GALAS_P_256 = {
    57,36,45,18,228,191,17,73,161,28,252,246,135,117,111,237,234,242,42,1,247,113,151,81,106,22,46,13,158,20,23,75,
    125,15,134,87,48,229,112,30,193,62,140,52,224,39,47,107,240,186,177,122,181,187,104,41,162,219,133,99,249,71,74,95,
    4,203,0,79,38,185,254,101,163,255,34,197,100,98,149,194,199,235,5,55,7,114,156,19,64,142,8,244,164,6,250,176,
    29,169,227,220,56,137,172,209,198,33,90,123,31,200,153,50,204,166,80,3,174,37,24,253,77,213,65,69,217,54,210,102
};

// -----------------------------
// σ embedding from λ/2 bits -> GF(2^λ) using B'_i rows you gave
// σ = Σ σ_i * B'_i
// Important: bytes are stored exactly as printed (little-endian byte order).
// -----------------------------

// 128-bit: 64 rows, 16 bytes each
static constexpr uint8_t GALAS_BPRIME_128[64][16] = {
    // i=00  le=04d3880a226430020c81372004808168
    {0x04,0xd3,0x88,0x0a,0x22,0x64,0x30,0x02,0x0c,0x81,0x37,0x20,0x04,0x80,0x81,0x68},
    // i=01  le=0006020a8041a0c82e02046a2060c849
    {0x00,0x06,0x02,0x0a,0x80,0x41,0xa0,0xc8,0x2e,0x02,0x04,0x6a,0x20,0x60,0xc8,0x49},
    // i=02  le=04d4022e016580020603206a30145941
    {0x04,0xd4,0x02,0x2e,0x01,0x65,0x80,0x02,0x06,0x03,0x20,0x6a,0x30,0x14,0x59,0x41},
    // i=03  le=008600080371a0c22c00266a04004b0c
    {0x00,0x86,0x00,0x08,0x03,0x71,0xa0,0xc2,0x2c,0x00,0x26,0x6a,0x04,0x00,0x4b,0x0c},
    // i=04  le=04900a21a20550820201160004b04029
    {0x04,0x90,0x0a,0x21,0xa2,0x05,0x50,0x82,0x02,0x01,0x16,0x00,0x04,0xb0,0x40,0x29},
    // i=05  le=00429a21213138000403172804944320
    {0x00,0x42,0x9a,0x21,0x21,0x31,0x38,0x00,0x04,0x03,0x17,0x28,0x04,0x94,0x43,0x20},
    // i=06  le=0495d2278365a0002802026000a0c000
    {0x04,0x95,0xd2,0x27,0x83,0x65,0xa0,0x00,0x28,0x02,0x02,0x60,0x00,0xa0,0xc0,0x00},
    // i=07  le=0416980621543008220115a230140a60
    {0x04,0x16,0x98,0x06,0x21,0x54,0x30,0x08,0x22,0x01,0x15,0xa2,0x30,0x14,0x0a,0x60},
    // i=08  le=0483180a232090822402362020344700
    {0x04,0x83,0x18,0x0a,0x23,0x20,0x90,0x82,0x24,0x02,0x36,0x20,0x20,0x34,0x47,0x00},
    // i=09  le=0490120321512040340325682424c141
    {0x04,0x90,0x12,0x03,0x21,0x51,0x20,0x40,0x34,0x03,0x25,0x68,0x24,0x24,0xc1,0x41},
    // i=10  le=00408205233080820403a3080410cb01
    {0x00,0x40,0x82,0x05,0x23,0x30,0x80,0x82,0x04,0x03,0xa3,0x08,0x04,0x10,0xcb,0x01},
    // i=11  le=0496180d00d110822401014800840200
    {0x04,0x96,0x18,0x0d,0x00,0xd1,0x10,0x82,0x24,0x01,0x01,0x48,0x00,0x84,0x02,0x00},
    // i=12  le=0081983fa120804a2003312220a0c160
    {0x00,0x81,0x98,0x3f,0xa1,0x20,0x80,0x4a,0x20,0x03,0x31,0x22,0x20,0xa0,0xc1,0x60},
    // i=13  le=04b10004822010880602202834044a01
    {0x04,0xb1,0x00,0x04,0x82,0x20,0x10,0x88,0x06,0x02,0x20,0x28,0x34,0x04,0x4a,0x01},
    // i=14  le=44d7820e021530480202372020048308
    {0x44,0xd7,0x82,0x0e,0x02,0x15,0x30,0x48,0x02,0x02,0x37,0x20,0x20,0x04,0x83,0x08},
    // i=15  le=04800821a14080c20e03146a0404ea28
    {0x04,0x80,0x08,0x21,0xa1,0x40,0x80,0xc2,0x0e,0x03,0x14,0x6a,0x04,0x04,0xea,0x28},
    // i=16  le=0414104b0035204a0803372020048a69
    {0x04,0x14,0x10,0x4b,0x00,0x35,0x20,0x4a,0x08,0x03,0x37,0x20,0x20,0x04,0x8a,0x69},
    // i=17  le=005598a68100a0080000372814208021
    {0x00,0x55,0x98,0xa6,0x81,0x00,0xa0,0x08,0x00,0x00,0x37,0x28,0x14,0x20,0x80,0x21},
    // i=18  le=04459808a17110c80042234004b4c069
    {0x04,0x45,0x98,0x08,0xa1,0x71,0x10,0xc8,0x00,0x42,0x23,0x40,0x04,0xb4,0xc0,0x69},
    // i=19  le=045402070041100a2101056224940020
    {0x04,0x54,0x02,0x07,0x00,0x41,0x10,0x0a,0x21,0x01,0x05,0x62,0x24,0x94,0x00,0x20},
    // i=20  le=00440026215530080603100130a04261
    {0x00,0x44,0x00,0x26,0x21,0x55,0x30,0x08,0x06,0x03,0x10,0x01,0x30,0xa0,0x42,0x61},
    // i=21  le=01000000000000000000000000000000
    {0x01,0x00,0x00,0x00,0x00,0x00,0x00,0x00,0x00,0x00,0x00,0x00,0x00,0x00,0x00,0x00},
    // i=22  le=04848004805000c00801766034000a69
    {0x04,0x84,0x80,0x04,0x80,0x50,0x00,0xc0,0x08,0x01,0x76,0x60,0x34,0x00,0x0a,0x69},
    // i=23  le=0097082a004530882a03342031240020
    {0x00,0x97,0x08,0x2a,0x00,0x45,0x30,0x88,0x2a,0x03,0x34,0x20,0x31,0x24,0x00,0x20},
    // i=24  le=0c070a0fa05030480a01374a04b40101
    {0x0c,0x07,0x0a,0x0f,0xa0,0x50,0x30,0x48,0x0a,0x01,0x37,0x4a,0x04,0xb4,0x01,0x01},
    // i=25  le=040602032220a2c02603052200000800
    {0x04,0x06,0x02,0x03,0x22,0x20,0xa2,0xc0,0x26,0x03,0x05,0x22,0x00,0x00,0x08,0x00},
    // i=26  le=00c0080ba01080480003240e0014c949
    {0x00,0xc0,0x08,0x0b,0xa0,0x10,0x80,0x48,0x00,0x03,0x24,0x0e,0x00,0x14,0xc9,0x49},
    // i=27  le=00029024636020c82c0026682484cb49
    {0x00,0x02,0x90,0x24,0x63,0x60,0x20,0xc8,0x2c,0x00,0x26,0x68,0x24,0x84,0xcb,0x49},
    // i=28  le=00171005895180022c01240210104001
    {0x00,0x17,0x10,0x05,0x89,0x51,0x80,0x02,0x2c,0x01,0x24,0x02,0x10,0x10,0x40,0x01},
    // i=29  le=0484080fa26520802c00316864840820
    {0x04,0x84,0x08,0x0f,0xa2,0x65,0x20,0x80,0x2c,0x00,0x31,0x68,0x64,0x84,0x08,0x20},
    // i=30  le=048692032250b0c82000356802b04141
    {0x04,0x86,0x92,0x03,0x22,0x50,0xb0,0xc8,0x20,0x00,0x35,0x68,0x02,0xb0,0x41,0x41},
    // i=31  le=0682100c812410420400362a20800340
    {0x06,0x82,0x10,0x0c,0x81,0x24,0x10,0x42,0x04,0x00,0x36,0x2a,0x20,0x80,0x03,0x40},
    // i=32  le=04979a0402418092260327401030c860
    {0x04,0x97,0x9a,0x04,0x02,0x41,0x80,0x92,0x26,0x03,0x27,0x40,0x10,0x30,0xc8,0x60},
    // i=33  le=00449101031530882a01074010104061
    {0x00,0x44,0x91,0x01,0x03,0x15,0x30,0x88,0x2a,0x01,0x07,0x40,0x10,0x10,0x40,0x61},
    // i=34  le=00c08825000110802602050234050268
    {0x00,0xc0,0x88,0x25,0x00,0x01,0x10,0x80,0x26,0x02,0x05,0x02,0x34,0x05,0x02,0x68},
    // i=35  le=00910e2c213500800a0303020404c120
    {0x00,0x91,0x0e,0x2c,0x21,0x35,0x00,0x80,0x0a,0x03,0x03,0x02,0x04,0x04,0xc1,0x20},
    // i=36  le=8414102e8205b0082400156230144b00
    {0x84,0x14,0x10,0x2e,0x82,0x05,0xb0,0x08,0x24,0x00,0x15,0x62,0x30,0x14,0x4b,0x00},
    // i=37  le=040602290234000202032b2204004300
    {0x04,0x06,0x02,0x29,0x02,0x34,0x00,0x02,0x02,0x03,0x2b,0x22,0x04,0x00,0x43,0x00},
    // i=38  le=04511029221120810000006a24004209
    {0x04,0x51,0x10,0x29,0x22,0x11,0x20,0x81,0x00,0x00,0x00,0x6a,0x24,0x00,0x42,0x09},
    // i=39  le=04c38a24801434c02201300000300b00
    {0x04,0xc3,0x8a,0x24,0x80,0x14,0x34,0xc0,0x22,0x01,0x30,0x00,0x00,0x30,0x0b,0x00},
    // i=40  le=04020229a02400c20603122830360a00
    {0x04,0x02,0x02,0x29,0xa0,0x24,0x00,0xc2,0x06,0x03,0x12,0x28,0x30,0x36,0x0a,0x00},
    // i=41  le=005202258360204a0423110a34308340
    {0x00,0x52,0x02,0x25,0x83,0x60,0x20,0x4a,0x04,0x23,0x11,0x0a,0x34,0x30,0x83,0x40},
    // i=42  le=00d790282215b0820803302a0c908349
    {0x00,0xd7,0x90,0x28,0x22,0x15,0xb0,0x82,0x08,0x03,0x30,0x2a,0x0c,0x90,0x83,0x49},
    // i=43  le=04951224016590682001030020100341
    {0x04,0x95,0x12,0x24,0x01,0x65,0x90,0x68,0x20,0x01,0x03,0x00,0x20,0x10,0x03,0x41},
    // i=44  le=0444902f0111800aa20302080030c300
    {0x04,0x44,0x90,0x2f,0x01,0x11,0x80,0x0a,0xa2,0x03,0x02,0x08,0x00,0x30,0xc3,0x00},
    // i=45  le=04d21800a12010c82c0304421410c2e3
    {0x04,0xd2,0x18,0x00,0xa1,0x20,0x10,0xc8,0x2c,0x03,0x04,0x42,0x14,0x10,0xc2,0xe3},
    // i=46  le=04c0aa28805130800401130830300a00
    {0x04,0xc0,0xaa,0x28,0x80,0x51,0x30,0x80,0x04,0x01,0x13,0x08,0x30,0x30,0x0a,0x00},
    // i=47  le=00901a05a271a00c0001052204804221
    {0x00,0x90,0x1a,0x05,0xa2,0x71,0xa0,0x0c,0x00,0x01,0x05,0x22,0x04,0x80,0x42,0x21},
    // i=48  le=00d38a00a11031000002374224144021
    {0x00,0xd3,0x8a,0x00,0xa1,0x10,0x31,0x00,0x00,0x02,0x37,0x42,0x24,0x14,0x40,0x21},
    // i=49  le=04c6120f8125b04022013300b0204b08
    {0x04,0xc6,0x12,0x0f,0x81,0x25,0xb0,0x40,0x22,0x01,0x33,0x00,0xb0,0x20,0x4b,0x08},
    // i=50  le=00868802921030802603330214b08860
    {0x00,0x86,0x88,0x02,0x92,0x10,0x30,0x80,0x26,0x03,0x33,0x02,0x14,0xb0,0x88,0x60},
    // i=51  le=00548209233520880208370004300261
    {0x00,0x54,0x82,0x09,0x23,0x35,0x20,0x88,0x02,0x08,0x37,0x00,0x04,0x30,0x02,0x61},
    // i=52  le=04158003204d20880c01072a00148301
    {0x04,0x15,0x80,0x03,0x20,0x4d,0x20,0x88,0x0c,0x01,0x07,0x2a,0x00,0x14,0x83,0x01},
    // i=53  le=00809008204000c80c00014230b48b79
    {0x00,0x80,0x90,0x08,0x20,0x40,0x00,0xc8,0x0c,0x00,0x01,0x42,0x30,0xb4,0x8b,0x79},
    // i=54  le=0000080ea331a0420413066204b40229
    {0x00,0x00,0x08,0x0e,0xa3,0x31,0xa0,0x42,0x04,0x13,0x06,0x62,0x04,0xb4,0x02,0x29},
    // i=55  le=00468a0e2325904204000362109c0861
    {0x00,0x46,0x8a,0x0e,0x23,0x25,0x90,0x42,0x04,0x00,0x03,0x62,0x10,0x9c,0x08,0x61},
    // i=56  le=14561023016100c20003110810300149
    {0x14,0x56,0x10,0x23,0x01,0x61,0x00,0xc2,0x00,0x03,0x11,0x08,0x10,0x30,0x01,0x49},
    // i=57  le=0494102c8167a0882802022814a00860
    {0x04,0x94,0x10,0x2c,0x81,0x67,0xa0,0x88,0x28,0x02,0x02,0x28,0x14,0xa0,0x08,0x60},
    // i=58  le=0490180e03403000060131501430c940
    {0x04,0x90,0x18,0x0e,0x03,0x40,0x30,0x00,0x06,0x01,0x31,0x50,0x14,0x30,0xc9,0x40},
    // i=59  le=0014000a0314000a6002172814840328
    {0x00,0x14,0x00,0x0a,0x03,0x14,0x00,0x0a,0x60,0x02,0x17,0x28,0x14,0x84,0x03,0x28},
    // i=60  le=000790032260a0002805244a00144060
    {0x00,0x07,0x90,0x03,0x22,0x60,0xa0,0x00,0x28,0x05,0x24,0x4a,0x00,0x14,0x40,0x60},
    // i=61  le=20811a27821030822800076a1094c060
    {0x20,0x81,0x1a,0x27,0x82,0x10,0x30,0x82,0x28,0x00,0x07,0x6a,0x10,0x94,0xc0,0x60},
    // i=62  le=0442120584400088060020203010cb08
    {0x04,0x42,0x12,0x05,0x84,0x40,0x00,0x88,0x06,0x00,0x20,0x20,0x30,0x10,0xcb,0x08},
    // i=63  le=04c80a02002080020e00026a30308020
    {0x04,0xc8,0x0a,0x02,0x00,0x20,0x80,0x02,0x0e,0x00,0x02,0x6a,0x30,0x30,0x80,0x20},
};

// 192-bit: 96 rows, 24 bytes each (as printed)
static constexpr uint8_t GALAS_BPRIME_192[96][24] = {
    {0x86,0x01,0xa0,0x64,0x81,0xe3,0x80,0x01,0x41,0x1c,0x81,0x12,0x51,0x80,0x82,0x00,0x38,0x0a,0x82,0x2e,0x01,0xa5,0x12,0x0c}, // Row 00
    {0x02,0x20,0xa0,0xc0,0x0c,0x20,0xae,0x03,0x81,0x8d,0x01,0xa1,0x00,0x88,0x00,0x02,0x20,0x0a,0x82,0x1c,0x47,0x00,0x02,0x08}, // Row 01
    {0x06,0x21,0x80,0x00,0x88,0x13,0x0a,0x40,0xc3,0x11,0x80,0x13,0x14,0x81,0xa8,0x40,0x20,0x0e,0x86,0x10,0x00,0x09,0x01,0x04}, // Row 02
    {0x24,0x00,0x00,0xe6,0x05,0xe3,0xe6,0x03,0x51,0x01,0x81,0xf0,0x31,0x00,0x8a,0x00,0x28,0x09,0x06,0x28,0x47,0x09,0x52,0x04}, // Row 03
    {0x06,0x00,0x20,0x86,0x80,0x52,0x62,0x02,0xc0,0x10,0x09,0xb3,0x64,0x89,0x98,0x58,0x20,0x02,0x80,0x06,0x42,0x05,0x41,0x08}, // Row 04
    {0x20,0x01,0x20,0x44,0x01,0xe3,0xaa,0x00,0x13,0x0d,0x81,0x01,0x75,0x88,0x01,0x50,0x38,0x04,0x80,0xa6,0x02,0x8c,0x03,0x0c}, // Row 05
    {0x04,0x08,0xa0,0x06,0x80,0xc3,0x2c,0x42,0x80,0x9c,0x81,0xb1,0x75,0x00,0x83,0x00,0x30,0x00,0x06,0x0a,0x05,0x08,0x11,0x00}, // Row 06
    {0x20,0x00,0xa0,0xa2,0x00,0x01,0xec,0x40,0xc0,0x84,0x01,0x13,0x04,0x81,0x8b,0x00,0x38,0x06,0x04,0x20,0x47,0x08,0x83,0x08}, // Row 07
    {0x26,0x20,0x00,0x82,0x04,0xc2,0xa8,0x41,0x13,0x38,0x81,0x92,0x00,0x88,0x89,0x00,0x00,0x06,0x80,0x18,0x41,0xc4,0x52,0x04}, // Row 08
    {0x00,0x01,0x00,0x66,0x89,0xf0,0x06,0x42,0x12,0x30,0x89,0x02,0x41,0x88,0x08,0x00,0x18,0x06,0x83,0x0c,0x04,0x88,0x03,0x08}, // Row 09
    {0x20,0x21,0xa0,0x86,0x89,0x61,0x23,0x40,0x10,0x14,0x09,0x13,0x01,0x00,0x0a,0x08,0x20,0x03,0x86,0x34,0x07,0x09,0x40,0x00}, // Row 10
    {0x04,0x20,0xa0,0x42,0x0c,0x40,0x00,0x40,0xc2,0x89,0x00,0x89,0x34,0x81,0x0b,0x40,0x28,0x06,0x86,0x00,0x41,0x89,0x12,0x00}, // Row 11
    {0xa2,0x00,0x80,0x24,0x80,0x8b,0xac,0x00,0x40,0x20,0x89,0xa2,0x14,0x80,0x02,0x10,0x08,0x0a,0x80,0x10,0x03,0x0c,0x10,0x00}, // Row 12
    {0xa4,0x00,0x00,0x20,0x85,0xd0,0x48,0x40,0x53,0x80,0x88,0xa2,0x45,0x09,0x08,0x18,0x10,0x0a,0x04,0x22,0x42,0x9c,0x00,0x08}, // Row 13
    {0x84,0x01,0x80,0x84,0x09,0x42,0xce,0x43,0xc4,0xb0,0x81,0x20,0x60,0x01,0x80,0x48,0x18,0x00,0x02,0x1e,0x06,0x04,0x42,0x00}, // Row 14
    {0x26,0x00,0x21,0x86,0x88,0x40,0xac,0x40,0xc1,0x18,0x08,0x91,0x54,0x89,0x0a,0x40,0x20,0x09,0x04,0x00,0x00,0x01,0x40,0x04}, // Row 15
    {0xa4,0x00,0x20,0x20,0x01,0x21,0x4a,0x40,0x80,0x59,0x89,0xa1,0x55,0x88,0x81,0x58,0x08,0x09,0x00,0x14,0x05,0x8c,0x40,0x08}, // Row 16
    {0x84,0x01,0x20,0x44,0x09,0x71,0x04,0x03,0xd1,0x20,0x80,0x31,0x01,0x88,0x80,0x28,0x10,0x02,0x04,0x20,0x46,0x88,0x13,0x00}, // Row 17
    {0x01,0x00,0x00,0x00,0x00,0x00,0x00,0x00,0x00,0x00,0x00,0x00,0x00,0x00,0x00,0x00,0x00,0x00,0x00,0x00,0x00,0x00,0x00,0x00}, // Row 18
    {0x86,0x20,0x40,0xc6,0x0d,0x81,0xec,0x00,0x11,0x14,0x80,0xb3,0x44,0x00,0x80,0x58,0x28,0x0d,0x00,0x0a,0x06,0x05,0x43,0x00}, // Row 19
    {0x82,0x00,0xa0,0x82,0x09,0x32,0x6e,0x40,0x03,0x84,0x88,0x82,0x45,0x09,0x0b,0x18,0x28,0x09,0xc2,0x34,0x02,0x09,0x13,0x0c}, // Row 20
    {0xa2,0x00,0x80,0x24,0x09,0xe0,0x0c,0x40,0xd1,0x3d,0x89,0x93,0x35,0x80,0x88,0x48,0x21,0x05,0x00,0x32,0x01,0x09,0x03,0x08}, // Row 21
    {0x26,0x01,0x20,0x44,0x0d,0x23,0x06,0x43,0xc1,0x20,0x89,0x11,0x00,0x08,0x0b,0x48,0x20,0x0d,0x80,0x2a,0x01,0x8d,0x43,0x8e}, // Row 22
    {0x80,0x05,0xa0,0x46,0x09,0x33,0xa4,0x41,0x01,0xa0,0x00,0x21,0x11,0x00,0x08,0x50,0x10,0x03,0x04,0x14,0x46,0x04,0x11,0x00}, // Row 23
    {0x20,0x00,0x88,0x02,0x08,0x82,0xe6,0x42,0x52,0x38,0x89,0xa0,0x44,0x08,0x0b,0x40,0x00,0x0b,0x04,0x06,0x05,0x01,0x42,0x08}, // Row 24
    {0x86,0x00,0x00,0xc6,0x09,0xf3,0x0a,0x41,0x92,0xa5,0x08,0xa3,0x44,0x01,0x88,0x48,0x28,0x0b,0x06,0x42,0x02,0x05,0x51,0x08}, // Row 25
    {0x80,0x01,0x20,0x04,0x0d,0x30,0x0a,0x46,0xd1,0x20,0x81,0xb2,0x10,0x88,0x0b,0x50,0x18,0x0a,0x04,0x12,0x41,0x8d,0x51,0x08}, // Row 26
    {0x26,0x20,0x00,0x72,0x05,0xb0,0xce,0x01,0x00,0x08,0x00,0xb3,0x10,0x89,0x09,0x00,0x00,0x0b,0x84,0x0c,0x40,0x8d,0x13,0x04}, // Row 27
    {0x80,0x01,0x00,0x26,0x08,0xf1,0xe8,0x02,0x51,0x88,0x09,0x13,0x01,0xa9,0x8b,0x40,0x38,0x05,0x84,0x28,0x04,0x85,0x00,0x0c}, // Row 28
    {0xa0,0x21,0x20,0xa4,0x08,0xa2,0x22,0x01,0x02,0x30,0x01,0x92,0xa5,0x01,0x8b,0x18,0x30,0x0c,0x02,0x06,0x45,0x04,0x10,0x00}, // Row 29
    {0xa4,0x00,0x00,0x04,0x0d,0xc3,0x08,0x00,0xd3,0x01,0x80,0x82,0x30,0x88,0x0b,0x58,0x08,0x08,0x06,0x0e,0x03,0x80,0x42,0x14}, // Row 30
    {0x20,0x20,0x00,0x00,0x84,0xf3,0xae,0x00,0x11,0x81,0x81,0x22,0x34,0x81,0x02,0x58,0x18,0x01,0x80,0x2c,0x00,0x00,0x20,0x0c}, // Row 31
    {0x00,0x21,0x20,0x44,0x00,0x70,0xcc,0x12,0x82,0x1c,0x08,0x31,0x10,0x08,0x88,0x40,0x10,0x07,0x00,0x3e,0x01,0x88,0x01,0x0c}, // Row 32
    {0x04,0x00,0xa0,0xa4,0x80,0xc0,0xc8,0x41,0xd3,0x80,0x80,0xa4,0x14,0x09,0x81,0x08,0x08,0x05,0x86,0x22,0x01,0x89,0x12,0x08}, // Row 33
    {0x80,0x00,0x00,0x62,0x89,0x82,0xc4,0x43,0x82,0x08,0xc9,0xa3,0x61,0x08,0x01,0x08,0x30,0x02,0x04,0x3c,0x05,0x09,0x41,0x0c}, // Row 34
    {0x24,0x20,0x00,0x82,0x00,0x13,0xae,0x40,0x11,0x39,0x09,0x13,0x04,0x05,0x8b,0x00,0x00,0x01,0x04,0x0a,0x00,0x8d,0x02,0x00}, // Row 35
    {0x82,0x10,0x00,0xa4,0x89,0x50,0x84,0x00,0x93,0x09,0x00,0xb3,0x65,0x00,0x80,0x50,0x20,0x0d,0x84,0x10,0x01,0x84,0x12,0x08}, // Row 36
    {0x00,0x20,0x00,0x26,0x88,0x11,0xaa,0x42,0x01,0xb8,0x09,0x12,0x25,0x89,0x82,0x58,0x14,0x07,0x00,0x3c,0x02,0x88,0x02,0x00}, // Row 37
    {0x06,0x21,0x20,0x86,0x89,0x43,0x68,0x0a,0x53,0x01,0x00,0x00,0x61,0x00,0x08,0x18,0x00,0x08,0x00,0x2a,0x47,0x04,0x02,0x08}, // Row 38
    {0xa6,0x20,0x00,0xc2,0x81,0x01,0x02,0xc3,0x10,0x28,0x88,0xa0,0x21,0x89,0x02,0x18,0x00,0x07,0x84,0x36,0x03,0x05,0x01,0x00}, // Row 39
    {0x86,0x01,0x00,0x60,0x09,0x31,0x0e,0x42,0x53,0x28,0x08,0x90,0x20,0x89,0xca,0x58,0x38,0x07,0x82,0x04,0x03,0x01,0x53,0x08}, // Row 40
    {0x86,0x00,0x00,0x20,0x0d,0x33,0x2c,0x21,0xd2,0x81,0x88,0x21,0x44,0x88,0x0b,0x10,0x08,0x0b,0x80,0x26,0x42,0x0d,0x52,0x00}, // Row 41
    {0xa6,0x00,0x00,0x64,0x0d,0x83,0xc4,0x41,0x13,0x85,0x89,0x10,0x25,0x00,0x01,0x58,0x58,0x0b,0x06,0x32,0x00,0x88,0x53,0x08}, // Row 42
    {0x86,0x20,0xa0,0xc2,0x84,0xc0,0x24,0x00,0x02,0x2d,0x09,0x82,0x75,0x80,0x09,0x08,0x38,0x04,0x02,0x3e,0x43,0x84,0x19,0x04}, // Row 43
    {0x26,0x01,0x80,0xe6,0x00,0xe1,0x6c,0x42,0x13,0x21,0x81,0x12,0x11,0x08,0x00,0x50,0x98,0x0c,0x02,0x06,0x07,0x04,0x52,0x04}, // Row 44
    {0x06,0x00,0x82,0xc6,0x8c,0xc2,0x4e,0x03,0x02,0x0c,0x80,0x01,0x64,0x89,0x89,0x10,0x30,0x0d,0x84,0x0a,0x06,0x84,0x41,0x0c}, // Row 45
    {0x04,0x00,0x20,0xe4,0x08,0x81,0x6c,0x02,0x10,0x14,0x08,0x12,0x01,0x01,0x02,0x10,0x18,0x09,0x0a,0x00,0x05,0x0c,0x41,0x08}, // Row 46
    {0xe2,0x01,0x20,0x24,0x04,0x41,0x40,0x01,0xc0,0x8d,0x01,0xa0,0x35,0x08,0x08,0x58,0x10,0x0a,0x06,0x3a,0x40,0x09,0x02,0x08}, // Row 47
    {0xa2,0x20,0x00,0x26,0x0d,0x63,0xec,0x01,0x92,0x14,0x89,0x32,0x54,0x88,0x88,0x10,0x10,0x2c,0x06,0x2e,0x00,0x81,0x51,0x08}, // Row 48
    {0x86,0x21,0x00,0x44,0x0a,0x31,0xaa,0x02,0x52,0xbd,0x80,0x30,0x45,0x08,0x01,0x10,0x18,0x0a,0x04,0x00,0x41,0x8c,0x10,0x0c}, // Row 49
    {0x82,0x00,0x00,0x86,0x01,0x52,0x0e,0x41,0x42,0x20,0x80,0x92,0x25,0x83,0x82,0x48,0x38,0x0c,0x00,0x3a,0x41,0x81,0x42,0x04}, // Row 50
    {0xa6,0x20,0x20,0x20,0xcd,0x21,0x46,0x01,0x90,0x31,0x00,0x90,0x05,0x81,0x0a,0x08,0x30,0x0a,0x04,0x0c,0x45,0x81,0x00,0x00}, // Row 51
    {0x80,0x01,0xa0,0x20,0x8c,0x01,0x8e,0x43,0x10,0x80,0x88,0x02,0x54,0x00,0x81,0x00,0x30,0x8e,0x06,0x10,0x06,0x0c,0x53,0x0c}, // Row 52
    {0xa6,0x01,0x80,0xa1,0x88,0xd3,0x02,0x03,0x93,0x11,0x88,0x31,0x60,0x00,0x81,0x48,0x00,0x0b,0x80,0x32,0x07,0x05,0x02,0x04}, // Row 53
    {0xa2,0x01,0x80,0x40,0x85,0x32,0xa0,0x00,0x00,0x29,0x81,0x90,0x54,0x88,0x88,0x10,0x08,0x06,0x02,0x2c,0x07,0x0f,0x11,0x00}, // Row 54
    {0x04,0x20,0x00,0x02,0x8d,0x91,0x0c,0x02,0x53,0x08,0x08,0x13,0x44,0x00,0x81,0x48,0x28,0x0c,0x14,0x00,0x00,0x80,0x03,0x0c}, // Row 55
    {0x84,0x00,0x00,0x84,0x00,0x10,0x26,0x03,0x00,0xb0,0x03,0x30,0x45,0x01,0x0a,0x18,0x08,0x00,0x86,0x00,0x07,0x05,0x03,0x08}, // Row 56
    {0x00,0x01,0x80,0x40,0x8c,0xf0,0x2e,0x40,0x42,0x3d,0x89,0x81,0x70,0x48,0x02,0x58,0x08,0x01,0x02,0x26,0x01,0x08,0x01,0x00}, // Row 57
    {0x00,0x00,0xb0,0x00,0x8c,0x40,0x2a,0x40,0x53,0x3d,0x89,0x03,0x64,0x01,0x09,0x40,0x00,0x02,0x82,0x00,0x46,0x00,0x52,0x00}, // Row 58
    {0x24,0x21,0x00,0x06,0x09,0xf1,0x8a,0x42,0xc3,0xb1,0x00,0x00,0x24,0x88,0x0a,0x00,0x38,0x05,0x24,0x28,0x42,0x88,0x51,0x08}, // Row 59
    {0x20,0x01,0x80,0x46,0x98,0xe1,0x20,0x03,0xd3,0x15,0x00,0x03,0x04,0x88,0x00,0x58,0x28,0x01,0x04,0x1c,0x42,0x01,0x02,0x04}, // Row 60
    {0xa0,0x00,0xa0,0xe4,0x09,0xc1,0x62,0x41,0x83,0x90,0x09,0x12,0x31,0x80,0x03,0x40,0x10,0x03,0x02,0x0d,0x43,0x80,0x41,0x0c}, // Row 61
    {0x26,0x01,0x20,0xe4,0x88,0xb2,0x40,0x40,0x13,0x27,0x08,0x00,0x20,0x01,0x0a,0x08,0x00,0x0d,0x82,0x00,0x06,0x80,0x03,0x04}, // Row 62
    {0x80,0x21,0x20,0x46,0x05,0x76,0xa2,0x01,0x80,0x35,0x01,0x13,0x20,0x80,0x09,0x48,0x20,0x0a,0x80,0x2e,0x42,0x01,0x00,0x0c}, // Row 63
    {0x04,0x20,0x20,0x20,0x81,0xf3,0x40,0x43,0x81,0x2d,0x21,0xa2,0x61,0x01,0x80,0x58,0x10,0x06,0x00,0x1c,0x07,0x88,0x00,0x08}, // Row 64
    {0x20,0x01,0x00,0x02,0x81,0x12,0xe2,0x00,0x70,0x09,0x80,0xb1,0x75,0x88,0x08,0x08,0x00,0x0c,0x86,0x2a,0x47,0x88,0x53,0x08}, // Row 65
    {0x02,0x01,0x20,0x26,0x05,0x80,0x84,0x42,0x90,0x30,0x08,0x13,0x01,0x89,0x03,0x48,0x10,0x0a,0x84,0x04,0xc1,0x04,0x00,0x08}, // Row 66
    {0x02,0xa0,0x00,0xc0,0x08,0xc2,0x66,0x03,0xc3,0xb0,0x81,0xa2,0x01,0x81,0x09,0x48,0x10,0x0d,0x06,0x36,0x07,0x88,0x41,0x00}, // Row 67
    {0x04,0x21,0xa0,0x22,0x08,0x30,0x68,0x40,0x11,0x3c,0x80,0x90,0x04,0x09,0x8a,0x08,0x20,0x0b,0x00,0x18,0x02,0x04,0x43,0x2c}, // Row 68
    {0x82,0x21,0x24,0x84,0x04,0x80,0xac,0x41,0x00,0xb8,0x08,0xb3,0x74,0x80,0x09,0x18,0x28,0x07,0x00,0x28,0x05,0x05,0x50,0x00}, // Row 69
    {0x20,0x21,0x80,0xa2,0x8c,0x21,0x8a,0x00,0x93,0xac,0x09,0xa1,0x51,0x88,0x8b,0x90,0x30,0x0e,0x00,0x12,0x41,0x05,0x03,0x0c}, // Row 70
    {0x84,0x00,0x20,0x86,0x80,0x71,0x4e,0x42,0x92,0x20,0x08,0x31,0x20,0x00,0x09,0x58,0x10,0x48,0x04,0x04,0x02,0x0d,0x41,0x08}, // Row 71
    {0x26,0x00,0x00,0x6a,0x01,0x02,0x26,0x02,0x91,0x19,0x08,0x31,0x00,0x80,0x88,0x08,0x28,0x0f,0x82,0x14,0x45,0x81,0x00,0x00}, // Row 72
    {0xa4,0x02,0x20,0xa2,0x81,0xa2,0x8c,0x42,0x80,0xb0,0x00,0x82,0x55,0x00,0x0b,0x48,0x18,0x05,0x06,0x1c,0x41,0x01,0x10,0x0c}, // Row 73
    {0x22,0x21,0xa0,0x60,0x81,0x22,0x2e,0x41,0x40,0x9d,0x88,0x00,0x50,0x88,0x01,0x10,0x38,0x03,0x02,0x1e,0x4a,0x8d,0x41,0x04}, // Row 74
    {0x86,0x00,0x20,0xc4,0x88,0x12,0x82,0x43,0xc0,0xa8,0x11,0x03,0x14,0x00,0x8b,0x08,0x38,0x00,0x00,0x2c,0x05,0x88,0x12,0x00}, // Row 75
    {0x00,0x01,0x20,0xe2,0x8d,0x40,0x04,0x03,0x51,0x80,0x08,0x01,0x32,0x00,0x0a,0x08,0x00,0x09,0x86,0x2c,0x45,0x80,0x41,0x04}, // Row 76
    {0x00,0x20,0x80,0xc4,0x0d,0xb1,0x0e,0x41,0x92,0x09,0x80,0x83,0x54,0x00,0x00,0x08,0x30,0x00,0x82,0x08,0x65,0x04,0x01,0x04}, // Row 77
    {0x84,0x01,0x00,0x64,0x0c,0x73,0xec,0x02,0x50,0x3c,0x88,0xb0,0x51,0x88,0x8a,0x40,0x08,0x06,0x84,0x10,0x05,0x04,0x10,0x01}, // Row 78
    {0xa0,0x20,0xa0,0x20,0x89,0x23,0x24,0x03,0x93,0x2c,0x01,0xb2,0x55,0x09,0x89,0x18,0x30,0x1c,0x86,0x18,0x07,0x04,0x50,0x08}, // Row 79
    {0x00,0x60,0xa0,0xa6,0x08,0x61,0x04,0x03,0x03,0x0d,0x89,0x23,0x64,0x00,0x0a,0x18,0x28,0x02,0x80,0x0e,0x44,0x0d,0x13,0x04}, // Row 80
    {0x08,0x01,0x00,0x84,0x8c,0x13,0xea,0x02,0x00,0x99,0x89,0x12,0x64,0x09,0x02,0x40,0x30,0x0d,0x82,0x3e,0x07,0x8d,0x02,0x0c}, // Row 81
    {0x86,0x21,0x20,0x22,0x04,0x32,0x84,0x01,0x92,0xa8,0x80,0x21,0x50,0x81,0x8b,0x08,0x02,0x06,0x06,0x00,0x01,0x8c,0x53,0x08}, // Row 82
    {0x24,0x01,0x00,0x00,0x05,0x73,0xaa,0x42,0x00,0x0c,0x89,0x33,0x7c,0x81,0x8b,0x58,0x10,0x0e,0x82,0x1c,0x02,0x05,0x12,0x00}, // Row 83
    {0x04,0x00,0xa0,0xa4,0x84,0x00,0x80,0x00,0xc9,0x18,0x01,0x81,0x20,0x01,0x01,0x40,0x18,0x05,0x80,0x2a,0x44,0x08,0x11,0x04}, // Row 84
    {0x82,0x20,0x20,0x26,0x8c,0x20,0x40,0x01,0xd3,0xa4,0x05,0x92,0x70,0x81,0x08,0x10,0x08,0x07,0x00,0x3c,0x01,0x8d,0x03,0x00}, // Row 85
    {0x02,0x01,0xa0,0x04,0x88,0x32,0x0a,0x42,0x50,0x8c,0x09,0x80,0x41,0x19,0x0a,0x18,0x18,0x05,0x00,0x3e,0x42,0x01,0x52,0x0c}, // Row 86
    {0x22,0x21,0x80,0xa4,0x21,0xc0,0xa0,0x02,0x52,0x05,0x08,0x01,0x45,0x88,0x00,0x50,0x08,0x05,0x84,0x2a,0x04,0x81,0x11,0x00}, // Row 87
    {0xa4,0x00,0x00,0xe0,0x05,0x33,0xba,0x03,0x11,0x21,0x80,0x02,0x41,0x09,0x89,0x58,0x38,0x0e,0x82,0x32,0x00,0x85,0x42,0x08}, // Row 88
    {0xa2,0x01,0x80,0x20,0x0c,0x60,0x86,0x40,0x83,0xb8,0x88,0x31,0x45,0x80,0x89,0x54,0x20,0x05,0x82,0x04,0x00,0x81,0x43,0x00}, // Row 89
    {0x82,0x20,0x80,0x20,0x01,0x20,0xce,0x40,0x93,0x1c,0x08,0x90,0x50,0x88,0x81,0x40,0x00,0x00,0x80,0x3c,0x43,0x01,0x04,0x00}, // Row 90
    {0x04,0x20,0xa0,0xc0,0x09,0x41,0x68,0x02,0x83,0x94,0x88,0x22,0x51,0x81,0x01,0x18,0x30,0x03,0x02,0x02,0x10,0x89,0x13,0x00}, // Row 91
    {0x90,0x00,0x80,0xa0,0x04,0x00,0xea,0x43,0xc0,0xb8,0x08,0x93,0x44,0x00,0x00,0x10,0x08,0x03,0x04,0x08,0x47,0x88,0x00,0x08}, // Row 92
    {0x22,0x21,0x00,0xa4,0x0d,0x42,0x44,0x42,0xd1,0x99,0x88,0x91,0x44,0x09,0x0a,0x41,0x20,0x0f,0x06,0x3a,0x03,0x09,0x12,0x0c}, // Row 93
    {0x84,0x01,0x00,0x64,0x0c,0x91,0x06,0x02,0x40,0xb9,0x80,0x12,0x45,0x08,0x8c,0x10,0x10,0x01,0x82,0x26,0x42,0x88,0x42,0x00}, // Row 94
    {0x06,0x20,0x80,0xe2,0x0d,0x40,0xce,0x01,0x53,0xb8,0x01,0x31,0x01,0x88,0x00,0x58,0x20,0x04,0x82,0x38,0x42,0x09,0x50,0x40}, // Row 95
};

// --- s256: 128 rows, each 32 bytes ---
static constexpr uint8_t GALAS_BPRIME_256[128][32] = {
    {0x04,0x00,0x00,0x02,0x00,0x01,0x2a,0xbe,0x58,0x01,0x6c,0x10,0x83,0x62,0x10,0xd0,0x0e,0x29,0x49,0x00,0xa0,0x80,0x58,0x51,0x08,0x86,0x89,0xe1,0x46,0x43,0x02,0x01}, // Row 00
    {0x04,0x56,0x01,0x06,0x18,0x01,0x08,0x30,0x40,0x00,0x1c,0x73,0x81,0x30,0x08,0x53,0x10,0x08,0x17,0x00,0x01,0xa9,0xc8,0x31,0x11,0x44,0x88,0x25,0x00,0xc1,0x20,0x00}, // Row 01
    {0x00,0x56,0x00,0x0e,0x01,0x31,0x28,0x20,0x44,0x11,0x30,0x33,0x81,0x02,0x40,0xd2,0x03,0x21,0x0d,0x04,0xa0,0x29,0x08,0x41,0x11,0x02,0x01,0x64,0x04,0x50,0x02,0x00}, // Row 02
    {0x04,0x02,0x05,0x08,0x01,0x19,0x22,0xac,0x14,0x01,0x6c,0x48,0x02,0x70,0x10,0xc3,0x0b,0xa8,0x44,0x01,0xa0,0xad,0x4c,0x60,0x11,0x86,0x88,0x44,0xc2,0x40,0x22,0x01}, // Row 03
    {0x00,0x40,0x01,0x02,0x00,0x19,0x20,0x38,0x54,0x51,0x40,0x0a,0x03,0x02,0xc8,0x92,0x00,0x24,0x0d,0xa0,0x80,0xa5,0x04,0x50,0x08,0xa4,0xd1,0xe0,0x96,0x10,0x20,0x01}, // Row 04
    {0x04,0x4c,0x21,0x02,0x01,0x11,0x22,0x28,0x4c,0x50,0x5c,0x63,0x00,0x62,0x48,0x12,0x02,0xa1,0x55,0xa0,0xa1,0x2d,0x4c,0xd0,0x09,0xe6,0x19,0xa4,0x02,0x82,0x20,0x01}, // Row 05
    {0x04,0x46,0x22,0x06,0x08,0x11,0x2a,0x00,0x08,0x00,0x34,0x00,0x82,0x40,0x90,0x00,0x08,0x09,0x18,0x01,0x80,0x24,0x10,0x11,0x08,0xc4,0x10,0x40,0x04,0xc0,0x00,0x00}, // Row 06
    {0x00,0x56,0x01,0x0c,0x00,0x11,0x00,0x28,0x48,0x43,0x48,0x7b,0x80,0x62,0x88,0x81,0x03,0x81,0x48,0x20,0x00,0x0d,0x04,0x00,0x18,0x64,0x90,0x44,0x82,0xd1,0x22,0x00}, // Row 07
    {0x00,0x0a,0x01,0x04,0x08,0x09,0x02,0x90,0x4c,0x50,0x38,0x53,0x03,0x20,0x10,0x82,0x10,0x80,0x13,0xa8,0x83,0x00,0x88,0x70,0x11,0x20,0xd1,0xc4,0xc4,0x11,0x20,0x00}, // Row 08
    {0x00,0x06,0x01,0x12,0x08,0x10,0x00,0x34,0x1c,0x01,0x54,0x33,0x03,0x32,0x08,0x42,0x17,0x8d,0x0a,0x24,0x80,0xa5,0x90,0x50,0x18,0xe0,0x09,0xe0,0x02,0xc2,0x22,0x00}, // Row 09
    {0x00,0x10,0x01,0x04,0x08,0x18,0x2a,0x28,0x5c,0x51,0x74,0x5a,0x00,0x62,0xc0,0x10,0x0f,0x05,0x14,0xa1,0x01,0xad,0x88,0x10,0x11,0x86,0x10,0x60,0x00,0xd2,0x22,0x11}, // Row 10
    {0x00,0x16,0x00,0x0a,0x08,0x10,0x00,0x20,0x1c,0x11,0x1c,0x6a,0x03,0x42,0x40,0x41,0x05,0xa1,0x19,0x0d,0x00,0x04,0xd8,0x01,0x01,0x82,0x18,0x41,0x40,0x43,0x48,0x01}, // Row 11
    {0x00,0x10,0x20,0x06,0x01,0x10,0x20,0x14,0x44,0x01,0x0c,0x70,0x02,0x02,0xd0,0x11,0x93,0xac,0x1f,0xa1,0x01,0x24,0xcc,0x00,0x00,0x62,0x40,0xc4,0x82,0xc3,0x22,0x01}, // Row 12
    {0x00,0x14,0x20,0x0c,0x00,0x09,0x02,0x28,0x48,0x00,0x14,0x20,0x80,0x72,0xf8,0x43,0x18,0xad,0x14,0xa4,0x00,0xac,0xc8,0x70,0x08,0xa2,0x51,0x45,0x80,0x92,0x22,0x00}, // Row 13
    {0x04,0x12,0x01,0x08,0x09,0x10,0x20,0x1c,0x14,0x00,0x4c,0x7b,0x02,0xc2,0x40,0x50,0x15,0x0d,0x03,0x2d,0xa0,0x89,0x04,0x11,0x01,0x06,0x50,0x20,0x04,0x52,0x20,0x00}, // Row 14
    {0x00,0x48,0x21,0x02,0x01,0x00,0x28,0x18,0x10,0x51,0x6c,0x48,0x02,0x72,0x88,0x12,0x0c,0x85,0x5b,0xa0,0x80,0x0c,0x88,0x11,0x19,0xe4,0x48,0x85,0x42,0x61,0x02,0x01}, // Row 15
    {0x04,0x1c,0x20,0x08,0x09,0x19,0x02,0x80,0x18,0x00,0x40,0x00,0x00,0x72,0xc0,0x40,0x1d,0x8d,0x03,0x80,0xa1,0x20,0x14,0x71,0x09,0xc0,0x48,0x60,0x02,0x46,0x00,0x01}, // Row 16
    {0x04,0x14,0x00,0x04,0x08,0x18,0x0a,0x3c,0x18,0x01,0x2c,0x33,0x00,0x42,0x10,0x43,0x13,0xa1,0x5f,0xac,0x00,0x88,0x48,0x01,0x19,0x04,0xc1,0x65,0x00,0x80,0x26,0x00}, // Row 17
    {0x04,0x42,0x20,0x0a,0x08,0x0d,0x28,0x14,0x40,0x40,0x0c,0x52,0x01,0x10,0x90,0x10,0x0a,0x09,0x1b,0x24,0xa0,0xa0,0x90,0x11,0x11,0x44,0x98,0xa0,0x84,0x42,0x22,0x01}, // Row 18
    {0x06,0x54,0x01,0x02,0x08,0x08,0x00,0x1c,0x00,0x00,0x24,0x1a,0x00,0x10,0x98,0x11,0x0f,0x01,0x0b,0x80,0x80,0x81,0x54,0x10,0x00,0x80,0xc0,0x45,0x82,0x10,0x20,0x00}, // Row 19
    {0x04,0x06,0x00,0x04,0x09,0x18,0x2a,0x00,0x10,0x11,0x10,0x61,0x81,0x22,0x98,0x40,0x19,0x84,0x07,0x08,0x00,0xa5,0xc4,0x10,0x19,0x22,0xd9,0x60,0x86,0x81,0xaa,0x01}, // Row 20
    {0x04,0x40,0x21,0x02,0x01,0x19,0x02,0x80,0x50,0x01,0x4c,0x5b,0x80,0x62,0x52,0x10,0x0d,0xa9,0x57,0xa8,0x21,0x2d,0xdc,0x10,0x08,0x26,0x19,0x04,0x46,0xd0,0x20,0x00}, // Row 21
    {0x00,0x4e,0x20,0x06,0x01,0x08,0x28,0x34,0x0c,0x51,0x38,0x78,0x02,0x42,0xd8,0xc2,0x05,0x88,0xcd,0x24,0xa0,0x88,0x44,0x61,0x18,0x66,0x99,0xa5,0x04,0x11,0x00,0x01}, // Row 22
    {0x00,0x44,0x00,0x00,0x00,0x08,0x28,0x28,0x00,0x40,0x36,0x6a,0x80,0x32,0xd8,0x10,0x11,0x09,0x59,0x00,0x20,0x01,0x5c,0x50,0x01,0x80,0xc0,0xe0,0x04,0x81,0x02,0x00}, // Row 23
    {0x04,0x5c,0x21,0x0a,0x00,0x08,0x00,0x0c,0x08,0x11,0x40,0x1b,0x81,0x74,0x98,0x50,0x13,0xa8,0x18,0x0c,0xa0,0xac,0x08,0x41,0x18,0xa2,0xd0,0x24,0x06,0xd1,0x20,0x01}, // Row 24
    {0x00,0x00,0x61,0x08,0x01,0x00,0x20,0x80,0x40,0x50,0x58,0x0a,0x82,0x12,0xc0,0x13,0x09,0x88,0x06,0x24,0x01,0x20,0x50,0x71,0x08,0x60,0x09,0x04,0xc2,0x12,0x20,0x01}, // Row 25
    {0x04,0x5c,0x01,0x00,0x09,0x58,0x0a,0xac,0x1c,0x41,0x74,0x53,0x82,0x00,0x80,0xd1,0x0e,0x84,0x53,0x8c,0x81,0xad,0x10,0x61,0x19,0xc4,0x10,0x40,0x06,0x53,0x22,0x01}, // Row 26
    {0x00,0x60,0x00,0x06,0x01,0x18,0x02,0xa8,0x4c,0x10,0x6c,0x0a,0x03,0x60,0x18,0xd0,0x12,0x04,0x02,0x81,0x80,0x09,0xc8,0x51,0x01,0xc2,0x41,0x24,0x84,0x42,0x00,0x00}, // Row 27
    {0x04,0x48,0x01,0x00,0x01,0x01,0x22,0x08,0x0c,0x50,0x14,0x49,0x03,0x62,0x48,0x02,0x17,0x8d,0x06,0xe5,0x21,0xac,0x18,0x00,0x19,0x24,0x89,0xe1,0x82,0x82,0x02,0x01}, // Row 28
    {0x04,0x46,0x11,0x02,0x08,0x09,0x28,0x3c,0x44,0x41,0x44,0x38,0x00,0x32,0x10,0xd0,0x0e,0x81,0x4c,0x25,0xa0,0x00,0xc4,0x11,0x19,0x66,0x18,0x21,0x46,0x80,0x22,0x00}, // Row 29
    {0x00,0x52,0xa1,0x0e,0x01,0x19,0x00,0xa4,0x40,0x01,0x78,0x4a,0x02,0x00,0xc0,0x92,0x04,0x88,0x06,0x29,0xa0,0x80,0xc8,0x30,0x09,0x66,0x48,0x84,0xc6,0xc0,0x02,0x01}, // Row 30
    {0x00,0x00,0x01,0x0a,0x00,0x10,0x0a,0xb4,0x00,0x18,0x28,0x08,0x81,0x00,0xc0,0x93,0x15,0x80,0x46,0x25,0xa0,0x84,0xc8,0x71,0x11,0x84,0xc0,0x04,0x80,0x43,0x20,0x00}, // Row 31
    {0x04,0x4a,0x21,0x04,0x08,0x08,0x22,0x94,0x54,0x40,0x5c,0x0b,0x01,0x70,0xd8,0x71,0x06,0xa5,0x1c,0xa4,0x01,0xa5,0x0c,0x40,0x18,0xa6,0xd1,0x21,0xc0,0x00,0x22,0x00}, // Row 32
    {0x04,0x8a,0x20,0x04,0x00,0x01,0x20,0x84,0x04,0x10,0x08,0x1a,0x01,0x00,0x10,0x11,0x1c,0x84,0x49,0x8d,0x00,0xa0,0xcc,0x40,0x19,0xa4,0x01,0x21,0x84,0xc1,0x00,0x00}, // Row 33
    {0x00,0x12,0x21,0x0c,0x08,0x10,0x28,0xb4,0x08,0x40,0x34,0x63,0x81,0x00,0x08,0x80,0x5d,0x05,0x43,0x25,0x21,0xa9,0xc4,0x41,0x10,0x64,0x41,0x61,0xc6,0x13,0x20,0x00}, // Row 34
    {0x04,0x0c,0x00,0x06,0x01,0x19,0x22,0x3c,0x14,0x51,0x8c,0x02,0x02,0x32,0x98,0xc3,0x06,0x20,0x43,0x0d,0x00,0xa8,0x88,0x00,0x08,0x62,0x09,0x60,0x02,0x82,0x00,0x00}, // Row 35
    {0x04,0x0c,0x20,0x08,0x01,0x08,0x03,0x88,0x50,0x10,0x20,0x58,0x80,0x52,0x88,0xc2,0x07,0xa5,0x02,0x0d,0x01,0x25,0x0c,0x60,0x10,0xa6,0x59,0x60,0x82,0x11,0x20,0x00}, // Row 36
    {0x00,0x00,0x01,0x0a,0x01,0x01,0x2a,0xa0,0x50,0x10,0x38,0x61,0x80,0x20,0x40,0xd3,0x16,0x20,0x18,0x20,0x01,0xa9,0x48,0x70,0x01,0x26,0x11,0xc0,0x64,0x12,0x20,0x01}, // Row 37
    {0x00,0x08,0x00,0x0c,0x00,0x10,0x28,0xa0,0x54,0x10,0x50,0x22,0x01,0x60,0x09,0x12,0x0d,0x8c,0x10,0x85,0xa1,0x2c,0xcc,0x40,0x19,0xa2,0x98,0x01,0xc6,0x02,0x00,0x00}, // Row 38
    {0x00,0x40,0x00,0x42,0x08,0x00,0x00,0x0c,0x0c,0x51,0x24,0x58,0x01,0x70,0x10,0x80,0x13,0x01,0x45,0x05,0x00,0xa1,0x54,0x20,0x18,0x20,0x59,0x85,0x82,0x50,0x00,0x01}, // Row 39
    {0x04,0x58,0x20,0x08,0x00,0x10,0x22,0x38,0x44,0x00,0x18,0x01,0x80,0x30,0xd0,0x02,0x08,0x0c,0x44,0xac,0xa1,0xa8,0xc0,0x11,0x03,0x84,0xc8,0xe0,0x00,0x00,0x02,0x00}, // Row 40
    {0x04,0x52,0x20,0x0e,0x09,0x09,0x28,0xc0,0x40,0x50,0x7c,0x70,0x83,0x32,0x88,0x93,0x17,0x89,0x17,0x29,0x01,0x84,0x5c,0x41,0x18,0xe4,0xd1,0x80,0x80,0x91,0x22,0x01}, // Row 41
    {0x00,0x52,0x01,0x02,0x01,0x11,0x20,0x34,0x14,0x51,0x24,0x79,0x83,0x10,0x48,0x12,0x0f,0xb5,0x51,0x8c,0x21,0x01,0x58,0x30,0x11,0xa6,0xc9,0xc0,0x04,0x03,0x22,0x01}, // Row 42
    {0x04,0x42,0x20,0x0a,0x00,0x18,0x3a,0x10,0x10,0x51,0x54,0x2a,0x03,0x52,0x48,0x10,0x04,0x01,0x40,0x01,0x00,0xac,0x18,0x20,0x11,0xe4,0x50,0x61,0x86,0x92,0x02,0x00}, // Row 43
    {0x00,0x44,0x01,0x02,0x01,0x00,0x0a,0xa4,0x4c,0x51,0x40,0x73,0x02,0x72,0x18,0x83,0x1c,0x88,0x0d,0xa1,0xa1,0xa8,0x00,0x01,0x01,0x82,0xc9,0xa0,0x41,0x80,0x22,0x00}, // Row 44
    {0x00,0x54,0x21,0x08,0x88,0x01,0x28,0x2c,0x58,0x11,0x68,0x6a,0x80,0x52,0xc0,0x42,0x1c,0x29,0x48,0xa0,0x01,0x2c,0x10,0x61,0x10,0xc4,0x48,0xa5,0xc6,0x82,0x00,0x01}, // Row 45
    {0x00,0x48,0x21,0x02,0x00,0x99,0x28,0x04,0x58,0x40,0x3c,0x00,0x80,0x30,0xc8,0x00,0x16,0x2d,0x12,0xa1,0xa1,0xad,0xc0,0x10,0x00,0x00,0x81,0xc1,0x04,0x41,0x02,0x01}, // Row 46
    {0x00,0x08,0x00,0x08,0x08,0x18,0x02,0x28,0x44,0x50,0x58,0x31,0x81,0x58,0x58,0x90,0x18,0x81,0x0a,0xad,0x20,0x25,0x84,0x40,0x18,0x24,0x48,0xe0,0x80,0x00,0x00,0x00}, // Row 47
    {0x04,0x44,0x20,0x00,0x00,0x01,0x08,0xa8,0x48,0x01,0x00,0x32,0x02,0x12,0x48,0x42,0x08,0xac,0x42,0xa0,0xa1,0x05,0xc0,0x70,0x09,0x60,0x18,0x21,0x42,0x81,0x03,0x01}, // Row 48
    {0x00,0x42,0x01,0x00,0x08,0x19,0x08,0x28,0x10,0x41,0x74,0x49,0x80,0x10,0x18,0x02,0x13,0x8c,0x08,0xa4,0x80,0xa9,0xcc,0x25,0x08,0xe0,0x81,0x40,0x02,0x03,0x02,0x01}, // Row 49
    {0x00,0x56,0x21,0x0e,0x09,0x10,0x28,0x8c,0x18,0x50,0x54,0x58,0x00,0x60,0x18,0x42,0x06,0x8d,0x57,0xa9,0x21,0xa0,0x82,0x10,0x09,0xc4,0xd8,0xa4,0x80,0x43,0x00,0x00}, // Row 50
    {0x04,0x50,0x20,0x04,0x08,0x11,0x20,0x30,0x4c,0x00,0x28,0x0b,0x82,0x32,0x48,0x04,0x1a,0x25,0x0b,0x0c,0xa0,0x88,0xc8,0x11,0x18,0x24,0x11,0xc1,0x80,0xc1,0x00,0x01}, // Row 51
    {0x04,0x1a,0x21,0x00,0x09,0x09,0x00,0x20,0x5c,0x01,0x6c,0x23,0x00,0x22,0x18,0x80,0x0e,0x0c,0x09,0x2d,0xa1,0x2d,0x64,0x40,0x11,0x46,0x80,0x01,0x82,0x43,0x00,0x01}, // Row 52
    {0x00,0x5a,0x00,0x0c,0x09,0x18,0x28,0x9c,0x54,0x40,0x50,0x48,0x83,0x10,0x10,0x82,0x1e,0x89,0x03,0x2d,0x81,0x2d,0x88,0x58,0x09,0xa0,0x49,0xe1,0x42,0x80,0x28,0x01}, // Row 53
    {0x00,0x44,0x20,0x00,0x00,0x18,0x0a,0xbc,0x0c,0x40,0x44,0x79,0x80,0x03,0x08,0x80,0x1d,0x84,0x4a,0xa8,0x00,0x88,0x1c,0x70,0x11,0x62,0xc8,0x21,0x86,0x41,0x02,0x00}, // Row 54
    {0x00,0x44,0x00,0x02,0x01,0x03,0x0a,0x3c,0x54,0x11,0x4c,0x63,0x00,0x40,0x18,0x83,0x17,0x85,0x01,0x29,0x80,0x24,0xd0,0x70,0x10,0x24,0x41,0xe5,0xc2,0x82,0x20,0x00}, // Row 55
    {0x00,0x56,0x00,0x0c,0x00,0x08,0x0a,0x18,0x08,0x11,0x10,0x68,0x80,0x20,0x00,0xd2,0x0b,0x85,0x5a,0xa0,0x04,0x29,0x9c,0x10,0x10,0xa4,0x10,0xe4,0xc2,0x13,0x00,0x00}, // Row 56
    {0x04,0x00,0x20,0x08,0x01,0x11,0x22,0x20,0x5c,0x51,0x74,0x59,0x03,0x12,0x00,0xc0,0x09,0x24,0x1f,0x0d,0x21,0xa9,0x94,0x41,0x01,0x80,0xd1,0x08,0xc2,0x91,0x28,0x00}, // Row 57
    {0x00,0x0e,0x00,0x02,0x09,0x01,0x0a,0x8c,0x1c,0x00,0x60,0x79,0x80,0x62,0x48,0xc1,0x36,0x09,0x4c,0x85,0x20,0x04,0xc4,0x41,0x18,0xe6,0x88,0xa4,0x84,0x40,0x20,0x01}, // Row 58
    {0x00,0x1a,0x00,0x06,0x09,0x11,0x20,0x20,0x44,0x40,0x2c,0x22,0x88,0x00,0x18,0x81,0x10,0x85,0x12,0x80,0xa0,0x05,0x00,0x30,0x10,0xc6,0xc8,0x81,0x40,0x03,0x00,0x00}, // Row 59
    {0x00,0x02,0x01,0x0e,0x01,0x08,0x08,0xa4,0x5c,0x11,0x70,0x3a,0x01,0x10,0x00,0x10,0x05,0x81,0x4f,0x05,0x80,0x04,0xc4,0x51,0x01,0xc2,0x10,0x00,0x02,0x80,0x08,0x02}, // Row 60
    {0x00,0x0e,0x20,0x00,0x01,0x08,0x22,0x20,0x90,0x50,0x54,0x42,0x02,0x12,0xd8,0x53,0x16,0x85,0x11,0x88,0xa0,0x24,0xd4,0x31,0x09,0x20,0x08,0xe0,0x02,0xc3,0x00,0x01}, // Row 61
    {0x00,0x18,0x21,0x0e,0x00,0x09,0x22,0x20,0x14,0x54,0x40,0x00,0x01,0x52,0x98,0xd2,0x10,0x29,0x01,0x8d,0x80,0x08,0x5c,0x40,0x00,0xa4,0x49,0x64,0x80,0xc1,0x20,0x01}, // Row 62
    {0x04,0x0c,0x21,0x06,0x08,0x10,0x02,0x0c,0x58,0x00,0x64,0x89,0x82,0x60,0x18,0x43,0x16,0x2d,0x4f,0x89,0xa0,0x29,0xc8,0x50,0x19,0x86,0xd8,0xe1,0x80,0xc2,0x20,0x01}, // Row 63
    {0x14,0x00,0x21,0x06,0x09,0x18,0x28,0x84,0x10,0x00,0x14,0x18,0x80,0x12,0xc8,0x82,0x03,0x29,0x4a,0x09,0x01,0x8c,0x50,0x61,0x18,0x02,0x01,0xc4,0x06,0xc1,0x00,0x01}, // Row 64
    {0x00,0x1c,0x00,0x00,0x09,0x11,0x00,0x9c,0x14,0x40,0x5c,0x08,0x80,0x40,0x88,0x91,0x1a,0xa4,0x52,0x2d,0x80,0x00,0x90,0x71,0x09,0xe8,0xd8,0xa0,0xc2,0x10,0x20,0x00}, // Row 65
    {0x01,0x00,0x00,0x00,0x00,0x00,0x00,0x00,0x00,0x00,0x00,0x00,0x00,0x00,0x00,0x00,0x00,0x00,0x00,0x00,0x00,0x00,0x00,0x00,0x00,0x00,0x00,0x00,0x00,0x00,0x00,0x00}, // Row 66
    {0x04,0x5e,0x00,0x00,0x00,0x18,0x22,0x28,0x48,0x90,0x58,0x02,0x81,0x42,0x58,0x90,0x0e,0x01,0x59,0x84,0x20,0x25,0x14,0x60,0x18,0x20,0x88,0x00,0x82,0x42,0x02,0x00}, // Row 67
    {0x04,0x1e,0x20,0x00,0x40,0x10,0x2a,0x2c,0x58,0x40,0x38,0x4b,0x81,0x52,0x58,0xc1,0x1d,0xa8,0x1c,0x80,0xa0,0x84,0x9c,0x71,0x08,0x82,0x50,0xa0,0x84,0x93,0x00,0x01}, // Row 68
    {0x00,0x50,0x20,0x02,0x08,0x08,0x02,0x30,0x4c,0x11,0x14,0x72,0x81,0x02,0x90,0x03,0x1c,0x28,0x5a,0xac,0x80,0x24,0x14,0x53,0x08,0xa6,0xc0,0x01,0x46,0x40,0x22,0x01}, // Row 69
    {0x04,0x4c,0x21,0x02,0x09,0x10,0x00,0xa4,0x4c,0x40,0x7c,0x2b,0x02,0x70,0xc8,0xd3,0x07,0xac,0x51,0x09,0x00,0x04,0xc4,0x01,0x10,0x44,0xc9,0x84,0x02,0x80,0x00,0x40}, // Row 70
    {0x00,0x18,0x21,0x08,0x08,0x19,0x0a,0x2c,0x04,0x51,0x30,0x60,0xa1,0x42,0x00,0x53,0x00,0x09,0x0b,0x2c,0xa0,0x00,0xc0,0x01,0x10,0xe6,0x40,0x25,0x46,0x93,0x00,0x01}, // Row 71
    {0x04,0x52,0x01,0x08,0x00,0x09,0x02,0x80,0x1c,0x01,0x40,0x39,0x83,0x00,0x10,0x51,0x09,0x8c,0x42,0x8c,0x28,0x8d,0x04,0x50,0x11,0x02,0xd8,0x20,0x82,0x13,0x22,0x00}, // Row 72
    {0x00,0x00,0x00,0x02,0x08,0x01,0x0a,0x30,0x40,0x10,0x2c,0x78,0x00,0x20,0x58,0x01,0x00,0x08,0x1e,0x85,0x00,0x24,0xc0,0x40,0x08,0x60,0x00,0x20,0x40,0x12,0x02,0x81}, // Row 73
    {0x04,0x16,0x21,0x02,0x04,0x01,0x00,0x98,0x54,0x41,0x60,0x0a,0x00,0x32,0xc8,0x92,0x01,0xa4,0x46,0x24,0x81,0x20,0x9c,0x00,0x00,0x62,0x80,0xa1,0x82,0x82,0x20,0x00}, // Row 74
    {0x00,0x50,0x00,0x04,0x01,0x00,0x28,0x34,0x58,0x50,0x6c,0x73,0x00,0x62,0xd8,0x12,0x0d,0x2d,0x55,0x21,0xa0,0xac,0x54,0x40,0x28,0x64,0x88,0x80,0x82,0x02,0x00,0x01}, // Row 75
    {0x00,0x0c,0x01,0x04,0x01,0x10,0x08,0x00,0x08,0x51,0x30,0x50,0x13,0x40,0x18,0x13,0x1f,0x08,0x16,0x0d,0x20,0x04,0x48,0x00,0x08,0xe6,0xc8,0x25,0xc0,0xd0,0x00,0x00}, // Row 76
    {0x00,0x06,0x00,0x0a,0x00,0x19,0x08,0x30,0x5c,0x00,0x78,0x02,0x87,0x10,0x58,0xc3,0x07,0xa0,0x14,0x21,0x80,0x0c,0x84,0x51,0x18,0x60,0x41,0xc1,0x82,0xd3,0x02,0x00}, // Row 77
    {0x00,0x48,0x21,0x02,0x00,0x18,0x08,0xac,0x44,0x01,0x70,0x60,0x03,0x00,0x08,0x00,0x01,0xa9,0x6c,0x09,0x81,0x84,0x1c,0x71,0x19,0x64,0x80,0x25,0x86,0x13,0x00,0x00}, // Row 78
    {0x04,0x48,0x21,0x04,0x09,0x08,0x00,0xb4,0x0c,0x51,0x40,0x21,0x02,0x20,0xc8,0x50,0x13,0x81,0x49,0xac,0x80,0x0d,0xc0,0x21,0x0c,0xe6,0x91,0x61,0x42,0x10,0x02,0x01}, // Row 79
    {0x00,0x5e,0x01,0x08,0x00,0x11,0x20,0x20,0x14,0x50,0x68,0x32,0x82,0x10,0x98,0x92,0x1d,0x20,0x45,0xa9,0x80,0xa8,0xd8,0x40,0x81,0x66,0x19,0x40,0xc2,0x13,0x20,0x00}, // Row 80
    {0x04,0x10,0x20,0x02,0x00,0x10,0x22,0xa8,0x4c,0x01,0x28,0x6b,0x02,0x50,0x08,0xd1,0x08,0xad,0x56,0x24,0xa1,0x00,0x84,0x30,0x00,0x46,0x18,0xe1,0x00,0xdb,0x2a,0x00}, // Row 81
    {0x24,0x46,0x01,0x0e,0x09,0x10,0x2a,0x98,0x10,0x01,0x1c,0x71,0x82,0x40,0xc0,0x83,0x13,0xa9,0x40,0x84,0xa1,0x8d,0x1c,0x71,0x11,0x82,0xc0,0x00,0x46,0xc2,0x00,0x00}, // Row 82
    {0x04,0x04,0x21,0x00,0x09,0x01,0x88,0x88,0x08,0x11,0x40,0x7b,0x01,0x52,0x18,0xc3,0x13,0xa4,0x19,0x88,0x01,0x05,0xd8,0x10,0x08,0x44,0x01,0x81,0x06,0x52,0x02,0x01}, // Row 83
    {0x84,0x48,0x20,0x0e,0x08,0x09,0x20,0x00,0x48,0x11,0x64,0x33,0x83,0x02,0x88,0xc3,0x05,0x28,0x1e,0x81,0x21,0x89,0xd4,0x41,0x18,0x86,0xd9,0x45,0x06,0xc3,0x00,0x00}, // Row 84
    {0x04,0x56,0x00,0x08,0x00,0x19,0x22,0x08,0x5c,0x00,0x7c,0x01,0x00,0x32,0x94,0x03,0x00,0x08,0x59,0x05,0x80,0x29,0xcc,0x41,0x10,0xa6,0x00,0xc0,0xc0,0x00,0x02,0x01}, // Row 85
    {0x00,0x0e,0x21,0x00,0x01,0x10,0x28,0xbc,0x18,0x40,0x24,0x6b,0x81,0x20,0x18,0x52,0x0b,0x04,0x03,0xb5,0x80,0x28,0x18,0x50,0x19,0x00,0x18,0xa1,0x80,0x52,0x20,0x01}, // Row 86
    {0x00,0x4a,0x08,0x0e,0x08,0x00,0x00,0x38,0x44,0x10,0x04,0x6a,0x03,0x70,0x10,0xd3,0x1f,0xa5,0x11,0x8d,0x80,0x8d,0x80,0x00,0x09,0xe4,0x49,0x04,0x46,0xc0,0x22,0x00}, // Row 87
    {0x00,0x18,0x01,0x00,0x09,0x10,0x08,0x04,0x09,0x51,0x00,0x03,0x02,0x70,0xd8,0x02,0x0a,0x09,0x50,0xad,0xa1,0xac,0x44,0x21,0x01,0x02,0x41,0x01,0x86,0xc3,0x00,0x01}, // Row 88
    {0x04,0x46,0x00,0x04,0x00,0x09,0x22,0x20,0x08,0x11,0x10,0x7a,0x03,0x12,0x18,0xd2,0x17,0x6c,0x07,0x81,0x20,0xa4,0xc0,0x71,0x09,0x42,0x00,0x85,0x00,0x82,0x20,0x00}, // Row 89
    {0x04,0x5f,0x20,0x08,0x08,0x18,0x0a,0x18,0x08,0x50,0x08,0x6a,0x00,0x22,0xd0,0x03,0x1b,0x89,0x5a,0x20,0x01,0xad,0x08,0x31,0x08,0x82,0x80,0xc5,0xc6,0xc0,0x00,0x00}, // Row 90
    {0x00,0x08,0x00,0x00,0x01,0x08,0x00,0xa4,0x18,0x10,0x1c,0x02,0x83,0x30,0x08,0x42,0x05,0xa9,0x51,0x21,0x01,0x85,0x8c,0x50,0x00,0x66,0x89,0x25,0xc6,0x91,0x32,0x01}, // Row 91
    {0x04,0x40,0x21,0x0c,0x00,0x00,0x2a,0x94,0x1c,0x00,0x78,0x3b,0x01,0x32,0xd0,0x41,0x14,0x00,0x02,0x00,0x11,0x81,0xc8,0x70,0x09,0x24,0x50,0x64,0x04,0x51,0x00,0x01}, // Row 92
    {0x44,0x4e,0x21,0x02,0x08,0x18,0x2a,0xb8,0x14,0x11,0x4c,0x50,0x80,0x30,0x08,0x53,0x05,0x29,0x1a,0x05,0x80,0xa4,0x04,0x10,0x00,0x60,0xc1,0x64,0xc2,0x83,0x22,0x00}, // Row 93
    {0x04,0x04,0x21,0x04,0x08,0x09,0x02,0x1c,0x44,0x10,0x10,0x71,0x03,0x60,0xc8,0xd3,0x11,0x20,0x0f,0x00,0x81,0x05,0x04,0x61,0x00,0x20,0x40,0x00,0xc0,0x92,0x22,0x04}, // Row 94
    {0x04,0x50,0x00,0x04,0x08,0x19,0x02,0xb4,0x08,0x11,0x2c,0x03,0x80,0x00,0x98,0x11,0x05,0x25,0x06,0x04,0x20,0xa1,0x9d,0x61,0x00,0x46,0x99,0x41,0x86,0x43,0x20,0x01}, // Row 95
    {0x04,0x1a,0x20,0x28,0x08,0x19,0x20,0xa4,0x50,0x41,0x3c,0x10,0x02,0x70,0x18,0x41,0x0a,0xa0,0x5d,0xa8,0x01,0xac,0x40,0x71,0x18,0xc0,0x18,0x21,0xc2,0x12,0x20,0x01}, // Row 96
    {0x00,0x56,0x20,0x06,0x09,0x19,0x0a,0x18,0x10,0x41,0x38,0x79,0x82,0x72,0x00,0x43,0x1f,0x2d,0x40,0xa4,0xa0,0x2a,0x00,0x41,0x09,0xe2,0xc1,0xe4,0x80,0x50,0x22,0x00}, // Row 97
    {0x00,0x10,0x00,0x02,0x08,0x10,0x20,0x24,0x48,0x41,0x70,0x2a,0x00,0x70,0x10,0x00,0x1b,0xa4,0x5f,0x20,0x01,0x89,0x84,0x21,0x09,0xc6,0x90,0x61,0x4c,0xd1,0x02,0x00}, // Row 98
    {0x00,0x40,0x00,0x04,0x00,0x11,0x2a,0xb0,0x08,0x51,0x68,0x33,0x01,0x10,0x10,0x41,0x04,0x05,0x08,0x2d,0xa1,0x05,0xd4,0x20,0x18,0x20,0x08,0xd5,0x04,0x01,0x22,0x00}, // Row 99
    {0x04,0x1c,0x00,0x04,0x00,0x01,0x0a,0x81,0x00,0x10,0x14,0x12,0x00,0x60,0x10,0x40,0x0f,0xa8,0x1f,0x08,0x00,0x0d,0xc0,0x70,0x00,0x02,0xd0,0x65,0xc4,0xc2,0x00,0x01}, // Row 100
    {0x00,0x16,0x01,0x0a,0x09,0x00,0x00,0x38,0x5c,0x11,0x74,0x60,0x83,0x12,0x98,0x91,0x1e,0x8e,0x59,0xa1,0x80,0x24,0x1c,0x50,0x11,0x64,0x40,0x41,0x00,0x11,0x00,0x01}, // Row 101
    {0x00,0x52,0x01,0x0c,0x09,0x01,0x20,0x9c,0x14,0x10,0x28,0x73,0x01,0x02,0x00,0x42,0x18,0x0d,0x18,0xa9,0xa1,0x9c,0x8c,0x70,0x08,0xa4,0x00,0xa4,0x46,0x80,0x00,0x01}, // Row 102
    {0x00,0x10,0x21,0x04,0x00,0x08,0x00,0x34,0x58,0x50,0x24,0x41,0x00,0x32,0x40,0x11,0x1f,0x84,0x07,0x8d,0xa0,0xa5,0x00,0x41,0x01,0xa0,0x8a,0xc5,0xc0,0x92,0x00,0x01}, // Row 103
    {0x04,0x50,0x20,0x04,0x09,0x00,0x28,0x24,0x0c,0x10,0x68,0x32,0x00,0x12,0xd0,0x43,0x14,0x20,0x56,0x08,0x81,0x8c,0xc4,0x01,0x48,0x62,0x00,0x20,0xc0,0x81,0x20,0x00}, // Row 104
    {0x00,0x0e,0x01,0x02,0x02,0x10,0x0a,0x1c,0x00,0x50,0x20,0x70,0x03,0x40,0xd0,0x42,0x1d,0x01,0x41,0x24,0xa0,0x08,0x00,0x40,0x08,0x24,0x59,0x84,0x00,0x12,0x02,0x00}, // Row 105
    {0x00,0x4c,0x00,0x04,0x00,0x19,0x22,0xb8,0x18,0x40,0x28,0x1e,0x80,0x50,0xc8,0x10,0x04,0x2d,0x4f,0x00,0xa1,0x88,0x1c,0x21,0x18,0xe4,0xc9,0x04,0x46,0x12,0x00,0x00}, // Row 106
    {0x00,0x08,0x21,0x0c,0x08,0x00,0x00,0xac,0x48,0x01,0x64,0x59,0x00,0x52,0x50,0x8b,0x18,0x88,0x5e,0xa0,0x01,0x85,0x1c,0x61,0x11,0x06,0xc8,0x21,0x02,0xc3,0x28,0x00}, // Row 107
    {0x00,0x56,0x21,0x82,0x00,0x00,0x0a,0x28,0x50,0x11,0x4c,0x63,0x81,0x50,0x50,0x81,0x17,0x29,0x56,0xac,0x01,0x0d,0x58,0x11,0x00,0xa0,0xd8,0xc5,0x80,0x00,0x02,0x00}, // Row 108
    {0x04,0x02,0x00,0x00,0x08,0x19,0x28,0x08,0x10,0x10,0x3c,0x6a,0x81,0x62,0x40,0x53,0x1a,0xac,0x4a,0x0d,0x21,0x08,0xc0,0x31,0x18,0x61,0x99,0xa4,0x46,0x40,0x02,0x00}, // Row 109
    {0x04,0x0a,0x01,0x08,0x00,0x00,0x0a,0xac,0x18,0x11,0x18,0x4a,0x80,0x60,0xd0,0x81,0x07,0x85,0x07,0x86,0x00,0xa8,0x88,0x41,0x18,0xc6,0x99,0x00,0x46,0x82,0x20,0x00}, // Row 110
    {0x04,0x42,0x20,0x04,0x09,0x00,0x04,0x3c,0x48,0x11,0x24,0x29,0x00,0x00,0x88,0x92,0x04,0xac,0x08,0x20,0x80,0x00,0x5c,0x00,0x10,0x22,0x51,0xe5,0x40,0x90,0x20,0x01}, // Row 111
    {0x00,0x1a,0x20,0x0c,0x01,0x18,0x02,0xa4,0x0c,0x01,0x24,0x01,0x80,0x52,0x90,0x00,0x0c,0x01,0x46,0x84,0x00,0x05,0x14,0x40,0x00,0x10,0x10,0x44,0xc4,0x01,0x02,0x01}, // Row 112
    {0x00,0x10,0x21,0x02,0x00,0x11,0x00,0x00,0x08,0x40,0x6c,0x51,0x82,0x72,0x90,0x50,0x11,0x04,0x5c,0x0c,0xe1,0xa8,0x9c,0x30,0x00,0x42,0x58,0x64,0x80,0x11,0x00,0x01}, // Row 113
    {0x00,0x50,0x01,0x00,0x08,0x08,0x28,0x3c,0x08,0x10,0x01,0x48,0x00,0x00,0x98,0x03,0x05,0x09,0x1f,0x89,0x81,0x80,0x4c,0x30,0x10,0xc2,0xc0,0xe5,0xc2,0xc1,0x20,0x00}, // Row 114
    {0x08,0x50,0x21,0x0e,0x08,0x09,0x02,0x00,0x58,0x01,0x50,0x71,0x83,0x42,0x10,0x82,0x01,0x21,0x50,0xa9,0x20,0x0c,0xdc,0x40,0x10,0x20,0x98,0x84,0x00,0xd2,0x22,0x01}, // Row 115
    {0x00,0x5e,0x21,0x06,0x08,0x09,0x00,0x34,0x00,0x41,0x20,0x43,0x83,0x60,0x10,0xd1,0x16,0x00,0x09,0x08,0x80,0x6c,0x40,0x31,0x00,0x26,0xd0,0xa0,0xc4,0xc3,0x02,0x00}, // Row 116
    {0x04,0x40,0x01,0x06,0x21,0x11,0x28,0x3c,0x58,0x00,0x2c,0x50,0x81,0x32,0xc0,0xc1,0x06,0x01,0x0f,0x00,0x20,0x88,0x18,0x50,0x01,0xc6,0x00,0x04,0x06,0xc3,0x02,0x01}, // Row 117
    {0x04,0x02,0x01,0x01,0x00,0x11,0x0a,0xa8,0x14,0x01,0x54,0x7b,0x80,0x70,0x18,0x50,0x0e,0x29,0x07,0x88,0x81,0xa8,0xd0,0x31,0x08,0x80,0x18,0xc1,0x84,0x12,0x02,0x00}, // Row 118
    {0x04,0x12,0x01,0x00,0x01,0x11,0x20,0xac,0x48,0x40,0x4c,0x48,0x01,0x22,0x58,0x50,0x0c,0xa1,0x1a,0x0c,0x00,0x85,0x5c,0x41,0x00,0xc4,0x09,0x00,0xc0,0x02,0x20,0x21}, // Row 119
    {0x00,0x18,0x00,0x02,0x08,0x00,0x22,0x9c,0x48,0x60,0x00,0x2a,0x80,0x72,0x40,0x10,0x12,0x2d,0x51,0x28,0x81,0x29,0xc4,0x11,0x11,0xa4,0xd9,0x80,0x46,0x01,0x20,0x01}, // Row 120
    {0x04,0x56,0x00,0x0c,0x01,0x19,0x2a,0x94,0x40,0x10,0x54,0x1a,0x83,0x12,0x40,0x10,0x0f,0x25,0x5f,0x00,0x20,0x8c,0xc4,0x20,0x18,0xa6,0x78,0xe0,0x82,0x52,0x00,0x01}, // Row 121
    {0x04,0x16,0x20,0x06,0x00,0x01,0x08,0xa8,0x4e,0x40,0x54,0x6b,0x01,0x00,0xc0,0x02,0x00,0x8d,0x0b,0xa0,0x21,0xa9,0xcc,0x71,0x19,0x46,0x01,0xe5,0x04,0x53,0x00,0x01}, // Row 122
    {0x04,0x0c,0x21,0x02,0x00,0x11,0x2a,0x24,0x30,0x11,0x64,0x29,0x80,0x40,0xd8,0xd3,0x06,0x09,0x09,0x81,0x21,0x29,0xc0,0x01,0x19,0x44,0xd1,0x01,0x02,0x83,0x00,0x01}, // Row 123
    {0x04,0x50,0x00,0x0a,0x08,0x09,0x22,0x14,0x54,0x50,0x4c,0x02,0x00,0x62,0x10,0xc2,0x1b,0xa8,0x13,0x2d,0x00,0xa4,0x44,0x31,0x00,0x42,0xc8,0x22,0xc6,0x52,0x02,0x01}, // Row 124
    {0x00,0x5e,0x01,0x06,0x08,0x11,0x60,0xbc,0x40,0x40,0x78,0x49,0x83,0x10,0x10,0xd3,0x08,0x84,0x4b,0x28,0xa1,0xa0,0x80,0x41,0x01,0x60,0x19,0xc0,0x86,0x53,0x22,0x01}, // Row 125
    {0x00,0x0c,0x20,0x0a,0x09,0x00,0x08,0x04,0x08,0x50,0x7c,0x42,0x80,0x40,0x10,0xd2,0x04,0x0d,0x40,0x8c,0x81,0x08,0x00,0x41,0x01,0xa2,0x9d,0xe0,0x44,0x12,0x00,0x00}, // Row 126
    {0x04,0x5c,0x01,0x04,0x08,0x01,0x02,0x0c,0x04,0x10,0x78,0x5b,0x41,0x22,0x80,0xc0,0x07,0xa0,0x01,0xa5,0x00,0xa0,0x18,0x40,0x00,0x00,0xd1,0x21,0xc2,0x90,0x00,0x00}, // Row 127
};

static constexpr std::array<uint16_t, 192> GALAS_P_384 = {
    0,1,2,3,4,5,6,7,8,9,10,11,12,13,14,15,
    16,17,18,19,20,21,22,23,24,25,26,27,28,29,30,31,
    32,33,34,35,36,37,38,39,40,41,42,43,44,45,46,47,
    48,49,50,51,52,53,54,55,56,57,58,59,60,61,62,63,
    64,65,66,67,68,69,70,71,72,73,74,75,76,77,78,79,
    80,81,82,83,84,85,86,87,88,89,90,91,92,93,94,95,
    96,97,98,99,100,101,102,103,104,105,106,107,108,109,110,111,
    112,113,114,115,116,117,118,119,120,121,122,123,124,125,126,127,
    128,129,130,131,132,133,134,135,136,137,138,139,140,141,142,143,
    144,145,146,147,148,149,150,151,152,153,154,155,156,157,158,159,
    160,161,162,163,164,165,166,167,168,169,170,171,172,173,174,175,
    176,177,178,179,180,181,182,183,184,185,186,187,188,189,190,191,
};
static constexpr uint8_t GALAS_BPRIME_384[192][48] = {
    {0x01,0x00,0x00,0x00,0x00,0x00,0x00,0x00,0x00,0x00,0x00,0x00,0x00,0x00,0x00,0x00,0x00,0x00,0x00,0x00,0x00,0x00,0x00,0x00,0x00,0x00,0x00,0x00,0x00,0x00,0x00,0x00,0x00,0x00,0x00,0x00,0x00,0x00,0x00,0x00,0x00,0x00,0x00,0x00,0x00,0x00,0x00,0x00},
    {0x02,0x00,0x00,0x00,0x00,0x00,0x00,0x00,0x00,0x00,0x00,0x00,0x00,0x00,0x00,0x00,0x00,0x00,0x00,0x00,0x00,0x00,0x00,0x00,0x6A,0x42,0x25,0xE7,0x64,0x61,0xFB,0x15,0x61,0x75,0x30,0x6C,0xB3,0x73,0xBA,0xFA,0xC7,0xD3,0xFD,0x7E,0xBC,0x71,0x21,0x8F},
    {0x04,0x00,0x00,0x00,0x00,0x00,0x00,0x00,0x00,0x00,0x00,0x00,0x00,0x00,0x00,0x00,0x00,0x00,0x00,0x00,0x00,0x00,0x00,0x00,0xD7,0x32,0xDB,0x2E,0x24,0xE1,0x4B,0x41,0x4E,0x53,0xD7,0x57,0xB0,0xE8,0x20,0x0C,0xC5,0x93,0x13,0x77,0x93,0xE0,0xC8,0x82},
    {0x08,0x00,0x00,0x00,0x00,0x00,0x00,0x00,0x00,0x00,0x00,0x00,0x00,0x00,0x00,0x00,0x00,0x00,0x00,0x00,0x00,0x00,0x00,0x00,0x7F,0x38,0xDC,0x69,0xDD,0xFE,0xF0,0x5B,0xD2,0x05,0x0A,0x8B,0xCE,0x05,0x32,0x36,0x2D,0x68,0x09,0x9C,0x08,0x19,0xD9,0x00},
    {0x10,0x00,0x00,0x00,0x00,0x00,0x00,0x00,0x00,0x00,0x00,0x00,0x00,0x00,0x00,0x00,0x00,0x00,0x00,0x00,0x00,0x00,0x00,0x00,0x40,0x85,0xBC,0xE0,0xDC,0x51,0x53,0x0B,0xC8,0x07,0x3A,0x82,0xA5,0x74,0xCB,0xCB,0xEB,0xDA,0x35,0x53,0x88,0x1E,0xA1,0x29},
    {0x20,0x00,0x00,0x00,0x00,0x00,0x00,0x00,0x00,0x00,0x00,0x00,0x00,0x00,0x00,0x00,0x00,0x00,0x00,0x00,0x00,0x00,0x00,0x00,0xBA,0x3F,0x43,0xEE,0xF6,0xCC,0xC7,0x6A,0x57,0x22,0x0D,0x4E,0xFF,0x9F,0xCB,0xD3,0x85,0x17,0xD4,0x3C,0xD5,0x8B,0x9D,0x94},
    {0x40,0x00,0x00,0x00,0x00,0x00,0x00,0x00,0x00,0x00,0x00,0x00,0x00,0x00,0x00,0x00,0x00,0x00,0x00,0x00,0x00,0x00,0x00,0x00,0x0D,0x80,0xE0,0x28,0x2F,0xCA,0x35,0xD0,0x2A,0xCA,0x61,0xE4,0x1A,0x0D,0x14,0xB8,0xBD,0x70,0xFF,0xEF,0x47,0x11,0xA4,0x33},
    {0x80,0x00,0x00,0x00,0x00,0x00,0x00,0x00,0x00,0x00,0x00,0x00,0x00,0x00,0x00,0x00,0x00,0x00,0x00,0x00,0x00,0x00,0x00,0x00,0x80,0xF9,0x28,0xD2,0x79,0xE2,0x4A,0x68,0x2A,0xA5,0xF7,0xC6,0x34,0x48,0x16,0x49,0x60,0x2C,0xAB,0x2B,0xED,0x8B,0xA1,0x78},
    {0x00,0x01,0x00,0x00,0x00,0x00,0x00,0x00,0x00,0x00,0x00,0x00,0x00,0x00,0x00,0x00,0x00,0x00,0x00,0x00,0x00,0x00,0x00,0x00,0x48,0xD6,0x78,0x83,0x52,0x4C,0x8C,0xBB,0xB8,0xBC,0x29,0x39,0x4E,0x8A,0xD4,0xF3,0x5B,0xB7,0xDE,0x91,0xB1,0x97,0x14,0xC6},
    {0x00,0x02,0x00,0x00,0x00,0x00,0x00,0x00,0x00,0x00,0x00,0x00,0x00,0x00,0x00,0x00,0x00,0x00,0x00,0x00,0x00,0x00,0x00,0x00,0x53,0xE4,0x41,0x6B,0xF1,0xE6,0x4D,0x9A,0x7C,0x70,0x02,0x7A,0xC5,0x7F,0x7E,0x1E,0xDE,0x68,0x04,0xF9,0x52,0xDB,0x05,0x82},
    {0x00,0x04,0x00,0x00,0x00,0x00,0x00,0x00,0x00,0x00,0x00,0x00,0x00,0x00,0x00,0x00,0x00,0x00,0x00,0x00,0x00,0x00,0x00,0x00,0xE5,0xE7,0x31,0xFE,0x19,0x97,0x60,0x6D,0xE9,0x37,0x66,0x2A,0x53,0xF3,0x6C,0xE9,0x8C,0x92,0xE0,0x8E,0x62,0x7D,0x6C,0x99},
    {0x00,0x08,0x00,0x00,0x00,0x00,0x00,0x00,0x00,0x00,0x00,0x00,0x00,0x00,0x00,0x00,0x00,0x00,0x00,0x00,0x00,0x00,0x00,0x00,0xD3,0x00,0x98,0xCB,0xEF,0x1F,0x39,0x33,0x0E,0x91,0x34,0xDF,0x6B,0xFF,0x2B,0xB7,0x0E,0x33,0x79,0xEC,0xBB,0xEE,0xDC,0x53},
    {0x00,0x10,0x00,0x00,0x00,0x00,0x00,0x00,0x00,0x00,0x00,0x00,0x00,0x00,0x00,0x00,0x00,0x00,0x00,0x00,0x00,0x00,0x00,0x00,0xC4,0x52,0x09,0x05,0xC9,0x67,0x94,0x05,0x81,0xCD,0xE3,0x33,0xFB,0xDD,0x1C,0x70,0xD8,0xC5,0x84,0x9C,0x24,0x39,0x35,0x83},
    {0x00,0x20,0x00,0x00,0x00,0x00,0x00,0x00,0x00,0x00,0x00,0x00,0x00,0x00,0x00,0x00,0x00,0x00,0x00,0x00,0x00,0x00,0x00,0x00,0x9A,0xC5,0x67,0xA5,0x52,0xE2,0xA1,0xFF,0xC7,0x2E,0x95,0x11,0xEB,0xC8,0x4B,0x48,0x87,0x19,0x0B,0x8F,0x5A,0x11,0xC9,0x1D},
    {0x00,0x40,0x00,0x00,0x00,0x00,0x00,0x00,0x00,0x00,0x00,0x00,0x00,0x00,0x00,0x00,0x00,0x00,0x00,0x00,0x00,0x00,0x00,0x00,0xB2,0x22,0x9E,0x6F,0x10,0x24,0xE7,0x00,0x27,0x8D,0x7D,0x86,0x60,0xE7,0x05,0xDA,0x7C,0x2F,0xAD,0x7C,0xB9,0xE9,0xB5,0x6D},
    {0x00,0x80,0x00,0x00,0x00,0x00,0x00,0x00,0x00,0x00,0x00,0x00,0x00,0x00,0x00,0x00,0x00,0x00,0x00,0x00,0x00,0x00,0x00,0x00,0x40,0x5B,0x3B,0x56,0x51,0xCF,0x91,0xC0,0xF7,0xDF,0xB7,0x22,0x39,0x58,0x42,0x1A,0x53,0x71,0x38,0x2B,0xC8,0xD0,0x80,0x81},
    {0x00,0x00,0x01,0x00,0x00,0x00,0x00,0x00,0x00,0x00,0x00,0x00,0x00,0x00,0x00,0x00,0x00,0x00,0x00,0x00,0x00,0x00,0x00,0x00,0xFC,0x89,0x6C,0x85,0xC2,0x95,0x8B,0x00,0x7D,0xCF,0x25,0x7B,0x51,0xDF,0xD9,0x20,0x53,0x13,0x6A,0x8C,0xF1,0x57,0xE8,0xB4},
    {0x00,0x00,0x02,0x00,0x00,0x00,0x00,0x00,0x00,0x00,0x00,0x00,0x00,0x00,0x00,0x00,0x00,0x00,0x00,0x00,0x00,0x00,0x00,0x00,0xB9,0x69,0x15,0x62,0x90,0xCA,0x90,0x68,0x51,0x36,0x0A,0xA7,0x9A,0x84,0x8C,0x2C,0x27,0x6A,0xDA,0xA0,0xF0,0xA6,0x39,0x03},
    {0x00,0x00,0x04,0x00,0x00,0x00,0x00,0x00,0x00,0x00,0x00,0x00,0x00,0x00,0x00,0x00,0x00,0x00,0x00,0x00,0x00,0x00,0x00,0x00,0xBD,0xCC,0xEC,0x47,0x8B,0x3E,0x17,0x18,0x0A,0x28,0x85,0x40,0x83,0xA9,0x79,0xE3,0x35,0x50,0xE8,0x65,0xEE,0x5B,0xB4,0xC5},
    {0x00,0x00,0x08,0x00,0x00,0x00,0x00,0x00,0x00,0x00,0x00,0x00,0x00,0x00,0x00,0x00,0x00,0x00,0x00,0x00,0x00,0x00,0x00,0x00,0x57,0x80,0x24,0x71,0x76,0x01,0xAD,0x9D,0xD7,0x0C,0xF6,0x2C,0xCA,0x80,0xC5,0x31,0x62,0x2B,0x87,0xE1,0x80,0x2C,0x35,0x00},
    {0x00,0x00,0x10,0x00,0x00,0x00,0x00,0x00,0x00,0x00,0x00,0x00,0x00,0x00,0x00,0x00,0x00,0x00,0x00,0x00,0x00,0x00,0x00,0x00,0xC8,0x22,0x5C,0xFE,0xE0,0xDF,0xC5,0x4A,0x7B,0x35,0x7C,0x80,0x97,0xE2,0x3E,0xE3,0x32,0x8E,0xCD,0x5D,0xC9,0x8C,0x95,0x39},
    {0x00,0x00,0x20,0x00,0x00,0x00,0x00,0x00,0x00,0x00,0x00,0x00,0x00,0x00,0x00,0x00,0x00,0x00,0x00,0x00,0x00,0x00,0x00,0x00,0x61,0xE5,0x87,0x4E,0x6D,0x8B,0x8F,0xD4,0xA9,0x20,0x3C,0xBD,0xBF,0xEE,0xE0,0xED,0xD0,0x7B,0xA1,0x19,0x0B,0xE4,0xEC,0x3A},
    {0x00,0x00,0x40,0x00,0x00,0x00,0x00,0x00,0x00,0x00,0x00,0x00,0x00,0x00,0x00,0x00,0x00,0x00,0x00,0x00,0x00,0x00,0x00,0x00,0x2B,0xEB,0x66,0xD6,0x86,0xFF,0x02,0x86,0xD1,0xBA,0xE3,0x83,0x92,0x6C,0xDF,0x38,0x7B,0xC9,0x3D,0xBB,0x17,0xC4,0xCC,0x06},
    {0x00,0x00,0x80,0x00,0x00,0x00,0x00,0x00,0x00,0x00,0x00,0x00,0x00,0x00,0x00,0x00,0x00,0x00,0x00,0x00,0x00,0x00,0x00,0x00,0x28,0x0D,0xD5,0x26,0xD2,0x54,0x5B,0xA4,0x02,0xB7,0xAF,0x67,0xE1,0x82,0x6F,0xF9,0x62,0x03,0xB8,0x50,0xEF,0x08,0x99,0xA5},
    {0x00,0x00,0x00,0x01,0x00,0x00,0x00,0x00,0x00,0x00,0x00,0x00,0x00,0x00,0x00,0x00,0x00,0x00,0x00,0x00,0x00,0x00,0x00,0x00,0xCF,0xEF,0x2F,0x87,0xC8,0x8E,0x2A,0x7A,0x90,0x29,0x24,0x90,0xAA,0x24,0xA2,0x2D,0xE7,0xC0,0xD5,0x7E,0x9C,0x96,0x68,0x30},
    {0x00,0x00,0x00,0x02,0x00,0x00,0x00,0x00,0x00,0x00,0x00,0x00,0x00,0x00,0x00,0x00,0x00,0x00,0x00,0x00,0x00,0x00,0x00,0x00,0xB6,0x8F,0x47,0x29,0x2E,0x29,0xB0,0xD4,0x6C,0xD5,0xF5,0xAC,0xFC,0x25,0xFD,0xD6,0xB2,0xF4,0xDF,0x26,0x8C,0x5D,0x6D,0xB9},
    {0x00,0x00,0x00,0x04,0x00,0x00,0x00,0x00,0x00,0x00,0x00,0x00,0x00,0x00,0x00,0x00,0x00,0x00,0x00,0x00,0x00,0x00,0x00,0x00,0xAB,0xE8,0x34,0xBE,0xBD,0x49,0x3B,0xEC,0x55,0xFF,0x34,0x0E,0x38,0x5C,0x30,0x83,0x46,0xBA,0x70,0x27,0x73,0x36,0xDD,0x5E},
    {0x00,0x00,0x00,0x08,0x00,0x00,0x00,0x00,0x00,0x00,0x00,0x00,0x00,0x00,0x00,0x00,0x00,0x00,0x00,0x00,0x00,0x00,0x00,0x00,0x6D,0x56,0x56,0x28,0xBE,0xF9,0x8E,0x93,0xF6,0x51,0x3E,0x47,0x0A,0x5B,0x55,0xD4,0xA7,0xAD,0x70,0x30,0x50,0xE9,0xAC,0x40},
    {0x00,0x00,0x00,0x10,0x00,0x00,0x00,0x00,0x00,0x00,0x00,0x00,0x00,0x00,0x00,0x00,0x00,0x00,0x00,0x00,0x00,0x00,0x00,0x00,0xAE,0x7C,0x9F,0xAC,0x12,0x5C,0xF1,0x6A,0x41,0xC8,0x24,0x8C,0x08,0xCF,0x06,0x37,0x8F,0xEC,0xAD,0x5A,0x00,0x76,0xA9,0x9B},
    {0x00,0x00,0x00,0x20,0x00,0x00,0x00,0x00,0x00,0x00,0x00,0x00,0x00,0x00,0x00,0x00,0x00,0x00,0x00,0x00,0x00,0x00,0x00,0x00,0xC0,0x18,0xF0,0x85,0x77,0x13,0x87,0x4E,0x55,0x96,0x0B,0xBA,0x65,0xF2,0xCE,0x76,0x8A,0x2D,0x91,0x92,0xEA,0xEF,0x59,0x9D},
    {0x00,0x00,0x00,0x40,0x00,0x00,0x00,0x00,0x00,0x00,0x00,0x00,0x00,0x00,0x00,0x00,0x00,0x00,0x00,0x00,0x00,0x00,0x00,0x00,0xA5,0x00,0x31,0x96,0xA4,0x69,0x3E,0x3A,0xED,0xE3,0x7F,0xDA,0x68,0x1A,0x71,0x58,0x52,0x1A,0x43,0xA8,0x86,0x60,0x7D,0xAF},
    {0x00,0x00,0x00,0x80,0x00,0x00,0x00,0x00,0x00,0x00,0x00,0x00,0x00,0x00,0x00,0x00,0x00,0x00,0x00,0x00,0x00,0x00,0x00,0x00,0x16,0x01,0x4C,0x93,0x08,0xD2,0x0D,0x6D,0x38,0x3A,0x88,0x01,0xF0,0x32,0x5E,0xB4,0xE5,0x18,0x19,0x3C,0xA6,0xA4,0xC5,0x13},
    {0x00,0x00,0x00,0x00,0x01,0x00,0x00,0x00,0x00,0x00,0x00,0x00,0x00,0x00,0x00,0x00,0x00,0x00,0x00,0x00,0x00,0x00,0x00,0x00,0x27,0x11,0x80,0x30,0x0C,0x06,0xEC,0xC5,0x35,0xB0,0x03,0x46,0x87,0xF7,0x62,0x2C,0xD9,0x77,0xBB,0xC1,0xE4,0x46,0x89,0x4B},
    {0x00,0x00,0x00,0x00,0x02,0x00,0x00,0x00,0x00,0x00,0x00,0x00,0x00,0x00,0x00,0x00,0x00,0x00,0x00,0x00,0x00,0x00,0x00,0x00,0x34,0xC2,0xC3,0xFA,0x9B,0x7B,0x57,0x25,0x10,0xDA,0x04,0x4F,0x70,0xF0,0x81,0x4A,0x2B,0xC6,0x19,0x60,0x48,0x4C,0x98,0xB5},
    {0x00,0x00,0x00,0x00,0x04,0x00,0x00,0x00,0x00,0x00,0x00,0x00,0x00,0x00,0x00,0x00,0x00,0x00,0x00,0x00,0x00,0x00,0x00,0x00,0x9E,0x07,0xE3,0x36,0x66,0x4E,0xA1,0x5A,0xA9,0xE6,0x21,0x43,0x87,0xFB,0x50,0x06,0x7F,0x33,0x23,0x49,0xE9,0xD3,0xD5,0x33},
    {0x00,0x00,0x00,0x00,0x08,0x00,0x00,0x00,0x00,0x00,0x00,0x00,0x00,0x00,0x00,0x00,0x00,0x00,0x00,0x00,0x00,0x00,0x00,0x00,0xA5,0xBA,0xFB,0x8D,0x30,0xFA,0xBB,0x51,0xED,0x93,0x98,0xE3,0x63,0xA9,0x3C,0x1D,0xEF,0x37,0xE3,0xCA,0x31,0x56,0x24,0x01},
    {0x00,0x00,0x00,0x00,0x10,0x00,0x00,0x00,0x00,0x00,0x00,0x00,0x00,0x00,0x00,0x00,0x00,0x00,0x00,0x00,0x00,0x00,0x00,0x00,0x94,0xFC,0x0F,0x0F,0xF4,0x11,0xEB,0xFF,0x79,0x71,0x09,0xA5,0x29,0xD6,0x88,0x88,0xDB,0xAA,0x7F,0xCF,0x08,0xC7,0xC5,0xA7},
    {0x00,0x00,0x00,0x00,0x20,0x00,0x00,0x00,0x00,0x00,0x00,0x00,0x00,0x00,0x00,0x00,0x00,0x00,0x00,0x00,0x00,0x00,0x00,0x00,0x7E,0x98,0x2F,0x3F,0xA1,0xF1,0x86,0x96,0x49,0x2D,0x02,0x2E,0x75,0xB9,0x0B,0x14,0xFE,0xBF,0xCC,0x5E,0x24,0xD4,0xB0,0x16},
    {0x00,0x00,0x00,0x00,0x40,0x00,0x00,0x00,0x00,0x00,0x00,0x00,0x00,0x00,0x00,0x00,0x00,0x00,0x00,0x00,0x00,0x00,0x00,0x00,0xE4,0x9C,0x21,0x5F,0xF5,0xD4,0xFE,0x5B,0xC2,0x45,0xE1,0xB4,0x00,0x80,0xD6,0xB8,0xBF,0x64,0xEC,0x10,0xC0,0x84,0x80,0x15},
    {0x00,0x00,0x00,0x00,0x80,0x00,0x00,0x00,0x00,0x00,0x00,0x00,0x00,0x00,0x00,0x00,0x00,0x00,0x00,0x00,0x00,0x00,0x00,0x00,0x7C,0x8E,0x50,0x43,0x2C,0x1F,0x17,0x80,0xD0,0xD6,0xD8,0x01,0x8F,0xCE,0x19,0x7E,0xF1,0x10,0x59,0x38,0xE0,0x74,0x71,0xB0},
    {0x00,0x00,0x00,0x00,0x00,0x01,0x00,0x00,0x00,0x00,0x00,0x00,0x00,0x00,0x00,0x00,0x00,0x00,0x00,0x00,0x00,0x00,0x00,0x00,0x6A,0x54,0x48,0x6B,0x74,0x61,0x87,0x15,0x72,0x27,0x76,0xBD,0x36,0xEB,0x7B,0x71,0x6C,0x68,0xD1,0x0E,0x37,0xAE,0x94,0x8D},
    {0x00,0x00,0x00,0x00,0x00,0x02,0x00,0x00,0x00,0x00,0x00,0x00,0x00,0x00,0x00,0x00,0x00,0x00,0x00,0x00,0x00,0x00,0x00,0x00,0xA0,0x0C,0x01,0x36,0x0C,0x51,0x24,0xD1,0x68,0x9A,0xC2,0x78,0x42,0xE8,0x6F,0xDA,0x66,0xF4,0xEA,0x64,0xF7,0x65,0x4D,0xA1},
    {0x00,0x00,0x00,0x00,0x00,0x04,0x00,0x00,0x00,0x00,0x00,0x00,0x00,0x00,0x00,0x00,0x00,0x00,0x00,0x00,0x00,0x00,0x00,0x00,0x86,0x90,0x95,0xEC,0xA7,0xB5,0x68,0x27,0xEB,0x82,0xB6,0xFC,0xC8,0x42,0xF8,0xE5,0x05,0x29,0x97,0x34,0xC7,0x05,0x20,0xA4},
    {0x00,0x00,0x00,0x00,0x00,0x08,0x00,0x00,0x00,0x00,0x00,0x00,0x00,0x00,0x00,0x00,0x00,0x00,0x00,0x00,0x00,0x00,0x00,0x00,0x2F,0x06,0xF6,0xD5,0xC8,0x04,0x49,0xAC,0x68,0x72,0x13,0xDA,0x86,0xFF,0xB4,0xF9,0xD9,0x54,0xED,0x77,0x3C,0x07,0xE1,0xA4},
    {0x00,0x00,0x00,0x00,0x00,0x10,0x00,0x00,0x00,0x00,0x00,0x00,0x00,0x00,0x00,0x00,0x00,0x00,0x00,0x00,0x00,0x00,0x00,0x00,0x35,0x65,0x65,0x6A,0x15,0xCE,0x5A,0x81,0xE9,0x30,0xB3,0xD0,0xED,0x0B,0x9B,0x0E,0x18,0x5E,0x4D,0xA5,0x5B,0xCD,0x20,0xFE},
    {0x00,0x00,0x00,0x00,0x00,0x20,0x00,0x00,0x00,0x00,0x00,0x00,0x00,0x00,0x00,0x00,0x00,0x00,0x00,0x00,0x00,0x00,0x00,0x00,0x45,0x14,0x20,0x9A,0x18,0xB7,0x06,0xE8,0x2C,0x2B,0xEC,0xE0,0xF3,0x78,0x8E,0xAA,0xAE,0x82,0x54,0x10,0xD2,0x39,0x91,0x2C},
    {0x00,0x00,0x00,0x00,0x00,0x40,0x00,0x00,0x00,0x00,0x00,0x00,0x00,0x00,0x00,0x00,0x00,0x00,0x00,0x00,0x00,0x00,0x00,0x00,0x44,0x01,0xAC,0x25,0xFD,0x66,0x5E,0x2B,0x09,0xE4,0x6C,0xCC,0x16,0x5B,0x78,0x79,0x34,0x6C,0x05,0xAD,0x05,0xEB,0x4D,0xCE},
    {0x00,0x00,0x00,0x00,0x00,0x80,0x00,0x00,0x00,0x00,0x00,0x00,0x00,0x00,0x00,0x00,0x00,0x00,0x00,0x00,0x00,0x00,0x00,0x00,0x3B,0x86,0x75,0xE8,0xBB,0x28,0xAE,0xFD,0x8A,0x31,0xFC,0x22,0x85,0x4A,0x22,0x83,0x5D,0x09,0x57,0xF7,0x25,0x00,0xB5,0xA0},
    {0x00,0x00,0x00,0x00,0x00,0x00,0x01,0x00,0x00,0x00,0x00,0x00,0x00,0x00,0x00,0x00,0x00,0x00,0x00,0x00,0x00,0x00,0x00,0x00,0xAF,0xB0,0xC0,0x1E,0x92,0x52,0xCC,0x29,0x66,0x6F,0x91,0xEC,0x9F,0x4B,0xCF,0xE6,0x60,0xDD,0x50,0x7F,0xE7,0xEB,0x3C,0x20},
    {0x00,0x00,0x00,0x00,0x00,0x00,0x02,0x00,0x00,0x00,0x00,0x00,0x00,0x00,0x00,0x00,0x00,0x00,0x00,0x00,0x00,0x00,0x00,0x00,0x00,0x44,0x78,0x0F,0xB5,0xD5,0xE3,0x58,0x97,0x5A,0x8F,0xA1,0x47,0xE7,0x13,0x6F,0x3E,0x4E,0x27,0xA3,0x11,0x6C,0x38,0x52},
    {0x00,0x00,0x00,0x00,0x00,0x00,0x04,0x00,0x00,0x00,0x00,0x00,0x00,0x00,0x00,0x00,0x00,0x00,0x00,0x00,0x00,0x00,0x00,0x00,0xCA,0xE9,0xB7,0x78,0x45,0xE0,0xED,0x92,0x81,0x95,0xC6,0x21,0x97,0xA7,0xBE,0x5C,0x47,0x98,0x2B,0xFC,0x1F,0x79,0xA4,0x4F},
    {0x00,0x00,0x00,0x00,0x00,0x00,0x08,0x00,0x00,0x00,0x00,0x00,0x00,0x00,0x00,0x00,0x00,0x00,0x00,0x00,0x00,0x00,0x00,0x00,0x25,0xCA,0x47,0x8D,0x79,0x04,0x92,0xF7,0xDB,0xFF,0x00,0x55,0xDA,0x3B,0xDE,0x66,0x2E,0xAE,0x96,0xEE,0x71,0xC1,0xC8,0xFD},
    {0x00,0x00,0x00,0x00,0x00,0x00,0x10,0x00,0x00,0x00,0x00,0x00,0x00,0x00,0x00,0x00,0x00,0x00,0x00,0x00,0x00,0x00,0x00,0x00,0x9D,0xC6,0x55,0xEF,0x3B,0xDE,0x86,0x7C,0x3F,0x37,0x15,0x23,0x4A,0x5D,0x9C,0xFF,0xAC,0x5A,0xC4,0xDD,0xEC,0xF2,0x7D,0xAF},
    {0x00,0x00,0x00,0x00,0x00,0x00,0x20,0x00,0x00,0x00,0x00,0x00,0x00,0x00,0x00,0x00,0x00,0x00,0x00,0x00,0x00,0x00,0x00,0x00,0x03,0xFE,0x59,0x43,0x68,0x53,0xD5,0x3A,0x79,0x56,0xD0,0x45,0x70,0x63,0x4D,0xCD,0xBC,0xE8,0xDB,0x8A,0x68,0x3F,0xD0,0xE4},
    {0x00,0x00,0x00,0x00,0x00,0x00,0x40,0x00,0x00,0x00,0x00,0x00,0x00,0x00,0x00,0x00,0x00,0x00,0x00,0x00,0x00,0x00,0x00,0x00,0x61,0xE1,0x0F,0x12,0xAE,0x5E,0x5E,0x11,0x44,0xC4,0x39,0xD5,0xD9,0x6D,0xC4,0x9D,0xA9,0x81,0xA7,0x9E,0x0C,0x8C,0x7D,0x04},
    {0x00,0x00,0x00,0x00,0x00,0x00,0x80,0x00,0x00,0x00,0x00,0x00,0x00,0x00,0x00,0x00,0x00,0x00,0x00,0x00,0x00,0x00,0x00,0x00,0x0F,0x60,0x43,0x2A,0x36,0x1F,0xC1,0x1D,0xDB,0x11,0xFC,0xAF,0x03,0x43,0x89,0xD4,0x54,0x6F,0xFD,0xA8,0xC4,0x33,0x91,0x1C},
    {0x00,0x00,0x00,0x00,0x00,0x00,0x00,0x01,0x00,0x00,0x00,0x00,0x00,0x00,0x00,0x00,0x00,0x00,0x00,0x00,0x00,0x00,0x00,0x00,0xC6,0x64,0xD5,0xCE,0xD1,0x81,0x2B,0x47,0xA4,0x35,0x75,0x2E,0x08,0x47,0x7D,0x7E,0x55,0x1F,0xDF,0xC4,0x6C,0x97,0xB4,0xE6},
    {0x00,0x00,0x00,0x00,0x00,0x00,0x00,0x02,0x00,0x00,0x00,0x00,0x00,0x00,0x00,0x00,0x00,0x00,0x00,0x00,0x00,0x00,0x00,0x00,0xDF,0x82,0x78,0x0E,0xB4,0xDC,0xA8,0x99,0xE3,0x75,0x61,0xA7,0xB7,0x9A,0xED,0x5F,0x8B,0x1E,0x67,0xEB,0xA2,0xF9,0xDC,0x00},
    {0x00,0x00,0x00,0x00,0x00,0x00,0x00,0x04,0x00,0x00,0x00,0x00,0x00,0x00,0x00,0x00,0x00,0x00,0x00,0x00,0x00,0x00,0x00,0x00,0xE4,0x05,0xEF,0x1F,0xFD,0xEF,0xC0,0x7B,0xDA,0xA3,0x53,0x61,0x13,0x8B,0xF9,0x3F,0x35,0xB1,0x8D,0x14,0x6B,0xD7,0xBC,0x3D},
    {0x00,0x00,0x00,0x00,0x00,0x00,0x00,0x08,0x00,0x00,0x00,0x00,0x00,0x00,0x00,0x00,0x00,0x00,0x00,0x00,0x00,0x00,0x00,0x00,0xE6,0x88,0x97,0xD2,0xE3,0x06,0x13,0x55,0x9A,0xD5,0x0B,0x91,0x2D,0x06,0xC6,0x89,0x74,0xD9,0xDC,0x74,0xAE,0xCD,0x15,0x4D},
    {0x00,0x00,0x00,0x00,0x00,0x00,0x00,0x10,0x00,0x00,0x00,0x00,0x00,0x00,0x00,0x00,0x00,0x00,0x00,0x00,0x00,0x00,0x00,0x00,0x0E,0x8F,0x22,0x5A,0xDB,0x06,0x2E,0x42,0xBF,0x4B,0x53,0x0D,0x27,0x5C,0x2E,0x52,0x1B,0x55,0x46,0x83,0xB8,0xFC,0x30,0x64},
    {0x00,0x00,0x00,0x00,0x00,0x00,0x00,0x20,0x00,0x00,0x00,0x00,0x00,0x00,0x00,0x00,0x00,0x00,0x00,0x00,0x00,0x00,0x00,0x00,0x73,0x9D,0x66,0x98,0x74,0xDD,0xCB,0xC6,0x35,0xF2,0x2B,0x19,0x5C,0x92,0xAF,0xFB,0x2F,0x03,0x19,0x23,0x8C,0x15,0x39,0xE9},
    {0x00,0x00,0x00,0x00,0x00,0x00,0x00,0x40,0x00,0x00,0x00,0x00,0x00,0x00,0x00,0x00,0x00,0x00,0x00,0x00,0x00,0x00,0x00,0x00,0x53,0xBD,0x89,0x69,0x56,0xBB,0xC5,0x70,0x90,0x26,0x8D,0x49,0xD5,0x98,0xF4,0xCD,0x28,0xD1,0x3C,0xC4,0x2F,0x01,0x71,0xA8},
    {0x00,0x00,0x00,0x00,0x00,0x00,0x00,0x80,0x00,0x00,0x00,0x00,0x00,0x00,0x00,0x00,0x00,0x00,0x00,0x00,0x00,0x00,0x00,0x00,0xED,0xE7,0xF8,0x5F,0xB6,0xBF,0x71,0xE6,0x42,0xB9,0xDF,0xE2,0xB6,0xAD,0x15,0x93,0x13,0xA2,0xD0,0xBD,0x26,0x6C,0x1C,0x9D},
    {0x00,0x00,0x00,0x00,0x00,0x00,0x00,0x00,0x01,0x00,0x00,0x00,0x00,0x00,0x00,0x00,0x00,0x00,0x00,0x00,0x00,0x00,0x00,0x00,0x58,0x54,0x56,0xCA,0xF6,0x04,0x1E,0x7E,0x13,0x34,0x19,0xFA,0x3F,0x3A,0x2B,0x76,0x0A,0x08,0x43,0xD2,0xE1,0x9F,0xA1,0xC8},
    {0x00,0x00,0x00,0x00,0x00,0x00,0x00,0x00,0x02,0x00,0x00,0x00,0x00,0x00,0x00,0x00,0x00,0x00,0x00,0x00,0x00,0x00,0x00,0x00,0xC7,0x09,0xCD,0x59,0x88,0xDB,0xFB,0xDB,0x21,0xA4,0x32,0xEB,0xE4,0x3D,0xEC,0x4C,0x10,0x68,0x97,0x08,0x6E,0x63,0x8D,0xA4},
    {0x00,0x00,0x00,0x00,0x00,0x00,0x00,0x00,0x04,0x00,0x00,0x00,0x00,0x00,0x00,0x00,0x00,0x00,0x00,0x00,0x00,0x00,0x00,0x00,0x95,0xF8,0xDD,0x3C,0xC3,0x86,0x01,0xF7,0x75,0xC9,0xBC,0x53,0xD4,0xA1,0x66,0x22,0x68,0x8F,0x67,0xB4,0x8E,0x7E,0xD0,0xB0},
    {0x00,0x00,0x00,0x00,0x00,0x00,0x00,0x00,0x08,0x00,0x00,0x00,0x00,0x00,0x00,0x00,0x00,0x00,0x00,0x00,0x00,0x00,0x00,0x00,0xCB,0xCD,0xEA,0xFB,0x24,0xE7,0xC9,0x19,0x34,0x7A,0x62,0xFD,0xBC,0xFC,0xDD,0x7F,0x5E,0x00,0x4A,0xB6,0xE8,0x90,0x7C,0x7D},
    {0x00,0x00,0x00,0x00,0x00,0x00,0x00,0x00,0x10,0x00,0x00,0x00,0x00,0x00,0x00,0x00,0x00,0x00,0x00,0x00,0x00,0x00,0x00,0x00,0xF9,0xF6,0x81,0x95,0x30,0x5B,0x4A,0xC3,0x88,0xC2,0xB0,0xC6,0x84,0xB8,0x06,0xA3,0x1F,0x4D,0x41,0xFE,0x05,0xCE,0x75,0x15},
    {0x00,0x00,0x00,0x00,0x00,0x00,0x00,0x00,0x20,0x00,0x00,0x00,0x00,0x00,0x00,0x00,0x00,0x00,0x00,0x00,0x00,0x00,0x00,0x00,0x11,0x2D,0x7A,0x00,0x94,0xCC,0x57,0x02,0x04,0x1D,0x87,0x6B,0xF6,0x50,0xF8,0xBB,0x2F,0x52,0x68,0x86,0xC3,0xBF,0xE4,0xA7},
    {0x00,0x00,0x00,0x00,0x00,0x00,0x00,0x00,0x40,0x00,0x00,0x00,0x00,0x00,0x00,0x00,0x00,0x00,0x00,0x00,0x00,0x00,0x00,0x00,0xF2,0x1D,0x29,0xC8,0x02,0x60,0x3E,0x74,0xC9,0x80,0x47,0xE4,0x60,0x62,0xFA,0x8E,0xF5,0xAE,0xDF,0x9B,0x40,0x25,0xA8,0xC0},
    {0x00,0x00,0x00,0x00,0x00,0x00,0x00,0x00,0x80,0x00,0x00,0x00,0x00,0x00,0x00,0x00,0x00,0x00,0x00,0x00,0x00,0x00,0x00,0x00,0x24,0x14,0x27,0x5B,0x19,0x5D,0xDD,0x28,0x08,0xF0,0x42,0x2B,0xB7,0x31,0xBA,0xC4,0x40,0x3F,0xD9,0xC3,0x7E,0xFA,0xA5,0x9B},
    {0x00,0x00,0x00,0x00,0x00,0x00,0x00,0x00,0x00,0x01,0x00,0x00,0x00,0x00,0x00,0x00,0x00,0x00,0x00,0x00,0x00,0x00,0x00,0x00,0xE5,0x41,0xCC,0xD2,0xC8,0xA2,0xD6,0xC3,0xAB,0x16,0xA3,0x67,0x79,0x92,0xC8,0xEA,0xCE,0xC4,0x63,0xC3,0x7A,0xE1,0x9D,0x37},
    {0x00,0x00,0x00,0x00,0x00,0x00,0x00,0x00,0x00,0x02,0x00,0x00,0x00,0x00,0x00,0x00,0x00,0x00,0x00,0x00,0x00,0x00,0x00,0x00,0xEE,0x1C,0x16,0x19,0x68,0x75,0x42,0x07,0xA7,0x88,0x5B,0xEF,0x0C,0x37,0x96,0xDA,0x2C,0x7D,0xD6,0xDF,0xF7,0x8A,0xD1,0x34},
    {0x00,0x00,0x00,0x00,0x00,0x00,0x00,0x00,0x00,0x04,0x00,0x00,0x00,0x00,0x00,0x00,0x00,0x00,0x00,0x00,0x00,0x00,0x00,0x00,0x14,0x83,0xA3,0xAC,0xDA,0x17,0x1D,0xE2,0x63,0x64,0xFE,0x64,0x1A,0x02,0x50,0x4A,0x04,0xCB,0x3A,0x53,0xD5,0x80,0x68,0x21},
    {0x00,0x00,0x00,0x00,0x00,0x00,0x00,0x00,0x00,0x08,0x00,0x00,0x00,0x00,0x00,0x00,0x00,0x00,0x00,0x00,0x00,0x00,0x00,0x00,0x8C,0xB6,0x81,0x45,0x19,0xD2,0xFC,0x2F,0xC4,0xFE,0x31,0xD0,0xE6,0x40,0x54,0x88,0x8A,0xD3,0x9A,0xBE,0xAE,0x1B,0xF8,0x16},
    {0x00,0x00,0x00,0x00,0x00,0x00,0x00,0x00,0x00,0x10,0x00,0x00,0x00,0x00,0x00,0x00,0x00,0x00,0x00,0x00,0x00,0x00,0x00,0x00,0x59,0xDD,0x04,0x86,0x31,0x9B,0xFB,0xF1,0x57,0xC7,0x59,0xB0,0xB7,0xC1,0x5A,0xDA,0x1A,0xED,0x29,0xB6,0x22,0x64,0xE5,0xD8},
    {0x00,0x00,0x00,0x00,0x00,0x00,0x00,0x00,0x00,0x20,0x00,0x00,0x00,0x00,0x00,0x00,0x00,0x00,0x00,0x00,0x00,0x00,0x00,0x00,0xC7,0x26,0xA9,0xA5,0x7A,0x6A,0x96,0x01,0x2C,0xC9,0xFB,0xC6,0xC0,0x65,0x2F,0x3B,0x49,0xAB,0x0F,0xA4,0x02,0x7B,0x44,0x6A},
    {0x00,0x00,0x00,0x00,0x00,0x00,0x00,0x00,0x00,0x40,0x00,0x00,0x00,0x00,0x00,0x00,0x00,0x00,0x00,0x00,0x00,0x00,0x00,0x00,0x0F,0xA7,0x8F,0x3A,0xF1,0x4A,0xE8,0xD9,0xBE,0x81,0xB3,0xE3,0xD7,0x45,0x41,0x9B,0x01,0xB4,0x8C,0xD9,0x4D,0x13,0xE0,0xDB},
    {0x00,0x00,0x00,0x00,0x00,0x00,0x00,0x00,0x00,0x80,0x00,0x00,0x00,0x00,0x00,0x00,0x00,0x00,0x00,0x00,0x00,0x00,0x00,0x00,0xE7,0x30,0xF7,0x86,0xAD,0xA6,0x8D,0x48,0x0D,0x73,0x8C,0x33,0xD9,0x94,0x89,0x7A,0x07,0xA0,0xD8,0x2F,0xA4,0x26,0xED,0xA6},
    {0x00,0x00,0x00,0x00,0x00,0x00,0x00,0x00,0x00,0x00,0x01,0x00,0x00,0x00,0x00,0x00,0x00,0x00,0x00,0x00,0x00,0x00,0x00,0x00,0x99,0x74,0x7E,0x22,0x1E,0xB1,0x65,0x9A,0xC9,0xCA,0x60,0x4D,0x94,0x75,0x24,0xF2,0xE2,0x8D,0xFD,0xCD,0x26,0xDA,0x84,0xFF},
    {0x00,0x00,0x00,0x00,0x00,0x00,0x00,0x00,0x00,0x00,0x02,0x00,0x00,0x00,0x00,0x00,0x00,0x00,0x00,0x00,0x00,0x00,0x00,0x00,0x77,0x77,0xB1,0x8D,0x9C,0x6C,0x08,0x7A,0x70,0xE1,0x21,0x4B,0x63,0x41,0x93,0x97,0xC5,0x36,0x4B,0xF1,0x7A,0x8E,0x48,0x65},
    {0x00,0x00,0x00,0x00,0x00,0x00,0x00,0x00,0x00,0x00,0x04,0x00,0x00,0x00,0x00,0x00,0x00,0x00,0x00,0x00,0x00,0x00,0x00,0x00,0x23,0x68,0x30,0x1E,0x93,0x11,0xCD,0xB0,0xC8,0x89,0xD8,0x94,0x71,0xCE,0x3E,0xAA,0x3A,0x63,0x5A,0x5F,0x40,0x2A,0xF1,0x70},
    {0x00,0x00,0x00,0x00,0x00,0x00,0x00,0x00,0x00,0x00,0x08,0x00,0x00,0x00,0x00,0x00,0x00,0x00,0x00,0x00,0x00,0x00,0x00,0x00,0x18,0xB6,0x1F,0x94,0xAE,0x9C,0xFB,0x2E,0x58,0x5C,0xD1,0x63,0x3B,0xBA,0x4F,0xF9,0xCF,0x97,0x8A,0xC8,0x7C,0xAD,0x54,0x49},
    {0x00,0x00,0x00,0x00,0x00,0x00,0x00,0x00,0x00,0x00,0x10,0x00,0x00,0x00,0x00,0x00,0x00,0x00,0x00,0x00,0x00,0x00,0x00,0x00,0x84,0x35,0x91,0x84,0x2A,0xD0,0xFE,0x8B,0xDF,0xB9,0x40,0x86,0xD9,0x47,0x8C,0xC6,0xFC,0xAF,0xEC,0x9C,0x32,0x1A,0xF9,0xAD},
    {0x00,0x00,0x00,0x00,0x00,0x00,0x00,0x00,0x00,0x00,0x20,0x00,0x00,0x00,0x00,0x00,0x00,0x00,0x00,0x00,0x00,0x00,0x00,0x00,0x2D,0x7D,0x34,0xC3,0x10,0x41,0x1C,0x14,0xFB,0x18,0x7B,0xDA,0xA2,0xA7,0x86,0x04,0xFB,0x9F,0x3B,0x5D,0x45,0x1A,0x60,0x34},
    {0x00,0x00,0x00,0x00,0x00,0x00,0x00,0x00,0x00,0x00,0x40,0x00,0x00,0x00,0x00,0x00,0x00,0x00,0x00,0x00,0x00,0x00,0x00,0x00,0x5F,0x90,0xF3,0x98,0x25,0x99,0xAF,0xA1,0x7F,0x46,0xFC,0xB3,0x8A,0x1D,0xA2,0xA5,0x73,0x16,0x18,0xE2,0xBC,0x8A,0x34,0x47},
    {0x00,0x00,0x00,0x00,0x00,0x00,0x00,0x00,0x00,0x00,0x80,0x00,0x00,0x00,0x00,0x00,0x00,0x00,0x00,0x00,0x00,0x00,0x00,0x00,0x46,0xE6,0x40,0xCE,0x23,0x9C,0xFC,0x41,0x8F,0xBD,0x40,0x3C,0x05,0xBD,0x60,0xA3,0xFA,0x25,0xA0,0x29,0x61,0x5A,0x14,0xBD},
    {0x00,0x00,0x00,0x00,0x00,0x00,0x00,0x00,0x00,0x00,0x00,0x01,0x00,0x00,0x00,0x00,0x00,0x00,0x00,0x00,0x00,0x00,0x00,0x00,0x3B,0x93,0xA6,0x94,0xD5,0xD8,0x6B,0x0C,0x72,0xD8,0xF7,0xCF,0xF4,0xF6,0x83,0xFC,0xAB,0x87,0xBB,0xE7,0xFC,0xDE,0x35,0x5E},
    {0x00,0x00,0x00,0x00,0x00,0x00,0x00,0x00,0x00,0x00,0x00,0x02,0x00,0x00,0x00,0x00,0x00,0x00,0x00,0x00,0x00,0x00,0x00,0x00,0xB3,0xD3,0xC1,0x45,0x46,0x35,0xBC,0xC2,0x45,0xAF,0xCC,0xCF,0xBF,0x94,0x6D,0x88,0x06,0x18,0xEB,0x22,0xD0,0x76,0x9C,0x7B},
    {0x00,0x00,0x00,0x00,0x00,0x00,0x00,0x00,0x00,0x00,0x00,0x04,0x00,0x00,0x00,0x00,0x00,0x00,0x00,0x00,0x00,0x00,0x00,0x00,0x77,0x46,0x5D,0xF8,0x41,0xCF,0xA1,0xF7,0x63,0x17,0x3F,0x49,0x69,0x55,0x36,0x66,0x56,0xA5,0xDE,0x43,0x6C,0x19,0x18,0x17},
    {0x00,0x00,0x00,0x00,0x00,0x00,0x00,0x00,0x00,0x00,0x00,0x08,0x00,0x00,0x00,0x00,0x00,0x00,0x00,0x00,0x00,0x00,0x00,0x00,0xAA,0x9E,0x14,0xE9,0xC4,0xE9,0x1E,0x7C,0xCA,0x17,0x73,0x84,0xA2,0x08,0x74,0x0D,0xEC,0xF4,0xC9,0x02,0xB1,0xEA,0xF8,0x0B},
    {0x00,0x00,0x00,0x00,0x00,0x00,0x00,0x00,0x00,0x00,0x00,0x10,0x00,0x00,0x00,0x00,0x00,0x00,0x00,0x00,0x00,0x00,0x00,0x00,0x19,0xBB,0x69,0xA9,0xF8,0xF3,0x7D,0x26,0x1E,0x18,0x5F,0x84,0x3D,0xDE,0x9B,0x26,0x11,0xFF,0xE3,0x48,0x73,0x1A,0x44,0x72},
    {0x00,0x00,0x00,0x00,0x00,0x00,0x00,0x00,0x00,0x00,0x00,0x20,0x00,0x00,0x00,0x00,0x00,0x00,0x00,0x00,0x00,0x00,0x00,0x00,0xD7,0xF6,0xFD,0x37,0x82,0x95,0x60,0x11,0xB0,0xFB,0xA6,0x1D,0x56,0x0B,0x1A,0xF8,0x9B,0x48,0xCD,0x6A,0x64,0xD1,0x9D,0xDD},
    {0x00,0x00,0x00,0x00,0x00,0x00,0x00,0x00,0x00,0x00,0x00,0x40,0x00,0x00,0x00,0x00,0x00,0x00,0x00,0x00,0x00,0x00,0x00,0x00,0x98,0xB2,0x36,0x70,0x5B,0x50,0x14,0x85,0xAA,0xF2,0x51,0xA8,0x10,0x1A,0x56,0xA3,0x3F,0xB4,0x27,0x95,0xB1,0xE9,0x1C,0xA6},
    {0x00,0x00,0x00,0x00,0x00,0x00,0x00,0x00,0x00,0x00,0x00,0x80,0x00,0x00,0x00,0x00,0x00,0x00,0x00,0x00,0x00,0x00,0x00,0x00,0x65,0xD9,0x27,0x30,0xB8,0xCC,0x80,0x17,0x65,0x1A,0xBC,0xD1,0xA8,0xAF,0xCF,0xFD,0x4C,0x2F,0x56,0x32,0x25,0x48,0x11,0x8C},
    {0x00,0x00,0x00,0x00,0x00,0x00,0x00,0x00,0x00,0x00,0x00,0x00,0x01,0x00,0x00,0x00,0x00,0x00,0x00,0x00,0x00,0x00,0x00,0x00,0xA3,0x97,0x37,0x33,0x3A,0xD1,0x35,0x7A,0x23,0x4D,0xD6,0x07,0xD6,0xCE,0x83,0x1B,0xBD,0x31,0x93,0x11,0x77,0x0A,0x88,0xB7},
    {0x00,0x00,0x00,0x00,0x00,0x00,0x00,0x00,0x00,0x00,0x00,0x00,0x02,0x00,0x00,0x00,0x00,0x00,0x00,0x00,0x00,0x00,0x00,0x00,0x43,0xD1,0x11,0x84,0x13,0xA2,0x4F,0x4C,0x54,0x7F,0xC3,0x85,0xD4,0x98,0x85,0x39,0xD9,0x99,0xC5,0x40,0xFD,0x8B,0xF5,0x64},
    {0x00,0x00,0x00,0x00,0x00,0x00,0x00,0x00,0x00,0x00,0x00,0x00,0x04,0x00,0x00,0x00,0x00,0x00,0x00,0x00,0x00,0x00,0x00,0x00,0x65,0x0C,0x81,0x64,0x9E,0xBF,0xFB,0xA1,0x5A,0x05,0xE0,0x52,0xA8,0xC6,0xD7,0x56,0xB1,0x41,0x08,0xD2,0x46,0x4D,0x01,0x26},
    {0x00,0x00,0x00,0x00,0x00,0x00,0x00,0x00,0x00,0x00,0x00,0x00,0x08,0x00,0x00,0x00,0x00,0x00,0x00,0x00,0x00,0x00,0x00,0x00,0x95,0xB0,0xFF,0xA2,0x28,0x25,0xA7,0x11,0xAC,0x33,0x7F,0x09,0xCB,0xDC,0x1E,0xA7,0x25,0xCA,0x27,0xFB,0xFF,0x0A,0x0D,0x34},
    {0x00,0x00,0x00,0x00,0x00,0x00,0x00,0x00,0x00,0x00,0x00,0x00,0x10,0x00,0x00,0x00,0x00,0x00,0x00,0x00,0x00,0x00,0x00,0x00,0xF2,0xA8,0x5E,0x73,0xFD,0x2C,0x37,0x01,0x2F,0x42,0x71,0x3E,0x9A,0x5F,0xEB,0x70,0xD0,0x23,0x59,0x89,0xC8,0x8B,0xC5,0xF5},
    {0x00,0x00,0x00,0x00,0x00,0x00,0x00,0x00,0x00,0x00,0x00,0x00,0x20,0x00,0x00,0x00,0x00,0x00,0x00,0x00,0x00,0x00,0x00,0x00,0xA4,0xB9,0x9A,0xCA,0x04,0x91,0x6A,0x36,0xD7,0x6E,0x3E,0x1D,0x41,0xD5,0x57,0x7A,0xE6,0x36,0xCD,0x34,0x9A,0x32,0x48,0x43},
    {0x00,0x00,0x00,0x00,0x00,0x00,0x00,0x00,0x00,0x00,0x00,0x00,0x40,0x00,0x00,0x00,0x00,0x00,0x00,0x00,0x00,0x00,0x00,0x00,0xED,0x16,0xB4,0xAF,0xC6,0x86,0x87,0x4A,0xA0,0x4E,0x7B,0x7B,0x45,0xF9,0xB4,0x0A,0x7B,0xF1,0x26,0x1B,0xF2,0x55,0x0C,0xA5},
    {0x00,0x00,0x00,0x00,0x00,0x00,0x00,0x00,0x00,0x00,0x00,0x00,0x80,0x00,0x00,0x00,0x00,0x00,0x00,0x00,0x00,0x00,0x00,0x00,0xD8,0x67,0xBB,0xCC,0x9D,0xAF,0x8F,0xFE,0x34,0x4F,0x53,0x31,0x66,0x5A,0x65,0xAD,0x72,0x37,0xF3,0xA2,0x2F,0x61,0xA4,0x6A},
    {0x00,0x00,0x00,0x00,0x00,0x00,0x00,0x00,0x00,0x00,0x00,0x00,0x00,0x01,0x00,0x00,0x00,0x00,0x00,0x00,0x00,0x00,0x00,0x00,0x72,0x16,0x6E,0x31,0x73,0x3D,0xAE,0x1A,0xBB,0x3A,0xE1,0xC0,0x72,0xD9,0xAF,0x41,0xC7,0x46,0x91,0x0B,0x43,0xBF,0x6D,0xC1},
    {0x00,0x00,0x00,0x00,0x00,0x00,0x00,0x00,0x00,0x00,0x00,0x00,0x00,0x02,0x00,0x00,0x00,0x00,0x00,0x00,0x00,0x00,0x00,0x00,0x12,0xD4,0x29,0x9F,0xC7,0xA9,0x6C,0xB0,0xA5,0x8D,0xB0,0x99,0x50,0x04,0x48,0xFE,0xE2,0x7A,0xC0,0x73,0x5A,0xA5,0x05,0x60},
    {0x00,0x00,0x00,0x00,0x00,0x00,0x00,0x00,0x00,0x00,0x00,0x00,0x00,0x04,0x00,0x00,0x00,0x00,0x00,0x00,0x00,0x00,0x00,0x00,0x2C,0x2A,0x5B,0x8F,0x64,0x92,0x55,0x6F,0x7E,0x59,0xAA,0x60,0xAB,0xD3,0x97,0xDD,0x22,0x08,0xA4,0x82,0x02,0x36,0x3C,0x07},
    {0x00,0x00,0x00,0x00,0x00,0x00,0x00,0x00,0x00,0x00,0x00,0x00,0x00,0x08,0x00,0x00,0x00,0x00,0x00,0x00,0x00,0x00,0x00,0x00,0x31,0xAE,0xF2,0xE5,0xC1,0xBA,0x01,0x5F,0x67,0xE6,0xD3,0x78,0x5B,0x63,0xC9,0x11,0x71,0x34,0x0D,0xD2,0x87,0x43,0xF8,0xF3},
    {0x00,0x00,0x00,0x00,0x00,0x00,0x00,0x00,0x00,0x00,0x00,0x00,0x00,0x10,0x00,0x00,0x00,0x00,0x00,0x00,0x00,0x00,0x00,0x00,0xD8,0x6F,0xA2,0xAA,0x1A,0xC5,0xB6,0xF1,0xA8,0x5F,0x9A,0x2F,0x96,0xF0,0x15,0x3C,0x50,0x8B,0x6B,0xA4,0x39,0x6D,0xC4,0x69},
    {0x00,0x00,0x00,0x00,0x00,0x00,0x00,0x00,0x00,0x00,0x00,0x00,0x00,0x20,0x00,0x00,0x00,0x00,0x00,0x00,0x00,0x00,0x00,0x00,0x70,0xB0,0x09,0xA2,0xF6,0x7E,0x29,0x4E,0xB4,0x61,0x99,0x8E,0xCC,0x1A,0x1C,0x97,0x83,0x2E,0x7E,0x91,0x38,0x16,0xD9,0x04},
    {0x00,0x00,0x00,0x00,0x00,0x00,0x00,0x00,0x00,0x00,0x00,0x00,0x00,0x40,0x00,0x00,0x00,0x00,0x00,0x00,0x00,0x00,0x00,0x00,0x42,0x6A,0x32,0xD4,0xA9,0x68,0x1F,0x0D,0xE6,0x13,0x83,0x8E,0x4E,0xD7,0x40,0x89,0xAD,0x19,0x61,0xC4,0x6D,0xBF,0x1C,0x76},
    {0x00,0x00,0x00,0x00,0x00,0x00,0x00,0x00,0x00,0x00,0x00,0x00,0x00,0x80,0x00,0x00,0x00,0x00,0x00,0x00,0x00,0x00,0x00,0x00,0xAC,0xC6,0x4E,0x46,0xB4,0xC4,0x0D,0x9B,0x15,0x07,0x1D,0x5D,0x34,0xF6,0x0F,0x38,0x6C,0xC0,0x74,0xD0,0xB2,0x07,0x11,0x65},
    {0x00,0x00,0x00,0x00,0x00,0x00,0x00,0x00,0x00,0x00,0x00,0x00,0x00,0x00,0x01,0x00,0x00,0x00,0x00,0x00,0x00,0x00,0x00,0x00,0x69,0xB2,0xCE,0xF8,0x6A,0x12,0x6C,0x13,0x3C,0x59,0xDE,0x29,0x03,0xCF,0xBF,0x5C,0xEF,0x81,0x41,0x42,0xF4,0x08,0x31,0x39},
    {0x00,0x00,0x00,0x00,0x00,0x00,0x00,0x00,0x00,0x00,0x00,0x00,0x00,0x00,0x02,0x00,0x00,0x00,0x00,0x00,0x00,0x00,0x00,0x00,0xB6,0x10,0x91,0xDA,0xEF,0x35,0xDC,0xE7,0x31,0x22,0xC9,0x4D,0xBE,0x28,0xCB,0x48,0xA9,0x90,0x6D,0x20,0x5B,0xDB,0x55,0x01},
    {0x00,0x00,0x00,0x00,0x00,0x00,0x00,0x00,0x00,0x00,0x00,0x00,0x00,0x00,0x04,0x00,0x00,0x00,0x00,0x00,0x00,0x00,0x00,0x00,0xC0,0x90,0xEC,0x09,0xE1,0x04,0xE0,0xF6,0x12,0x62,0x8A,0xA5,0xC4,0x9B,0x1E,0x86,0x55,0x69,0x1E,0xF1,0x28,0x8F,0xF8,0xB4},
    {0x00,0x00,0x00,0x00,0x00,0x00,0x00,0x00,0x00,0x00,0x00,0x00,0x00,0x00,0x08,0x00,0x00,0x00,0x00,0x00,0x00,0x00,0x00,0x00,0x80,0x42,0xB3,0x01,0xFE,0x97,0x48,0xF3,0xB9,0x8E,0x73,0x3A,0x4E,0x2E,0x40,0x63,0x86,0x8E,0xB3,0x94,0x31,0x39,0xA8,0xAC},
    {0x00,0x00,0x00,0x00,0x00,0x00,0x00,0x00,0x00,0x00,0x00,0x00,0x00,0x00,0x10,0x00,0x00,0x00,0x00,0x00,0x00,0x00,0x00,0x00,0xCD,0x44,0xFA,0x3A,0x83,0xC5,0x60,0xD4,0xE8,0xB8,0xA6,0xB9,0x93,0xED,0x40,0x1B,0x53,0x93,0xA8,0xB7,0x55,0xE0,0xED,0x93},
    {0x00,0x00,0x00,0x00,0x00,0x00,0x00,0x00,0x00,0x00,0x00,0x00,0x00,0x00,0x20,0x00,0x00,0x00,0x00,0x00,0x00,0x00,0x00,0x00,0xE3,0xDC,0x6C,0x1B,0xB5,0x2A,0x70,0x65,0x99,0xB0,0x31,0x8F,0xB1,0xBF,0x86,0x9E,0x2C,0x86,0x08,0x41,0xAC,0x1A,0x21,0x48},
    {0x00,0x00,0x00,0x00,0x00,0x00,0x00,0x00,0x00,0x00,0x00,0x00,0x00,0x00,0x40,0x00,0x00,0x00,0x00,0x00,0x00,0x00,0x00,0x00,0xCB,0x31,0x9C,0x0C,0xC9,0xA2,0xF5,0x43,0xF1,0x86,0xE3,0x8F,0xAD,0x2E,0xE5,0x13,0x72,0x58,0xF9,0x2E,0xF6,0xDB,0xA9,0x5C},
    {0x00,0x00,0x00,0x00,0x00,0x00,0x00,0x00,0x00,0x00,0x00,0x00,0x00,0x00,0x80,0x00,0x00,0x00,0x00,0x00,0x00,0x00,0x00,0x00,0xC5,0x49,0x57,0xB1,0xCA,0x7E,0x28,0x45,0x23,0x7F,0x58,0xEF,0x58,0xE3,0xBD,0x3E,0x9B,0xD8,0xE8,0xDA,0xFF,0xDB,0x5D,0x33},
    {0x00,0x00,0x00,0x00,0x00,0x00,0x00,0x00,0x00,0x00,0x00,0x00,0x00,0x00,0x00,0x01,0x00,0x00,0x00,0x00,0x00,0x00,0x00,0x00,0x16,0x77,0x80,0x14,0xE8,0x5A,0x7B,0xC8,0xB2,0x9E,0x9F,0xC1,0x91,0x41,0xC1,0x00,0x3E,0x7F,0x01,0xE5,0x1C,0xDD,0x55,0x4E},
    {0x00,0x00,0x00,0x00,0x00,0x00,0x00,0x00,0x00,0x00,0x00,0x00,0x00,0x00,0x00,0x02,0x00,0x00,0x00,0x00,0x00,0x00,0x00,0x00,0xB2,0xBD,0x70,0x6F,0x33,0xF8,0x9D,0x31,0xA9,0x6C,0xD0,0x7A,0xBB,0x4A,0xD3,0xF7,0x11,0xE4,0xD8,0x62,0xCA,0x70,0xCD,0xF4},
    {0x00,0x00,0x00,0x00,0x00,0x00,0x00,0x00,0x00,0x00,0x00,0x00,0x00,0x00,0x00,0x04,0x00,0x00,0x00,0x00,0x00,0x00,0x00,0x00,0xC1,0x3A,0xC8,0xA8,0x38,0xC2,0xCB,0xE4,0x50,0xC7,0x09,0x3A,0x3F,0x60,0xE6,0xF3,0x8E,0xC8,0xE9,0xC0,0x05,0xAE,0xD9,0xF3},
    {0x00,0x00,0x00,0x00,0x00,0x00,0x00,0x00,0x00,0x00,0x00,0x00,0x00,0x00,0x00,0x08,0x00,0x00,0x00,0x00,0x00,0x00,0x00,0x00,0x99,0x0F,0x0C,0x60,0x8F,0xD3,0x75,0xC1,0x34,0x32,0xC0,0x15,0x33,0x36,0x0C,0x13,0xBB,0xF9,0xCE,0x4F,0xB0,0xB2,0xF0,0x68},
    {0x00,0x00,0x00,0x00,0x00,0x00,0x00,0x00,0x00,0x00,0x00,0x00,0x00,0x00,0x00,0x10,0x00,0x00,0x00,0x00,0x00,0x00,0x00,0x00,0x17,0x45,0xB0,0x84,0xEF,0x3B,0xAD,0x55,0xA8,0xAF,0x77,0x82,0x53,0x53,0xF4,0xDB,0x64,0x4B,0x27,0x67,0x41,0x6C,0x19,0xC2},
    {0x00,0x00,0x00,0x00,0x00,0x00,0x00,0x00,0x00,0x00,0x00,0x00,0x00,0x00,0x00,0x20,0x00,0x00,0x00,0x00,0x00,0x00,0x00,0x00,0x34,0x10,0xE6,0x7B,0x67,0x5C,0x73,0xB2,0xBF,0x3F,0x6E,0x31,0xD1,0x6D,0xEB,0x3A,0x91,0x1E,0x49,0xE7,0x8B,0xE7,0x9D,0x3F},
    {0x00,0x00,0x00,0x00,0x00,0x00,0x00,0x00,0x00,0x00,0x00,0x00,0x00,0x00,0x00,0x40,0x00,0x00,0x00,0x00,0x00,0x00,0x00,0x00,0x3B,0x47,0x3E,0xAF,0x8C,0x68,0xBB,0xD0,0x69,0x76,0xB7,0x95,0x35,0x1E,0x3D,0x54,0x1F,0x03,0x43,0x12,0xAB,0x88,0x88,0x8E},
    {0x00,0x00,0x00,0x00,0x00,0x00,0x00,0x00,0x00,0x00,0x00,0x00,0x00,0x00,0x00,0x80,0x00,0x00,0x00,0x00,0x00,0x00,0x00,0x00,0x21,0x64,0x65,0xC3,0xE2,0xE5,0x69,0x2A,0x78,0xD7,0xC9,0x89,0x8E,0xE3,0x65,0x27,0xA2,0xA8,0x15,0x74,0x73,0x8B,0x38,0x94},
    {0x00,0x00,0x00,0x00,0x00,0x00,0x00,0x00,0x00,0x00,0x00,0x00,0x00,0x00,0x00,0x00,0x01,0x00,0x00,0x00,0x00,0x00,0x00,0x00,0xF3,0xFC,0x56,0x7B,0x45,0x59,0xF3,0x23,0x91,0x98,0xAF,0x88,0x81,0x16,0xD8,0xCE,0xB7,0x0D,0x06,0x91,0x64,0x43,0x9C,0xE4},
    {0x00,0x00,0x00,0x00,0x00,0x00,0x00,0x00,0x00,0x00,0x00,0x00,0x00,0x00,0x00,0x00,0x02,0x00,0x00,0x00,0x00,0x00,0x00,0x00,0x0E,0x8B,0xD2,0x46,0x76,0x5D,0xD6,0xCB,0x18,0xE9,0x7A,0x42,0x3E,0x76,0xC4,0xD8,0x07,0x0C,0x29,0xD9,0xA2,0xE3,0x9D,0xF3},
    {0x00,0x00,0x00,0x00,0x00,0x00,0x00,0x00,0x00,0x00,0x00,0x00,0x00,0x00,0x00,0x00,0x04,0x00,0x00,0x00,0x00,0x00,0x00,0x00,0xE4,0xBC,0x91,0x27,0x44,0xFA,0xF2,0x93,0xC6,0x8D,0x0C,0xA1,0xCE,0xE0,0x14,0x61,0x02,0xFF,0x0C,0xF7,0x10,0x8B,0x91,0xD5},
    {0x00,0x00,0x00,0x00,0x00,0x00,0x00,0x00,0x00,0x00,0x00,0x00,0x00,0x00,0x00,0x00,0x08,0x00,0x00,0x00,0x00,0x00,0x00,0x00,0xCE,0x67,0x23,0x46,0x4B,0x06,0x7B,0x1D,0xFE,0xAF,0xF5,0x34,0x11,0xC5,0xB7,0xB5,0xDF,0x21,0xAD,0x4D,0x65,0x72,0xF0,0xB4},
    {0x00,0x00,0x00,0x00,0x00,0x00,0x00,0x00,0x00,0x00,0x00,0x00,0x00,0x00,0x00,0x00,0x10,0x00,0x00,0x00,0x00,0x00,0x00,0x00,0x20,0xD6,0xEE,0xDB,0xF5,0x3D,0xF2,0x11,0x6E,0x04,0x56,0xC7,0x99,0xB4,0xF1,0xA1,0x74,0x75,0x56,0x4F,0xD6,0x1D,0x24,0x4C},
    {0x00,0x00,0x00,0x00,0x00,0x00,0x00,0x00,0x00,0x00,0x00,0x00,0x00,0x00,0x00,0x00,0x20,0x00,0x00,0x00,0x00,0x00,0x00,0x00,0xBB,0x8B,0x46,0x12,0xB5,0x41,0x1E,0x6D,0xAE,0xA4,0x45,0x04,0x08,0xCA,0x03,0xD6,0xDB,0x53,0x11,0x9D,0x2B,0x45,0x85,0xC8},
    {0x00,0x00,0x00,0x00,0x00,0x00,0x00,0x00,0x00,0x00,0x00,0x00,0x00,0x00,0x00,0x00,0x40,0x00,0x00,0x00,0x00,0x00,0x00,0x00,0x69,0x2A,0xAC,0xBB,0xFA,0x75,0x32,0x68,0x2B,0x12,0x7D,0x3E,0xF2,0xB9,0xA8,0x79,0xD8,0x2B,0xE4,0x93,0x19,0x6C,0x15,0x9B},
    {0x00,0x00,0x00,0x00,0x00,0x00,0x00,0x00,0x00,0x00,0x00,0x00,0x00,0x00,0x00,0x00,0x80,0x00,0x00,0x00,0x00,0x00,0x00,0x00,0x80,0x0D,0x9C,0x8F,0xB7,0x33,0x48,0x3D,0x24,0xA9,0xDC,0x2E,0x5C,0x25,0x6A,0x30,0x49,0x41,0xF3,0xF8,0x84,0xE1,0x24,0xFC},
    {0x00,0x00,0x00,0x00,0x00,0x00,0x00,0x00,0x00,0x00,0x00,0x00,0x00,0x00,0x00,0x00,0x00,0x01,0x00,0x00,0x00,0x00,0x00,0x00,0x5E,0xA2,0xA9,0x62,0xED,0x5D,0x04,0x99,0x99,0x00,0x4B,0x7C,0x7A,0x22,0x87,0xC3,0x9D,0x3A,0x1C,0x7B,0x49,0xFB,0x59,0x3D},
    {0x00,0x00,0x00,0x00,0x00,0x00,0x00,0x00,0x00,0x00,0x00,0x00,0x00,0x00,0x00,0x00,0x00,0x02,0x00,0x00,0x00,0x00,0x00,0x00,0x69,0x9A,0xC8,0xC9,0xD6,0xEE,0x5A,0x41,0x45,0x8F,0xF8,0xCF,0xC0,0x4C,0x18,0x62,0x5E,0x68,0x55,0x11,0xC7,0x01,0x65,0x77},
    {0x00,0x00,0x00,0x00,0x00,0x00,0x00,0x00,0x00,0x00,0x00,0x00,0x00,0x00,0x00,0x00,0x00,0x04,0x00,0x00,0x00,0x00,0x00,0x00,0x89,0x8F,0xB1,0x0A,0x8F,0x1B,0xDB,0x60,0xCF,0xC8,0x4D,0xB7,0xE9,0x15,0x22,0x85,0x86,0x91,0x30,0x5E,0x1D,0xB2,0x60,0x93},
    {0x00,0x00,0x00,0x00,0x00,0x00,0x00,0x00,0x00,0x00,0x00,0x00,0x00,0x00,0x00,0x00,0x00,0x08,0x00,0x00,0x00,0x00,0x00,0x00,0x3F,0xE0,0xF1,0x15,0x2F,0x45,0x00,0x19,0xD2,0x35,0x16,0x78,0xAB,0x41,0xE5,0xB0,0x80,0x72,0x60,0x45,0x3F,0x2E,0x38,0x90},
    {0x00,0x00,0x00,0x00,0x00,0x00,0x00,0x00,0x00,0x00,0x00,0x00,0x00,0x00,0x00,0x00,0x00,0x10,0x00,0x00,0x00,0x00,0x00,0x00,0x90,0xD7,0x2F,0xD9,0xB2,0x0D,0x7F,0x5A,0x87,0x53,0x05,0x4F,0xC2,0x2C,0xCB,0x8C,0xD0,0x49,0x21,0x49,0xB5,0x6D,0x4D,0x2D},
    {0x00,0x00,0x00,0x00,0x00,0x00,0x00,0x00,0x00,0x00,0x00,0x00,0x00,0x00,0x00,0x00,0x00,0x20,0x00,0x00,0x00,0x00,0x00,0x00,0xFA,0xDD,0x30,0xF7,0xD7,0x91,0xCF,0x5F,0x1B,0x0F,0xB0,0x8B,0x11,0x73,0x20,0xB2,0xFA,0xAF,0xCD,0x24,0xD0,0xCE,0x39,0x06},
    {0x00,0x00,0x00,0x00,0x00,0x00,0x00,0x00,0x00,0x00,0x00,0x00,0x00,0x00,0x00,0x00,0x00,0x40,0x00,0x00,0x00,0x00,0x00,0x00,0xF8,0xD1,0x8C,0x39,0x58,0xF8,0xE8,0x5F,0x03,0xB5,0x96,0xEB,0x6D,0x6C,0x47,0xF3,0x5E,0xDB,0xDA,0xCD,0x6A,0x00,0x74,0xB4},
    {0x00,0x00,0x00,0x00,0x00,0x00,0x00,0x00,0x00,0x00,0x00,0x00,0x00,0x00,0x00,0x00,0x00,0x80,0x00,0x00,0x00,0x00,0x00,0x00,0xC4,0x1A,0x70,0x77,0x8F,0xB2,0x49,0xF6,0x5C,0x97,0x2A,0x57,0xA8,0x97,0x8C,0x57,0xC8,0x49,0xBB,0x33,0x98,0xB3,0x45,0x15},
    {0x00,0x00,0x00,0x00,0x00,0x00,0x00,0x00,0x00,0x00,0x00,0x00,0x00,0x00,0x00,0x00,0x00,0x00,0x01,0x00,0x00,0x00,0x00,0x00,0x72,0xA1,0x49,0xAA,0xBD,0xE7,0xB4,0x62,0xA7,0x64,0x0C,0x95,0x17,0x23,0xB2,0x0D,0x94,0x83,0x5C,0x4C,0x3E,0x2D,0x29,0x53},
    {0x00,0x00,0x00,0x00,0x00,0x00,0x00,0x00,0x00,0x00,0x00,0x00,0x00,0x00,0x00,0x00,0x00,0x00,0x02,0x00,0x00,0x00,0x00,0x00,0xD4,0x94,0x15,0x62,0xFB,0x57,0xAF,0xEB,0x82,0x25,0x01,0x4A,0x3C,0x02,0x80,0x1F,0x96,0xE4,0xA3,0xB4,0x16,0x86,0x50,0x03},
    {0x00,0x00,0x00,0x00,0x00,0x00,0x00,0x00,0x00,0x00,0x00,0x00,0x00,0x00,0x00,0x00,0x00,0x00,0x04,0x00,0x00,0x00,0x00,0x00,0x67,0x1D,0xE8,0x18,0x01,0x1C,0x45,0x08,0x75,0x61,0x7E,0xE9,0xD3,0x80,0x2A,0x8A,0xB6,0x18,0xFC,0xC4,0xE0,0x70,0x8C,0x7D},
    {0x00,0x00,0x00,0x00,0x00,0x00,0x00,0x00,0x00,0x00,0x00,0x00,0x00,0x00,0x00,0x00,0x00,0x00,0x08,0x00,0x00,0x00,0x00,0x00,0xCE,0x3C,0x72,0xC4,0xEC,0x17,0x7D,0xB5,0xD7,0x9C,0x09,0xB7,0xA3,0x75,0x36,0xB3,0xB8,0xBE,0x00,0xD9,0x3A,0x89,0xB0,0xBF},
    {0x00,0x00,0x00,0x00,0x00,0x00,0x00,0x00,0x00,0x00,0x00,0x00,0x00,0x00,0x00,0x00,0x00,0x00,0x10,0x00,0x00,0x00,0x00,0x00,0x24,0xBC,0x5B,0x2C,0xB3,0xD8,0xB3,0x5B,0x8D,0xFB,0x93,0x1A,0x94,0x41,0xE1,0x40,0x66,0x9A,0xB7,0xAD,0x8B,0xC4,0xBC,0x07},
    {0x00,0x00,0x00,0x00,0x00,0x00,0x00,0x00,0x00,0x00,0x00,0x00,0x00,0x00,0x00,0x00,0x00,0x00,0x20,0x00,0x00,0x00,0x00,0x00,0xD3,0x8B,0x24,0x1C,0x9E,0x9B,0x5A,0xBA,0xE4,0x65,0x51,0x98,0x2D,0x0E,0xF0,0x3B,0x80,0xA2,0x5C,0xD8,0xAD,0x96,0xDC,0xDE},
    {0x00,0x00,0x00,0x00,0x00,0x00,0x00,0x00,0x00,0x00,0x00,0x00,0x00,0x00,0x00,0x00,0x00,0x00,0x40,0x00,0x00,0x00,0x00,0x00,0x4E,0x14,0xAB,0x28,0x50,0x56,0x86,0xE9,0xAE,0xFD,0xF2,0x13,0x0D,0x13,0x11,0x05,0x8A,0xE3,0x58,0x0D,0x30,0xFC,0x7D,0x6A},
    {0x00,0x00,0x00,0x00,0x00,0x00,0x00,0x00,0x00,0x00,0x00,0x00,0x00,0x00,0x00,0x00,0x00,0x00,0x80,0x00,0x00,0x00,0x00,0x00,0x4A,0xD8,0xA0,0x59,0x46,0xBB,0x58,0xFE,0xB4,0xAD,0xD4,0x7F,0xFB,0x5C,0xC8,0xC3,0x1D,0x20,0x00,0xC6,0x3A,0xAE,0x80,0x5A},
    {0x00,0x00,0x00,0x00,0x00,0x00,0x00,0x00,0x00,0x00,0x00,0x00,0x00,0x00,0x00,0x00,0x00,0x00,0x00,0x01,0x00,0x00,0x00,0x00,0xC9,0x0A,0xDC,0x48,0x8D,0x9F,0x88,0xF7,0xB0,0x5A,0xF9,0x31,0x08,0x84,0xE4,0xA6,0x7D,0x74,0xDD,0xC3,0x8C,0x65,0xE1,0xAF},
    {0x00,0x00,0x00,0x00,0x00,0x00,0x00,0x00,0x00,0x00,0x00,0x00,0x00,0x00,0x00,0x00,0x00,0x00,0x00,0x02,0x00,0x00,0x00,0x00,0x66,0x94,0x21,0xA1,0xE7,0x81,0xDE,0x90,0xB6,0xDA,0x08,0x6F,0x5B,0x9A,0x92,0x08,0xC1,0x09,0x13,0x43,0x09,0x71,0xBC,0xCB},
    {0x00,0x00,0x00,0x00,0x00,0x00,0x00,0x00,0x00,0x00,0x00,0x00,0x00,0x00,0x00,0x00,0x00,0x00,0x00,0x04,0x00,0x00,0x00,0x00,0x21,0x2A,0xC3,0x04,0xF3,0x03,0x3B,0x3B,0x8C,0xB8,0x21,0xB5,0x63,0xE8,0xA0,0x70,0x6A,0x74,0x8E,0x75,0x06,0x48,0x80,0x39},
    {0x00,0x00,0x00,0x00,0x00,0x00,0x00,0x00,0x00,0x00,0x00,0x00,0x00,0x00,0x00,0x00,0x00,0x00,0x00,0x08,0x00,0x00,0x00,0x00,0xC7,0xFE,0xAA,0x95,0x4B,0xE9,0xE9,0xF4,0x83,0x9E,0x9D,0x4B,0xEB,0x23,0x15,0x29,0x1A,0x29,0x0E,0x25,0xA4,0x8F,0x8C,0xD8},
    {0x00,0x00,0x00,0x00,0x00,0x00,0x00,0x00,0x00,0x00,0x00,0x00,0x00,0x00,0x00,0x00,0x00,0x00,0x00,0x10,0x00,0x00,0x00,0x00,0x20,0x18,0x7B,0x6E,0xC7,0x3C,0xFC,0x9C,0xF0,0xD0,0x0D,0x0E,0x85,0xD5,0x80,0xBA,0x69,0xDB,0xC6,0xCF,0x61,0x2F,0x00,0x3D},
    {0x00,0x00,0x00,0x00,0x00,0x00,0x00,0x00,0x00,0x00,0x00,0x00,0x00,0x00,0x00,0x00,0x00,0x00,0x00,0x20,0x00,0x00,0x00,0x00,0x0B,0x62,0xC7,0x6C,0x86,0xCB,0xB9,0xCD,0xC7,0x94,0x1E,0x94,0xEF,0x01,0xAA,0x80,0xD9,0x20,0xA9,0x86,0xED,0x86,0x21,0x64},
    {0x00,0x00,0x00,0x00,0x00,0x00,0x00,0x00,0x00,0x00,0x00,0x00,0x00,0x00,0x00,0x00,0x00,0x00,0x00,0x40,0x00,0x00,0x00,0x00,0x5C,0xF8,0x76,0x7D,0xF6,0xAE,0x8C,0x9C,0xAF,0x02,0xBF,0x47,0xD2,0xA3,0x96,0x66,0x48,0x11,0xF3,0xD4,0x1E,0x30,0x7D,0x19},
    {0x00,0x00,0x00,0x00,0x00,0x00,0x00,0x00,0x00,0x00,0x00,0x00,0x00,0x00,0x00,0x00,0x00,0x00,0x00,0x80,0x00,0x00,0x00,0x00,0x41,0x95,0xD3,0xF4,0x84,0xB7,0x65,0xD7,0x19,0x15,0x30,0x62,0xDB,0x2B,0xEB,0x25,0xEF,0x48,0x9F,0x76,0x9B,0xE0,0xB4,0x8C},
    {0x00,0x00,0x00,0x00,0x00,0x00,0x00,0x00,0x00,0x00,0x00,0x00,0x00,0x00,0x00,0x00,0x00,0x00,0x00,0x00,0x01,0x00,0x00,0x00,0xC0,0x04,0x73,0xA9,0x61,0xE2,0xA2,0xEF,0x9F,0x42,0xCE,0x98,0xD8,0x5A,0x4E,0xD0,0x9F,0x7D,0x97,0x0E,0x06,0x9A,0x3D,0xB2},
    {0x00,0x00,0x00,0x00,0x00,0x00,0x00,0x00,0x00,0x00,0x00,0x00,0x00,0x00,0x00,0x00,0x00,0x00,0x00,0x00,0x02,0x00,0x00,0x00,0x19,0xE6,0x26,0x15,0x9A,0xF6,0x77,0xF1,0x38,0x89,0x09,0x83,0x5C,0xA2,0x55,0x00,0xA5,0x27,0x87,0x8B,0xB4,0xC4,0x6C,0xCB},
    {0x00,0x00,0x00,0x00,0x00,0x00,0x00,0x00,0x00,0x00,0x00,0x00,0x00,0x00,0x00,0x00,0x00,0x00,0x00,0x00,0x04,0x00,0x00,0x00,0x4A,0x80,0x8C,0x8F,0x37,0x6D,0xF2,0xC8,0xFC,0xDF,0x9A,0x29,0x09,0xCC,0x9B,0xD9,0x34,0xDF,0xC9,0xCB,0xA2,0x69,0x48,0x83},
    {0x00,0x00,0x00,0x00,0x00,0x00,0x00,0x00,0x00,0x00,0x00,0x00,0x00,0x00,0x00,0x00,0x00,0x00,0x00,0x00,0x08,0x00,0x00,0x00,0x05,0xB9,0xA1,0x8B,0x26,0x9F,0x5D,0xAB,0xA4,0xD1,0xB7,0xD8,0x21,0xE7,0x87,0x71,0x25,0x33,0x63,0xE3,0x38,0xEB,0x71,0xBA},
    {0x00,0x00,0x00,0x00,0x00,0x00,0x00,0x00,0x00,0x00,0x00,0x00,0x00,0x00,0x00,0x00,0x00,0x00,0x00,0x00,0x10,0x00,0x00,0x00,0xCF,0xCD,0x7B,0x1F,0x3D,0x44,0x92,0x96,0x22,0x4F,0x53,0x4E,0x91,0xC3,0xFB,0xAF,0x5E,0xDF,0x49,0x4D,0x75,0xC7,0x20,0x2A},
    {0x00,0x00,0x00,0x00,0x00,0x00,0x00,0x00,0x00,0x00,0x00,0x00,0x00,0x00,0x00,0x00,0x00,0x00,0x00,0x00,0x20,0x00,0x00,0x00,0x24,0x47,0xFD,0x47,0x71,0x41,0x8A,0x61,0x75,0x79,0xCD,0xC8,0xB5,0x37,0xCD,0x97,0x87,0xDE,0x79,0xC7,0xD6,0x57,0xA8,0x7E},
    {0x00,0x00,0x00,0x00,0x00,0x00,0x00,0x00,0x00,0x00,0x00,0x00,0x00,0x00,0x00,0x00,0x00,0x00,0x00,0x00,0x40,0x00,0x00,0x00,0x18,0x0D,0x62,0xDB,0xE0,0xFE,0xAB,0x90,0x4F,0xDB,0xF4,0xE4,0x4B,0x9F,0xE3,0xFF,0xE7,0xAF,0x55,0x2A,0x7E,0xE6,0x6C,0x8C},
    {0x00,0x00,0x00,0x00,0x00,0x00,0x00,0x00,0x00,0x00,0x00,0x00,0x00,0x00,0x00,0x00,0x00,0x00,0x00,0x00,0x80,0x00,0x00,0x00,0x17,0x86,0xBA,0xAD,0x55,0x9B,0x50,0x87,0xBC,0xB6,0xFA,0x6A,0x1C,0x11,0x61,0x94,0xCB,0x63,0xE8,0x09,0x0F,0x86,0xD8,0xB3},
    {0x00,0x00,0x00,0x00,0x00,0x00,0x00,0x00,0x00,0x00,0x00,0x00,0x00,0x00,0x00,0x00,0x00,0x00,0x00,0x00,0x00,0x01,0x00,0x00,0x08,0x73,0x6A,0x2B,0xD0,0x41,0x5E,0xFE,0xB9,0x9B,0xBD,0x89,0x40,0xF1,0x15,0x96,0x74,0x0A,0x46,0x36,0x0F,0xEC,0xD9,0x20},
    {0x00,0x00,0x00,0x00,0x00,0x00,0x00,0x00,0x00,0x00,0x00,0x00,0x00,0x00,0x00,0x00,0x00,0x00,0x00,0x00,0x00,0x02,0x00,0x00,0xC3,0x15,0x4C,0xCD,0x2E,0x58,0x77,0x5D,0x12,0x5D,0x0D,0x31,0xD7,0xE0,0xEE,0x3D,0x88,0x46,0x2A,0xB6,0xD2,0x6C,0x51,0xC4},
    {0x00,0x00,0x00,0x00,0x00,0x00,0x00,0x00,0x00,0x00,0x00,0x00,0x00,0x00,0x00,0x00,0x00,0x00,0x00,0x00,0x00,0x04,0x00,0x00,0x25,0x36,0xB3,0x88,0xAD,0xEC,0xD5,0xE0,0xDE,0x96,0x6D,0x44,0x25,0x8F,0x49,0xFE,0x4E,0xE1,0x7B,0xF3,0xFF,0x39,0x39,0xE3},
    {0x00,0x00,0x00,0x00,0x00,0x00,0x00,0x00,0x00,0x00,0x00,0x00,0x00,0x00,0x00,0x00,0x00,0x00,0x00,0x00,0x00,0x08,0x00,0x00,0xE6,0xE1,0x51,0x56,0x3B,0x7B,0x30,0x51,0x12,0x79,0x01,0x93,0x70,0x2E,0x18,0x80,0xA0,0xA3,0x4D,0xA7,0x21,0x54,0xFC,0xE6},
    {0x00,0x00,0x00,0x00,0x00,0x00,0x00,0x00,0x00,0x00,0x00,0x00,0x00,0x00,0x00,0x00,0x00,0x00,0x00,0x00,0x00,0x10,0x00,0x00,0x95,0x0D,0x31,0x72,0xDF,0x39,0xD7,0xD4,0x01,0x23,0x96,0x17,0x9C,0x03,0x32,0x1A,0xB0,0x6F,0x5D,0xDB,0xAC,0xCC,0xB9,0xB3},
    {0x00,0x00,0x00,0x00,0x00,0x00,0x00,0x00,0x00,0x00,0x00,0x00,0x00,0x00,0x00,0x00,0x00,0x00,0x00,0x00,0x00,0x20,0x00,0x00,0x2A,0x22,0xFE,0x60,0xB6,0x4E,0x3A,0xDD,0xD9,0x95,0xEF,0x40,0xD0,0x48,0x59,0x88,0x94,0x3E,0x9E,0x52,0x96,0x84,0xED,0xF2},
    {0x00,0x00,0x00,0x00,0x00,0x00,0x00,0x00,0x00,0x00,0x00,0x00,0x00,0x00,0x00,0x00,0x00,0x00,0x00,0x00,0x00,0x40,0x00,0x00,0x3E,0xE6,0x41,0xD2,0xEB,0x1B,0x73,0x14,0xD9,0xA8,0xF8,0x47,0xFC,0x7B,0xFC,0x0E,0x0C,0x6C,0x69,0x2D,0xC6,0x0C,0x75,0x29},
    {0x00,0x00,0x00,0x00,0x00,0x00,0x00,0x00,0x00,0x00,0x00,0x00,0x00,0x00,0x00,0x00,0x00,0x00,0x00,0x00,0x00,0x80,0x00,0x00,0x3D,0xE9,0x0F,0x26,0x45,0xD6,0xBA,0x55,0xF5,0x15,0x8D,0x6B,0xB8,0x09,0x35,0xC7,0xB8,0x92,0x4D,0x6A,0x6A,0xD9,0x99,0x11},
    {0x00,0x00,0x00,0x00,0x00,0x00,0x00,0x00,0x00,0x00,0x00,0x00,0x00,0x00,0x00,0x00,0x00,0x00,0x00,0x00,0x00,0x00,0x01,0x00,0x14,0x32,0x88,0x65,0x86,0xF2,0x48,0x40,0x77,0x43,0x10,0x5A,0x67,0xDC,0x76,0x79,0x0D,0x28,0xD2,0x19,0x38,0x1F,0x34,0xB8},
    {0x00,0x00,0x00,0x00,0x00,0x00,0x00,0x00,0x00,0x00,0x00,0x00,0x00,0x00,0x00,0x00,0x00,0x00,0x00,0x00,0x00,0x00,0x02,0x00,0xF6,0xCB,0xCC,0x96,0xCE,0xBA,0x42,0xC9,0x97,0x6A,0xEE,0x0A,0x31,0x04,0xBE,0x2C,0x77,0x40,0x36,0x1A,0xF6,0xC4,0x88,0x87},
    {0x00,0x00,0x00,0x00,0x00,0x00,0x00,0x00,0x00,0x00,0x00,0x00,0x00,0x00,0x00,0x00,0x00,0x00,0x00,0x00,0x00,0x00,0x04,0x00,0x9C,0x73,0x78,0x0D,0xF9,0xE0,0x16,0x1B,0xFA,0x68,0xF2,0xC4,0x15,0xE3,0xFD,0x12,0xD5,0xBA,0x11,0x69,0x11,0x87,0x85,0x86},
    {0x00,0x00,0x00,0x00,0x00,0x00,0x00,0x00,0x00,0x00,0x00,0x00,0x00,0x00,0x00,0x00,0x00,0x00,0x00,0x00,0x00,0x00,0x08,0x00,0xE7,0xE3,0x50,0x0A,0x1A,0x3D,0x0A,0x11,0x66,0x43,0xBB,0x91,0x82,0xF5,0xCA,0x62,0xC0,0x99,0x1E,0xC1,0x0C,0x73,0xBD,0x6B},
    {0x00,0x00,0x00,0x00,0x00,0x00,0x00,0x00,0x00,0x00,0x00,0x00,0x00,0x00,0x00,0x00,0x00,0x00,0x00,0x00,0x00,0x00,0x10,0x00,0x8F,0x9C,0x59,0xA7,0x91,0xBF,0x01,0x2F,0xB7,0x7F,0xD5,0x5C,0x52,0x4E,0x03,0x1B,0x13,0x84,0xBB,0x13,0xAE,0xB8,0x68,0x8D},
    {0x00,0x00,0x00,0x00,0x00,0x00,0x00,0x00,0x00,0x00,0x00,0x00,0x00,0x00,0x00,0x00,0x00,0x00,0x00,0x00,0x00,0x00,0x20,0x00,0x04,0x35,0xC8,0xE2,0xEA,0x69,0x7C,0x4C,0xCA,0x22,0x9F,0xBB,0x67,0x10,0xAF,0xB7,0x2F,0xA6,0xAD,0x5D,0x88,0x50,0x01,0x22},
    {0x00,0x00,0x00,0x00,0x00,0x00,0x00,0x00,0x00,0x00,0x00,0x00,0x00,0x00,0x00,0x00,0x00,0x00,0x00,0x00,0x00,0x00,0x40,0x00,0x7E,0x03,0xEE,0x8F,0x3A,0x17,0xD2,0x46,0xE2,0x0B,0x91,0x71,0x7E,0x4A,0x89,0x92,0xC2,0x13,0xAD,0x89,0x08,0xD4,0xCC,0xAF},
    {0x00,0x00,0x00,0x00,0x00,0x00,0x00,0x00,0x00,0x00,0x00,0x00,0x00,0x00,0x00,0x00,0x00,0x00,0x00,0x00,0x00,0x00,0x80,0x00,0x45,0xF5,0x54,0xAD,0x59,0x59,0x98,0xE9,0x8B,0x45,0x1D,0x57,0x32,0xED,0xC8,0x2B,0x79,0x70,0xB7,0xFF,0x94,0xB4,0x48,0xD8},
    {0x00,0x00,0x00,0x00,0x00,0x00,0x00,0x00,0x00,0x00,0x00,0x00,0x00,0x00,0x00,0x00,0x00,0x00,0x00,0x00,0x00,0x00,0x00,0x01,0x48,0x71,0x89,0xE1,0x83,0x76,0xFD,0x49,0x81,0x3A,0xE3,0x04,0xAB,0x25,0x76,0x76,0x5E,0xA7,0x68,0xBE,0x85,0x73,0x40,0x82},
    {0x00,0x00,0x00,0x00,0x00,0x00,0x00,0x00,0x00,0x00,0x00,0x00,0x00,0x00,0x00,0x00,0x00,0x00,0x00,0x00,0x00,0x00,0x00,0x02,0x63,0x7D,0x2C,0x46,0xC4,0x12,0x47,0x90,0xB8,0x44,0x8B,0x9A,0x95,0x6C,0x9C,0xB3,0x31,0x10,0xDE,0xF1,0x89,0x9D,0xD8,0x76},
    {0x00,0x00,0x00,0x00,0x00,0x00,0x00,0x00,0x00,0x00,0x00,0x00,0x00,0x00,0x00,0x00,0x00,0x00,0x00,0x00,0x00,0x00,0x00,0x04,0xC9,0xF9,0xFF,0x05,0xA0,0x36,0x68,0x55,0x7E,0x17,0x62,0x66,0x47,0xBA,0x6C,0x41,0x56,0xAB,0x35,0x40,0xB8,0xB3,0xE1,0x41},
    {0x00,0x00,0x00,0x00,0x00,0x00,0x00,0x00,0x00,0x00,0x00,0x00,0x00,0x00,0x00,0x00,0x00,0x00,0x00,0x00,0x00,0x00,0x00,0x08,0x8C,0x4D,0x14,0x7B,0x6D,0x47,0x0D,0xCA,0x5C,0x46,0x67,0x1D,0x7B,0xEA,0xA2,0xB8,0x1A,0xB1,0xE6,0x98,0x07,0xBD,0x54,0xE2},
    {0x00,0x00,0x00,0x00,0x00,0x00,0x00,0x00,0x00,0x00,0x00,0x00,0x00,0x00,0x00,0x00,0x00,0x00,0x00,0x00,0x00,0x00,0x00,0x10,0xF5,0xAD,0xF8,0xAD,0xA2,0x95,0x0E,0x68,0x68,0xEF,0x23,0x39,0x21,0x74,0x77,0x28,0x36,0x07,0x00,0x80,0xB5,0x09,0x3D,0x21},
    {0x00,0x00,0x00,0x00,0x00,0x00,0x00,0x00,0x00,0x00,0x00,0x00,0x00,0x00,0x00,0x00,0x00,0x00,0x00,0x00,0x00,0x00,0x00,0x20,0x07,0x1A,0x8E,0xCB,0x51,0xEE,0xF9,0xB8,0x0C,0x49,0xEC,0xDA,0x33,0xD6,0xE3,0x07,0xF6,0x7C,0xB6,0x73,0xE8,0x46,0x60,0x04},
    {0x00,0x00,0x00,0x00,0x00,0x00,0x00,0x00,0x00,0x00,0x00,0x00,0x00,0x00,0x00,0x00,0x00,0x00,0x00,0x00,0x00,0x00,0x00,0x40,0xCB,0x4C,0xA1,0xFA,0x6A,0x7C,0x9F,0xE6,0x79,0x0F,0xCF,0xF5,0x8D,0xBD,0xA3,0x31,0xDF,0x4B,0xC0,0x79,0x4D,0xBF,0x4C,0x5E},
    {0x00,0x00,0x00,0x00,0x00,0x00,0x00,0x00,0x00,0x00,0x00,0x00,0x00,0x00,0x00,0x00,0x00,0x00,0x00,0x00,0x00,0x00,0x00,0x80,0x9F,0x4D,0x47,0xA6,0xAC,0x4B,0x6A,0x87,0x02,0x67,0x0E,0x78,0xC8,0xF8,0x58,0x7A,0x71,0x50,0x7D,0x45,0x9D,0x95,0x90,0x4B},
};
static constexpr std::array<uint16_t, 256> GALAS_P_512 = {
    0,1,2,3,4,5,6,7,8,9,10,11,12,13,14,15,
    16,17,18,19,20,21,22,23,24,25,26,27,28,29,30,31,
    32,33,34,35,36,37,38,39,40,41,42,43,44,45,46,47,
    48,49,50,51,52,53,54,55,56,57,58,59,60,61,62,63,
    64,65,66,67,68,69,70,71,72,73,74,75,76,77,78,79,
    80,81,82,83,84,85,86,87,88,89,90,91,92,93,94,95,
    96,97,98,99,100,101,102,103,104,105,106,107,108,109,110,111,
    112,113,114,115,116,117,118,119,120,121,122,123,124,125,126,127,
    128,129,130,131,132,133,134,135,136,137,138,139,140,141,142,143,
    144,145,146,147,148,149,150,151,152,153,154,155,156,157,158,159,
    160,161,162,163,164,165,166,167,168,169,170,171,172,173,174,175,
    176,177,178,179,180,181,182,183,184,185,186,187,188,189,190,191,
    192,193,194,195,196,197,198,199,200,201,202,203,204,205,206,207,
    208,209,210,211,212,213,214,215,216,217,218,219,220,221,222,223,
    224,225,226,227,228,229,230,231,232,233,234,235,236,237,238,239,
    240,241,242,243,244,245,246,247,248,249,250,251,252,253,254,255,
};
static constexpr uint8_t GALAS_BPRIME_512[256][64] = {
    {0x01,0x00,0x00,0x00,0x00,0x00,0x00,0x00,0x00,0x00,0x00,0x00,0x00,0x00,0x00,0x00,0x00,0x00,0x00,0x00,0x00,0x00,0x00,0x00,0x00,0x00,0x00,0x00,0x00,0x00,0x00,0x00,0x00,0x00,0x00,0x00,0x00,0x00,0x00,0x00,0x00,0x00,0x00,0x00,0x00,0x00,0x00,0x00,0x00,0x00,0x00,0x00,0x00,0x00,0x00,0x00,0x00,0x00,0x00,0x00,0x00,0x00,0x00,0x00},
    {0x02,0x00,0x00,0x00,0x00,0x00,0x00,0x00,0x00,0x00,0x00,0x00,0x00,0x00,0x00,0x00,0x00,0x00,0x00,0x00,0x00,0x00,0x00,0x00,0x00,0x00,0x00,0x00,0x00,0x00,0x00,0x00,0x9C,0xB1,0x78,0x3B,0x48,0x29,0xA4,0x53,0x09,0x39,0x5F,0x66,0x9E,0x2A,0x1D,0x81,0xCD,0x12,0x0E,0xDB,0xDF,0x20,0x66,0xF0,0x86,0xBE,0xFC,0x45,0xF3,0xFF,0x8C,0x73},
    {0x04,0x00,0x00,0x00,0x00,0x00,0x00,0x00,0x00,0x00,0x00,0x00,0x00,0x00,0x00,0x00,0x00,0x00,0x00,0x00,0x00,0x00,0x00,0x00,0x00,0x00,0x00,0x00,0x00,0x00,0x00,0x00,0x5D,0x6F,0x04,0x1D,0xEF,0x22,0x61,0x4E,0x0A,0x7D,0x42,0x7C,0x08,0xC8,0x41,0x43,0xE5,0x8D,0xBF,0x8D,0xB0,0x36,0x07,0x1E,0x5A,0xF8,0xE5,0xA5,0x92,0x03,0xA1,0xD7},
    {0x08,0x00,0x00,0x00,0x00,0x00,0x00,0x00,0x00,0x00,0x00,0x00,0x00,0x00,0x00,0x00,0x00,0x00,0x00,0x00,0x00,0x00,0x00,0x00,0x00,0x00,0x00,0x00,0x00,0x00,0x00,0x00,0x46,0xC9,0x88,0xD8,0xE0,0x48,0x09,0x4E,0x39,0x8B,0x85,0x18,0xFA,0xBC,0x38,0x6D,0xB1,0xB6,0x0C,0x24,0xA4,0x68,0x8C,0x96,0xB8,0x1E,0x6D,0x3E,0xE5,0xBE,0xFE,0x96},
    {0x10,0x00,0x00,0x00,0x00,0x00,0x00,0x00,0x00,0x00,0x00,0x00,0x00,0x00,0x00,0x00,0x00,0x00,0x00,0x00,0x00,0x00,0x00,0x00,0x00,0x00,0x00,0x00,0x00,0x00,0x00,0x00,0x67,0x41,0xF3,0x7B,0x9E,0x5B,0x6F,0xE7,0x93,0x8E,0xB3,0xF8,0x5F,0x27,0xA5,0xC9,0x0D,0x5C,0xDD,0x72,0xF0,0x74,0xBB,0x5E,0x1F,0xB2,0x6D,0xCA,0x3F,0x22,0x3A,0x85},
    {0x20,0x00,0x00,0x00,0x00,0x00,0x00,0x00,0x00,0x00,0x00,0x00,0x00,0x00,0x00,0x00,0x00,0x00,0x00,0x00,0x00,0x00,0x00,0x00,0x00,0x00,0x00,0x00,0x00,0x00,0x00,0x00,0x74,0x22,0xA6,0xE3,0x5B,0x04,0x69,0xD1,0x98,0x5E,0xCF,0x04,0x49,0x9F,0x28,0xF7,0x4D,0xB1,0xEE,0x85,0xF2,0x94,0xCF,0xC1,0xDB,0xBF,0xD3,0xAC,0xD9,0xB6,0xD2,0x55},
    {0x40,0x00,0x00,0x00,0x00,0x00,0x00,0x00,0x00,0x00,0x00,0x00,0x00,0x00,0x00,0x00,0x00,0x00,0x00,0x00,0x00,0x00,0x00,0x00,0x00,0x00,0x00,0x00,0x00,0x00,0x00,0x00,0x5D,0x8B,0xDD,0xDC,0xE1,0xE5,0x41,0x91,0xC6,0x55,0xA3,0x6D,0xE4,0xAF,0x5A,0xEE,0xA1,0x9B,0x20,0xF1,0xE4,0xD8,0x67,0xD6,0x5B,0x67,0x0F,0x54,0x96,0x25,0x04,0x15},
    {0x80,0x00,0x00,0x00,0x00,0x00,0x00,0x00,0x00,0x00,0x00,0x00,0x00,0x00,0x00,0x00,0x00,0x00,0x00,0x00,0x00,0x00,0x00,0x00,0x00,0x00,0x00,0x00,0x00,0x00,0x00,0x00,0xAF,0x4E,0x28,0x66,0x34,0x46,0x07,0xDB,0x49,0x33,0xFA,0x61,0x53,0x0E,0x67,0x3B,0x45,0xAB,0x20,0x3E,0xA9,0x1E,0x8B,0x5F,0x83,0xC3,0x81,0x1B,0xFB,0x42,0x20,0xD4},
    {0x00,0x01,0x00,0x00,0x00,0x00,0x00,0x00,0x00,0x00,0x00,0x00,0x00,0x00,0x00,0x00,0x00,0x00,0x00,0x00,0x00,0x00,0x00,0x00,0x00,0x00,0x00,0x00,0x00,0x00,0x00,0x00,0xFC,0xF1,0xCB,0x15,0xDB,0x23,0x20,0x15,0xA4,0x17,0x07,0x91,0x1D,0x54,0xEA,0x65,0xDA,0xB0,0x7F,0xB8,0x5E,0xEA,0x97,0x38,0x0F,0x5B,0x4F,0xAF,0x05,0x6D,0x08,0x75},
    {0x00,0x02,0x00,0x00,0x00,0x00,0x00,0x00,0x00,0x00,0x00,0x00,0x00,0x00,0x00,0x00,0x00,0x00,0x00,0x00,0x00,0x00,0x00,0x00,0x00,0x00,0x00,0x00,0x00,0x00,0x00,0x00,0xBA,0x8D,0x16,0x74,0xCC,0x5A,0x37,0x9B,0xDB,0xC4,0x50,0x1E,0xC8,0x36,0x26,0x92,0x3C,0x3A,0x89,0x1B,0x97,0xB5,0xDD,0xEB,0x32,0x75,0xFE,0x83,0xEB,0x63,0x5E,0x55},
    {0x00,0x04,0x00,0x00,0x00,0x00,0x00,0x00,0x00,0x00,0x00,0x00,0x00,0x00,0x00,0x00,0x00,0x00,0x00,0x00,0x00,0x00,0x00,0x00,0x00,0x00,0x00,0x00,0x00,0x00,0x00,0x00,0x98,0xDB,0xEC,0xC8,0x4C,0x67,0x8B,0x19,0x27,0x2D,0xCB,0xBE,0xC4,0x3B,0x8A,0xD7,0xA9,0x85,0x48,0x86,0x69,0x70,0xFC,0xA6,0xA1,0xD1,0xFC,0x55,0xAC,0x28,0x51,0xE6},
    {0x00,0x08,0x00,0x00,0x00,0x00,0x00,0x00,0x00,0x00,0x00,0x00,0x00,0x00,0x00,0x00,0x00,0x00,0x00,0x00,0x00,0x00,0x00,0x00,0x00,0x00,0x00,0x00,0x00,0x00,0x00,0x00,0x88,0xC9,0x88,0x3D,0x79,0x9E,0x66,0x6C,0x49,0x8E,0x15,0x61,0xCD,0xDE,0xD1,0x82,0xE5,0xFB,0x07,0xDE,0xBF,0x32,0x08,0xC8,0x78,0x1E,0x02,0xDC,0x09,0xE2,0xDC,0xB4},
    {0x00,0x10,0x00,0x00,0x00,0x00,0x00,0x00,0x00,0x00,0x00,0x00,0x00,0x00,0x00,0x00,0x00,0x00,0x00,0x00,0x00,0x00,0x00,0x00,0x00,0x00,0x00,0x00,0x00,0x00,0x00,0x00,0x86,0xF7,0xDC,0x26,0x60,0xC4,0xA7,0x45,0x3D,0x99,0xED,0x9D,0x1F,0x1F,0x14,0x22,0x05,0x8B,0x78,0x3D,0x4B,0xBD,0x96,0x9F,0xF8,0x7C,0xFF,0x8A,0x8A,0xB6,0x57,0xA4},
    {0x00,0x20,0x00,0x00,0x00,0x00,0x00,0x00,0x00,0x00,0x00,0x00,0x00,0x00,0x00,0x00,0x00,0x00,0x00,0x00,0x00,0x00,0x00,0x00,0x00,0x00,0x00,0x00,0x00,0x00,0x00,0x00,0xDE,0x38,0x26,0x68,0xF1,0x0A,0xB6,0xDA,0x9B,0x1A,0x8E,0xAA,0x34,0x2C,0xC5,0x71,0x58,0x7C,0xE0,0x4C,0xAD,0x31,0xC0,0x57,0x96,0x2F,0x0D,0xD1,0xF9,0xED,0x82,0x77},
    {0x00,0x40,0x00,0x00,0x00,0x00,0x00,0x00,0x00,0x00,0x00,0x00,0x00,0x00,0x00,0x00,0x00,0x00,0x00,0x00,0x00,0x00,0x00,0x00,0x00,0x00,0x00,0x00,0x00,0x00,0x00,0x00,0xB4,0x88,0x98,0x11,0x8E,0x4C,0xE0,0x87,0x38,0x17,0x7B,0x00,0xF3,0x16,0x1D,0x67,0x96,0x3E,0x9F,0xA4,0x00,0xC4,0x75,0x4D,0x4B,0x66,0x49,0x37,0x72,0xDD,0xE4,0xB2},
    {0x00,0x80,0x00,0x00,0x00,0x00,0x00,0x00,0x00,0x00,0x00,0x00,0x00,0x00,0x00,0x00,0x00,0x00,0x00,0x00,0x00,0x00,0x00,0x00,0x00,0x00,0x00,0x00,0x00,0x00,0x00,0x00,0xD2,0x76,0x8E,0xC6,0x4A,0x05,0x4E,0x6B,0xEC,0x6F,0x8B,0x7E,0x1B,0xDB,0x3B,0xBA,0x7F,0x44,0xD4,0x3A,0x05,0x84,0x12,0xD7,0x12,0x9C,0xEF,0x7C,0xDA,0x7B,0x06,0x07},
    {0x00,0x00,0x01,0x00,0x00,0x00,0x00,0x00,0x00,0x00,0x00,0x00,0x00,0x00,0x00,0x00,0x00,0x00,0x00,0x00,0x00,0x00,0x00,0x00,0x00,0x00,0x00,0x00,0x00,0x00,0x00,0x00,0x9F,0x17,0x6E,0xFB,0xB8,0xEB,0x92,0x4B,0xF4,0xD8,0x63,0xA4,0x05,0xD0,0xAC,0xA2,0x08,0x79,0xDE,0x43,0xF4,0x98,0x0F,0x45,0xC4,0x0B,0xF4,0xCA,0xA4,0x85,0x3C,0x53},
    {0x00,0x00,0x02,0x00,0x00,0x00,0x00,0x00,0x00,0x00,0x00,0x00,0x00,0x00,0x00,0x00,0x00,0x00,0x00,0x00,0x00,0x00,0x00,0x00,0x00,0x00,0x00,0x00,0x00,0x00,0x00,0x00,0xBE,0xE6,0x20,0x25,0xBE,0x40,0xC2,0x6C,0x75,0x20,0x2B,0xF7,0x54,0x43,0x69,0x99,0x7F,0x41,0xD7,0x57,0x2B,0x76,0x91,0x41,0x35,0xFE,0x17,0xDA,0x13,0x77,0x78,0x92},
    {0x00,0x00,0x04,0x00,0x00,0x00,0x00,0x00,0x00,0x00,0x00,0x00,0x00,0x00,0x00,0x00,0x00,0x00,0x00,0x00,0x00,0x00,0x00,0x00,0x00,0x00,0x00,0x00,0x00,0x00,0x00,0x00,0xC6,0x67,0xA5,0x4D,0xE6,0x0C,0x8D,0xE1,0xF9,0x20,0xE6,0xC2,0x22,0xFA,0x0C,0xFE,0xF2,0xAE,0xCD,0x44,0x24,0x39,0xEB,0x6E,0x93,0xD5,0xFB,0x02,0xBE,0x05,0x51,0x86},
    {0x00,0x00,0x08,0x00,0x00,0x00,0x00,0x00,0x00,0x00,0x00,0x00,0x00,0x00,0x00,0x00,0x00,0x00,0x00,0x00,0x00,0x00,0x00,0x00,0x00,0x00,0x00,0x00,0x00,0x00,0x00,0x00,0x3D,0x6F,0xE7,0xC0,0x0E,0x1F,0x76,0xBA,0xA0,0xF1,0xEB,0xFA,0x0E,0x63,0x28,0xC9,0x70,0x98,0x7A,0x16,0x71,0xA7,0x84,0x3A,0xA0,0x11,0x8B,0x52,0x28,0x7B,0x94,0x45},
    {0x00,0x00,0x10,0x00,0x00,0x00,0x00,0x00,0x00,0x00,0x00,0x00,0x00,0x00,0x00,0x00,0x00,0x00,0x00,0x00,0x00,0x00,0x00,0x00,0x00,0x00,0x00,0x00,0x00,0x00,0x00,0x00,0xB1,0xDF,0x6A,0x2A,0x8A,0x2D,0x1F,0x4D,0x34,0x35,0xC0,0xF7,0xE2,0x70,0xB3,0xA8,0x2D,0x42,0xF6,0xA3,0xB2,0x51,0x0E,0x29,0x88,0xDC,0xEA,0x0B,0x56,0x88,0x17,0x35},
    {0x00,0x00,0x20,0x00,0x00,0x00,0x00,0x00,0x00,0x00,0x00,0x00,0x00,0x00,0x00,0x00,0x00,0x00,0x00,0x00,0x00,0x00,0x00,0x00,0x00,0x00,0x00,0x00,0x00,0x00,0x00,0x00,0xB7,0x8E,0xD6,0x7F,0x75,0x19,0x15,0x85,0xFF,0x30,0x51,0x3A,0x1D,0x15,0xC6,0x9D,0xA8,0x38,0xF0,0xCC,0xBF,0xAE,0xB7,0xE4,0x06,0x91,0xAA,0xBE,0xB8,0x15,0xBD,0x14},
    {0x00,0x00,0x40,0x00,0x00,0x00,0x00,0x00,0x00,0x00,0x00,0x00,0x00,0x00,0x00,0x00,0x00,0x00,0x00,0x00,0x00,0x00,0x00,0x00,0x00,0x00,0x00,0x00,0x00,0x00,0x00,0x00,0xD8,0x32,0x87,0x77,0xCA,0x30,0x2D,0x27,0xD3,0x49,0x71,0x5C,0x35,0x1A,0x5B,0xAC,0x40,0xDF,0x9C,0xC1,0x22,0x67,0xE4,0xC6,0xD1,0x74,0xCA,0x09,0x4E,0x00,0x36,0xF1},
    {0x00,0x00,0x80,0x00,0x00,0x00,0x00,0x00,0x00,0x00,0x00,0x00,0x00,0x00,0x00,0x00,0x00,0x00,0x00,0x00,0x00,0x00,0x00,0x00,0x00,0x00,0x00,0x00,0x00,0x00,0x00,0x00,0xA4,0x27,0x36,0xAB,0x42,0x96,0x86,0x48,0x03,0x27,0xC5,0x18,0x12,0x14,0x6B,0x3B,0x56,0x4F,0x2A,0x7B,0x48,0xD4,0xCA,0x7F,0x45,0xAF,0xB6,0xB7,0x84,0x9F,0x6F,0x14},
    {0x00,0x00,0x00,0x01,0x00,0x00,0x00,0x00,0x00,0x00,0x00,0x00,0x00,0x00,0x00,0x00,0x00,0x00,0x00,0x00,0x00,0x00,0x00,0x00,0x00,0x00,0x00,0x00,0x00,0x00,0x00,0x00,0xE4,0xEC,0x04,0x68,0x7C,0x06,0x32,0x59,0xB3,0x29,0x50,0x7F,0x60,0x49,0xC0,0xF5,0xA5,0x0B,0x21,0xA9,0x0F,0x98,0x8C,0x31,0xFA,0x1F,0xCA,0xEA,0x2C,0xE2,0xC9,0x53},
    {0x00,0x00,0x00,0x02,0x00,0x00,0x00,0x00,0x00,0x00,0x00,0x00,0x00,0x00,0x00,0x00,0x00,0x00,0x00,0x00,0x00,0x00,0x00,0x00,0x00,0x00,0x00,0x00,0x00,0x00,0x00,0x00,0x0F,0x67,0x17,0xBB,0xAC,0x54,0x4B,0x5F,0x59,0x68,0x77,0xED,0xC7,0x48,0x5F,0x89,0x19,0x78,0x4D,0x9D,0x43,0x38,0xB0,0x6B,0x2A,0x86,0x88,0x36,0x82,0x9B,0xB1,0x21},
    {0x00,0x00,0x00,0x04,0x00,0x00,0x00,0x00,0x00,0x00,0x00,0x00,0x00,0x00,0x00,0x00,0x00,0x00,0x00,0x00,0x00,0x00,0x00,0x00,0x00,0x00,0x00,0x00,0x00,0x00,0x00,0x00,0x5E,0xE5,0x96,0x17,0x21,0xE4,0xB1,0x33,0x39,0x04,0xDD,0x8F,0xA7,0xEE,0x2D,0x5E,0x1F,0xEC,0x0D,0x32,0xB1,0x38,0x50,0x3B,0x2E,0x55,0xDB,0x1B,0x0B,0x54,0x81,0x74},
    {0x00,0x00,0x00,0x08,0x00,0x00,0x00,0x00,0x00,0x00,0x00,0x00,0x00,0x00,0x00,0x00,0x00,0x00,0x00,0x00,0x00,0x00,0x00,0x00,0x00,0x00,0x00,0x00,0x00,0x00,0x00,0x00,0x0C,0x4B,0x33,0x3F,0xEB,0x15,0x2B,0x3B,0xF0,0xD0,0x04,0xB6,0x59,0x79,0x27,0x19,0x13,0x1E,0xCE,0xE9,0x79,0x9B,0xF1,0x87,0xDF,0x8F,0xA9,0x39,0x5D,0x59,0x64,0x04},
    {0x00,0x00,0x00,0x10,0x00,0x00,0x00,0x00,0x00,0x00,0x00,0x00,0x00,0x00,0x00,0x00,0x00,0x00,0x00,0x00,0x00,0x00,0x00,0x00,0x00,0x00,0x00,0x00,0x00,0x00,0x00,0x00,0x17,0x11,0x5D,0x74,0x07,0x68,0x20,0x08,0xFA,0xE3,0xD9,0x72,0xFC,0xA8,0x3D,0xD8,0x4A,0x52,0xC9,0xE9,0xB2,0x7E,0xDE,0x84,0x4E,0xD1,0x1A,0x70,0xC4,0x93,0x80,0x65},
    {0x00,0x00,0x00,0x20,0x00,0x00,0x00,0x00,0x00,0x00,0x00,0x00,0x00,0x00,0x00,0x00,0x00,0x00,0x00,0x00,0x00,0x00,0x00,0x00,0x00,0x00,0x00,0x00,0x00,0x00,0x00,0x00,0x28,0x57,0x06,0x9C,0x1F,0xF3,0x75,0x67,0xEB,0xAB,0xE8,0xC9,0x89,0x16,0xBD,0x0D,0xA0,0x79,0x2D,0x90,0xEC,0xB8,0xC1,0x8D,0x38,0xB5,0xFB,0x3B,0xB2,0x45,0x3D,0xE7},
    {0x00,0x00,0x00,0x40,0x00,0x00,0x00,0x00,0x00,0x00,0x00,0x00,0x00,0x00,0x00,0x00,0x00,0x00,0x00,0x00,0x00,0x00,0x00,0x00,0x00,0x00,0x00,0x00,0x00,0x00,0x00,0x00,0x04,0xC6,0x72,0x67,0x43,0xF4,0x17,0xDC,0xAA,0x83,0x35,0x36,0xAB,0x8B,0x89,0xC5,0x89,0x22,0xA7,0x74,0xF1,0x9C,0xC4,0xF6,0x31,0xD5,0xBD,0x03,0xD2,0xE5,0x21,0x70},
    {0x00,0x00,0x00,0x80,0x00,0x00,0x00,0x00,0x00,0x00,0x00,0x00,0x00,0x00,0x00,0x00,0x00,0x00,0x00,0x00,0x00,0x00,0x00,0x00,0x00,0x00,0x00,0x00,0x00,0x00,0x00,0x00,0x9F,0xB4,0x8C,0x85,0x1A,0xD8,0xF3,0xAA,0x1C,0xB8,0x37,0x78,0xFD,0x30,0x10,0x9B,0xD9,0xF1,0xA9,0x2B,0xAC,0xCE,0xC4,0xE8,0xCC,0xB0,0x9F,0xE9,0x70,0x96,0x5D,0xB5},
    {0x00,0x00,0x00,0x00,0x01,0x00,0x00,0x00,0x00,0x00,0x00,0x00,0x00,0x00,0x00,0x00,0x00,0x00,0x00,0x00,0x00,0x00,0x00,0x00,0x00,0x00,0x00,0x00,0x00,0x00,0x00,0x00,0x63,0x1D,0x53,0x44,0xD6,0xF2,0x78,0xF8,0x8E,0x7F,0x32,0x36,0x96,0x52,0x89,0x65,0xD2,0x6D,0xED,0xB6,0x75,0x4F,0x84,0x1B,0xAA,0x33,0x04,0xBC,0xAF,0x5B,0x1B,0x50},
    {0x00,0x00,0x00,0x00,0x02,0x00,0x00,0x00,0x00,0x00,0x00,0x00,0x00,0x00,0x00,0x00,0x00,0x00,0x00,0x00,0x00,0x00,0x00,0x00,0x00,0x00,0x00,0x00,0x00,0x00,0x00,0x00,0xFE,0x64,0xC1,0xDF,0xB3,0x05,0x23,0x3E,0xDF,0x24,0x84,0x23,0x95,0x24,0x10,0xE8,0xDE,0xF9,0xC5,0x53,0x21,0xE9,0x5B,0x86,0x11,0xD4,0xBF,0x4D,0x0D,0x68,0x2F,0xB1},
    {0x00,0x00,0x00,0x00,0x04,0x00,0x00,0x00,0x00,0x00,0x00,0x00,0x00,0x00,0x00,0x00,0x00,0x00,0x00,0x00,0x00,0x00,0x00,0x00,0x00,0x00,0x00,0x00,0x00,0x00,0x00,0x00,0x38,0x54,0x36,0x0B,0xB2,0xE2,0x8A,0xA2,0x33,0xC1,0xB8,0x12,0x2B,0x69,0x44,0x95,0x2A,0x72,0xC5,0xBF,0x12,0x19,0xA8,0x2D,0x60,0xEC,0xE5,0xF0,0xEA,0xC6,0xD6,0xA1},
    {0x00,0x00,0x00,0x00,0x08,0x00,0x00,0x00,0x00,0x00,0x00,0x00,0x00,0x00,0x00,0x00,0x00,0x00,0x00,0x00,0x00,0x00,0x00,0x00,0x00,0x00,0x00,0x00,0x00,0x00,0x00,0x00,0x7B,0xCA,0xC0,0xAA,0x0E,0x45,0xBF,0x77,0xFC,0xBD,0xC5,0xDF,0xAE,0xDC,0x6F,0x2D,0xB2,0xAB,0x91,0x6A,0x5F,0x94,0x7A,0x65,0xDD,0x9B,0x36,0xE5,0xC1,0x9C,0xF7,0xC5},
    {0x00,0x00,0x00,0x00,0x10,0x00,0x00,0x00,0x00,0x00,0x00,0x00,0x00,0x00,0x00,0x00,0x00,0x00,0x00,0x00,0x00,0x00,0x00,0x00,0x00,0x00,0x00,0x00,0x00,0x00,0x00,0x00,0xCA,0x4A,0x53,0x4E,0x9A,0x69,0xA8,0xC2,0xF1,0xE2,0x83,0xBE,0xCC,0xB7,0x40,0x17,0x64,0x5D,0x2E,0xB0,0x64,0x92,0x1B,0x8A,0xB7,0xE7,0x02,0x5D,0x4E,0x81,0xF6,0x93},
    {0x00,0x00,0x00,0x00,0x20,0x00,0x00,0x00,0x00,0x00,0x00,0x00,0x00,0x00,0x00,0x00,0x00,0x00,0x00,0x00,0x00,0x00,0x00,0x00,0x00,0x00,0x00,0x00,0x00,0x00,0x00,0x00,0x20,0x11,0xE8,0x13,0x7F,0xA4,0x9C,0xB8,0x3D,0x13,0x26,0xDF,0xD6,0xAC,0x16,0x8A,0x0C,0xDE,0x81,0xFB,0xF3,0xD7,0xBF,0xCF,0x79,0xEA,0xF0,0xF4,0x04,0x24,0xC7,0x04},
    {0x00,0x00,0x00,0x00,0x40,0x00,0x00,0x00,0x00,0x00,0x00,0x00,0x00,0x00,0x00,0x00,0x00,0x00,0x00,0x00,0x00,0x00,0x00,0x00,0x00,0x00,0x00,0x00,0x00,0x00,0x00,0x00,0xA9,0x88,0x69,0x4E,0xCE,0x17,0x38,0x12,0xFC,0xBA,0x7C,0xF5,0x03,0xD3,0x35,0xAA,0xE6,0xBF,0xB0,0xF3,0x75,0xB7,0x1E,0xBE,0x9F,0xCA,0x7D,0x2F,0x58,0xAE,0xAF,0xF3},
    {0x00,0x00,0x00,0x00,0x80,0x00,0x00,0x00,0x00,0x00,0x00,0x00,0x00,0x00,0x00,0x00,0x00,0x00,0x00,0x00,0x00,0x00,0x00,0x00,0x00,0x00,0x00,0x00,0x00,0x00,0x00,0x00,0x6F,0x94,0x50,0x30,0x18,0xEC,0x70,0x4F,0xE6,0x17,0xFB,0x7C,0x16,0x24,0x06,0xE4,0xFC,0xB0,0xA6,0x70,0x4E,0x9D,0xF6,0x3E,0x99,0xBD,0xBA,0x80,0xC8,0x87,0x06,0x30},
    {0x00,0x00,0x00,0x00,0x00,0x01,0x00,0x00,0x00,0x00,0x00,0x00,0x00,0x00,0x00,0x00,0x00,0x00,0x00,0x00,0x00,0x00,0x00,0x00,0x00,0x00,0x00,0x00,0x00,0x00,0x00,0x00,0x32,0x60,0x75,0x79,0x12,0x65,0xC6,0x42,0x4E,0x3C,0x41,0x2C,0x0C,0xF2,0x06,0x97,0xA8,0x4C,0x53,0x3F,0xA4,0xAF,0xD9,0x69,0xB5,0xAC,0xD0,0x5C,0x56,0x1D,0xEC,0xE4},
    {0x00,0x00,0x00,0x00,0x00,0x02,0x00,0x00,0x00,0x00,0x00,0x00,0x00,0x00,0x00,0x00,0x00,0x00,0x00,0x00,0x00,0x00,0x00,0x00,0x00,0x00,0x00,0x00,0x00,0x00,0x00,0x00,0x77,0xC2,0xE7,0x26,0x88,0x99,0xE0,0x39,0x83,0x7F,0x50,0xC7,0xD4,0x7E,0x6D,0x99,0x11,0x8E,0xFB,0x1C,0x66,0x4A,0x82,0xAF,0xF3,0x7C,0x59,0xB5,0x02,0xBB,0x79,0x60},
    {0x00,0x00,0x00,0x00,0x00,0x04,0x00,0x00,0x00,0x00,0x00,0x00,0x00,0x00,0x00,0x00,0x00,0x00,0x00,0x00,0x00,0x00,0x00,0x00,0x00,0x00,0x00,0x00,0x00,0x00,0x00,0x00,0xE8,0x6D,0x9D,0x7F,0xDF,0x94,0x06,0x9A,0x88,0xDD,0x4F,0x27,0xAB,0x42,0x18,0x7A,0x81,0x03,0xDF,0x44,0xFF,0x81,0x57,0xA4,0xA0,0xAF,0x8D,0x6A,0x3A,0x87,0xF8,0x54},
    {0x00,0x00,0x00,0x00,0x00,0x08,0x00,0x00,0x00,0x00,0x00,0x00,0x00,0x00,0x00,0x00,0x00,0x00,0x00,0x00,0x00,0x00,0x00,0x00,0x00,0x00,0x00,0x00,0x00,0x00,0x00,0x00,0xFC,0x7B,0xE7,0x5C,0x8A,0x9C,0x64,0x13,0xEC,0x23,0x7D,0xB7,0x23,0x30,0x36,0xF2,0x2B,0xF3,0xA7,0x07,0x28,0x1E,0xEE,0x04,0xC1,0x5B,0x9B,0xF8,0x20,0xEE,0xF9,0x41},
    {0x00,0x00,0x00,0x00,0x00,0x10,0x00,0x00,0x00,0x00,0x00,0x00,0x00,0x00,0x00,0x00,0x00,0x00,0x00,0x00,0x00,0x00,0x00,0x00,0x00,0x00,0x00,0x00,0x00,0x00,0x00,0x00,0x36,0xB4,0x9A,0x0F,0xED,0x09,0x07,0x99,0x3D,0x80,0x92,0x4A,0x1E,0x53,0xD1,0x1E,0x49,0x73,0x6A,0xB4,0xEB,0x33,0xC0,0xEE,0xC9,0xC3,0x12,0xFF,0x20,0x41,0x50,0xB1},
    {0x00,0x00,0x00,0x00,0x00,0x20,0x00,0x00,0x00,0x00,0x00,0x00,0x00,0x00,0x00,0x00,0x00,0x00,0x00,0x00,0x00,0x00,0x00,0x00,0x00,0x00,0x00,0x00,0x00,0x00,0x00,0x00,0x9A,0x05,0x93,0xF4,0x4C,0xBC,0x5C,0xD7,0xBC,0x73,0xA2,0x9D,0x68,0xE4,0xBB,0x65,0xD8,0xFC,0x53,0xDE,0x01,0x74,0x14,0x1F,0xAE,0x19,0xA4,0xEB,0xE2,0x9B,0x93,0xA5},
    {0x00,0x00,0x00,0x00,0x00,0x40,0x00,0x00,0x00,0x00,0x00,0x00,0x00,0x00,0x00,0x00,0x00,0x00,0x00,0x00,0x00,0x00,0x00,0x00,0x00,0x00,0x00,0x00,0x00,0x00,0x00,0x00,0xDF,0x9E,0xD0,0xB5,0x14,0x84,0xCB,0x99,0x1A,0x22,0x41,0xA5,0x01,0x21,0xBF,0xAB,0xE7,0x97,0xED,0x8C,0x33,0x38,0xAA,0x2A,0xE8,0x75,0x48,0xF6,0x9D,0x4F,0x9F,0x37},
    {0x00,0x00,0x00,0x00,0x00,0x80,0x00,0x00,0x00,0x00,0x00,0x00,0x00,0x00,0x00,0x00,0x00,0x00,0x00,0x00,0x00,0x00,0x00,0x00,0x00,0x00,0x00,0x00,0x00,0x00,0x00,0x00,0x90,0x28,0xDB,0xB7,0x6B,0x99,0x03,0x1D,0xFE,0x0E,0xAC,0x7D,0xAC,0xED,0xAF,0xE4,0x39,0x6B,0xF8,0x47,0x7E,0x33,0x94,0xBC,0x7C,0x4A,0x81,0x5C,0x6C,0xD1,0x57,0x00},
    {0x00,0x00,0x00,0x00,0x00,0x00,0x01,0x00,0x00,0x00,0x00,0x00,0x00,0x00,0x00,0x00,0x00,0x00,0x00,0x00,0x00,0x00,0x00,0x00,0x00,0x00,0x00,0x00,0x00,0x00,0x00,0x00,0xD0,0xB7,0xE0,0xAE,0x7B,0x97,0x3B,0x10,0x8F,0x70,0x9D,0x85,0x3B,0x5E,0xC3,0xAE,0xCA,0xC9,0x6B,0x8B,0x2A,0xFA,0x8E,0xA8,0xFD,0xCC,0xAB,0x18,0x24,0x0B,0xCA,0x20},
    {0x00,0x00,0x00,0x00,0x00,0x00,0x02,0x00,0x00,0x00,0x00,0x00,0x00,0x00,0x00,0x00,0x00,0x00,0x00,0x00,0x00,0x00,0x00,0x00,0x00,0x00,0x00,0x00,0x00,0x00,0x00,0x00,0xA7,0x8D,0xC6,0xC9,0xEF,0xDC,0x86,0x70,0x6E,0x35,0x73,0x13,0x3D,0x70,0x37,0xF1,0xEB,0xFF,0x8C,0xFF,0x40,0xA7,0x6E,0xC3,0xEB,0x5F,0xA8,0x8A,0x1A,0x23,0x1C,0x33},
    {0x00,0x00,0x00,0x00,0x00,0x00,0x04,0x00,0x00,0x00,0x00,0x00,0x00,0x00,0x00,0x00,0x00,0x00,0x00,0x00,0x00,0x00,0x00,0x00,0x00,0x00,0x00,0x00,0x00,0x00,0x00,0x00,0x46,0xFF,0xDF,0xCB,0x5D,0x8D,0x48,0xBB,0x01,0x8E,0x7C,0x49,0x91,0xB4,0xE3,0x78,0x7B,0x66,0xF3,0x32,0xD3,0xDB,0xB2,0x62,0xC8,0x81,0x3C,0xFF,0xD8,0x22,0xBE,0x97},
    {0x00,0x00,0x00,0x00,0x00,0x00,0x08,0x00,0x00,0x00,0x00,0x00,0x00,0x00,0x00,0x00,0x00,0x00,0x00,0x00,0x00,0x00,0x00,0x00,0x00,0x00,0x00,0x00,0x00,0x00,0x00,0x00,0x94,0xE9,0xEB,0xEC,0xF4,0x45,0x38,0x70,0xE4,0xFF,0x57,0x60,0x88,0xED,0x6B,0xBB,0x07,0x7C,0xB5,0xF3,0x10,0x77,0x0B,0x84,0x5B,0x66,0x87,0x30,0x58,0xF4,0xEC,0x41},
    {0x00,0x00,0x00,0x00,0x00,0x00,0x10,0x00,0x00,0x00,0x00,0x00,0x00,0x00,0x00,0x00,0x00,0x00,0x00,0x00,0x00,0x00,0x00,0x00,0x00,0x00,0x00,0x00,0x00,0x00,0x00,0x00,0x1E,0x40,0x60,0xB1,0xBE,0xFA,0x89,0x9E,0x9E,0x21,0xC0,0xC4,0x3D,0xF7,0xA1,0xDC,0x71,0x17,0x48,0x0E,0xD8,0x0E,0x8E,0x39,0x8D,0xFB,0xF5,0x5C,0x7F,0x0F,0x31,0x83},
    {0x00,0x00,0x00,0x00,0x00,0x00,0x20,0x00,0x00,0x00,0x00,0x00,0x00,0x00,0x00,0x00,0x00,0x00,0x00,0x00,0x00,0x00,0x00,0x00,0x00,0x00,0x00,0x00,0x00,0x00,0x00,0x00,0x2D,0x0E,0x5A,0x48,0x3A,0x7B,0x21,0xAE,0x0C,0x06,0x0E,0x73,0x85,0x57,0xB5,0x86,0x3B,0xEC,0x7B,0x07,0x6C,0x62,0x6F,0xFE,0x13,0xC0,0xCD,0x19,0x7A,0xE9,0xF0,0xD4},
    {0x00,0x00,0x00,0x00,0x00,0x00,0x40,0x00,0x00,0x00,0x00,0x00,0x00,0x00,0x00,0x00,0x00,0x00,0x00,0x00,0x00,0x00,0x00,0x00,0x00,0x00,0x00,0x00,0x00,0x00,0x00,0x00,0x75,0x38,0x66,0x44,0x6A,0xBA,0xBF,0xD2,0x2E,0x75,0x62,0x5E,0x2F,0x2D,0x31,0x84,0xE8,0xE7,0xAC,0x75,0x22,0x1D,0x73,0xE2,0x76,0xB9,0x19,0x6E,0x0D,0x73,0xDB,0x03},
    {0x00,0x00,0x00,0x00,0x00,0x00,0x80,0x00,0x00,0x00,0x00,0x00,0x00,0x00,0x00,0x00,0x00,0x00,0x00,0x00,0x00,0x00,0x00,0x00,0x00,0x00,0x00,0x00,0x00,0x00,0x00,0x00,0xF3,0x55,0x23,0xED,0x5E,0x9E,0x46,0x9C,0x8B,0x2D,0x6E,0x81,0x6E,0x8F,0x77,0x80,0x43,0x71,0x6F,0x0A,0x0E,0xF3,0xB4,0x69,0x14,0xFD,0x48,0x8D,0xC9,0x60,0xE3,0x54},
    {0x00,0x00,0x00,0x00,0x00,0x00,0x00,0x01,0x00,0x00,0x00,0x00,0x00,0x00,0x00,0x00,0x00,0x00,0x00,0x00,0x00,0x00,0x00,0x00,0x00,0x00,0x00,0x00,0x00,0x00,0x00,0x00,0x04,0x7E,0x8C,0x85,0xF4,0x4A,0x1A,0xF7,0xB5,0x01,0xC4,0x11,0xBB,0xC7,0xD8,0x9F,0xE3,0xB1,0xC7,0x1F,0x26,0x6A,0xB8,0x88,0x78,0x61,0xC6,0x3C,0x44,0xFB,0x0C,0x62},
    {0x00,0x00,0x00,0x00,0x00,0x00,0x00,0x02,0x00,0x00,0x00,0x00,0x00,0x00,0x00,0x00,0x00,0x00,0x00,0x00,0x00,0x00,0x00,0x00,0x00,0x00,0x00,0x00,0x00,0x00,0x00,0x00,0x40,0x0C,0xD3,0x17,0xC0,0xD0,0xE8,0x21,0x63,0x99,0x4B,0xD8,0xCB,0x5C,0x06,0x49,0x04,0x57,0xD3,0xEB,0x8C,0x31,0x49,0x0E,0xA0,0x0D,0x17,0x71,0x25,0x03,0x40,0x72},
    {0x00,0x00,0x00,0x00,0x00,0x00,0x00,0x04,0x00,0x00,0x00,0x00,0x00,0x00,0x00,0x00,0x00,0x00,0x00,0x00,0x00,0x00,0x00,0x00,0x00,0x00,0x00,0x00,0x00,0x00,0x00,0x00,0x6D,0x14,0x9C,0xFC,0xFD,0x52,0x72,0x64,0x8F,0x07,0xDA,0xF3,0x6D,0x78,0x24,0x1E,0xCE,0xEF,0x46,0xCD,0x7D,0x06,0x9C,0x59,0x32,0x1A,0x60,0x07,0xC5,0x3A,0xE9,0x83},
    {0x00,0x00,0x00,0x00,0x00,0x00,0x00,0x08,0x00,0x00,0x00,0x00,0x00,0x00,0x00,0x00,0x00,0x00,0x00,0x00,0x00,0x00,0x00,0x00,0x00,0x00,0x00,0x00,0x00,0x00,0x00,0x00,0x75,0xCB,0x00,0x7A,0xD5,0x8A,0xFA,0x6C,0x7E,0x61,0xDC,0x03,0xBE,0x12,0x45,0x0E,0x9C,0xA2,0xBE,0x44,0xD1,0xEA,0x27,0x2F,0x46,0xB7,0x0A,0x8D,0xBA,0x40,0xB2,0xC6},
    {0x00,0x00,0x00,0x00,0x00,0x00,0x00,0x10,0x00,0x00,0x00,0x00,0x00,0x00,0x00,0x00,0x00,0x00,0x00,0x00,0x00,0x00,0x00,0x00,0x00,0x00,0x00,0x00,0x00,0x00,0x00,0x00,0x90,0x47,0x8E,0xEC,0xF8,0xFD,0xB0,0x5E,0x55,0x0F,0x64,0xDD,0xA9,0x18,0x9A,0x1E,0x11,0x18,0xE1,0x55,0x80,0xC0,0x27,0x55,0x43,0x38,0x88,0x50,0x0B,0xE4,0x94,0xA4},
    {0x00,0x00,0x00,0x00,0x00,0x00,0x00,0x20,0x00,0x00,0x00,0x00,0x00,0x00,0x00,0x00,0x00,0x00,0x00,0x00,0x00,0x00,0x00,0x00,0x00,0x00,0x00,0x00,0x00,0x00,0x00,0x00,0xC1,0xB8,0x9C,0x58,0xCE,0x24,0xC4,0xD0,0x69,0x22,0xE4,0x1A,0x59,0x6C,0x26,0x6C,0x7D,0x82,0x89,0x27,0x9C,0x33,0x6F,0x8C,0xE9,0xB7,0xEB,0x1F,0x29,0x56,0x3E,0x37},
    {0x00,0x00,0x00,0x00,0x00,0x00,0x00,0x40,0x00,0x00,0x00,0x00,0x00,0x00,0x00,0x00,0x00,0x00,0x00,0x00,0x00,0x00,0x00,0x00,0x00,0x00,0x00,0x00,0x00,0x00,0x00,0x00,0xA1,0x50,0x8F,0x15,0x0C,0x86,0x5D,0x77,0x29,0x87,0x6A,0xCE,0x67,0x9C,0x0B,0xEB,0xE2,0xCA,0x60,0xAB,0xD4,0x04,0x72,0x11,0xDD,0x62,0x91,0x36,0x74,0xA4,0xC6,0xC1},
    {0x00,0x00,0x00,0x00,0x00,0x00,0x00,0x80,0x00,0x00,0x00,0x00,0x00,0x00,0x00,0x00,0x00,0x00,0x00,0x00,0x00,0x00,0x00,0x00,0x00,0x00,0x00,0x00,0x00,0x00,0x00,0x00,0xEC,0xD1,0x10,0xEC,0xF9,0xE0,0x4A,0xCB,0x90,0xF4,0x86,0x44,0x03,0x65,0x29,0xC0,0x00,0x59,0xD0,0x5C,0x02,0x95,0x26,0x95,0x3E,0x29,0xE8,0x18,0x50,0x89,0x38,0xD6},
    {0x00,0x00,0x00,0x00,0x00,0x00,0x00,0x00,0x01,0x00,0x00,0x00,0x00,0x00,0x00,0x00,0x00,0x00,0x00,0x00,0x00,0x00,0x00,0x00,0x00,0x00,0x00,0x00,0x00,0x00,0x00,0x00,0x2B,0x67,0xA8,0x91,0x06,0x4E,0x34,0x38,0x15,0x34,0x0E,0x74,0xF1,0xF8,0x28,0xA9,0x84,0x9E,0x3A,0x78,0x07,0x58,0x84,0x68,0x19,0xC3,0x22,0xBE,0xC6,0x21,0x66,0x83},
    {0x00,0x00,0x00,0x00,0x00,0x00,0x00,0x00,0x02,0x00,0x00,0x00,0x00,0x00,0x00,0x00,0x00,0x00,0x00,0x00,0x00,0x00,0x00,0x00,0x00,0x00,0x00,0x00,0x00,0x00,0x00,0x00,0x33,0xA3,0xA4,0x8A,0x91,0xA0,0xCB,0xBD,0x55,0xDC,0x78,0x06,0xBB,0x28,0x03,0x9D,0x61,0x35,0x2E,0x82,0x97,0x9B,0x61,0x17,0xEF,0x0E,0xA1,0x14,0x09,0xA0,0xD8,0x86},
    {0x00,0x00,0x00,0x00,0x00,0x00,0x00,0x00,0x04,0x00,0x00,0x00,0x00,0x00,0x00,0x00,0x00,0x00,0x00,0x00,0x00,0x00,0x00,0x00,0x00,0x00,0x00,0x00,0x00,0x00,0x00,0x00,0x28,0x8B,0xB6,0x68,0x9A,0x0E,0x48,0xE6,0x07,0x57,0x5D,0x01,0x98,0x27,0xCF,0x48,0x21,0x03,0xD1,0xF0,0xAD,0x09,0x56,0xA7,0x76,0x0A,0x72,0x80,0xA8,0xF0,0xC7,0x15},
    {0x00,0x00,0x00,0x00,0x00,0x00,0x00,0x00,0x08,0x00,0x00,0x00,0x00,0x00,0x00,0x00,0x00,0x00,0x00,0x00,0x00,0x00,0x00,0x00,0x00,0x00,0x00,0x00,0x00,0x00,0x00,0x00,0xCC,0xB4,0x81,0xD2,0xD9,0x56,0x5A,0x45,0x0E,0x6A,0x55,0x79,0x2E,0xC7,0xCE,0x03,0x77,0x8E,0x57,0xA9,0xEC,0xBE,0x80,0x25,0x57,0x7F,0x2E,0x50,0x07,0x10,0x38,0xD2},
    {0x00,0x00,0x00,0x00,0x00,0x00,0x00,0x00,0x10,0x00,0x00,0x00,0x00,0x00,0x00,0x00,0x00,0x00,0x00,0x00,0x00,0x00,0x00,0x00,0x00,0x00,0x00,0x00,0x00,0x00,0x00,0x00,0xA9,0xFA,0xC3,0x99,0x8E,0xE1,0x6E,0x34,0xF1,0xBD,0x47,0x32,0x8A,0x55,0x2A,0x2C,0x7C,0x9B,0x26,0xCD,0x53,0x9C,0x20,0x8D,0xEE,0x1E,0xA0,0x48,0xF5,0x94,0xE4,0xF5},
    {0x00,0x00,0x00,0x00,0x00,0x00,0x00,0x00,0x20,0x00,0x00,0x00,0x00,0x00,0x00,0x00,0x00,0x00,0x00,0x00,0x00,0x00,0x00,0x00,0x00,0x00,0x00,0x00,0x00,0x00,0x00,0x00,0x05,0xFC,0x01,0x10,0xD0,0xE3,0x56,0x31,0x54,0x0A,0x77,0x9E,0x2E,0x2D,0x19,0x42,0x7D,0xF0,0xA0,0x45,0x9A,0x6E,0x74,0x09,0x26,0x37,0x59,0xD6,0x26,0x09,0x02,0x97},
    {0x00,0x00,0x00,0x00,0x00,0x00,0x00,0x00,0x40,0x00,0x00,0x00,0x00,0x00,0x00,0x00,0x00,0x00,0x00,0x00,0x00,0x00,0x00,0x00,0x00,0x00,0x00,0x00,0x00,0x00,0x00,0x00,0x83,0x1B,0x0C,0x0B,0x75,0x68,0x59,0x72,0xDC,0x62,0x1E,0xF6,0xA0,0xAF,0xB0,0x4B,0x78,0xE3,0x93,0x46,0xCE,0x8D,0xDF,0x79,0x30,0xB6,0x39,0xE7,0x10,0x9B,0xB6,0x70},
    {0x00,0x00,0x00,0x00,0x00,0x00,0x00,0x00,0x80,0x00,0x00,0x00,0x00,0x00,0x00,0x00,0x00,0x00,0x00,0x00,0x00,0x00,0x00,0x00,0x00,0x00,0x00,0x00,0x00,0x00,0x00,0x00,0x49,0x0F,0xD1,0x5B,0x1C,0x6F,0xDA,0x53,0x5E,0xC2,0x98,0x23,0x09,0x6F,0x88,0xE2,0x47,0x2D,0x1D,0x14,0x00,0xC3,0x0A,0xFA,0x7D,0xA1,0x4B,0xA6,0x03,0xF9,0xAC,0x22},
    {0x00,0x00,0x00,0x00,0x00,0x00,0x00,0x00,0x00,0x01,0x00,0x00,0x00,0x00,0x00,0x00,0x00,0x00,0x00,0x00,0x00,0x00,0x00,0x00,0x00,0x00,0x00,0x00,0x00,0x00,0x00,0x00,0xF9,0x0B,0x85,0xFA,0x6F,0x20,0x90,0x65,0xE8,0x57,0xD2,0x29,0xBD,0x11,0x10,0xCA,0xC5,0x04,0xFB,0xF5,0xD3,0xE8,0xA0,0xE3,0xF1,0x24,0x4E,0x70,0xF4,0x15,0x84,0x54},
    {0x00,0x00,0x00,0x00,0x00,0x00,0x00,0x00,0x00,0x02,0x00,0x00,0x00,0x00,0x00,0x00,0x00,0x00,0x00,0x00,0x00,0x00,0x00,0x00,0x00,0x00,0x00,0x00,0x00,0x00,0x00,0x00,0x76,0x55,0x02,0x29,0x08,0xDA,0xD0,0x6D,0x0C,0x4D,0xFA,0x37,0xAE,0xF9,0x21,0xCB,0xCC,0x6B,0xAF,0x18,0xC2,0xA7,0x72,0xB1,0xAC,0xED,0x78,0xB0,0x7E,0x50,0xA0,0x26},
    {0x00,0x00,0x00,0x00,0x00,0x00,0x00,0x00,0x00,0x04,0x00,0x00,0x00,0x00,0x00,0x00,0x00,0x00,0x00,0x00,0x00,0x00,0x00,0x00,0x00,0x00,0x00,0x00,0x00,0x00,0x00,0x00,0x52,0xAC,0xC3,0xCA,0x27,0x5A,0x4F,0x53,0xE2,0xD6,0xB3,0x57,0x42,0x1F,0xB3,0x8B,0xBC,0x78,0x4D,0x26,0x12,0x7A,0x7A,0xA6,0x73,0x3D,0xC2,0x93,0x25,0x0E,0xD4,0x81},
    {0x00,0x00,0x00,0x00,0x00,0x00,0x00,0x00,0x00,0x08,0x00,0x00,0x00,0x00,0x00,0x00,0x00,0x00,0x00,0x00,0x00,0x00,0x00,0x00,0x00,0x00,0x00,0x00,0x00,0x00,0x00,0x00,0x35,0x45,0xCF,0xB6,0x78,0x27,0x34,0x65,0x67,0x61,0xA6,0x7E,0xCA,0x67,0xD2,0x76,0xE5,0xB8,0x1F,0xB5,0x4D,0xBA,0xB7,0x6A,0xB7,0x2F,0x58,0x40,0x36,0xC5,0x89,0x44},
    {0x00,0x00,0x00,0x00,0x00,0x00,0x00,0x00,0x00,0x10,0x00,0x00,0x00,0x00,0x00,0x00,0x00,0x00,0x00,0x00,0x00,0x00,0x00,0x00,0x00,0x00,0x00,0x00,0x00,0x00,0x00,0x00,0x13,0x54,0x19,0x23,0x18,0x18,0xB5,0x6D,0x4C,0x96,0x7E,0x03,0xEE,0x7E,0x5F,0xF7,0x3D,0x2F,0xD6,0x3E,0x40,0x9D,0xC8,0xFB,0x69,0xFF,0xBE,0x82,0x56,0x08,0x73,0xC3},
    {0x00,0x00,0x00,0x00,0x00,0x00,0x00,0x00,0x00,0x20,0x00,0x00,0x00,0x00,0x00,0x00,0x00,0x00,0x00,0x00,0x00,0x00,0x00,0x00,0x00,0x00,0x00,0x00,0x00,0x00,0x00,0x00,0xCA,0xB0,0x33,0xF8,0x30,0xD2,0x40,0xB8,0x1E,0x45,0x7B,0xB2,0xC8,0x12,0x25,0x9C,0xB6,0x83,0xA1,0xDA,0xDF,0x89,0x0F,0xD1,0xCB,0x6F,0xAD,0xF7,0x3B,0xC8,0x02,0xB4},
    {0x00,0x00,0x00,0x00,0x00,0x00,0x00,0x00,0x00,0x40,0x00,0x00,0x00,0x00,0x00,0x00,0x00,0x00,0x00,0x00,0x00,0x00,0x00,0x00,0x00,0x00,0x00,0x00,0x00,0x00,0x00,0x00,0x32,0xCB,0x5E,0x7D,0x53,0x3E,0xB5,0xFF,0xAC,0xED,0x4C,0x23,0x18,0xF8,0x45,0x2F,0x31,0xC8,0xEE,0xDB,0x8F,0x2F,0xF8,0x67,0x67,0x30,0x77,0xDE,0x23,0x67,0x5E,0x56},
    {0x00,0x00,0x00,0x00,0x00,0x00,0x00,0x00,0x00,0x80,0x00,0x00,0x00,0x00,0x00,0x00,0x00,0x00,0x00,0x00,0x00,0x00,0x00,0x00,0x00,0x00,0x00,0x00,0x00,0x00,0x00,0x00,0x98,0xE0,0xBE,0x33,0x69,0xD4,0xD1,0x46,0xCF,0x46,0x9F,0xD2,0xFE,0x85,0x5B,0xBB,0x72,0x17,0xB0,0x6A,0x0F,0x15,0x9C,0x4E,0x6E,0x35,0xC8,0x3B,0x73,0xB5,0xD2,0xE7},
    {0x00,0x00,0x00,0x00,0x00,0x00,0x00,0x00,0x00,0x00,0x01,0x00,0x00,0x00,0x00,0x00,0x00,0x00,0x00,0x00,0x00,0x00,0x00,0x00,0x00,0x00,0x00,0x00,0x00,0x00,0x00,0x00,0x3B,0xAF,0x54,0x4E,0x42,0x3D,0x6C,0x28,0x8E,0xC2,0x64,0x19,0x0D,0x4B,0xD9,0x92,0x5E,0xD9,0xBE,0x7B,0x09,0x5E,0x61,0x1A,0xA9,0x21,0x4F,0xDD,0x68,0x69,0x56,0xB5},
    {0x00,0x00,0x00,0x00,0x00,0x00,0x00,0x00,0x00,0x00,0x02,0x00,0x00,0x00,0x00,0x00,0x00,0x00,0x00,0x00,0x00,0x00,0x00,0x00,0x00,0x00,0x00,0x00,0x00,0x00,0x00,0x00,0x7F,0x5E,0xD5,0x3B,0x46,0x2E,0x0D,0x7D,0x29,0x6B,0xE9,0x6B,0x82,0x63,0x8D,0x06,0x2B,0x7E,0x6C,0xFA,0xD7,0xC5,0xCB,0x6D,0xDA,0x30,0x36,0xA3,0x07,0x9D,0x0F,0x74},
    {0x00,0x00,0x00,0x00,0x00,0x00,0x00,0x00,0x00,0x00,0x04,0x00,0x00,0x00,0x00,0x00,0x00,0x00,0x00,0x00,0x00,0x00,0x00,0x00,0x00,0x00,0x00,0x00,0x00,0x00,0x00,0x00,0x38,0x4F,0xBF,0xE3,0x65,0x9E,0x1D,0x5E,0x41,0x66,0xA4,0x54,0x38,0x1F,0x31,0x9F,0xAD,0x17,0x00,0x5D,0x74,0x4D,0xF3,0x46,0x20,0x29,0x23,0x99,0xED,0x6F,0xE2,0x30},
    {0x00,0x00,0x00,0x00,0x00,0x00,0x00,0x00,0x00,0x00,0x08,0x00,0x00,0x00,0x00,0x00,0x00,0x00,0x00,0x00,0x00,0x00,0x00,0x00,0x00,0x00,0x00,0x00,0x00,0x00,0x00,0x00,0x6B,0xC3,0xA6,0x44,0xD2,0x80,0x2A,0x44,0x19,0x50,0x2F,0x64,0x69,0xB8,0xE5,0xEA,0xFD,0x50,0xC0,0x29,0x23,0x8F,0xBD,0xEB,0xBC,0x77,0xD1,0xD2,0x3A,0x53,0x54,0xA3},
    {0x00,0x00,0x00,0x00,0x00,0x00,0x00,0x00,0x00,0x00,0x10,0x00,0x00,0x00,0x00,0x00,0x00,0x00,0x00,0x00,0x00,0x00,0x00,0x00,0x00,0x00,0x00,0x00,0x00,0x00,0x00,0x00,0xF1,0xA8,0x7F,0x8D,0x12,0x59,0x51,0x98,0x65,0x43,0x60,0x91,0xAF,0x19,0x01,0x13,0x6B,0x4E,0xE5,0xED,0xB8,0x89,0x95,0x86,0x9A,0x82,0xF0,0xAA,0xFB,0x8B,0x8F,0x15},
    {0x00,0x00,0x00,0x00,0x00,0x00,0x00,0x00,0x00,0x00,0x20,0x00,0x00,0x00,0x00,0x00,0x00,0x00,0x00,0x00,0x00,0x00,0x00,0x00,0x00,0x00,0x00,0x00,0x00,0x00,0x00,0x00,0x71,0xA4,0x7A,0x3A,0xFE,0x76,0x4C,0x72,0x76,0xAE,0x93,0x85,0x7D,0xE2,0xE5,0xF6,0xDF,0xB9,0xC8,0x86,0x27,0xF6,0xD2,0x96,0xC6,0xD6,0x05,0x69,0x44,0xAF,0xAC,0xB5},
    {0x00,0x00,0x00,0x00,0x00,0x00,0x00,0x00,0x00,0x00,0x40,0x00,0x00,0x00,0x00,0x00,0x00,0x00,0x00,0x00,0x00,0x00,0x00,0x00,0x00,0x00,0x00,0x00,0x00,0x00,0x00,0x00,0xFD,0x84,0xF1,0x98,0xB6,0x4C,0xB2,0x45,0x84,0x35,0xC4,0x4B,0x81,0x99,0xA5,0xCB,0x2F,0xC6,0x3E,0x9B,0xD0,0x1E,0x08,0x83,0x23,0x1E,0x5B,0x65,0xE8,0x8E,0x63,0x45},
    {0x00,0x00,0x00,0x00,0x00,0x00,0x00,0x00,0x00,0x00,0x80,0x00,0x00,0x00,0x00,0x00,0x00,0x00,0x00,0x00,0x00,0x00,0x00,0x00,0x00,0x00,0x00,0x00,0x00,0x00,0x00,0x00,0x5E,0x9F,0xFC,0x8D,0x7E,0x37,0x1B,0x7C,0xAC,0xC5,0x99,0xE4,0x3E,0x0E,0xD1,0x30,0x93,0x1E,0xE7,0xD9,0x6C,0x37,0x8C,0x56,0x6E,0xA6,0x80,0xC8,0xDE,0x1C,0xAB,0x92},
    {0x00,0x00,0x00,0x00,0x00,0x00,0x00,0x00,0x00,0x00,0x00,0x01,0x00,0x00,0x00,0x00,0x00,0x00,0x00,0x00,0x00,0x00,0x00,0x00,0x00,0x00,0x00,0x00,0x00,0x00,0x00,0x00,0xEC,0x89,0x61,0x51,0x6D,0xC0,0xE5,0xB7,0x4E,0x20,0xBB,0xE4,0x66,0xFB,0xC5,0x0A,0x71,0x87,0x5D,0xB5,0xB9,0x1B,0x9E,0xCD,0x2F,0x9C,0xB6,0x3F,0x1B,0x21,0x37,0xE2},
    {0x00,0x00,0x00,0x00,0x00,0x00,0x00,0x00,0x00,0x00,0x00,0x02,0x00,0x00,0x00,0x00,0x00,0x00,0x00,0x00,0x00,0x00,0x00,0x00,0x00,0x00,0x00,0x00,0x00,0x00,0x00,0x00,0xA0,0x3F,0xD1,0xAE,0x67,0x3D,0x86,0x7A,0x11,0x01,0x16,0xFF,0x97,0x42,0x83,0x7F,0xC6,0x4D,0x60,0x8F,0xB5,0x96,0xCF,0xD3,0xEC,0xB2,0x13,0x51,0xC9,0x10,0x06,0xF6},
    {0x00,0x00,0x00,0x00,0x00,0x00,0x00,0x00,0x00,0x00,0x00,0x04,0x00,0x00,0x00,0x00,0x00,0x00,0x00,0x00,0x00,0x00,0x00,0x00,0x00,0x00,0x00,0x00,0x00,0x00,0x00,0x00,0x4F,0xC8,0xEC,0x71,0x59,0x64,0xCA,0xD4,0xF5,0x6A,0xB4,0x7F,0xE3,0x6E,0xE9,0x34,0x31,0x8C,0x0D,0x7D,0x2C,0x74,0x57,0x1B,0x13,0x1F,0x38,0x27,0x86,0xF0,0xBE,0xA5},
    {0x00,0x00,0x00,0x00,0x00,0x00,0x00,0x00,0x00,0x00,0x00,0x08,0x00,0x00,0x00,0x00,0x00,0x00,0x00,0x00,0x00,0x00,0x00,0x00,0x00,0x00,0x00,0x00,0x00,0x00,0x00,0x00,0xD1,0x36,0x2C,0xDF,0xF9,0x0A,0xAF,0x06,0x30,0xDB,0xAA,0xB7,0xA0,0x99,0x81,0x14,0x34,0xB2,0xAE,0x45,0x2C,0x76,0xE0,0x60,0x96,0x02,0xCF,0x54,0x25,0xE8,0xAA,0xE6},
    {0x00,0x00,0x00,0x00,0x00,0x00,0x00,0x00,0x00,0x00,0x00,0x10,0x00,0x00,0x00,0x00,0x00,0x00,0x00,0x00,0x00,0x00,0x00,0x00,0x00,0x00,0x00,0x00,0x00,0x00,0x00,0x00,0xB7,0x54,0x10,0x7E,0x51,0x47,0xC6,0x2D,0x54,0x37,0x91,0x68,0xE4,0x0C,0xA7,0x2A,0x9B,0xE6,0xCF,0x68,0x64,0x7A,0x04,0x62,0xE2,0xD4,0xCD,0x5F,0x07,0xF3,0x40,0x27},
    {0x00,0x00,0x00,0x00,0x00,0x00,0x00,0x00,0x00,0x00,0x00,0x20,0x00,0x00,0x00,0x00,0x00,0x00,0x00,0x00,0x00,0x00,0x00,0x00,0x00,0x00,0x00,0x00,0x00,0x00,0x00,0x00,0xD6,0x74,0xAD,0xC9,0xA1,0x37,0xAC,0x38,0x6E,0x54,0x91,0x2F,0x19,0xC9,0x77,0x0B,0x29,0x31,0x4F,0x79,0xA5,0xC8,0xE7,0x4A,0x8A,0xC1,0xB9,0x8A,0xB7,0xBF,0x74,0xD7},
    {0x00,0x00,0x00,0x00,0x00,0x00,0x00,0x00,0x00,0x00,0x00,0x40,0x00,0x00,0x00,0x00,0x00,0x00,0x00,0x00,0x00,0x00,0x00,0x00,0x00,0x00,0x00,0x00,0x00,0x00,0x00,0x00,0xC3,0x88,0x22,0xCF,0xAC,0x3C,0x56,0x4B,0x33,0x0A,0x5C,0xB8,0xD0,0xFD,0x9A,0xB1,0x5A,0xFD,0x33,0x40,0x5A,0xA0,0x65,0x1B,0xEB,0x9F,0xB0,0x67,0x63,0x8E,0xA4,0x34},
    {0x00,0x00,0x00,0x00,0x00,0x00,0x00,0x00,0x00,0x00,0x00,0x80,0x00,0x00,0x00,0x00,0x00,0x00,0x00,0x00,0x00,0x00,0x00,0x00,0x00,0x00,0x00,0x00,0x00,0x00,0x00,0x00,0x2E,0xB9,0x7B,0x31,0x59,0x96,0x96,0x15,0xEC,0x6A,0x64,0x8E,0xA4,0xD0,0x5A,0x4E,0xB7,0xEB,0xDE,0xF5,0xB9,0xF2,0x36,0x3E,0x3C,0x6B,0x35,0x3D,0x10,0xFE,0x1D,0xF0},
    {0x00,0x00,0x00,0x00,0x00,0x00,0x00,0x00,0x00,0x00,0x00,0x00,0x01,0x00,0x00,0x00,0x00,0x00,0x00,0x00,0x00,0x00,0x00,0x00,0x00,0x00,0x00,0x00,0x00,0x00,0x00,0x00,0xB4,0x4D,0xBB,0x82,0xBF,0xA1,0x18,0xB4,0x45,0xFE,0xFB,0x14,0x4A,0x06,0x4F,0x79,0x9F,0x03,0xAB,0x8C,0x93,0x2A,0x72,0x7D,0xAD,0x06,0x8E,0x5C,0xC8,0x55,0xEF,0x56},
    {0x00,0x00,0x00,0x00,0x00,0x00,0x00,0x00,0x00,0x00,0x00,0x00,0x02,0x00,0x00,0x00,0x00,0x00,0x00,0x00,0x00,0x00,0x00,0x00,0x00,0x00,0x00,0x00,0x00,0x00,0x00,0x00,0xBE,0xB9,0x79,0x93,0x1E,0x18,0x29,0xF6,0x10,0x82,0x39,0x9C,0x25,0x58,0x05,0x7C,0xE6,0x19,0xE3,0x25,0xBB,0xAE,0x35,0xE0,0x8C,0xB7,0x26,0x17,0x74,0x74,0x76,0x55},
    {0x00,0x00,0x00,0x00,0x00,0x00,0x00,0x00,0x00,0x00,0x00,0x00,0x04,0x00,0x00,0x00,0x00,0x00,0x00,0x00,0x00,0x00,0x00,0x00,0x00,0x00,0x00,0x00,0x00,0x00,0x00,0x00,0x89,0x92,0xF2,0xA5,0xE3,0xF4,0x1E,0x53,0x15,0x78,0xA1,0xBF,0xA4,0xB1,0xDD,0x48,0xF8,0x13,0xA1,0xA0,0x37,0x17,0x39,0x8F,0xEA,0x48,0xD6,0x8E,0x0F,0x25,0xC9,0x63},
    {0x00,0x00,0x00,0x00,0x00,0x00,0x00,0x00,0x00,0x00,0x00,0x00,0x08,0x00,0x00,0x00,0x00,0x00,0x00,0x00,0x00,0x00,0x00,0x00,0x00,0x00,0x00,0x00,0x00,0x00,0x00,0x00,0x0C,0x50,0x7F,0x94,0xB4,0x44,0xE3,0x99,0xD4,0x16,0x2E,0x90,0xCC,0xD5,0x8C,0x62,0x01,0x3F,0x53,0x76,0xFD,0x7B,0x56,0x3E,0x49,0x69,0xB5,0x9A,0x28,0x83,0x76,0x25},
    {0x00,0x00,0x00,0x00,0x00,0x00,0x00,0x00,0x00,0x00,0x00,0x00,0x10,0x00,0x00,0x00,0x00,0x00,0x00,0x00,0x00,0x00,0x00,0x00,0x00,0x00,0x00,0x00,0x00,0x00,0x00,0x00,0xB6,0x39,0x88,0x58,0xCD,0x58,0x5A,0x11,0x39,0x23,0xA0,0xFF,0x48,0x26,0xB7,0xB6,0xA3,0xDA,0x1F,0x64,0x29,0x26,0xD6,0xC6,0xB1,0x4D,0xC9,0x4D,0x02,0xFD,0xB0,0x67},
    {0x00,0x00,0x00,0x00,0x00,0x00,0x00,0x00,0x00,0x00,0x00,0x00,0x20,0x00,0x00,0x00,0x00,0x00,0x00,0x00,0x00,0x00,0x00,0x00,0x00,0x00,0x00,0x00,0x00,0x00,0x00,0x00,0x8A,0x2E,0xEE,0x79,0x19,0x2B,0x52,0xCD,0x3C,0x79,0xFA,0x39,0x44,0x76,0xEB,0x7D,0xD9,0x8C,0x63,0x21,0xBB,0xEA,0x3D,0x17,0x27,0x47,0x2E,0x53,0xA6,0x38,0xC8,0xD5},
    {0x00,0x00,0x00,0x00,0x00,0x00,0x00,0x00,0x00,0x00,0x00,0x00,0x40,0x00,0x00,0x00,0x00,0x00,0x00,0x00,0x00,0x00,0x00,0x00,0x00,0x00,0x00,0x00,0x00,0x00,0x00,0x00,0x03,0xCD,0x5A,0xB4,0xC3,0xA1,0x91,0x42,0x07,0x6A,0x5E,0x24,0x4D,0xF4,0xF9,0x54,0x21,0x65,0x36,0x6C,0xA0,0x66,0x99,0xBB,0x5D,0x55,0xC6,0x00,0x0C,0x1E,0x34,0xF5},
    {0x00,0x00,0x00,0x00,0x00,0x00,0x00,0x00,0x00,0x00,0x00,0x00,0x80,0x00,0x00,0x00,0x00,0x00,0x00,0x00,0x00,0x00,0x00,0x00,0x00,0x00,0x00,0x00,0x00,0x00,0x00,0x00,0x1A,0xBB,0x12,0x21,0x42,0xB4,0xB5,0xC4,0x43,0xD9,0x2D,0x98,0x0C,0xC2,0x20,0xF4,0xF2,0x51,0x45,0x34,0x2B,0x8F,0xE1,0xF2,0xB2,0xB0,0x59,0x45,0xEB,0x35,0x56,0x07},
    {0x00,0x00,0x00,0x00,0x00,0x00,0x00,0x00,0x00,0x00,0x00,0x00,0x00,0x01,0x00,0x00,0x00,0x00,0x00,0x00,0x00,0x00,0x00,0x00,0x00,0x00,0x00,0x00,0x00,0x00,0x00,0x00,0x57,0xAE,0x80,0xE3,0xA8,0xAF,0x04,0x1D,0x62,0x7A,0x81,0x57,0xD4,0x99,0x3F,0x0C,0xC6,0xB7,0xAC,0x6B,0xF7,0x93,0x43,0x2A,0x28,0x08,0xBB,0xA8,0x01,0x90,0xE5,0x95},
    {0x00,0x00,0x00,0x00,0x00,0x00,0x00,0x00,0x00,0x00,0x00,0x00,0x00,0x02,0x00,0x00,0x00,0x00,0x00,0x00,0x00,0x00,0x00,0x00,0x00,0x00,0x00,0x00,0x00,0x00,0x00,0x00,0xFB,0x5F,0xEA,0x48,0xB3,0x57,0x7C,0xE0,0xFF,0x65,0x77,0xAB,0xC2,0x60,0xA7,0xF0,0x09,0x83,0x98,0x63,0x27,0x13,0xCB,0x63,0xE2,0x91,0xAE,0x1E,0x91,0x05,0xE2,0x95},
    {0x00,0x00,0x00,0x00,0x00,0x00,0x00,0x00,0x00,0x00,0x00,0x00,0x00,0x04,0x00,0x00,0x00,0x00,0x00,0x00,0x00,0x00,0x00,0x00,0x00,0x00,0x00,0x00,0x00,0x00,0x00,0x00,0xF7,0x3F,0x89,0x31,0x11,0xB6,0x7A,0x2C,0x68,0x16,0x29,0x1B,0x9B,0x94,0x91,0xCF,0xA6,0xBB,0x51,0x3A,0xD6,0x26,0x37,0xDB,0xA8,0x9B,0x3F,0xF4,0x9C,0x44,0xD7,0x84},
    {0x00,0x00,0x00,0x00,0x00,0x00,0x00,0x00,0x00,0x00,0x00,0x00,0x00,0x08,0x00,0x00,0x00,0x00,0x00,0x00,0x00,0x00,0x00,0x00,0x00,0x00,0x00,0x00,0x00,0x00,0x00,0x00,0x30,0x8F,0xA5,0xA7,0x74,0x09,0x73,0xBE,0x7E,0xFD,0x42,0x6D,0x5F,0x78,0x92,0xCF,0x5A,0xF2,0x12,0x5A,0x60,0x47,0xF8,0x77,0x4F,0x8C,0x9B,0x70,0xB6,0xE6,0x92,0xA0},
    {0x00,0x00,0x00,0x00,0x00,0x00,0x00,0x00,0x00,0x00,0x00,0x00,0x00,0x10,0x00,0x00,0x00,0x00,0x00,0x00,0x00,0x00,0x00,0x00,0x00,0x00,0x00,0x00,0x00,0x00,0x00,0x00,0x5E,0x47,0xAF,0xF0,0x7D,0x83,0x43,0xE1,0x75,0x0A,0x69,0x82,0x81,0x91,0x24,0x37,0x71,0x18,0xFF,0x8D,0xCF,0xB3,0x1F,0x16,0x2E,0x94,0x2A,0xEA,0x89,0x43,0xA0,0xC6},
    {0x00,0x00,0x00,0x00,0x00,0x00,0x00,0x00,0x00,0x00,0x00,0x00,0x00,0x20,0x00,0x00,0x00,0x00,0x00,0x00,0x00,0x00,0x00,0x00,0x00,0x00,0x00,0x00,0x00,0x00,0x00,0x00,0x9F,0x5A,0xA8,0xAC,0x21,0x3D,0x94,0xFE,0x67,0x8B,0x86,0x97,0x17,0x8A,0x30,0x48,0x04,0x92,0x83,0x5B,0x1B,0xF4,0x3E,0xAE,0xC3,0xB2,0x72,0xE7,0xF1,0x24,0xD1,0x10},
    {0x00,0x00,0x00,0x00,0x00,0x00,0x00,0x00,0x00,0x00,0x00,0x00,0x00,0x40,0x00,0x00,0x00,0x00,0x00,0x00,0x00,0x00,0x00,0x00,0x00,0x00,0x00,0x00,0x00,0x00,0x00,0x00,0x1B,0xEE,0xC4,0xD9,0xAB,0xDF,0xE5,0x64,0x36,0x35,0x7E,0xF3,0xE7,0xAC,0xB9,0xFE,0x45,0xCC,0x96,0x27,0xDF,0x11,0x01,0xC2,0x8B,0xCD,0x8C,0x77,0xF5,0xA8,0x7C,0xD5},
    {0x00,0x00,0x00,0x00,0x00,0x00,0x00,0x00,0x00,0x00,0x00,0x00,0x00,0x80,0x00,0x00,0x00,0x00,0x00,0x00,0x00,0x00,0x00,0x00,0x00,0x00,0x00,0x00,0x00,0x00,0x00,0x00,0x15,0xB0,0x0E,0x8D,0xC3,0x87,0xFE,0xEF,0x81,0x0A,0xD9,0xC8,0xC0,0x6C,0xC4,0x61,0xFF,0x7D,0xC9,0xA5,0xB5,0x86,0x81,0xA3,0x9C,0x57,0x26,0x46,0x63,0x88,0xAD,0x82},
    {0x00,0x00,0x00,0x00,0x00,0x00,0x00,0x00,0x00,0x00,0x00,0x00,0x00,0x00,0x01,0x00,0x00,0x00,0x00,0x00,0x00,0x00,0x00,0x00,0x00,0x00,0x00,0x00,0x00,0x00,0x00,0x00,0xAF,0x10,0x69,0x1F,0x4D,0x16,0x92,0x7E,0x3F,0x0B,0x62,0x99,0xD5,0xCB,0x04,0xE9,0x03,0xDA,0x43,0xD3,0x28,0xC0,0xDF,0x11,0x81,0x94,0x16,0x39,0x78,0xAE,0x48,0xB5},
    {0x00,0x00,0x00,0x00,0x00,0x00,0x00,0x00,0x00,0x00,0x00,0x00,0x00,0x00,0x02,0x00,0x00,0x00,0x00,0x00,0x00,0x00,0x00,0x00,0x00,0x00,0x00,0x00,0x00,0x00,0x00,0x00,0x19,0xC7,0x14,0xBB,0xA7,0x7D,0x4F,0x24,0x34,0x19,0x49,0xB6,0x6E,0xF5,0x43,0x79,0x8D,0xA5,0xF8,0x6B,0xA3,0x27,0x4C,0x50,0x49,0x41,0x4C,0x48,0x3B,0x0C,0x80,0x04},
    {0x00,0x00,0x00,0x00,0x00,0x00,0x00,0x00,0x00,0x00,0x00,0x00,0x00,0x00,0x04,0x00,0x00,0x00,0x00,0x00,0x00,0x00,0x00,0x00,0x00,0x00,0x00,0x00,0x00,0x00,0x00,0x00,0x04,0x7A,0x02,0x0E,0xCA,0xC3,0x03,0xAF,0xDE,0x9F,0x42,0x81,0xA4,0x2A,0x70,0x26,0x3D,0x45,0xF0,0xFB,0xB8,0xEB,0x56,0x22,0x79,0xFB,0x90,0x9F,0x37,0xD3,0xE1,0x46},
    {0x00,0x00,0x00,0x00,0x00,0x00,0x00,0x00,0x00,0x00,0x00,0x00,0x00,0x00,0x08,0x00,0x00,0x00,0x00,0x00,0x00,0x00,0x00,0x00,0x00,0x00,0x00,0x00,0x00,0x00,0x00,0x00,0xDD,0x04,0x21,0x54,0x87,0x88,0x5C,0xE4,0xB4,0x8E,0x9B,0xDF,0xFD,0xB5,0x30,0xAD,0xF7,0x49,0xB0,0x6D,0x83,0x8E,0xF3,0x9B,0x51,0x1F,0x21,0xBC,0x93,0x8F,0x06,0xF7},
    {0x00,0x00,0x00,0x00,0x00,0x00,0x00,0x00,0x00,0x00,0x00,0x00,0x00,0x00,0x10,0x00,0x00,0x00,0x00,0x00,0x00,0x00,0x00,0x00,0x00,0x00,0x00,0x00,0x00,0x00,0x00,0x00,0xDF,0x9C,0x94,0x17,0x80,0xB0,0xAE,0xEB,0x35,0x00,0x04,0xDC,0x81,0xBF,0xDD,0xC6,0x54,0xD2,0x57,0x46,0x3D,0x2C,0xC2,0x45,0x45,0x3A,0x59,0x05,0xAE,0x75,0x6D,0xD7},
    {0x00,0x00,0x00,0x00,0x00,0x00,0x00,0x00,0x00,0x00,0x00,0x00,0x00,0x00,0x20,0x00,0x00,0x00,0x00,0x00,0x00,0x00,0x00,0x00,0x00,0x00,0x00,0x00,0x00,0x00,0x00,0x00,0xDD,0x2D,0xA2,0x03,0xEC,0x86,0x76,0x93,0xDF,0x90,0xE7,0xFA,0xF8,0x65,0xDB,0xAF,0xDE,0xAE,0x28,0x9D,0x12,0x04,0x69,0xDC,0xE2,0x1D,0xBB,0xE5,0x4D,0xD9,0x01,0x36},
    {0x00,0x00,0x00,0x00,0x00,0x00,0x00,0x00,0x00,0x00,0x00,0x00,0x00,0x00,0x40,0x00,0x00,0x00,0x00,0x00,0x00,0x00,0x00,0x00,0x00,0x00,0x00,0x00,0x00,0x00,0x00,0x00,0x5F,0x6E,0x60,0x95,0xEA,0x88,0xE5,0xCC,0x63,0x9C,0x85,0x2E,0x1D,0xDB,0x5B,0xA7,0xD7,0x15,0x81,0x92,0xFA,0x36,0xD2,0x2C,0xF7,0x8F,0x86,0xAA,0xD0,0xD6,0x73,0x22},
    {0x00,0x00,0x00,0x00,0x00,0x00,0x00,0x00,0x00,0x00,0x00,0x00,0x00,0x00,0x80,0x00,0x00,0x00,0x00,0x00,0x00,0x00,0x00,0x00,0x00,0x00,0x00,0x00,0x00,0x00,0x00,0x00,0x71,0x09,0xD8,0x23,0x0D,0xF4,0xBE,0xBD,0xAC,0x70,0xC6,0x1D,0xF9,0xB5,0x80,0x2C,0x96,0x00,0xFE,0x5F,0xFE,0x27,0xE7,0xC8,0x11,0x77,0x68,0xC5,0x8F,0x11,0x80,0xA0},
    {0x00,0x00,0x00,0x00,0x00,0x00,0x00,0x00,0x00,0x00,0x00,0x00,0x00,0x00,0x00,0x01,0x00,0x00,0x00,0x00,0x00,0x00,0x00,0x00,0x00,0x00,0x00,0x00,0x00,0x00,0x00,0x00,0x10,0x08,0x90,0xB1,0x01,0x2D,0xD9,0xB9,0x55,0xD5,0x40,0x56,0x2D,0x8B,0xCB,0xE4,0x54,0x40,0x0B,0x98,0xAB,0x71,0x83,0xA3,0x52,0xBF,0x75,0xA5,0xBC,0x54,0xC5,0xB3},
    {0x00,0x00,0x00,0x00,0x00,0x00,0x00,0x00,0x00,0x00,0x00,0x00,0x00,0x00,0x00,0x02,0x00,0x00,0x00,0x00,0x00,0x00,0x00,0x00,0x00,0x00,0x00,0x00,0x00,0x00,0x00,0x00,0xD5,0x47,0x73,0x02,0xB1,0xC6,0x1F,0x71,0x71,0x61,0x03,0xFC,0xA6,0x36,0x2C,0xBD,0xA4,0x37,0x94,0x66,0xBF,0x77,0x9A,0xD3,0x62,0x5F,0xEB,0x98,0x3B,0xD2,0x8D,0x85},
    {0x00,0x00,0x00,0x00,0x00,0x00,0x00,0x00,0x00,0x00,0x00,0x00,0x00,0x00,0x00,0x04,0x00,0x00,0x00,0x00,0x00,0x00,0x00,0x00,0x00,0x00,0x00,0x00,0x00,0x00,0x00,0x00,0x88,0x92,0x16,0x32,0x9D,0xA2,0x43,0x99,0x3E,0xD0,0x35,0x54,0x12,0x31,0xAB,0x54,0x0B,0x8A,0x75,0xEC,0x78,0x65,0x3A,0x3A,0x4C,0xB5,0x88,0x5E,0xA3,0x4B,0xBB,0x95},
    {0x00,0x00,0x00,0x00,0x00,0x00,0x00,0x00,0x00,0x00,0x00,0x00,0x00,0x00,0x00,0x08,0x00,0x00,0x00,0x00,0x00,0x00,0x00,0x00,0x00,0x00,0x00,0x00,0x00,0x00,0x00,0x00,0x70,0x07,0x37,0xE2,0x6A,0x31,0xDD,0xDC,0x48,0x39,0xF5,0x40,0x4A,0x16,0x24,0xA2,0x38,0xB5,0x77,0xD9,0x41,0x2D,0x87,0x7A,0xF6,0x64,0x46,0xE9,0xCA,0xBE,0xC2,0x25},
    {0x00,0x00,0x00,0x00,0x00,0x00,0x00,0x00,0x00,0x00,0x00,0x00,0x00,0x00,0x00,0x10,0x00,0x00,0x00,0x00,0x00,0x00,0x00,0x00,0x00,0x00,0x00,0x00,0x00,0x00,0x00,0x00,0xE4,0x52,0xC4,0xA9,0x16,0x4E,0xF9,0x6B,0xB1,0x04,0xC2,0x31,0xD1,0x68,0x97,0x1C,0xE3,0xC6,0x89,0x2D,0xCC,0x93,0xE8,0x36,0x75,0x9D,0x25,0x6A,0x26,0xA9,0xF1,0x16},
    {0x00,0x00,0x00,0x00,0x00,0x00,0x00,0x00,0x00,0x00,0x00,0x00,0x00,0x00,0x00,0x20,0x00,0x00,0x00,0x00,0x00,0x00,0x00,0x00,0x00,0x00,0x00,0x00,0x00,0x00,0x00,0x00,0x8D,0x8B,0x56,0xDF,0x1E,0xC2,0x5D,0xB2,0x23,0xFB,0xE9,0x00,0xCF,0x6C,0x15,0x08,0xC4,0x7E,0x5A,0xE5,0xCA,0x29,0xFF,0xE7,0xCD,0xFB,0xF5,0x16,0x26,0x41,0x14,0xF1},
    {0x00,0x00,0x00,0x00,0x00,0x00,0x00,0x00,0x00,0x00,0x00,0x00,0x00,0x00,0x00,0x40,0x00,0x00,0x00,0x00,0x00,0x00,0x00,0x00,0x00,0x00,0x00,0x00,0x00,0x00,0x00,0x00,0x22,0xDC,0xDC,0xBF,0x7F,0x03,0xCB,0x4A,0x69,0x58,0x2C,0x86,0x37,0x51,0x04,0x9D,0xF0,0x02,0x1B,0xB4,0xD6,0x82,0x6B,0x1A,0xA8,0xA0,0x59,0x01,0x08,0xCE,0x85,0xD7},
    {0x00,0x00,0x00,0x00,0x00,0x00,0x00,0x00,0x00,0x00,0x00,0x00,0x00,0x00,0x00,0x80,0x00,0x00,0x00,0x00,0x00,0x00,0x00,0x00,0x00,0x00,0x00,0x00,0x00,0x00,0x00,0x00,0x4C,0x5B,0x21,0x86,0xF0,0xE1,0x9A,0x74,0xD2,0x83,0xD4,0x5D,0x76,0x04,0x87,0xF6,0xC9,0x53,0x36,0x4F,0x36,0xDF,0x60,0xD1,0x69,0xF5,0xBF,0xDB,0x0F,0x2E,0xC2,0x77},
    {0x00,0x00,0x00,0x00,0x00,0x00,0x00,0x00,0x00,0x00,0x00,0x00,0x00,0x00,0x00,0x00,0x01,0x00,0x00,0x00,0x00,0x00,0x00,0x00,0x00,0x00,0x00,0x00,0x00,0x00,0x00,0x00,0xBF,0x28,0x0A,0x68,0x63,0x68,0xFF,0xBE,0x61,0xDE,0x04,0x2C,0xEB,0xE8,0x21,0xA9,0x3C,0xC7,0x74,0xA9,0xDF,0x10,0xCD,0x59,0x67,0xFA,0x7C,0x5B,0xC3,0xBD,0x54,0x91},
    {0x00,0x00,0x00,0x00,0x00,0x00,0x00,0x00,0x00,0x00,0x00,0x00,0x00,0x00,0x00,0x00,0x02,0x00,0x00,0x00,0x00,0x00,0x00,0x00,0x00,0x00,0x00,0x00,0x00,0x00,0x00,0x00,0xA2,0x93,0xE9,0x8D,0x22,0x8B,0xCA,0x99,0xB1,0x52,0xF6,0xC3,0xE6,0x4B,0x54,0xC9,0x4E,0x32,0x07,0x91,0xDD,0x18,0x78,0x1E,0xCB,0xEC,0x0B,0x98,0x66,0x65,0xA9,0xC0},
    {0x00,0x00,0x00,0x00,0x00,0x00,0x00,0x00,0x00,0x00,0x00,0x00,0x00,0x00,0x00,0x00,0x04,0x00,0x00,0x00,0x00,0x00,0x00,0x00,0x00,0x00,0x00,0x00,0x00,0x00,0x00,0x00,0xE8,0x8E,0x71,0x61,0xAF,0x78,0x0A,0xCB,0x25,0x79,0x66,0x09,0x89,0x8D,0x3E,0x91,0xDE,0xB3,0xC1,0x23,0x56,0xC2,0x0D,0x6A,0x56,0x94,0x63,0xEB,0xBA,0x8C,0x70,0xC5},
    {0x00,0x00,0x00,0x00,0x00,0x00,0x00,0x00,0x00,0x00,0x00,0x00,0x00,0x00,0x00,0x00,0x08,0x00,0x00,0x00,0x00,0x00,0x00,0x00,0x00,0x00,0x00,0x00,0x00,0x00,0x00,0x00,0x81,0x1E,0xE7,0xB2,0x22,0xDB,0xD3,0x95,0xBC,0x35,0x03,0xFA,0x42,0x72,0xD9,0x04,0x25,0x64,0x8D,0x6D,0x99,0xB8,0xF0,0x5E,0xD5,0xDA,0xE3,0x28,0x4C,0xBD,0x9F,0x21},
    {0x00,0x00,0x00,0x00,0x00,0x00,0x00,0x00,0x00,0x00,0x00,0x00,0x00,0x00,0x00,0x00,0x10,0x00,0x00,0x00,0x00,0x00,0x00,0x00,0x00,0x00,0x00,0x00,0x00,0x00,0x00,0x00,0x77,0xCF,0x68,0x81,0x23,0x07,0x6C,0xD2,0xFA,0x10,0x25,0x29,0x9F,0x12,0xB9,0x00,0x56,0x99,0xD5,0x48,0xC0,0xD4,0x6B,0x1D,0x7D,0x97,0xBB,0x51,0x8F,0x30,0xDB,0x10},
    {0x00,0x00,0x00,0x00,0x00,0x00,0x00,0x00,0x00,0x00,0x00,0x00,0x00,0x00,0x00,0x00,0x20,0x00,0x00,0x00,0x00,0x00,0x00,0x00,0x00,0x00,0x00,0x00,0x00,0x00,0x00,0x00,0x05,0xD1,0x3F,0xF8,0x49,0xF2,0xEC,0x39,0x4A,0x7A,0xFD,0x87,0x96,0x84,0xCF,0xC6,0x85,0x60,0x03,0x07,0xC1,0x42,0x03,0xAF,0xAC,0x62,0x34,0xD7,0x43,0xA5,0xAD,0xA7},
    {0x00,0x00,0x00,0x00,0x00,0x00,0x00,0x00,0x00,0x00,0x00,0x00,0x00,0x00,0x00,0x00,0x40,0x00,0x00,0x00,0x00,0x00,0x00,0x00,0x00,0x00,0x00,0x00,0x00,0x00,0x00,0x00,0x85,0x27,0x2B,0x5E,0x4E,0xD6,0x80,0x03,0x76,0xA1,0xFC,0xE7,0x5B,0x00,0x90,0xE3,0xC9,0xD8,0x7E,0x87,0x22,0x39,0x13,0x27,0xFC,0xAD,0x79,0xB5,0x83,0xEB,0xC4,0x64},
    {0x00,0x00,0x00,0x00,0x00,0x00,0x00,0x00,0x00,0x00,0x00,0x00,0x00,0x00,0x00,0x00,0x80,0x00,0x00,0x00,0x00,0x00,0x00,0x00,0x00,0x00,0x00,0x00,0x00,0x00,0x00,0x00,0x13,0x17,0x2A,0x54,0x8E,0x76,0xDA,0x07,0x65,0x85,0xE5,0x38,0xCA,0x6A,0x3E,0xD8,0xC4,0xB4,0x3A,0xA4,0xB0,0x12,0x13,0xDC,0xA6,0xA2,0xC6,0xCB,0x0D,0x22,0x9B,0xF2},
    {0x00,0x00,0x00,0x00,0x00,0x00,0x00,0x00,0x00,0x00,0x00,0x00,0x00,0x00,0x00,0x00,0x00,0x01,0x00,0x00,0x00,0x00,0x00,0x00,0x00,0x00,0x00,0x00,0x00,0x00,0x00,0x00,0x67,0x57,0x22,0x71,0x18,0xB4,0xB4,0x9B,0x4F,0x5D,0x89,0x79,0x1F,0x62,0x41,0xBA,0x0C,0x4C,0xFA,0xF2,0x7A,0x82,0xC7,0xDD,0x9A,0xE7,0x38,0x12,0xBB,0x32,0x82,0x37},
    {0x00,0x00,0x00,0x00,0x00,0x00,0x00,0x00,0x00,0x00,0x00,0x00,0x00,0x00,0x00,0x00,0x00,0x02,0x00,0x00,0x00,0x00,0x00,0x00,0x00,0x00,0x00,0x00,0x00,0x00,0x00,0x00,0x48,0x91,0x55,0xE9,0x2C,0xFD,0x62,0xA6,0xBE,0xA9,0xA1,0x1D,0x9A,0x49,0xC9,0x7E,0xB0,0x76,0xCC,0x3E,0xB7,0x37,0x31,0xB3,0x77,0xB9,0x6B,0x83,0x6A,0xAF,0x79,0xF6},
    {0x00,0x00,0x00,0x00,0x00,0x00,0x00,0x00,0x00,0x00,0x00,0x00,0x00,0x00,0x00,0x00,0x00,0x04,0x00,0x00,0x00,0x00,0x00,0x00,0x00,0x00,0x00,0x00,0x00,0x00,0x00,0x00,0xE9,0x2F,0x0E,0x50,0x52,0x81,0xE3,0xAD,0x63,0xDF,0x42,0xD5,0xE5,0x32,0x15,0x4C,0xEE,0x2D,0x7E,0x4B,0x23,0xA5,0x01,0x3C,0xE3,0x18,0x25,0xA8,0x86,0x01,0x24,0xB0},
    {0x00,0x00,0x00,0x00,0x00,0x00,0x00,0x00,0x00,0x00,0x00,0x00,0x00,0x00,0x00,0x00,0x00,0x08,0x00,0x00,0x00,0x00,0x00,0x00,0x00,0x00,0x00,0x00,0x00,0x00,0x00,0x00,0xCC,0xDB,0x8F,0x4F,0x11,0xB1,0xF0,0x2F,0x23,0xD8,0xE8,0xB6,0x35,0xD1,0xC1,0xBB,0x99,0x90,0xBF,0x4B,0x88,0xFC,0x59,0xD0,0x2A,0xCF,0xAE,0x8B,0x31,0xB8,0xE9,0x72},
    {0x00,0x00,0x00,0x00,0x00,0x00,0x00,0x00,0x00,0x00,0x00,0x00,0x00,0x00,0x00,0x00,0x00,0x10,0x00,0x00,0x00,0x00,0x00,0x00,0x00,0x00,0x00,0x00,0x00,0x00,0x00,0x00,0xC6,0x78,0x04,0x93,0x78,0xCC,0xFF,0x02,0x07,0xBD,0x47,0xE3,0xC3,0xF4,0x57,0x55,0x03,0xD5,0xCB,0x32,0xF4,0x79,0xD4,0x39,0x72,0x09,0x1C,0xF3,0xD9,0x3D,0x7C,0x74},
    {0x00,0x00,0x00,0x00,0x00,0x00,0x00,0x00,0x00,0x00,0x00,0x00,0x00,0x00,0x00,0x00,0x00,0x20,0x00,0x00,0x00,0x00,0x00,0x00,0x00,0x00,0x00,0x00,0x00,0x00,0x00,0x00,0xB8,0x3A,0xC4,0x92,0x94,0xAE,0x9B,0x9F,0x3C,0xBE,0x47,0xE9,0xB6,0xDA,0xF3,0x22,0xF0,0xD0,0x4B,0xCB,0x7E,0x5B,0x3F,0x35,0x9A,0xC9,0x4B,0xA7,0x73,0x92,0x34,0x82},
    {0x00,0x00,0x00,0x00,0x00,0x00,0x00,0x00,0x00,0x00,0x00,0x00,0x00,0x00,0x00,0x00,0x00,0x40,0x00,0x00,0x00,0x00,0x00,0x00,0x00,0x00,0x00,0x00,0x00,0x00,0x00,0x00,0x87,0xDF,0xA3,0xF0,0xB4,0x86,0xC7,0x09,0x35,0x13,0x06,0x8D,0xA4,0x69,0x50,0x54,0x45,0x90,0xA5,0x35,0xB8,0xFB,0xE4,0xA0,0x94,0x6B,0x30,0x24,0x39,0x98,0x96,0xD6},
    {0x00,0x00,0x00,0x00,0x00,0x00,0x00,0x00,0x00,0x00,0x00,0x00,0x00,0x00,0x00,0x00,0x00,0x80,0x00,0x00,0x00,0x00,0x00,0x00,0x00,0x00,0x00,0x00,0x00,0x00,0x00,0x00,0x46,0x2D,0xBD,0x91,0x12,0x69,0x96,0xCC,0xB0,0xF9,0xAC,0xA3,0x09,0x37,0xEF,0x7A,0xBE,0x11,0x17,0x9D,0x0E,0xE5,0xF6,0x01,0x98,0x36,0xBB,0xFC,0x32,0x9F,0xA8,0x67},
    {0x00,0x00,0x00,0x00,0x00,0x00,0x00,0x00,0x00,0x00,0x00,0x00,0x00,0x00,0x00,0x00,0x00,0x00,0x01,0x00,0x00,0x00,0x00,0x00,0x00,0x00,0x00,0x00,0x00,0x00,0x00,0x00,0x0C,0xD8,0xEE,0x49,0x3A,0x94,0x63,0xAE,0xB1,0x10,0x1B,0x98,0xD1,0xD1,0x5F,0x9B,0x91,0xDC,0x69,0x95,0xAB,0xE7,0x5E,0xAE,0x14,0x94,0xEE,0x1C,0xCA,0xF9,0x09,0xA6},
    {0x00,0x00,0x00,0x00,0x00,0x00,0x00,0x00,0x00,0x00,0x00,0x00,0x00,0x00,0x00,0x00,0x00,0x00,0x02,0x00,0x00,0x00,0x00,0x00,0x00,0x00,0x00,0x00,0x00,0x00,0x00,0x00,0x24,0x6B,0x67,0xCB,0xAB,0x11,0x16,0xE4,0x4B,0x10,0xCD,0x50,0x3D,0xDB,0xA4,0x8B,0x99,0xD2,0x03,0xEB,0x82,0x1F,0x76,0x43,0xD0,0x3A,0xFE,0xF3,0xD9,0x45,0x1B,0xF7},
    {0x00,0x00,0x00,0x00,0x00,0x00,0x00,0x00,0x00,0x00,0x00,0x00,0x00,0x00,0x00,0x00,0x00,0x00,0x04,0x00,0x00,0x00,0x00,0x00,0x00,0x00,0x00,0x00,0x00,0x00,0x00,0x00,0xCD,0xF8,0x27,0x9A,0x28,0x0D,0x57,0xA4,0x73,0x28,0xB6,0x79,0x21,0xD5,0xDE,0x17,0xD3,0x7A,0xE1,0x29,0x47,0x2C,0xE1,0x7D,0xED,0x10,0xF4,0xC8,0x28,0x9B,0x94,0x31},
    {0x00,0x00,0x00,0x00,0x00,0x00,0x00,0x00,0x00,0x00,0x00,0x00,0x00,0x00,0x00,0x00,0x00,0x00,0x08,0x00,0x00,0x00,0x00,0x00,0x00,0x00,0x00,0x00,0x00,0x00,0x00,0x00,0x85,0xAB,0xCB,0xE2,0xC3,0x6C,0x43,0x80,0xBD,0x49,0x65,0xF9,0x53,0x9E,0xA4,0x21,0x32,0x43,0x5A,0x92,0x1E,0xA6,0xF8,0xF8,0x23,0xB7,0xF6,0x3D,0xB1,0x21,0x1E,0x46},
    {0x00,0x00,0x00,0x00,0x00,0x00,0x00,0x00,0x00,0x00,0x00,0x00,0x00,0x00,0x00,0x00,0x00,0x00,0x10,0x00,0x00,0x00,0x00,0x00,0x00,0x00,0x00,0x00,0x00,0x00,0x00,0x00,0xAD,0x62,0xD9,0x51,0xCA,0x6D,0x1C,0x5A,0xB3,0x56,0x76,0x60,0xF3,0xD6,0xE9,0x10,0xB2,0x26,0x92,0x1F,0x66,0x6A,0x4E,0xF5,0xD8,0xF8,0x39,0xA7,0xCB,0xFE,0xF4,0x53},
    {0x00,0x00,0x00,0x00,0x00,0x00,0x00,0x00,0x00,0x00,0x00,0x00,0x00,0x00,0x00,0x00,0x00,0x00,0x20,0x00,0x00,0x00,0x00,0x00,0x00,0x00,0x00,0x00,0x00,0x00,0x00,0x00,0x1B,0x60,0xFA,0x67,0x8B,0xF6,0x0E,0x79,0xF2,0xA1,0x6A,0x25,0x59,0x99,0x8F,0x2D,0xC4,0xF5,0x32,0xEB,0x8C,0x2B,0xBE,0xD9,0xEF,0xF6,0xB6,0x6E,0xC9,0x20,0x9B,0x60},
    {0x00,0x00,0x00,0x00,0x00,0x00,0x00,0x00,0x00,0x00,0x00,0x00,0x00,0x00,0x00,0x00,0x00,0x00,0x40,0x00,0x00,0x00,0x00,0x00,0x00,0x00,0x00,0x00,0x00,0x00,0x00,0x00,0x6A,0x1B,0x13,0x46,0xB7,0x13,0x86,0x04,0x52,0x55,0xD9,0xAB,0x98,0xD5,0x21,0x30,0x53,0x9E,0x11,0x5C,0x15,0xC2,0xD0,0x56,0xC1,0x22,0xA2,0x75,0x32,0xC7,0x02,0x90},
    {0x00,0x00,0x00,0x00,0x00,0x00,0x00,0x00,0x00,0x00,0x00,0x00,0x00,0x00,0x00,0x00,0x00,0x00,0x80,0x00,0x00,0x00,0x00,0x00,0x00,0x00,0x00,0x00,0x00,0x00,0x00,0x00,0x65,0xC0,0xF5,0x53,0xD3,0x60,0x56,0xF3,0x59,0x82,0x2F,0x26,0xEB,0x97,0x99,0xD6,0xB3,0x51,0xD7,0x0E,0x19,0x7F,0x9F,0x11,0xE7,0x5C,0x3C,0x09,0xEF,0x3A,0x1A,0x60},
    {0x00,0x00,0x00,0x00,0x00,0x00,0x00,0x00,0x00,0x00,0x00,0x00,0x00,0x00,0x00,0x00,0x00,0x00,0x00,0x01,0x00,0x00,0x00,0x00,0x00,0x00,0x00,0x00,0x00,0x00,0x00,0x00,0xC2,0xEC,0xE4,0xC4,0xF1,0xEF,0x8A,0x98,0xCC,0x77,0xCB,0xB9,0x9A,0xEB,0x04,0xB8,0xD3,0x46,0x61,0x1A,0x6F,0x1A,0x8C,0x66,0x41,0x20,0xE5,0xD1,0xBB,0x3E,0x1E,0x30},
    {0x00,0x00,0x00,0x00,0x00,0x00,0x00,0x00,0x00,0x00,0x00,0x00,0x00,0x00,0x00,0x00,0x00,0x00,0x00,0x02,0x00,0x00,0x00,0x00,0x00,0x00,0x00,0x00,0x00,0x00,0x00,0x00,0x43,0x03,0xA3,0x04,0xF2,0xA8,0xA7,0x5F,0xA9,0x79,0x77,0xB6,0xD4,0x4B,0x1E,0xFC,0xEB,0x82,0x75,0x4F,0x66,0x17,0x69,0xEA,0x48,0x9A,0xBE,0x63,0x10,0x41,0xCD,0x42},
    {0x00,0x00,0x00,0x00,0x00,0x00,0x00,0x00,0x00,0x00,0x00,0x00,0x00,0x00,0x00,0x00,0x00,0x00,0x00,0x04,0x00,0x00,0x00,0x00,0x00,0x00,0x00,0x00,0x00,0x00,0x00,0x00,0xE1,0xF9,0x9E,0xE1,0x9A,0x87,0x79,0x89,0xF9,0x3D,0xD8,0x45,0x04,0x4E,0x40,0xFF,0x52,0xA0,0xF9,0xD6,0x2A,0xC9,0x4F,0x37,0xB7,0x5E,0xB8,0x75,0xBB,0x35,0xD3,0xC7},
    {0x00,0x00,0x00,0x00,0x00,0x00,0x00,0x00,0x00,0x00,0x00,0x00,0x00,0x00,0x00,0x00,0x00,0x00,0x00,0x08,0x00,0x00,0x00,0x00,0x00,0x00,0x00,0x00,0x00,0x00,0x00,0x00,0x81,0x96,0x0B,0xB3,0x4A,0xA4,0x24,0x12,0x78,0x0C,0x5A,0x4B,0x54,0x3C,0x34,0x16,0x22,0x98,0xED,0xCC,0xEE,0xA2,0x19,0xB6,0x6D,0xE6,0xF0,0x4E,0xBB,0x19,0x97,0xF0},
    {0x00,0x00,0x00,0x00,0x00,0x00,0x00,0x00,0x00,0x00,0x00,0x00,0x00,0x00,0x00,0x00,0x00,0x00,0x00,0x10,0x00,0x00,0x00,0x00,0x00,0x00,0x00,0x00,0x00,0x00,0x00,0x00,0x79,0x3A,0x29,0xF2,0xE9,0x5F,0x21,0x4B,0x54,0xDB,0x31,0x2B,0x61,0xE4,0x66,0x9D,0x91,0x79,0x98,0xDC,0x34,0xFE,0x00,0xBF,0xF6,0xD2,0x06,0x30,0x0F,0x16,0x50,0x87},
    {0x00,0x00,0x00,0x00,0x00,0x00,0x00,0x00,0x00,0x00,0x00,0x00,0x00,0x00,0x00,0x00,0x00,0x00,0x00,0x20,0x00,0x00,0x00,0x00,0x00,0x00,0x00,0x00,0x00,0x00,0x00,0x00,0xC6,0x9F,0x81,0x30,0x40,0xAA,0xB9,0x11,0x67,0xB0,0x14,0x3B,0x30,0x8B,0x99,0x6E,0xE7,0x76,0x85,0x00,0xCF,0x94,0x34,0x91,0xCA,0xCF,0xD0,0x39,0x7E,0x29,0xBD,0x76},
    {0x00,0x00,0x00,0x00,0x00,0x00,0x00,0x00,0x00,0x00,0x00,0x00,0x00,0x00,0x00,0x00,0x00,0x00,0x00,0x40,0x00,0x00,0x00,0x00,0x00,0x00,0x00,0x00,0x00,0x00,0x00,0x00,0x1F,0x22,0xB9,0x8F,0x64,0xCA,0xB8,0x89,0xDE,0x2B,0xCD,0xFF,0xE2,0x3D,0x23,0x20,0x35,0xF0,0x07,0x32,0x62,0xDF,0x80,0x3A,0x78,0xF7,0xB6,0x85,0xAF,0x1E,0x0C,0xE3},
    {0x00,0x00,0x00,0x00,0x00,0x00,0x00,0x00,0x00,0x00,0x00,0x00,0x00,0x00,0x00,0x00,0x00,0x00,0x00,0x80,0x00,0x00,0x00,0x00,0x00,0x00,0x00,0x00,0x00,0x00,0x00,0x00,0xBB,0x84,0x3F,0x83,0xE5,0xD9,0x16,0x66,0x70,0x6D,0x23,0xFC,0x25,0x88,0x32,0xDA,0x96,0x42,0x9A,0xB5,0x40,0xA5,0xA1,0x0E,0x02,0x3F,0xA0,0x62,0x8E,0x37,0xB5,0x06},
    {0x00,0x00,0x00,0x00,0x00,0x00,0x00,0x00,0x00,0x00,0x00,0x00,0x00,0x00,0x00,0x00,0x00,0x00,0x00,0x00,0x01,0x00,0x00,0x00,0x00,0x00,0x00,0x00,0x00,0x00,0x00,0x00,0xC2,0xD8,0xA0,0x21,0x0D,0x1B,0xBC,0xF7,0x6A,0x8B,0x31,0xD3,0x43,0x06,0xB4,0x56,0xD3,0xA5,0x38,0x89,0x44,0x2D,0x0A,0x2F,0x98,0x9C,0xF5,0x50,0x91,0x15,0x11,0xA7},
    {0x00,0x00,0x00,0x00,0x00,0x00,0x00,0x00,0x00,0x00,0x00,0x00,0x00,0x00,0x00,0x00,0x00,0x00,0x00,0x00,0x02,0x00,0x00,0x00,0x00,0x00,0x00,0x00,0x00,0x00,0x00,0x00,0x34,0xF1,0x59,0x13,0xDE,0x3D,0x43,0xF2,0x69,0x11,0x21,0xE6,0x56,0x38,0xAA,0x89,0xE1,0x3C,0xA7,0xB6,0xD3,0x02,0x44,0x98,0xFD,0x72,0x82,0xE3,0xA2,0x36,0x56,0xB4},
    {0x00,0x00,0x00,0x00,0x00,0x00,0x00,0x00,0x00,0x00,0x00,0x00,0x00,0x00,0x00,0x00,0x00,0x00,0x00,0x00,0x04,0x00,0x00,0x00,0x00,0x00,0x00,0x00,0x00,0x00,0x00,0x00,0xC7,0x98,0x33,0xD8,0x29,0x24,0xCC,0x96,0x9F,0x04,0x17,0xF1,0x45,0xEA,0x9D,0xC1,0xEC,0x8E,0xCF,0xD4,0x5D,0x32,0x9D,0xA2,0x7E,0x8F,0x93,0x29,0x1D,0x19,0x85,0xF1},
    {0x00,0x00,0x00,0x00,0x00,0x00,0x00,0x00,0x00,0x00,0x00,0x00,0x00,0x00,0x00,0x00,0x00,0x00,0x00,0x00,0x08,0x00,0x00,0x00,0x00,0x00,0x00,0x00,0x00,0x00,0x00,0x00,0x72,0x3A,0x15,0xCF,0xB2,0xE9,0x07,0x27,0xBD,0xDC,0xEC,0xA3,0xC0,0xF0,0xD0,0x6D,0x42,0xD4,0x53,0x3B,0x58,0xBF,0x18,0x22,0x03,0xB0,0xE2,0x62,0xAA,0x91,0x8B,0xB6},
    {0x00,0x00,0x00,0x00,0x00,0x00,0x00,0x00,0x00,0x00,0x00,0x00,0x00,0x00,0x00,0x00,0x00,0x00,0x00,0x00,0x10,0x00,0x00,0x00,0x00,0x00,0x00,0x00,0x00,0x00,0x00,0x00,0x72,0x0E,0x31,0x39,0x56,0x4F,0xD3,0x6E,0xC6,0xB6,0x46,0x84,0x9B,0x1A,0x5A,0x37,0xDF,0x40,0xF4,0xA2,0x50,0xE3,0x13,0xDD,0x2F,0x59,0x11,0xAD,0x82,0xE6,0x44,0x54},
    {0x00,0x00,0x00,0x00,0x00,0x00,0x00,0x00,0x00,0x00,0x00,0x00,0x00,0x00,0x00,0x00,0x00,0x00,0x00,0x00,0x20,0x00,0x00,0x00,0x00,0x00,0x00,0x00,0x00,0x00,0x00,0x00,0x9C,0xC4,0x83,0xF3,0x22,0x1A,0xA1,0x2E,0xE9,0xCE,0xE1,0xC4,0xEB,0x24,0xF0,0x67,0xF4,0xC4,0x27,0xF9,0x49,0xB0,0xFB,0xF8,0x79,0xAE,0x36,0xB5,0xA8,0xC8,0xED,0x00},
    {0x00,0x00,0x00,0x00,0x00,0x00,0x00,0x00,0x00,0x00,0x00,0x00,0x00,0x00,0x00,0x00,0x00,0x00,0x00,0x00,0x40,0x00,0x00,0x00,0x00,0x00,0x00,0x00,0x00,0x00,0x00,0x00,0xE8,0xC7,0x90,0xB0,0x46,0xFB,0x44,0x35,0x01,0x07,0xEC,0xCC,0x9F,0xAF,0xE7,0xF7,0x3D,0x02,0xA8,0xDD,0x51,0x4B,0x0B,0x41,0x1E,0xB8,0xBE,0xFD,0x38,0x1E,0x6B,0xA4},
    {0x00,0x00,0x00,0x00,0x00,0x00,0x00,0x00,0x00,0x00,0x00,0x00,0x00,0x00,0x00,0x00,0x00,0x00,0x00,0x00,0x80,0x00,0x00,0x00,0x00,0x00,0x00,0x00,0x00,0x00,0x00,0x00,0xBB,0x2B,0xCA,0x37,0x92,0xB3,0xFC,0x58,0x5F,0xFB,0xAF,0x0D,0xE2,0x3A,0x11,0x74,0xAD,0xBA,0x17,0x67,0xB6,0x43,0xEC,0x51,0xBD,0x78,0x21,0xF7,0x68,0x88,0x9B,0xC0},
    {0x00,0x00,0x00,0x00,0x00,0x00,0x00,0x00,0x00,0x00,0x00,0x00,0x00,0x00,0x00,0x00,0x00,0x00,0x00,0x00,0x00,0x01,0x00,0x00,0x00,0x00,0x00,0x00,0x00,0x00,0x00,0x00,0x7B,0x4C,0xD6,0x8F,0xFB,0x78,0x16,0x8A,0xF4,0xC6,0xED,0xF3,0x58,0x8D,0xC7,0x24,0xDF,0xF5,0xD3,0x78,0x7B,0x26,0x20,0xE0,0x4D,0x67,0xF4,0xC6,0x33,0x8B,0x84,0x21},
    {0x00,0x00,0x00,0x00,0x00,0x00,0x00,0x00,0x00,0x00,0x00,0x00,0x00,0x00,0x00,0x00,0x00,0x00,0x00,0x00,0x00,0x02,0x00,0x00,0x00,0x00,0x00,0x00,0x00,0x00,0x00,0x00,0x93,0x8C,0xCB,0xCF,0x88,0xD6,0xC4,0x54,0xAE,0x73,0x17,0xA2,0x14,0xD6,0x42,0x8D,0x71,0x26,0x18,0xD7,0x35,0x2A,0x4F,0x4F,0x61,0xD6,0x80,0xD0,0x9A,0x0C,0x0F,0x07},
    {0x00,0x00,0x00,0x00,0x00,0x00,0x00,0x00,0x00,0x00,0x00,0x00,0x00,0x00,0x00,0x00,0x00,0x00,0x00,0x00,0x00,0x04,0x00,0x00,0x00,0x00,0x00,0x00,0x00,0x00,0x00,0x00,0x24,0xFE,0x52,0xFC,0x51,0xCD,0xA0,0x73,0xD0,0x57,0xE3,0x1D,0xDF,0x4F,0xA3,0x84,0xCC,0xBD,0x95,0x0C,0x26,0xAC,0x01,0xCA,0x7A,0xAD,0xE5,0x03,0xDA,0x06,0x35,0xB7},
    {0x00,0x00,0x00,0x00,0x00,0x00,0x00,0x00,0x00,0x00,0x00,0x00,0x00,0x00,0x00,0x00,0x00,0x00,0x00,0x00,0x00,0x08,0x00,0x00,0x00,0x00,0x00,0x00,0x00,0x00,0x00,0x00,0x2D,0x17,0xAF,0xC7,0x4B,0x23,0xAF,0x39,0xCD,0x1C,0x91,0xBC,0xB0,0x43,0x37,0x65,0x06,0xE9,0xAF,0x26,0x51,0xC3,0x31,0x00,0x59,0xA8,0xBF,0xB5,0x24,0x6D,0x71,0xB6},
    {0x00,0x00,0x00,0x00,0x00,0x00,0x00,0x00,0x00,0x00,0x00,0x00,0x00,0x00,0x00,0x00,0x00,0x00,0x00,0x00,0x00,0x10,0x00,0x00,0x00,0x00,0x00,0x00,0x00,0x00,0x00,0x00,0x4D,0x52,0x06,0x01,0x29,0xC9,0xAD,0xC0,0xDF,0x44,0x1A,0x2E,0xFB,0x36,0x3C,0x38,0x26,0x7C,0x4D,0x98,0x5F,0xB0,0x61,0xC2,0xD8,0xF8,0x35,0x4D,0x39,0xEE,0x42,0x23},
    {0x00,0x00,0x00,0x00,0x00,0x00,0x00,0x00,0x00,0x00,0x00,0x00,0x00,0x00,0x00,0x00,0x00,0x00,0x00,0x00,0x00,0x20,0x00,0x00,0x00,0x00,0x00,0x00,0x00,0x00,0x00,0x00,0x0C,0x06,0x94,0x64,0x63,0x4E,0xD1,0x95,0x04,0xBE,0x09,0x02,0xE3,0x37,0xB9,0x01,0x27,0xE4,0xEF,0x1E,0xDE,0xC0,0xFF,0x48,0xE9,0xA8,0x04,0x1A,0x65,0x6D,0x87,0xE6},
    {0x00,0x00,0x00,0x00,0x00,0x00,0x00,0x00,0x00,0x00,0x00,0x00,0x00,0x00,0x00,0x00,0x00,0x00,0x00,0x00,0x00,0x40,0x00,0x00,0x00,0x00,0x00,0x00,0x00,0x00,0x00,0x00,0x63,0x08,0xD8,0xDB,0xD4,0xDB,0x94,0xAF,0xDC,0xA5,0xAF,0xE6,0x63,0xD7,0x64,0x47,0x45,0x38,0x4F,0x6E,0xB6,0xE3,0x48,0x40,0x66,0x03,0xCC,0xD9,0xFA,0xDA,0x21,0xF1},
    {0x00,0x00,0x00,0x00,0x00,0x00,0x00,0x00,0x00,0x00,0x00,0x00,0x00,0x00,0x00,0x00,0x00,0x00,0x00,0x00,0x00,0x80,0x00,0x00,0x00,0x00,0x00,0x00,0x00,0x00,0x00,0x00,0x29,0xE6,0xAC,0xA1,0xBB,0xCE,0xBE,0x90,0x3A,0x34,0x07,0xA7,0x79,0x49,0xFE,0x19,0xFB,0x85,0xBB,0x95,0x0C,0x35,0x23,0x2F,0x79,0x4C,0x51,0xF0,0xEB,0xA0,0x26,0x00},
    {0x00,0x00,0x00,0x00,0x00,0x00,0x00,0x00,0x00,0x00,0x00,0x00,0x00,0x00,0x00,0x00,0x00,0x00,0x00,0x00,0x00,0x00,0x01,0x00,0x00,0x00,0x00,0x00,0x00,0x00,0x00,0x00,0x6E,0xA5,0xE2,0xD1,0x1D,0x8C,0xCC,0xA9,0x28,0xAA,0xCC,0x0D,0x48,0x8E,0xDE,0x4A,0xF2,0x0F,0x45,0x39,0x70,0xFC,0xBF,0x3F,0xFC,0x74,0xE8,0xAA,0x66,0x0A,0xA3,0xA5},
    {0x00,0x00,0x00,0x00,0x00,0x00,0x00,0x00,0x00,0x00,0x00,0x00,0x00,0x00,0x00,0x00,0x00,0x00,0x00,0x00,0x00,0x00,0x02,0x00,0x00,0x00,0x00,0x00,0x00,0x00,0x00,0x00,0x88,0x8C,0xC5,0x8E,0xE0,0x20,0x9E,0x9A,0x83,0x4D,0x59,0xED,0x31,0xF6,0x7C,0x93,0x09,0xB2,0x85,0xD6,0x7B,0x84,0x09,0x22,0xEB,0x9F,0x84,0x6F,0x26,0x74,0x9D,0x51},
    {0x00,0x00,0x00,0x00,0x00,0x00,0x00,0x00,0x00,0x00,0x00,0x00,0x00,0x00,0x00,0x00,0x00,0x00,0x00,0x00,0x00,0x00,0x04,0x00,0x00,0x00,0x00,0x00,0x00,0x00,0x00,0x00,0xB9,0x57,0x94,0xA7,0xB2,0x1E,0x6A,0xC9,0x17,0x1F,0x61,0xF3,0x62,0x35,0x42,0xB5,0xCE,0xE0,0x28,0xFA,0x83,0xE4,0xCF,0x9C,0x4C,0xA9,0xA9,0x9C,0x00,0x86,0xC1,0x64},
    {0x00,0x00,0x00,0x00,0x00,0x00,0x00,0x00,0x00,0x00,0x00,0x00,0x00,0x00,0x00,0x00,0x00,0x00,0x00,0x00,0x00,0x00,0x08,0x00,0x00,0x00,0x00,0x00,0x00,0x00,0x00,0x00,0x3D,0x5C,0x91,0xC1,0xBA,0x2D,0x46,0x86,0x2A,0x9B,0x93,0x77,0x7C,0xF0,0xFD,0x6D,0xBF,0x80,0xAA,0x5E,0xD2,0xD9,0xED,0x06,0xE0,0xCB,0x9D,0x33,0x05,0xEC,0x59,0x53},
    {0x00,0x00,0x00,0x00,0x00,0x00,0x00,0x00,0x00,0x00,0x00,0x00,0x00,0x00,0x00,0x00,0x00,0x00,0x00,0x00,0x00,0x00,0x10,0x00,0x00,0x00,0x00,0x00,0x00,0x00,0x00,0x00,0x59,0x0B,0x5C,0xD7,0x94,0x17,0x49,0xCD,0x66,0xF3,0xB8,0xC3,0x79,0xB4,0xB4,0x5F,0xD5,0x2E,0x4A,0x50,0x2A,0xE7,0x8A,0x27,0x70,0x8C,0x1A,0x71,0xED,0x06,0x5B,0x76},
    {0x00,0x00,0x00,0x00,0x00,0x00,0x00,0x00,0x00,0x00,0x00,0x00,0x00,0x00,0x00,0x00,0x00,0x00,0x00,0x00,0x00,0x00,0x20,0x00,0x00,0x00,0x00,0x00,0x00,0x00,0x00,0x00,0x8C,0x12,0x85,0xC1,0x69,0x11,0xF7,0x64,0x0D,0x0F,0x14,0xCD,0x48,0x08,0x55,0x0E,0x72,0x8E,0x9F,0x10,0xDA,0xE6,0xDA,0xB9,0x6C,0x08,0xC7,0x61,0x3D,0xE2,0xCC,0x86},
    {0x00,0x00,0x00,0x00,0x00,0x00,0x00,0x00,0x00,0x00,0x00,0x00,0x00,0x00,0x00,0x00,0x00,0x00,0x00,0x00,0x00,0x00,0x40,0x00,0x00,0x00,0x00,0x00,0x00,0x00,0x00,0x00,0xBC,0xAD,0x27,0x22,0x93,0xC0,0x28,0xEF,0x8D,0xB3,0x70,0xFE,0xB3,0x66,0x53,0xDF,0x34,0x31,0xAC,0x75,0x03,0xD3,0xBB,0x2F,0x0F,0x6E,0x87,0x21,0x50,0xEC,0xF4,0x92},
    {0x00,0x00,0x00,0x00,0x00,0x00,0x00,0x00,0x00,0x00,0x00,0x00,0x00,0x00,0x00,0x00,0x00,0x00,0x00,0x00,0x00,0x00,0x80,0x00,0x00,0x00,0x00,0x00,0x00,0x00,0x00,0x00,0xD5,0xEC,0xC0,0x7C,0xE6,0xC8,0x06,0x7B,0x7C,0xE3,0x76,0x7A,0x4E,0x3D,0xEF,0x7A,0x9D,0x04,0xA4,0x2C,0xC7,0xB8,0x54,0xD1,0xCC,0x8C,0xB4,0x85,0x3C,0xB7,0xDB,0x71},
    {0x00,0x00,0x00,0x00,0x00,0x00,0x00,0x00,0x00,0x00,0x00,0x00,0x00,0x00,0x00,0x00,0x00,0x00,0x00,0x00,0x00,0x00,0x00,0x01,0x00,0x00,0x00,0x00,0x00,0x00,0x00,0x00,0x50,0x74,0x9A,0x39,0xCE,0x85,0x7E,0xA2,0x56,0xBF,0x5B,0x10,0xF7,0xB4,0x3A,0x6D,0x31,0x5F,0xFA,0x24,0x8E,0x31,0x1C,0xED,0x26,0x1D,0xEF,0xC8,0xF7,0x2B,0x5B,0xA2},
    {0x00,0x00,0x00,0x00,0x00,0x00,0x00,0x00,0x00,0x00,0x00,0x00,0x00,0x00,0x00,0x00,0x00,0x00,0x00,0x00,0x00,0x00,0x00,0x02,0x00,0x00,0x00,0x00,0x00,0x00,0x00,0x00,0x90,0x2A,0x1B,0xA4,0x41,0xDA,0x90,0xCF,0xA8,0x8B,0xB7,0x46,0x4B,0x0B,0x39,0x05,0xB5,0x7C,0xCA,0x3E,0x5F,0x26,0x70,0x86,0x3B,0xF8,0x05,0xC5,0x58,0xFA,0xA6,0xA1},
    {0x00,0x00,0x00,0x00,0x00,0x00,0x00,0x00,0x00,0x00,0x00,0x00,0x00,0x00,0x00,0x00,0x00,0x00,0x00,0x00,0x00,0x00,0x00,0x04,0x00,0x00,0x00,0x00,0x00,0x00,0x00,0x00,0xAE,0x4D,0x9E,0x20,0x2D,0x48,0x62,0xC8,0xE4,0xFF,0xA7,0xC5,0xC3,0xEA,0xB9,0x3E,0xFC,0xD3,0x52,0x30,0x17,0x81,0xD1,0xBE,0x74,0xFE,0xB4,0xB9,0x58,0xE6,0x35,0x01},
    {0x00,0x00,0x00,0x00,0x00,0x00,0x00,0x00,0x00,0x00,0x00,0x00,0x00,0x00,0x00,0x00,0x00,0x00,0x00,0x00,0x00,0x00,0x00,0x08,0x00,0x00,0x00,0x00,0x00,0x00,0x00,0x00,0xA7,0x0A,0x29,0x4B,0xAD,0x8C,0xA2,0x1E,0xA6,0x59,0x5B,0x2E,0x0A,0x20,0xA7,0x6C,0xB9,0x1C,0x4A,0xF4,0x32,0x4A,0x09,0xEC,0x94,0x5C,0x0F,0x18,0x53,0x40,0xD4,0xC7},
    {0x00,0x00,0x00,0x00,0x00,0x00,0x00,0x00,0x00,0x00,0x00,0x00,0x00,0x00,0x00,0x00,0x00,0x00,0x00,0x00,0x00,0x00,0x00,0x10,0x00,0x00,0x00,0x00,0x00,0x00,0x00,0x00,0x30,0x66,0x73,0xC5,0x1A,0xFF,0xF8,0x6D,0x55,0x65,0x26,0x57,0x70,0xB4,0x3D,0x67,0x77,0xA2,0xDA,0x30,0xAB,0x2C,0x2E,0x0E,0xBD,0x95,0xC4,0x0B,0xB4,0xD9,0x85,0xC4},
    {0x00,0x00,0x00,0x00,0x00,0x00,0x00,0x00,0x00,0x00,0x00,0x00,0x00,0x00,0x00,0x00,0x00,0x00,0x00,0x00,0x00,0x00,0x00,0x20,0x00,0x00,0x00,0x00,0x00,0x00,0x00,0x00,0xAC,0x69,0x73,0x98,0xD1,0x5C,0xB1,0x70,0x1C,0x62,0xF8,0xBA,0xDC,0x5A,0x5A,0x94,0xEB,0xB9,0xAB,0xE9,0x85,0xEC,0x55,0x7B,0x88,0x84,0x56,0xFC,0x15,0xA3,0xB6,0xB0},
    {0x00,0x00,0x00,0x00,0x00,0x00,0x00,0x00,0x00,0x00,0x00,0x00,0x00,0x00,0x00,0x00,0x00,0x00,0x00,0x00,0x00,0x00,0x00,0x40,0x00,0x00,0x00,0x00,0x00,0x00,0x00,0x00,0x36,0xF5,0xFB,0x9B,0x10,0x31,0x32,0xD1,0xCE,0xC5,0x3F,0x09,0x1D,0x13,0x42,0x60,0xC9,0x79,0x0B,0x27,0xB5,0x42,0x8D,0x31,0x2F,0xBD,0xA7,0x2E,0xAB,0xCE,0x5B,0x87},
    {0x00,0x00,0x00,0x00,0x00,0x00,0x00,0x00,0x00,0x00,0x00,0x00,0x00,0x00,0x00,0x00,0x00,0x00,0x00,0x00,0x00,0x00,0x00,0x80,0x00,0x00,0x00,0x00,0x00,0x00,0x00,0x00,0xC8,0xDD,0x52,0xBA,0x90,0xA2,0xD2,0xAE,0xF2,0x7D,0xEA,0x69,0x2F,0xDD,0x89,0xF7,0x74,0xFE,0xB4,0x95,0x2E,0x2A,0x40,0x8D,0xEC,0xDD,0xDE,0xFC,0x8D,0xB4,0xC7,0xB6},
    {0x00,0x00,0x00,0x00,0x00,0x00,0x00,0x00,0x00,0x00,0x00,0x00,0x00,0x00,0x00,0x00,0x00,0x00,0x00,0x00,0x00,0x00,0x00,0x00,0x01,0x00,0x00,0x00,0x00,0x00,0x00,0x00,0x8D,0x98,0x38,0x56,0xE5,0xB5,0xB3,0x12,0x9F,0xA5,0x79,0x84,0x4A,0xB8,0x7A,0xAC,0x94,0x66,0x25,0xC6,0x6E,0x23,0x9D,0x17,0x2F,0xF6,0xBC,0x2D,0x46,0xF0,0xEA,0x07},
    {0x00,0x00,0x00,0x00,0x00,0x00,0x00,0x00,0x00,0x00,0x00,0x00,0x00,0x00,0x00,0x00,0x00,0x00,0x00,0x00,0x00,0x00,0x00,0x00,0x02,0x00,0x00,0x00,0x00,0x00,0x00,0x00,0x9E,0xE4,0x41,0xBE,0xD7,0x4A,0x8B,0x60,0x88,0x09,0xD7,0xB4,0x07,0x32,0x41,0x77,0xAF,0xC6,0x34,0xCC,0x64,0x6E,0x4F,0x1A,0x18,0x92,0xB8,0x32,0xC4,0x02,0x1A,0x00},
    {0x00,0x00,0x00,0x00,0x00,0x00,0x00,0x00,0x00,0x00,0x00,0x00,0x00,0x00,0x00,0x00,0x00,0x00,0x00,0x00,0x00,0x00,0x00,0x00,0x04,0x00,0x00,0x00,0x00,0x00,0x00,0x00,0x0E,0xFB,0x5D,0x0C,0x45,0x11,0xDB,0x4D,0xBE,0x7C,0x07,0xB8,0xB6,0x3A,0xBD,0x50,0xAA,0x57,0x20,0xDC,0xDD,0x87,0xBE,0xBD,0x8F,0xB3,0x45,0xFA,0x11,0x0B,0xF1,0xD6},
    {0x00,0x00,0x00,0x00,0x00,0x00,0x00,0x00,0x00,0x00,0x00,0x00,0x00,0x00,0x00,0x00,0x00,0x00,0x00,0x00,0x00,0x00,0x00,0x00,0x08,0x00,0x00,0x00,0x00,0x00,0x00,0x00,0x1A,0xA9,0x61,0x63,0xA0,0x57,0xA2,0x71,0x2C,0xC4,0x00,0x8A,0x7B,0x06,0xD5,0x7D,0x3B,0xC7,0xCA,0xE8,0x06,0x07,0x2E,0xED,0xA6,0x10,0x4D,0xEC,0xCE,0x7B,0x7E,0x07},
    {0x00,0x00,0x00,0x00,0x00,0x00,0x00,0x00,0x00,0x00,0x00,0x00,0x00,0x00,0x00,0x00,0x00,0x00,0x00,0x00,0x00,0x00,0x00,0x00,0x10,0x00,0x00,0x00,0x00,0x00,0x00,0x00,0x40,0x47,0xB1,0x41,0xE8,0x02,0x1F,0xCB,0x87,0x67,0xF5,0x0F,0xC4,0x87,0x16,0x94,0x70,0xE0,0x6D,0xE7,0xFA,0x11,0x51,0xDE,0x89,0xFC,0x63,0x16,0xB8,0x49,0xCA,0xC1},
    {0x00,0x00,0x00,0x00,0x00,0x00,0x00,0x00,0x00,0x00,0x00,0x00,0x00,0x00,0x00,0x00,0x00,0x00,0x00,0x00,0x00,0x00,0x00,0x00,0x20,0x00,0x00,0x00,0x00,0x00,0x00,0x00,0xB2,0x09,0xE8,0x5C,0x10,0x7D,0xA1,0x7A,0x87,0x59,0x32,0xAE,0x2D,0x8C,0xBA,0x29,0x3C,0x0E,0xBA,0x24,0x83,0x46,0xE7,0x0B,0xE2,0x0E,0x8F,0x2D,0x98,0xA9,0x02,0x55},
    {0x00,0x00,0x00,0x00,0x00,0x00,0x00,0x00,0x00,0x00,0x00,0x00,0x00,0x00,0x00,0x00,0x00,0x00,0x00,0x00,0x00,0x00,0x00,0x00,0x40,0x00,0x00,0x00,0x00,0x00,0x00,0x00,0x23,0x7D,0x0F,0xA9,0x5E,0x18,0xF3,0xAA,0x16,0xDD,0xF2,0xFF,0x3C,0xC8,0xBA,0x98,0xA1,0x3C,0x48,0x43,0xCA,0x86,0xCA,0x7D,0xAD,0xD5,0x05,0xEC,0xFA,0x60,0x53,0x37},
    {0x00,0x00,0x00,0x00,0x00,0x00,0x00,0x00,0x00,0x00,0x00,0x00,0x00,0x00,0x00,0x00,0x00,0x00,0x00,0x00,0x00,0x00,0x00,0x00,0x80,0x00,0x00,0x00,0x00,0x00,0x00,0x00,0xE8,0xDE,0x9E,0x17,0x02,0xC1,0x4C,0xEB,0x81,0x1E,0xBA,0x28,0x00,0x30,0xF3,0x31,0xC6,0x3C,0xC4,0x40,0x87,0xF3,0xDE,0x0F,0xB5,0x33,0x72,0x74,0xE1,0xA4,0xE7,0x36},
    {0x00,0x00,0x00,0x00,0x00,0x00,0x00,0x00,0x00,0x00,0x00,0x00,0x00,0x00,0x00,0x00,0x00,0x00,0x00,0x00,0x00,0x00,0x00,0x00,0x00,0x01,0x00,0x00,0x00,0x00,0x00,0x00,0x67,0xBD,0xD1,0x2F,0x3B,0xF6,0xB4,0x3A,0x5A,0xA8,0xF8,0xD7,0x42,0x29,0x23,0x0E,0xFA,0xDE,0x15,0x25,0xF0,0xA8,0x1B,0xBD,0xCF,0x5E,0xE6,0x4B,0xBA,0xDF,0x25,0xD4},
    {0x00,0x00,0x00,0x00,0x00,0x00,0x00,0x00,0x00,0x00,0x00,0x00,0x00,0x00,0x00,0x00,0x00,0x00,0x00,0x00,0x00,0x00,0x00,0x00,0x00,0x02,0x00,0x00,0x00,0x00,0x00,0x00,0x7B,0xD1,0x1E,0x67,0x5F,0xE7,0x71,0xBE,0x96,0x06,0x9A,0xF3,0x8D,0x9A,0x23,0x3B,0x60,0x27,0x8C,0x53,0x48,0x32,0xE0,0x02,0xD3,0x04,0xAC,0xB8,0xA2,0x4A,0x41,0xF4},
    {0x00,0x00,0x00,0x00,0x00,0x00,0x00,0x00,0x00,0x00,0x00,0x00,0x00,0x00,0x00,0x00,0x00,0x00,0x00,0x00,0x00,0x00,0x00,0x00,0x00,0x04,0x00,0x00,0x00,0x00,0x00,0x00,0x53,0x74,0xCD,0xB1,0x99,0x27,0x8C,0x41,0x45,0xF9,0xBD,0xBA,0x7C,0x1A,0x23,0xA4,0xC8,0x1E,0x03,0x5E,0x86,0x0A,0x27,0x42,0xBF,0x09,0x18,0xAE,0x81,0xAF,0xE2,0x94},
    {0x00,0x00,0x00,0x00,0x00,0x00,0x00,0x00,0x00,0x00,0x00,0x00,0x00,0x00,0x00,0x00,0x00,0x00,0x00,0x00,0x00,0x00,0x00,0x00,0x00,0x08,0x00,0x00,0x00,0x00,0x00,0x00,0x04,0x83,0x47,0x93,0xE5,0x22,0x36,0x3D,0xA9,0x1C,0x16,0x01,0x35,0x86,0x03,0x21,0x85,0xA7,0x11,0x63,0x7B,0xA4,0x9B,0x98,0xF4,0x29,0x47,0x78,0xB8,0x72,0xBC,0x71},
    {0x00,0x00,0x00,0x00,0x00,0x00,0x00,0x00,0x00,0x00,0x00,0x00,0x00,0x00,0x00,0x00,0x00,0x00,0x00,0x00,0x00,0x00,0x00,0x00,0x00,0x10,0x00,0x00,0x00,0x00,0x00,0x00,0x0C,0xE4,0xBE,0x75,0x5A,0xBE,0x8B,0xAD,0xA3,0xBB,0x3E,0x84,0x9E,0xE4,0x80,0xBB,0x02,0x45,0xA6,0x85,0x9A,0xCC,0x62,0x1B,0xFB,0x21,0x29,0xAF,0xA1,0x03,0x4E,0x97},
    {0x00,0x00,0x00,0x00,0x00,0x00,0x00,0x00,0x00,0x00,0x00,0x00,0x00,0x00,0x00,0x00,0x00,0x00,0x00,0x00,0x00,0x00,0x00,0x00,0x00,0x20,0x00,0x00,0x00,0x00,0x00,0x00,0x5E,0x4B,0x65,0x3D,0xEC,0x47,0x75,0x3D,0x1F,0xD6,0x30,0x15,0x42,0x21,0x89,0xA4,0x9E,0x7A,0x66,0xDE,0xA2,0x4B,0x1C,0x93,0xAE,0xB4,0x29,0xA9,0xA9,0x96,0x02,0x32},
    {0x00,0x00,0x00,0x00,0x00,0x00,0x00,0x00,0x00,0x00,0x00,0x00,0x00,0x00,0x00,0x00,0x00,0x00,0x00,0x00,0x00,0x00,0x00,0x00,0x00,0x40,0x00,0x00,0x00,0x00,0x00,0x00,0x29,0x24,0x2A,0x41,0x5E,0xFC,0xAC,0x19,0xF1,0x77,0xCD,0xE0,0xC3,0x5A,0xF2,0x28,0xD4,0x10,0x58,0x57,0x9A,0x9D,0x31,0xB0,0x5E,0x33,0xC7,0x4A,0xDC,0x39,0xE0,0x77},
    {0x00,0x00,0x00,0x00,0x00,0x00,0x00,0x00,0x00,0x00,0x00,0x00,0x00,0x00,0x00,0x00,0x00,0x00,0x00,0x00,0x00,0x00,0x00,0x00,0x00,0x80,0x00,0x00,0x00,0x00,0x00,0x00,0x6E,0x04,0x46,0x80,0x8F,0x5E,0x74,0x2A,0xAD,0x6B,0x33,0xFA,0x2F,0x49,0x21,0x92,0x1D,0xC5,0xA4,0x9D,0x6B,0x23,0x5E,0x1F,0x43,0x31,0x9C,0x41,0x32,0x79,0xD5,0x10},
    {0x00,0x00,0x00,0x00,0x00,0x00,0x00,0x00,0x00,0x00,0x00,0x00,0x00,0x00,0x00,0x00,0x00,0x00,0x00,0x00,0x00,0x00,0x00,0x00,0x00,0x00,0x01,0x00,0x00,0x00,0x00,0x00,0xD3,0x75,0xFA,0x94,0x06,0x1B,0xC1,0xFC,0x6B,0xE9,0x99,0x0D,0xCD,0x1A,0x3B,0xEF,0x74,0xED,0xF6,0x86,0x28,0x60,0xB0,0xE7,0xDC,0xA2,0xF5,0x63,0x9D,0x0A,0x00,0x75},
    {0x00,0x00,0x00,0x00,0x00,0x00,0x00,0x00,0x00,0x00,0x00,0x00,0x00,0x00,0x00,0x00,0x00,0x00,0x00,0x00,0x00,0x00,0x00,0x00,0x00,0x00,0x02,0x00,0x00,0x00,0x00,0x00,0x76,0x4B,0xDD,0xA8,0x6D,0x09,0xF3,0x59,0x40,0x85,0x40,0xBD,0x49,0x0C,0x01,0xCE,0xF3,0xA1,0x62,0xBF,0xFC,0xB4,0xC9,0x4C,0x59,0x46,0x96,0x72,0xCB,0x08,0x49,0x47},
    {0x00,0x00,0x00,0x00,0x00,0x00,0x00,0x00,0x00,0x00,0x00,0x00,0x00,0x00,0x00,0x00,0x00,0x00,0x00,0x00,0x00,0x00,0x00,0x00,0x00,0x00,0x04,0x00,0x00,0x00,0x00,0x00,0x0A,0xAB,0xA2,0x67,0x38,0x69,0x4A,0xE1,0x5B,0xB3,0x12,0x5F,0x70,0xE9,0x72,0x98,0x11,0xD9,0x8E,0x83,0x86,0xED,0x30,0x91,0xFE,0x7E,0x0F,0x37,0x37,0x17,0x5D,0x81},
    {0x00,0x00,0x00,0x00,0x00,0x00,0x00,0x00,0x00,0x00,0x00,0x00,0x00,0x00,0x00,0x00,0x00,0x00,0x00,0x00,0x00,0x00,0x00,0x00,0x00,0x00,0x08,0x00,0x00,0x00,0x00,0x00,0xEC,0xA5,0xF7,0x46,0xAD,0x18,0xA8,0x4B,0xFD,0x70,0xD6,0x6B,0xDC,0x28,0x59,0x63,0xB8,0x31,0x9E,0x8A,0x6C,0xEF,0x62,0xAB,0x97,0x71,0xC6,0xAC,0x9F,0x4D,0x5D,0x46},
    {0x00,0x00,0x00,0x00,0x00,0x00,0x00,0x00,0x00,0x00,0x00,0x00,0x00,0x00,0x00,0x00,0x00,0x00,0x00,0x00,0x00,0x00,0x00,0x00,0x00,0x00,0x10,0x00,0x00,0x00,0x00,0x00,0x69,0xCB,0xED,0xDC,0x75,0x58,0x7B,0x8B,0x87,0x36,0x05,0x9F,0x9E,0xE3,0x43,0x7A,0x17,0x1D,0x6C,0xDE,0x9B,0x06,0x07,0x63,0x9C,0x62,0x73,0x81,0x1D,0xAE,0xB3,0xA1},
    {0x00,0x00,0x00,0x00,0x00,0x00,0x00,0x00,0x00,0x00,0x00,0x00,0x00,0x00,0x00,0x00,0x00,0x00,0x00,0x00,0x00,0x00,0x00,0x00,0x00,0x00,0x20,0x00,0x00,0x00,0x00,0x00,0x87,0xD6,0x47,0x0C,0xCD,0x91,0xCE,0x46,0x24,0xA7,0x48,0xAA,0xD4,0x98,0xD1,0xAA,0x87,0xE6,0x3F,0x55,0xEE,0xC6,0xCB,0x86,0x1D,0x59,0x9A,0xB4,0xBB,0x1A,0x7B,0x12},
    {0x00,0x00,0x00,0x00,0x00,0x00,0x00,0x00,0x00,0x00,0x00,0x00,0x00,0x00,0x00,0x00,0x00,0x00,0x00,0x00,0x00,0x00,0x00,0x00,0x00,0x00,0x40,0x00,0x00,0x00,0x00,0x00,0x22,0x5B,0x64,0x35,0x9C,0x89,0x07,0xFF,0x0D,0x33,0xD9,0x1B,0xE1,0x6F,0xCB,0x1E,0xF3,0xDD,0xE3,0x63,0xBA,0x67,0x33,0x68,0x6B,0x55,0x2F,0xC1,0x5B,0x01,0xE8,0xA0},
    {0x00,0x00,0x00,0x00,0x00,0x00,0x00,0x00,0x00,0x00,0x00,0x00,0x00,0x00,0x00,0x00,0x00,0x00,0x00,0x00,0x00,0x00,0x00,0x00,0x00,0x00,0x80,0x00,0x00,0x00,0x00,0x00,0x35,0xEB,0x6B,0xEA,0xD2,0x3A,0x0F,0xD3,0x76,0xC3,0x22,0xD4,0xBA,0x5B,0x94,0x0C,0x9C,0xF1,0x89,0x15,0xFB,0x4A,0x70,0xDD,0x58,0xE3,0x09,0x66,0x94,0xED,0x97,0xF0},
    {0x00,0x00,0x00,0x00,0x00,0x00,0x00,0x00,0x00,0x00,0x00,0x00,0x00,0x00,0x00,0x00,0x00,0x00,0x00,0x00,0x00,0x00,0x00,0x00,0x00,0x00,0x00,0x01,0x00,0x00,0x00,0x00,0x9F,0x23,0xE4,0xC9,0xD7,0x02,0x67,0x80,0xDE,0xBA,0x95,0xE0,0x60,0xC3,0x98,0xBF,0x6F,0x55,0x8B,0x8A,0x17,0xD8,0xF1,0xDA,0x09,0xD1,0xBC,0xE3,0x00,0x55,0x1A,0x07},
    {0x00,0x00,0x00,0x00,0x00,0x00,0x00,0x00,0x00,0x00,0x00,0x00,0x00,0x00,0x00,0x00,0x00,0x00,0x00,0x00,0x00,0x00,0x00,0x00,0x00,0x00,0x00,0x02,0x00,0x00,0x00,0x00,0x73,0x0D,0x70,0x88,0x31,0xAB,0x5E,0xB3,0xC0,0x40,0x73,0xDD,0x9F,0xF8,0xBD,0x41,0x73,0xC4,0xBE,0xE4,0xE9,0xE5,0x4B,0x32,0xF2,0x75,0x45,0xA3,0x4B,0xA1,0xC5,0x85},
    {0x00,0x00,0x00,0x00,0x00,0x00,0x00,0x00,0x00,0x00,0x00,0x00,0x00,0x00,0x00,0x00,0x00,0x00,0x00,0x00,0x00,0x00,0x00,0x00,0x00,0x00,0x00,0x04,0x00,0x00,0x00,0x00,0x97,0xA1,0xF0,0x15,0x6D,0xEE,0xD3,0x55,0xB0,0x4F,0xD0,0x7C,0xBE,0x7F,0x62,0x32,0x2D,0x7F,0x14,0x8E,0x3B,0xB3,0x93,0xF8,0xF2,0x1C,0x57,0x00,0x79,0x59,0x5F,0x51},
    {0x00,0x00,0x00,0x00,0x00,0x00,0x00,0x00,0x00,0x00,0x00,0x00,0x00,0x00,0x00,0x00,0x00,0x00,0x00,0x00,0x00,0x00,0x00,0x00,0x00,0x00,0x00,0x08,0x00,0x00,0x00,0x00,0x67,0xAA,0xB3,0xD7,0x2D,0x49,0xD1,0x24,0xAB,0xEF,0xFB,0x2D,0x90,0x6A,0x61,0xB2,0x88,0x1C,0xB5,0x04,0x56,0x92,0x44,0x2B,0x72,0x4C,0x90,0x2B,0xE4,0x4D,0x91,0x75},
    {0x00,0x00,0x00,0x00,0x00,0x00,0x00,0x00,0x00,0x00,0x00,0x00,0x00,0x00,0x00,0x00,0x00,0x00,0x00,0x00,0x00,0x00,0x00,0x00,0x00,0x00,0x00,0x10,0x00,0x00,0x00,0x00,0xA5,0x42,0xD0,0x29,0x0A,0xDA,0x86,0x27,0x60,0xEC,0xEE,0xE2,0xB2,0xAD,0xF4,0x81,0x96,0xDC,0xC4,0x20,0xE1,0xED,0xCE,0xBC,0xC0,0x35,0x32,0x60,0x80,0xFB,0x83,0x51},
    {0x00,0x00,0x00,0x00,0x00,0x00,0x00,0x00,0x00,0x00,0x00,0x00,0x00,0x00,0x00,0x00,0x00,0x00,0x00,0x00,0x00,0x00,0x00,0x00,0x00,0x00,0x00,0x20,0x00,0x00,0x00,0x00,0x31,0xFD,0x09,0x84,0x18,0xA2,0x17,0x7A,0x15,0x5F,0x4E,0x70,0xEE,0x30,0x53,0x77,0xD9,0x9A,0x0F,0x12,0x62,0xF6,0x80,0xBE,0xBB,0x22,0x22,0xD1,0x50,0xB6,0xD1,0x50},
    {0x00,0x00,0x00,0x00,0x00,0x00,0x00,0x00,0x00,0x00,0x00,0x00,0x00,0x00,0x00,0x00,0x00,0x00,0x00,0x00,0x00,0x00,0x00,0x00,0x00,0x00,0x00,0x40,0x00,0x00,0x00,0x00,0xA7,0x41,0xDB,0x01,0xEE,0x9B,0x32,0xBD,0x8B,0x9E,0x47,0x03,0x80,0x0F,0xCE,0x85,0xE8,0x91,0x38,0x7C,0x41,0xB2,0x53,0x58,0xFF,0x24,0x93,0x05,0xF4,0x16,0x6A,0x33},
    {0x00,0x00,0x00,0x00,0x00,0x00,0x00,0x00,0x00,0x00,0x00,0x00,0x00,0x00,0x00,0x00,0x00,0x00,0x00,0x00,0x00,0x00,0x00,0x00,0x00,0x00,0x00,0x80,0x00,0x00,0x00,0x00,0xEE,0x45,0x59,0x6B,0x7C,0x9C,0x81,0x66,0x2D,0x71,0xDF,0xAF,0x2E,0xF4,0xA5,0x16,0x7F,0x50,0xB3,0xF6,0x31,0xFB,0x66,0x81,0x4A,0xD1,0x2A,0x54,0x76,0x7A,0x08,0x52},
    {0x00,0x00,0x00,0x00,0x00,0x00,0x00,0x00,0x00,0x00,0x00,0x00,0x00,0x00,0x00,0x00,0x00,0x00,0x00,0x00,0x00,0x00,0x00,0x00,0x00,0x00,0x00,0x00,0x01,0x00,0x00,0x00,0x01,0x46,0x32,0x6F,0x8E,0x11,0x5F,0xFB,0x56,0xDF,0x2B,0x11,0xB7,0xBB,0x98,0x97,0xDA,0x3A,0x84,0x49,0x61,0xB2,0xBD,0xC5,0xE4,0x50,0x7B,0x11,0x54,0xBD,0x24,0xC3},
    {0x00,0x00,0x00,0x00,0x00,0x00,0x00,0x00,0x00,0x00,0x00,0x00,0x00,0x00,0x00,0x00,0x00,0x00,0x00,0x00,0x00,0x00,0x00,0x00,0x00,0x00,0x00,0x00,0x02,0x00,0x00,0x00,0xD4,0x45,0xC2,0xDA,0xD7,0xE5,0x49,0x50,0xC2,0xC6,0x03,0x08,0x45,0x62,0x29,0xA4,0xF6,0xF4,0xA1,0xD4,0xE3,0xDD,0xB2,0x20,0xD6,0x27,0xE4,0xBC,0x08,0x46,0x73,0x93},
    {0x00,0x00,0x00,0x00,0x00,0x00,0x00,0x00,0x00,0x00,0x00,0x00,0x00,0x00,0x00,0x00,0x00,0x00,0x00,0x00,0x00,0x00,0x00,0x00,0x00,0x00,0x00,0x00,0x04,0x00,0x00,0x00,0x23,0xEB,0x22,0x65,0xC7,0xCA,0x05,0x13,0x23,0x22,0x42,0x75,0x28,0xBC,0x6B,0xBB,0xB0,0x87,0x68,0xF2,0xBB,0xCA,0x7A,0x92,0x8D,0xC3,0xC8,0x48,0x4D,0x0A,0xAE,0x94},
    {0x00,0x00,0x00,0x00,0x00,0x00,0x00,0x00,0x00,0x00,0x00,0x00,0x00,0x00,0x00,0x00,0x00,0x00,0x00,0x00,0x00,0x00,0x00,0x00,0x00,0x00,0x00,0x00,0x08,0x00,0x00,0x00,0xC1,0xF8,0x9E,0x01,0x01,0xE8,0x9F,0x2B,0x30,0x5D,0x48,0x7C,0x4D,0xCD,0xF3,0x28,0xDF,0x1A,0xFB,0xEA,0x3A,0xF1,0x69,0x3D,0x3A,0x8E,0xF2,0x10,0x8E,0x77,0xC6,0x33},
    {0x00,0x00,0x00,0x00,0x00,0x00,0x00,0x00,0x00,0x00,0x00,0x00,0x00,0x00,0x00,0x00,0x00,0x00,0x00,0x00,0x00,0x00,0x00,0x00,0x00,0x00,0x00,0x00,0x10,0x00,0x00,0x00,0xD9,0x57,0xF1,0x7B,0xDD,0x51,0x8A,0xB8,0xFB,0x20,0xBE,0x70,0x15,0x7A,0xF7,0x53,0xD0,0xB8,0xF3,0xC4,0x30,0x6E,0x37,0x6C,0xBC,0xEF,0x3D,0x8D,0xE5,0x18,0x80,0x75},
    {0x00,0x00,0x00,0x00,0x00,0x00,0x00,0x00,0x00,0x00,0x00,0x00,0x00,0x00,0x00,0x00,0x00,0x00,0x00,0x00,0x00,0x00,0x00,0x00,0x00,0x00,0x00,0x00,0x20,0x00,0x00,0x00,0x22,0xB7,0xED,0xED,0xCA,0x6C,0x0B,0xDE,0x21,0x54,0x4F,0xA4,0x0B,0x62,0x51,0x6F,0xF3,0xC5,0x68,0xCF,0x44,0xA3,0xB6,0xCB,0x5F,0x31,0x9F,0x53,0xB6,0x05,0xCC,0x42},
    {0x00,0x00,0x00,0x00,0x00,0x00,0x00,0x00,0x00,0x00,0x00,0x00,0x00,0x00,0x00,0x00,0x00,0x00,0x00,0x00,0x00,0x00,0x00,0x00,0x00,0x00,0x00,0x00,0x40,0x00,0x00,0x00,0xCA,0x94,0xAE,0x1A,0xFF,0x49,0x35,0xCB,0xF8,0x11,0x39,0x5E,0xA2,0x0C,0xE0,0x2A,0xAD,0x45,0xE5,0xBB,0x11,0x18,0xEF,0xF8,0x81,0x63,0x13,0x12,0xCC,0xA4,0xB7,0x07},
    {0x00,0x00,0x00,0x00,0x00,0x00,0x00,0x00,0x00,0x00,0x00,0x00,0x00,0x00,0x00,0x00,0x00,0x00,0x00,0x00,0x00,0x00,0x00,0x00,0x00,0x00,0x00,0x00,0x80,0x00,0x00,0x00,0xAA,0x61,0x7E,0x89,0xA5,0xD7,0x31,0xDF,0x64,0x16,0x5C,0xB3,0x86,0x76,0xC3,0x1D,0xF7,0xEC,0xFD,0xDD,0x5A,0x6E,0x9B,0xF8,0x44,0xCF,0xA8,0x0B,0xC6,0x55,0xD9,0xD1},
    {0x00,0x00,0x00,0x00,0x00,0x00,0x00,0x00,0x00,0x00,0x00,0x00,0x00,0x00,0x00,0x00,0x00,0x00,0x00,0x00,0x00,0x00,0x00,0x00,0x00,0x00,0x00,0x00,0x00,0x01,0x00,0x00,0x01,0x36,0x75,0x10,0xF7,0xB6,0x88,0xCE,0x89,0x6D,0xD2,0x45,0x5B,0x8A,0x34,0x35,0xA9,0x9F,0x94,0x47,0xB3,0xB9,0x48,0x86,0xDF,0x73,0xCF,0xE9,0xEA,0x85,0x86,0xE7},
    {0x00,0x00,0x00,0x00,0x00,0x00,0x00,0x00,0x00,0x00,0x00,0x00,0x00,0x00,0x00,0x00,0x00,0x00,0x00,0x00,0x00,0x00,0x00,0x00,0x00,0x00,0x00,0x00,0x00,0x02,0x00,0x00,0x17,0xD8,0xE2,0x17,0xED,0x84,0x5F,0x3A,0x0B,0xE7,0xE2,0x8F,0xF8,0x5A,0x9C,0x5C,0xC3,0xC3,0x3D,0x55,0x52,0xB9,0xC3,0xA2,0xF4,0x7D,0x24,0x93,0x8E,0xD2,0x36,0x73},
    {0x00,0x00,0x00,0x00,0x00,0x00,0x00,0x00,0x00,0x00,0x00,0x00,0x00,0x00,0x00,0x00,0x00,0x00,0x00,0x00,0x00,0x00,0x00,0x00,0x00,0x00,0x00,0x00,0x00,0x04,0x00,0x00,0xBE,0xB2,0xBC,0x13,0x0F,0xF1,0x61,0xEE,0xB8,0x1F,0x36,0x01,0x36,0x79,0x45,0x5B,0xDB,0x16,0x6A,0x05,0x3F,0x1A,0x34,0x7C,0x22,0xC3,0x5C,0x39,0xC3,0xBA,0x66,0xD3},
    {0x00,0x00,0x00,0x00,0x00,0x00,0x00,0x00,0x00,0x00,0x00,0x00,0x00,0x00,0x00,0x00,0x00,0x00,0x00,0x00,0x00,0x00,0x00,0x00,0x00,0x00,0x00,0x00,0x00,0x08,0x00,0x00,0x8D,0x82,0x2B,0x28,0xBA,0x28,0x24,0x95,0xA5,0x87,0x28,0x6F,0xB1,0x2B,0x1E,0x8C,0xE9,0x0A,0x8F,0x99,0x78,0x90,0x3A,0x4D,0x0B,0x65,0xC9,0xAB,0x62,0xB8,0x56,0x20},
    {0x00,0x00,0x00,0x00,0x00,0x00,0x00,0x00,0x00,0x00,0x00,0x00,0x00,0x00,0x00,0x00,0x00,0x00,0x00,0x00,0x00,0x00,0x00,0x00,0x00,0x00,0x00,0x00,0x00,0x10,0x00,0x00,0xC2,0x4E,0x1E,0x3C,0x09,0x4A,0x33,0x75,0x8C,0x8C,0xF8,0x36,0x5E,0xFE,0x81,0x9D,0x32,0x3F,0x8A,0x50,0xA3,0xE1,0xA5,0x56,0x3B,0xED,0x32,0xE5,0xD0,0x7E,0x54,0x55},
    {0x00,0x00,0x00,0x00,0x00,0x00,0x00,0x00,0x00,0x00,0x00,0x00,0x00,0x00,0x00,0x00,0x00,0x00,0x00,0x00,0x00,0x00,0x00,0x00,0x00,0x00,0x00,0x00,0x00,0x20,0x00,0x00,0xE2,0x33,0xB1,0x40,0x88,0xFB,0xB3,0xF4,0xB3,0x3D,0xBC,0x37,0x89,0x26,0x35,0xEE,0xCA,0x80,0x64,0xB5,0xE8,0xC4,0x23,0x71,0xE3,0xF9,0x25,0x4C,0x6F,0xAB,0x7D,0x27},
    {0x00,0x00,0x00,0x00,0x00,0x00,0x00,0x00,0x00,0x00,0x00,0x00,0x00,0x00,0x00,0x00,0x00,0x00,0x00,0x00,0x00,0x00,0x00,0x00,0x00,0x00,0x00,0x00,0x00,0x40,0x00,0x00,0x42,0x88,0x6F,0x9B,0x04,0x4A,0x45,0x69,0x73,0x13,0x5B,0xF0,0x19,0x9B,0x59,0x7E,0x12,0x92,0x76,0x23,0x8D,0xB1,0x7F,0x47,0xEE,0x19,0x50,0x43,0x4F,0x57,0x9D,0xB4},
    {0x00,0x00,0x00,0x00,0x00,0x00,0x00,0x00,0x00,0x00,0x00,0x00,0x00,0x00,0x00,0x00,0x00,0x00,0x00,0x00,0x00,0x00,0x00,0x00,0x00,0x00,0x00,0x00,0x00,0x80,0x00,0x00,0x79,0x65,0xA8,0x86,0xD8,0x59,0x47,0x33,0x1C,0x7F,0xA4,0xDE,0xFE,0x32,0x88,0x83,0x7F,0xA2,0x39,0x01,0xE3,0x3B,0xA4,0xAC,0x31,0x3B,0xAC,0x8D,0xC6,0xEB,0x3A,0x64},
    {0x00,0x00,0x00,0x00,0x00,0x00,0x00,0x00,0x00,0x00,0x00,0x00,0x00,0x00,0x00,0x00,0x00,0x00,0x00,0x00,0x00,0x00,0x00,0x00,0x00,0x00,0x00,0x00,0x00,0x00,0x01,0x00,0x79,0xEA,0xF7,0x38,0x2B,0x1D,0x17,0xBC,0x24,0xAB,0x2D,0x33,0x75,0xD8,0x26,0xB2,0xF5,0x3E,0x22,0x4E,0x6E,0x5A,0x41,0x1C,0x72,0x85,0xCE,0xC3,0xF6,0x43,0x0D,0x96},
    {0x00,0x00,0x00,0x00,0x00,0x00,0x00,0x00,0x00,0x00,0x00,0x00,0x00,0x00,0x00,0x00,0x00,0x00,0x00,0x00,0x00,0x00,0x00,0x00,0x00,0x00,0x00,0x00,0x00,0x00,0x02,0x00,0x67,0xF4,0x50,0xAC,0x44,0x1D,0x3C,0xD9,0xC5,0x14,0x51,0x87,0x6B,0x0B,0x85,0xF9,0xD3,0x20,0x51,0x90,0x68,0xF5,0x5D,0xEB,0x1C,0x6B,0x8C,0x20,0xB5,0x8C,0xF4,0xA3},
    {0x00,0x00,0x00,0x00,0x00,0x00,0x00,0x00,0x00,0x00,0x00,0x00,0x00,0x00,0x00,0x00,0x00,0x00,0x00,0x00,0x00,0x00,0x00,0x00,0x00,0x00,0x00,0x00,0x00,0x00,0x04,0x00,0x90,0x4F,0x86,0xFC,0xC4,0x51,0xC8,0x05,0x5B,0x44,0x23,0xB6,0x08,0x41,0x09,0x60,0xF5,0xB8,0xD1,0x10,0xDA,0x7B,0xFF,0x03,0xA6,0x89,0x07,0x80,0x5E,0x9C,0x07,0xF7},
    {0x00,0x00,0x00,0x00,0x00,0x00,0x00,0x00,0x00,0x00,0x00,0x00,0x00,0x00,0x00,0x00,0x00,0x00,0x00,0x00,0x00,0x00,0x00,0x00,0x00,0x00,0x00,0x00,0x00,0x00,0x08,0x00,0x9C,0xAE,0x8D,0x67,0xE4,0x8E,0xDE,0x78,0xDA,0x39,0x3E,0x7D,0x0B,0xD5,0xCA,0xCB,0x1B,0x1C,0xD5,0x05,0x71,0xE5,0x21,0xD0,0x42,0x94,0x30,0x55,0xAD,0x34,0xE9,0x64},
    {0x00,0x00,0x00,0x00,0x00,0x00,0x00,0x00,0x00,0x00,0x00,0x00,0x00,0x00,0x00,0x00,0x00,0x00,0x00,0x00,0x00,0x00,0x00,0x00,0x00,0x00,0x00,0x00,0x00,0x00,0x10,0x00,0x83,0x57,0x1F,0xAA,0xA8,0x86,0x4F,0xA9,0xBC,0x31,0x91,0xFB,0x81,0x96,0x0E,0x3E,0xE4,0x6B,0x87,0x8E,0xFA,0x1A,0x62,0x39,0x1B,0xE7,0x0C,0x60,0xB9,0x2E,0x41,0xD0},
    {0x00,0x00,0x00,0x00,0x00,0x00,0x00,0x00,0x00,0x00,0x00,0x00,0x00,0x00,0x00,0x00,0x00,0x00,0x00,0x00,0x00,0x00,0x00,0x00,0x00,0x00,0x00,0x00,0x00,0x00,0x20,0x00,0x74,0x03,0x9A,0xF4,0x9A,0x07,0x22,0x04,0xCF,0x10,0x12,0xC0,0x75,0xA8,0x06,0x66,0x20,0xE6,0x10,0xE0,0x62,0xAC,0x3F,0x62,0xE0,0xFD,0x73,0xBA,0x2D,0x9D,0xF5,0xC7},
    {0x00,0x00,0x00,0x00,0x00,0x00,0x00,0x00,0x00,0x00,0x00,0x00,0x00,0x00,0x00,0x00,0x00,0x00,0x00,0x00,0x00,0x00,0x00,0x00,0x00,0x00,0x00,0x00,0x00,0x00,0x40,0x00,0x89,0xC0,0xD0,0xE3,0xAA,0xCB,0x46,0x99,0x8B,0xC8,0xBF,0x49,0x9B,0x45,0x3C,0x80,0xF2,0xEA,0xA7,0x44,0x68,0xBD,0xA6,0x6F,0xE6,0xD6,0x05,0xA6,0xB4,0xF9,0x21,0x65},
    {0x00,0x00,0x00,0x00,0x00,0x00,0x00,0x00,0x00,0x00,0x00,0x00,0x00,0x00,0x00,0x00,0x00,0x00,0x00,0x00,0x00,0x00,0x00,0x00,0x00,0x00,0x00,0x00,0x00,0x00,0x80,0x00,0xC9,0x5A,0xF2,0xEB,0x26,0xD9,0xB6,0x85,0xCC,0xA4,0xB2,0x6A,0xED,0xFA,0x74,0x6B,0xDB,0x1F,0x7F,0x74,0xF1,0x86,0x06,0xBB,0xFA,0x69,0xD9,0x8C,0x5F,0xAA,0xED,0x21},
    {0x00,0x00,0x00,0x00,0x00,0x00,0x00,0x00,0x00,0x00,0x00,0x00,0x00,0x00,0x00,0x00,0x00,0x00,0x00,0x00,0x00,0x00,0x00,0x00,0x00,0x00,0x00,0x00,0x00,0x00,0x00,0x01,0xC5,0x8A,0x07,0x74,0xF8,0xEB,0xC6,0x41,0x64,0x0A,0xF6,0xDE,0xB1,0xE1,0xC1,0x62,0x3F,0x90,0x84,0x2C,0xF8,0x3C,0xFD,0xB6,0x4D,0xCB,0x05,0x57,0x02,0x76,0xD0,0xF3},
    {0x00,0x00,0x00,0x00,0x00,0x00,0x00,0x00,0x00,0x00,0x00,0x00,0x00,0x00,0x00,0x00,0x00,0x00,0x00,0x00,0x00,0x00,0x00,0x00,0x00,0x00,0x00,0x00,0x00,0x00,0x00,0x02,0x5D,0x6E,0x91,0x4A,0xA6,0x00,0xAA,0x8F,0xEF,0x46,0x1C,0xCC,0xD1,0xF0,0x4D,0xDD,0x13,0x9E,0xD5,0x3D,0xF4,0xA7,0xAE,0xEA,0x37,0xEA,0x5E,0x77,0x19,0xF0,0xBB,0x17},
    {0x00,0x00,0x00,0x00,0x00,0x00,0x00,0x00,0x00,0x00,0x00,0x00,0x00,0x00,0x00,0x00,0x00,0x00,0x00,0x00,0x00,0x00,0x00,0x00,0x00,0x00,0x00,0x00,0x00,0x00,0x00,0x04,0xD4,0xDA,0x0A,0x81,0xA2,0x8A,0x39,0x60,0xD8,0xC8,0x07,0x05,0x1A,0x10,0x10,0xAE,0xE5,0x9B,0x63,0x1C,0x25,0x66,0xDB,0x95,0xE3,0x3F,0xA0,0x8E,0x0E,0x5E,0x95,0x91},
    {0x00,0x00,0x00,0x00,0x00,0x00,0x00,0x00,0x00,0x00,0x00,0x00,0x00,0x00,0x00,0x00,0x00,0x00,0x00,0x00,0x00,0x00,0x00,0x00,0x00,0x00,0x00,0x00,0x00,0x00,0x00,0x08,0xEB,0xF3,0x97,0xEC,0xC5,0x87,0x7C,0x49,0xD0,0x71,0xF2,0xF0,0x1C,0xA6,0x97,0xDA,0x57,0xE8,0x72,0x6E,0xA6,0x99,0x38,0x79,0x38,0x0D,0x65,0x31,0x58,0xDC,0x1D,0x16},
    {0x00,0x00,0x00,0x00,0x00,0x00,0x00,0x00,0x00,0x00,0x00,0x00,0x00,0x00,0x00,0x00,0x00,0x00,0x00,0x00,0x00,0x00,0x00,0x00,0x00,0x00,0x00,0x00,0x00,0x00,0x00,0x10,0x03,0x42,0x3F,0xB8,0x62,0x98,0x57,0x43,0xE8,0x6C,0x39,0x79,0x98,0x0D,0x91,0xCD,0x4D,0xF3,0x1C,0xB0,0xAF,0x67,0x27,0xDC,0x31,0xD3,0xFB,0x83,0x7C,0xE9,0x4B,0x30},
    {0x00,0x00,0x00,0x00,0x00,0x00,0x00,0x00,0x00,0x00,0x00,0x00,0x00,0x00,0x00,0x00,0x00,0x00,0x00,0x00,0x00,0x00,0x00,0x00,0x00,0x00,0x00,0x00,0x00,0x00,0x00,0x20,0xB5,0x67,0x40,0xAF,0x71,0x66,0x5B,0x5E,0x7E,0x0B,0xBC,0x0D,0xAD,0xA2,0x29,0xD2,0x79,0x93,0xEE,0x50,0x8C,0x39,0x2A,0x1B,0x16,0x9A,0xA9,0xD1,0xB0,0x7D,0xB3,0x95},
    {0x00,0x00,0x00,0x00,0x00,0x00,0x00,0x00,0x00,0x00,0x00,0x00,0x00,0x00,0x00,0x00,0x00,0x00,0x00,0x00,0x00,0x00,0x00,0x00,0x00,0x00,0x00,0x00,0x00,0x00,0x00,0x40,0x32,0x07,0x34,0x9C,0x8D,0x01,0xE5,0x97,0xFA,0xA2,0x88,0x5B,0x08,0xB3,0x22,0x0C,0x0F,0xB9,0x11,0xCA,0xCE,0x51,0xBC,0xFB,0x7A,0x7E,0xA1,0xC6,0x98,0xA5,0x22,0x91},
    {0x00,0x00,0x00,0x00,0x00,0x00,0x00,0x00,0x00,0x00,0x00,0x00,0x00,0x00,0x00,0x00,0x00,0x00,0x00,0x00,0x00,0x00,0x00,0x00,0x00,0x00,0x00,0x00,0x00,0x00,0x00,0x80,0xCA,0x56,0xA1,0x5A,0x6A,0x0C,0x53,0xC5,0xDF,0xA4,0x93,0x72,0x02,0x58,0x59,0x29,0xD9,0x2F,0x3E,0x00,0x56,0x77,0x38,0x81,0xD5,0xD7,0x58,0x48,0xCF,0xA1,0x8A,0x97},
};
#endif
