scheme,level,mode,implementation_backend,matrix_backend,message_codec,component,cycles,iterations,status,notes
Frost,128,REFERENCE,ref,AES128,scalar,Codec.Message_Decode,62,10,ok,standalone message decode wrapper=frost_key_decode inner_reps=10000
Frost,128,REFERENCE,ref,AES128,scalar,Codec.Message_Encode,58,10,ok,standalone message encode wrapper=frost_key_encode inner_reps=10000
Frost,128,REFERENCE,ref,AES128,scalar,Decaps.CT_Compare,35339,20,ok,decaps ciphertext comparison and key select
Frost,128,REFERENCE,ref,AES128,scalar,Decaps.Decode_Message,34010,20,ok,decaps message decode
Frost,128,REFERENCE,ref,AES128,scalar,Decaps.Dither_U,83598,20,ok,decaps U dither for reconstruction
Frost,128,REFERENCE,ref,AES128,scalar,Decaps.Dither_V,36099,20,ok,decaps V dither for reconstruction
Frost,128,REFERENCE,ref,AES128,scalar,Decaps.FO_Hash,35719,20,ok,decaps G hash h_pk||muprime||salt
Frost,128,REFERENCE,ref,AES128,scalar,Decaps.KDF,64788,20,ok,decaps final shared-secret hash
Frost,128,REFERENCE,ref,AES128,scalar,Decaps.KEM_Total_Profiled,86226411,20,ok,profiling-build decaps total; not official full-KEM timing
Frost,128,REFERENCE,ref,AES128,scalar,Decaps.ReEnc_AT_times_R,20923486,20,ok,decaps re-encryption A^T*R multiplication
Frost,128,REFERENCE,ref,AES128,scalar,Decaps.ReEnc_BhatT_times_R,39899,20,ok,decaps re-encryption B^T*R multiplication
Frost,128,REFERENCE,ref,AES128,scalar,Decaps.ReEnc_Dither_PK,77518,20,ok,decaps re-encryption public-key dither
Frost,128,REFERENCE,ref,AES128,scalar,Decaps.ReEnc_Dither_U,85118,20,ok,decaps re-encryption U dither
Frost,128,REFERENCE,ref,AES128,scalar,Decaps.ReEnc_Dither_V,35150,20,ok,decaps re-encryption V dither
Frost,128,REFERENCE,ref,AES128,scalar,Decaps.ReEnc_Expand_A,21881068,20,ok,decaps re-encryption A expansion
Frost,128,REFERENCE,ref,AES128,scalar,Decaps.ReEnc_Quant_U,35339,20,ok,decaps re-encryption U quantization
Frost,128,REFERENCE,ref,AES128,scalar,Decaps.ReEnc_Quant_V,68398,20,ok,decaps re-encryption V quantization and message add
Frost,128,REFERENCE,ref,AES128,scalar,Decaps.ReEnc_Recon_PK,34580,20,ok,decaps re-encryption public-key reconstruction
Frost,128,REFERENCE,ref,AES128,scalar,Decaps.ReEnc_Unpack_PK,73718,20,ok,decaps re-encryption public-key unpack
Frost,128,REFERENCE,ref,AES128,scalar,Decaps.Recon_U,34579,20,ok,decaps U reconstruction
Frost,128,REFERENCE,ref,AES128,scalar,Decaps.Recon_V,33819,20,ok,decaps V reconstruction
Frost,128,REFERENCE,ref,AES128,scalar,Decaps.ST_times_U,34959,20,ok,decaps S^T*U multiplication
Frost,128,REFERENCE,ref,AES128,scalar,Decaps.Sample_R,34199,20,ok,decaps reenc R CBD transform
Frost,128,REFERENCE,ref,AES128,scalar,Decaps.Sample_S,77898,20,ok,decaps regenerate S from sk seed
Frost,128,REFERENCE,ref,AES128,scalar,Decaps.SeedExpand_R,77708,20,ok,decaps reenc R XOF expansion
Frost,128,REFERENCE,ref,AES128,scalar,Decaps.Unpack_CT,73528,20,ok,decaps ciphertext unpack
Frost,128,REFERENCE,ref,AES128,scalar,Encaps.AT_times_R,20151529,10,ok,encaps A^T*R multiplication
Frost,128,REFERENCE,ref,AES128,scalar,Encaps.BhatT_times_R,39330,10,ok,encaps B^T*R multiplication
Frost,128,REFERENCE,ref,AES128,scalar,Encaps.Dither_PK,77708,10,ok,encaps public-key dither for reconstruction
Frost,128,REFERENCE,ref,AES128,scalar,Encaps.Dither_U,85498,10,ok,encaps U dither
Frost,128,REFERENCE,ref,AES128,scalar,Encaps.Dither_V,36099,10,ok,encaps V dither
Frost,128,REFERENCE,ref,AES128,scalar,Encaps.Encode_Message,34579,10,ok,encaps message encoding and add
Frost,128,REFERENCE,ref,AES128,scalar,Encaps.Expand_A,21952696,10,ok,encaps A expansion for A^T*R
Frost,128,REFERENCE,ref,AES128,scalar,Encaps.FO_Hash,35719,10,ok,G hash h_pk||mu||salt
Frost,128,REFERENCE,ref,AES128,scalar,Encaps.KDF,65168,10,ok,encaps final shared-secret hash
Frost,128,REFERENCE,ref,AES128,scalar,Encaps.KEM_Total_Profiled,85574916,10,ok,profiling-build encaps total; not official full-KEM timing
Frost,128,REFERENCE,ref,AES128,scalar,Encaps.PK_Hash,62510,10,ok,encaps h_pk
Frost,128,REFERENCE,ref,AES128,scalar,Encaps.Pack_CT,108107,10,ok,encaps ciphertext packing
Frost,128,REFERENCE,ref,AES128,scalar,Encaps.Quant_U,35150,10,ok,encaps U quantization
Frost,128,REFERENCE,ref,AES128,scalar,Encaps.Quant_V,34010,10,ok,encaps V quantization
Frost,128,REFERENCE,ref,AES128,scalar,Encaps.Recon_PK,34390,10,ok,encaps public-key reconstruction
Frost,128,REFERENCE,ref,AES128,scalar,Encaps.Sample_Message,74099,10,ok,randombytes for mu and salt
Frost,128,REFERENCE,ref,AES128,scalar,Encaps.Sample_R,34200,10,ok,CBD transform for R
Frost,128,REFERENCE,ref,AES128,scalar,Encaps.SeedExpand_R,77328,10,ok,R XOF expansion
Frost,128,REFERENCE,ref,AES128,scalar,Encaps.Unpack_PK,73718,10,ok,encaps public-key unpack
Frost,128,REFERENCE,ref,AES128,scalar,KeyGen.A_times_S,83978,10,ok,keygen A*S multiplication
Frost,128,REFERENCE,ref,AES128,scalar,KeyGen.Dither_PK,79798,10,ok,keygen public-key dither
Frost,128,REFERENCE,ref,AES128,scalar,KeyGen.Expand_A,231225,10,ok,keygen A expansion
Frost,128,REFERENCE,ref,AES128,scalar,KeyGen.KEM_Total_Profiled,2145244,10,ok,profiling-build keygen total; not official full-KEM timing
Frost,128,REFERENCE,ref,AES128,scalar,KeyGen.PK_Hash,63650,10,ok,keygen h_pk
Frost,128,REFERENCE,ref,AES128,scalar,KeyGen.Pack_PK,72579,10,ok,keygen public-key packing
Frost,128,REFERENCE,ref,AES128,scalar,KeyGen.Quant_PK,34390,10,ok,keygen public-key quantization
Frost,128,REFERENCE,ref,AES128,scalar,KeyGen.Random,78848,10,ok,randombytes for keygen seeds
Frost,128,REFERENCE,ref,AES128,scalar,KeyGen.Sample_S,34390,10,ok,CBD transform for S
Frost,128,REFERENCE,ref,AES128,scalar,KeyGen.SeedExpand,78848,10,ok,seed_A and S XOF expansion
Frost,192,REFERENCE,ref,AES128,scalar,Codec.Message_Decode,68,10,ok,standalone message decode wrapper=frost_key_decode inner_reps=10000
Frost,192,REFERENCE,ref,AES128,scalar,Codec.Message_Encode,51,10,ok,standalone message encode wrapper=frost_key_encode inner_reps=10000
Frost,192,REFERENCE,ref,AES128,scalar,Decaps.CT_Compare,36859,20,ok,decaps ciphertext comparison and key select
Frost,192,REFERENCE,ref,AES128,scalar,Decaps.Decode_Message,33820,20,ok,decaps message decode
Frost,192,REFERENCE,ref,AES128,scalar,Decaps.Dither_U,124257,20,ok,decaps U dither for reconstruction
Frost,192,REFERENCE,ref,AES128,scalar,Decaps.Dither_V,36099,20,ok,decaps V dither for reconstruction
Frost,192,REFERENCE,ref,AES128,scalar,Decaps.FO_Hash,35339,20,ok,decaps G hash h_pk||muprime||salt
Frost,192,REFERENCE,ref,AES128,scalar,Decaps.KDF,101078,20,ok,decaps final shared-secret hash
Frost,192,REFERENCE,ref,AES128,scalar,Decaps.KEM_Total_Profiled,150908996,20,ok,profiling-build decaps total; not official full-KEM timing
Frost,192,REFERENCE,ref,AES128,scalar,Decaps.ReEnc_AT_times_R,36372812,20,ok,decaps re-encryption A^T*R multiplication
Frost,192,REFERENCE,ref,AES128,scalar,Decaps.ReEnc_BhatT_times_R,44459,20,ok,decaps re-encryption B^T*R multiplication
Frost,192,REFERENCE,ref,AES128,scalar,Decaps.ReEnc_Dither_PK,124827,20,ok,decaps re-encryption public-key dither
Frost,192,REFERENCE,ref,AES128,scalar,Decaps.ReEnc_Dither_U,130147,20,ok,decaps re-encryption U dither
Frost,192,REFERENCE,ref,AES128,scalar,Decaps.ReEnc_Dither_V,35719,20,ok,decaps re-encryption V dither
Frost,192,REFERENCE,ref,AES128,scalar,Decaps.ReEnc_Expand_A,37401072,20,ok,decaps re-encryption A expansion
Frost,192,REFERENCE,ref,AES128,scalar,Decaps.ReEnc_Quant_U,35720,20,ok,decaps re-encryption U quantization
Frost,192,REFERENCE,ref,AES128,scalar,Decaps.ReEnc_Quant_V,68778,20,ok,decaps re-encryption V quantization and message add
Frost,192,REFERENCE,ref,AES128,scalar,Decaps.ReEnc_Recon_PK,35720,20,ok,decaps re-encryption public-key reconstruction
Frost,192,REFERENCE,ref,AES128,scalar,Decaps.ReEnc_Unpack_PK,108678,20,ok,decaps re-encryption public-key unpack
Frost,192,REFERENCE,ref,AES128,scalar,Decaps.Recon_U,34579,20,ok,decaps U reconstruction
Frost,192,REFERENCE,ref,AES128,scalar,Decaps.Recon_V,33819,20,ok,decaps V reconstruction
Frost,192,REFERENCE,ref,AES128,scalar,Decaps.ST_times_U,36479,20,ok,decaps S^T*U multiplication
Frost,192,REFERENCE,ref,AES128,scalar,Decaps.Sample_R,34199,20,ok,decaps reenc R CBD transform
Frost,192,REFERENCE,ref,AES128,scalar,Decaps.Sample_S,124637,20,ok,decaps regenerate S from sk seed
Frost,192,REFERENCE,ref,AES128,scalar,Decaps.SeedExpand_R,123878,20,ok,decaps reenc R XOF expansion
Frost,192,REFERENCE,ref,AES128,scalar,Decaps.Unpack_CT,106968,20,ok,decaps ciphertext unpack
Frost,192,REFERENCE,ref,AES128,scalar,Encaps.AT_times_R,37243190,10,ok,encaps A^T*R multiplication
Frost,192,REFERENCE,ref,AES128,scalar,Encaps.BhatT_times_R,44079,10,ok,encaps B^T*R multiplication
Frost,192,REFERENCE,ref,AES128,scalar,Encaps.Dither_PK,124638,10,ok,encaps public-key dither for reconstruction
Frost,192,REFERENCE,ref,AES128,scalar,Encaps.Dither_U,129577,10,ok,encaps U dither
Frost,192,REFERENCE,ref,AES128,scalar,Encaps.Dither_V,35719,10,ok,encaps V dither
Frost,192,REFERENCE,ref,AES128,scalar,Encaps.Encode_Message,34769,10,ok,encaps message encoding and add
Frost,192,REFERENCE,ref,AES128,scalar,Encaps.Expand_A,36589604,10,ok,encaps A expansion for A^T*R
Frost,192,REFERENCE,ref,AES128,scalar,Encaps.FO_Hash,35720,10,ok,G hash h_pk||mu||salt
Frost,192,REFERENCE,ref,AES128,scalar,Encaps.KDF,102028,10,ok,encaps final shared-secret hash
Frost,192,REFERENCE,ref,AES128,scalar,Encaps.KEM_Total_Profiled,151158271,10,ok,profiling-build encaps total; not official full-KEM timing
Frost,192,REFERENCE,ref,AES128,scalar,Encaps.PK_Hash,101648,10,ok,encaps h_pk
Frost,192,REFERENCE,ref,AES128,scalar,Encaps.Pack_CT,144397,10,ok,encaps ciphertext packing
Frost,192,REFERENCE,ref,AES128,scalar,Encaps.Quant_U,35719,10,ok,encaps U quantization
Frost,192,REFERENCE,ref,AES128,scalar,Encaps.Quant_V,33819,10,ok,encaps V quantization
Frost,192,REFERENCE,ref,AES128,scalar,Encaps.Recon_PK,35719,10,ok,encaps public-key reconstruction
Frost,192,REFERENCE,ref,AES128,scalar,Encaps.Sample_Message,76569,10,ok,randombytes for mu and salt
Frost,192,REFERENCE,ref,AES128,scalar,Encaps.Sample_R,34770,10,ok,CBD transform for R
Frost,192,REFERENCE,ref,AES128,scalar,Encaps.SeedExpand_R,124258,10,ok,R XOF expansion
Frost,192,REFERENCE,ref,AES128,scalar,Encaps.Unpack_PK,108108,10,ok,encaps public-key unpack
Frost,192,REFERENCE,ref,AES128,scalar,KeyGen.A_times_S,335722,10,ok,keygen A*S multiplication
Frost,192,REFERENCE,ref,AES128,scalar,KeyGen.Dither_PK,140788,10,ok,keygen public-key dither
Frost,192,REFERENCE,ref,AES128,scalar,KeyGen.Expand_A,853842,10,ok,keygen A expansion
Frost,192,REFERENCE,ref,AES128,scalar,KeyGen.KEM_Total_Profiled,4071802,10,ok,profiling-build keygen total; not official full-KEM timing
Frost,192,REFERENCE,ref,AES128,scalar,KeyGen.PK_Hash,103548,10,ok,keygen h_pk
Frost,192,REFERENCE,ref,AES128,scalar,KeyGen.Pack_PK,109818,10,ok,keygen public-key packing
Frost,192,REFERENCE,ref,AES128,scalar,KeyGen.Quant_PK,36289,10,ok,keygen public-key quantization
Frost,192,REFERENCE,ref,AES128,scalar,KeyGen.Random,78848,10,ok,randombytes for keygen seeds
Frost,192,REFERENCE,ref,AES128,scalar,KeyGen.Sample_S,34200,10,ok,CBD transform for S
Frost,192,REFERENCE,ref,AES128,scalar,KeyGen.SeedExpand,125017,10,ok,seed_A and S XOF expansion
Frost,256,REFERENCE,ref,AES128,scalar,Codec.Message_Decode,57,10,ok,standalone message decode wrapper=frost_key_decode inner_reps=10000
Frost,256,REFERENCE,ref,AES128,scalar,Codec.Message_Encode,48,10,ok,standalone message encode wrapper=frost_key_encode inner_reps=10000
Frost,256,REFERENCE,ref,AES128,scalar,Decaps.CT_Compare,37049,20,ok,decaps ciphertext comparison and key select
Frost,256,REFERENCE,ref,AES128,scalar,Decaps.Decode_Message,33819,20,ok,decaps message decode
Frost,256,REFERENCE,ref,AES128,scalar,Decaps.Dither_U,165296,20,ok,decaps U dither for reconstruction
Frost,256,REFERENCE,ref,AES128,scalar,Decaps.Dither_V,35719,20,ok,decaps V dither for reconstruction
Frost,256,REFERENCE,ref,AES128,scalar,Decaps.FO_Hash,35340,20,ok,decaps G hash h_pk||muprime||salt
Frost,256,REFERENCE,ref,AES128,scalar,Decaps.KDF,139456,20,ok,decaps final shared-secret hash
Frost,256,REFERENCE,ref,AES128,scalar,Decaps.KEM_Total_Profiled,217284256,20,ok,profiling-build decaps total; not official full-KEM timing
Frost,256,REFERENCE,ref,AES128,scalar,Decaps.ReEnc_AT_times_R,52709260,20,ok,decaps re-encryption A^T*R multiplication
Frost,256,REFERENCE,ref,AES128,scalar,Decaps.ReEnc_BhatT_times_R,48639,20,ok,decaps re-encryption B^T*R multiplication
Frost,256,REFERENCE,ref,AES128,scalar,Decaps.ReEnc_Dither_PK,165297,20,ok,decaps re-encryption public-key dither
Frost,256,REFERENCE,ref,AES128,scalar,Decaps.ReEnc_Dither_U,170996,20,ok,decaps re-encryption U dither
Frost,256,REFERENCE,ref,AES128,scalar,Decaps.ReEnc_Dither_V,35340,20,ok,decaps re-encryption V dither
Frost,256,REFERENCE,ref,AES128,scalar,Decaps.ReEnc_Expand_A,55153340,20,ok,decaps re-encryption A expansion
Frost,256,REFERENCE,ref,AES128,scalar,Decaps.ReEnc_Quant_U,36099,20,ok,decaps re-encryption U quantization
Frost,256,REFERENCE,ref,AES128,scalar,Decaps.ReEnc_Quant_V,68969,20,ok,decaps re-encryption V quantization and message add
Frost,256,REFERENCE,ref,AES128,scalar,Decaps.ReEnc_Recon_PK,36290,20,ok,decaps re-encryption public-key reconstruction
Frost,256,REFERENCE,ref,AES128,scalar,Decaps.ReEnc_Unpack_PK,154277,20,ok,decaps re-encryption public-key unpack
Frost,256,REFERENCE,ref,AES128,scalar,Decaps.Recon_U,35339,20,ok,decaps U reconstruction
Frost,256,REFERENCE,ref,AES128,scalar,Decaps.Recon_V,33819,20,ok,decaps V reconstruction
Frost,256,REFERENCE,ref,AES128,scalar,Decaps.ST_times_U,38949,20,ok,decaps S^T*U multiplication
Frost,256,REFERENCE,ref,AES128,scalar,Decaps.Sample_R,34580,20,ok,decaps reenc R CBD transform
Frost,256,REFERENCE,ref,AES128,scalar,Decaps.Sample_S,166056,20,ok,decaps regenerate S from sk seed
Frost,256,REFERENCE,ref,AES128,scalar,Decaps.SeedExpand_R,165106,20,ok,decaps reenc R XOF expansion
Frost,256,REFERENCE,ref,AES128,scalar,Decaps.Unpack_CT,126158,20,ok,decaps ciphertext unpack
Frost,256,REFERENCE,ref,AES128,scalar,Encaps.AT_times_R,53349897,10,ok,encaps A^T*R multiplication
Frost,256,REFERENCE,ref,AES128,scalar,Encaps.BhatT_times_R,48259,10,ok,encaps B^T*R multiplication
Frost,256,REFERENCE,ref,AES128,scalar,Encaps.Dither_PK,166246,10,ok,encaps public-key dither for reconstruction
Frost,256,REFERENCE,ref,AES128,scalar,Encaps.Dither_U,170616,10,ok,encaps U dither
Frost,256,REFERENCE,ref,AES128,scalar,Encaps.Dither_V,35339,10,ok,encaps V dither
Frost,256,REFERENCE,ref,AES128,scalar,Encaps.Encode_Message,34199,10,ok,encaps message encoding and add
Frost,256,REFERENCE,ref,AES128,scalar,Encaps.Expand_A,55438370,10,ok,encaps A expansion for A^T*R
Frost,256,REFERENCE,ref,AES128,scalar,Encaps.FO_Hash,35719,10,ok,G hash h_pk||mu||salt
Frost,256,REFERENCE,ref,AES128,scalar,Encaps.KDF,139076,10,ok,encaps final shared-secret hash
Frost,256,REFERENCE,ref,AES128,scalar,Encaps.KEM_Total_Profiled,214028486,10,ok,profiling-build encaps total; not official full-KEM timing
Frost,256,REFERENCE,ref,AES128,scalar,Encaps.PK_Hash,147246,10,ok,encaps h_pk
Frost,256,REFERENCE,ref,AES128,scalar,Encaps.Pack_CT,167386,10,ok,encaps ciphertext packing
Frost,256,REFERENCE,ref,AES128,scalar,Encaps.Quant_U,36099,10,ok,encaps U quantization
Frost,256,REFERENCE,ref,AES128,scalar,Encaps.Quant_V,33630,10,ok,encaps V quantization
Frost,256,REFERENCE,ref,AES128,scalar,Encaps.Recon_PK,35910,10,ok,encaps public-key reconstruction
Frost,256,REFERENCE,ref,AES128,scalar,Encaps.Sample_Message,79229,10,ok,randombytes for mu and salt
Frost,256,REFERENCE,ref,AES128,scalar,Encaps.Sample_R,34579,10,ok,CBD transform for R
Frost,256,REFERENCE,ref,AES128,scalar,Encaps.SeedExpand_R,165296,10,ok,R XOF expansion
Frost,256,REFERENCE,ref,AES128,scalar,Encaps.Unpack_PK,153706,10,ok,encaps public-key unpack
Frost,256,REFERENCE,ref,AES128,scalar,KeyGen.A_times_S,759224,10,ok,keygen A*S multiplication
Frost,256,REFERENCE,ref,AES128,scalar,KeyGen.Dither_PK,169096,10,ok,keygen public-key dither
Frost,256,REFERENCE,ref,AES128,scalar,KeyGen.Expand_A,1217494,10,ok,keygen A expansion
Frost,256,REFERENCE,ref,AES128,scalar,KeyGen.KEM_Total_Profiled,6942261,10,ok,profiling-build keygen total; not official full-KEM timing
Frost,256,REFERENCE,ref,AES128,scalar,KeyGen.PK_Hash,147437,10,ok,keygen h_pk
Frost,256,REFERENCE,ref,AES128,scalar,KeyGen.Pack_PK,178406,10,ok,keygen public-key packing
Frost,256,REFERENCE,ref,AES128,scalar,KeyGen.Quant_PK,37049,10,ok,keygen public-key quantization
Frost,256,REFERENCE,ref,AES128,scalar,KeyGen.Random,81698,10,ok,randombytes for keygen seeds
Frost,256,REFERENCE,ref,AES128,scalar,KeyGen.Sample_S,34769,10,ok,CBD transform for S
Frost,256,REFERENCE,ref,AES128,scalar,KeyGen.SeedExpand,194935,10,ok,seed_A and S XOF expansion
Frost,384,REFERENCE,ref,AES128,scalar,Codec.Message_Decode,84,10,ok,standalone message decode wrapper=frost_key_decode inner_reps=10000
Frost,384,REFERENCE,ref,AES128,scalar,Codec.Message_Encode,76,10,ok,standalone message encode wrapper=frost_key_encode inner_reps=10000
Frost,384,REFERENCE,ref,AES128,scalar,Decaps.CT_Compare,39519,20,ok,decaps ciphertext comparison and key select
Frost,384,REFERENCE,ref,AES128,scalar,Decaps.Decode_Message,33820,20,ok,decaps message decode
Frost,384,REFERENCE,ref,AES128,scalar,Decaps.Dither_U,231984,20,ok,decaps U dither for reconstruction
Frost,384,REFERENCE,ref,AES128,scalar,Decaps.Dither_V,36480,20,ok,decaps V dither for reconstruction
Frost,384,REFERENCE,ref,AES128,scalar,Decaps.FO_Hash,36099,20,ok,decaps G hash h_pk||muprime||salt
Frost,384,REFERENCE,ref,AES128,scalar,Decaps.KDF,203866,20,ok,decaps final shared-secret hash
Frost,384,REFERENCE,ref,AES128,scalar,Decaps.KEM_Total_Profiled,322505886,20,ok,profiling-build decaps total; not official full-KEM timing
Frost,384,REFERENCE,ref,AES128,scalar,Decaps.ReEnc_AT_times_R,79765410,20,ok,decaps re-encryption A^T*R multiplication
Frost,384,REFERENCE,ref,AES128,scalar,Decaps.ReEnc_BhatT_times_R,122358,20,ok,decaps re-encryption B^T*R multiplication
Frost,384,REFERENCE,ref,AES128,scalar,Decaps.ReEnc_Dither_PK,328123,20,ok,decaps re-encryption public-key dither
Frost,384,REFERENCE,ref,AES128,scalar,Decaps.ReEnc_Dither_U,238255,20,ok,decaps re-encryption U dither
Frost,384,REFERENCE,ref,AES128,scalar,Decaps.ReEnc_Dither_V,36479,20,ok,decaps re-encryption V dither
Frost,384,REFERENCE,ref,AES128,scalar,Decaps.ReEnc_Expand_A,81639714,20,ok,decaps re-encryption A expansion
Frost,384,REFERENCE,ref,AES128,scalar,Decaps.ReEnc_Quant_U,37240,20,ok,decaps re-encryption U quantization
Frost,384,REFERENCE,ref,AES128,scalar,Decaps.ReEnc_Quant_V,68018,20,ok,decaps re-encryption V quantization and message add
Frost,384,REFERENCE,ref,AES128,scalar,Decaps.ReEnc_Recon_PK,39329,20,ok,decaps re-encryption public-key reconstruction
Frost,384,REFERENCE,ref,AES128,scalar,Decaps.ReEnc_Unpack_PK,303994,20,ok,decaps re-encryption public-key unpack
Frost,384,REFERENCE,ref,AES128,scalar,Decaps.Recon_U,35719,20,ok,decaps U reconstruction
Frost,384,REFERENCE,ref,AES128,scalar,Decaps.Recon_V,33819,20,ok,decaps V reconstruction
Frost,384,REFERENCE,ref,AES128,scalar,Decaps.ST_times_U,44079,20,ok,decaps S^T*U multiplication
Frost,384,REFERENCE,ref,AES128,scalar,Decaps.Sample_R,34959,20,ok,decaps reenc R CBD transform
Frost,384,REFERENCE,ref,AES128,scalar,Decaps.Sample_S,328883,20,ok,decaps regenerate S from sk seed
Frost,384,REFERENCE,ref,AES128,scalar,Decaps.SeedExpand_R,230084,20,ok,decaps reenc R XOF expansion
Frost,384,REFERENCE,ref,AES128,scalar,Decaps.Unpack_CT,210516,20,ok,decaps ciphertext unpack
Frost,384,REFERENCE,ref,AES128,scalar,Encaps.AT_times_R,79875222,10,ok,encaps A^T*R multiplication
Frost,384,REFERENCE,ref,AES128,scalar,Encaps.BhatT_times_R,116848,10,ok,encaps B^T*R multiplication
Frost,384,REFERENCE,ref,AES128,scalar,Encaps.Dither_PK,328313,10,ok,encaps public-key dither for reconstruction
Frost,384,REFERENCE,ref,AES128,scalar,Encaps.Dither_U,243954,10,ok,encaps U dither
Frost,384,REFERENCE,ref,AES128,scalar,Encaps.Dither_V,36100,10,ok,encaps V dither
Frost,384,REFERENCE,ref,AES128,scalar,Encaps.Encode_Message,34199,10,ok,encaps message encoding and add
Frost,384,REFERENCE,ref,AES128,scalar,Encaps.Expand_A,82057514,10,ok,encaps A expansion for A^T*R
Frost,384,REFERENCE,ref,AES128,scalar,Encaps.FO_Hash,36859,10,ok,G hash h_pk||mu||salt
Frost,384,REFERENCE,ref,AES128,scalar,Encaps.KDF,246424,10,ok,encaps final shared-secret hash
Frost,384,REFERENCE,ref,AES128,scalar,Encaps.KEM_Total_Profiled,318554731,10,ok,profiling-build encaps total; not official full-KEM timing
Frost,384,REFERENCE,ref,AES128,scalar,Encaps.PK_Hash,284424,10,ok,encaps h_pk
Frost,384,REFERENCE,ref,AES128,scalar,Encaps.Pack_CT,252125,10,ok,encaps ciphertext packing
Frost,384,REFERENCE,ref,AES128,scalar,Encaps.Quant_U,37430,10,ok,encaps U quantization
Frost,384,REFERENCE,ref,AES128,scalar,Encaps.Quant_V,38760,10,ok,encaps V quantization
Frost,384,REFERENCE,ref,AES128,scalar,Encaps.Recon_PK,37999,10,ok,encaps public-key reconstruction
Frost,384,REFERENCE,ref,AES128,scalar,Encaps.Sample_Message,79608,10,ok,randombytes for mu and salt
Frost,384,REFERENCE,ref,AES128,scalar,Encaps.Sample_R,35149,10,ok,CBD transform for R
Frost,384,REFERENCE,ref,AES128,scalar,Encaps.SeedExpand_R,230086,10,ok,R XOF expansion
Frost,384,REFERENCE,ref,AES128,scalar,Encaps.Unpack_PK,309502,10,ok,encaps public-key unpack
Frost,384,REFERENCE,ref,AES128,scalar,KeyGen.A_times_S,3387248,10,ok,keygen A*S multiplication
Frost,384,REFERENCE,ref,AES128,scalar,KeyGen.Dither_PK,332493,10,ok,keygen public-key dither
Frost,384,REFERENCE,ref,AES128,scalar,KeyGen.Expand_A,3031765,10,ok,keygen A expansion
Frost,384,REFERENCE,ref,AES128,scalar,KeyGen.KEM_Total_Profiled,15969155,10,ok,profiling-build keygen total; not official full-KEM timing
Frost,384,REFERENCE,ref,AES128,scalar,KeyGen.PK_Hash,285374,10,ok,keygen h_pk
Frost,384,REFERENCE,ref,AES128,scalar,KeyGen.Pack_PK,306273,10,ok,keygen public-key packing
Frost,384,REFERENCE,ref,AES128,scalar,KeyGen.Quant_PK,39329,10,ok,keygen public-key quantization
Frost,384,REFERENCE,ref,AES128,scalar,KeyGen.Random,82838,10,ok,randombytes for keygen seeds
Frost,384,REFERENCE,ref,AES128,scalar,KeyGen.Sample_S,35340,10,ok,CBD transform for S
Frost,384,REFERENCE,ref,AES128,scalar,KeyGen.SeedExpand,329643,10,ok,seed_A and S XOF expansion
Frost,512,REFERENCE,ref,AES128,scalar,Codec.Message_Decode,74,10,ok,standalone message decode wrapper=frost_key_decode inner_reps=10000
Frost,512,REFERENCE,ref,AES128,scalar,Codec.Message_Encode,49,10,ok,standalone message encode wrapper=frost_key_encode inner_reps=10000
Frost,512,REFERENCE,ref,AES128,scalar,Decaps.CT_Compare,41039,20,ok,decaps ciphertext comparison and key select
Frost,512,REFERENCE,ref,AES128,scalar,Decaps.Decode_Message,34200,20,ok,decaps message decode
Frost,512,REFERENCE,ref,AES128,scalar,Decaps.Dither_U,297534,20,ok,decaps U dither for reconstruction
Frost,512,REFERENCE,ref,AES128,scalar,Decaps.Dither_V,36290,20,ok,decaps V dither for reconstruction
Frost,512,REFERENCE,ref,AES128,scalar,Decaps.FO_Hash,37239,20,ok,decaps G hash h_pk||muprime||salt
Frost,512,REFERENCE,ref,AES128,scalar,Decaps.KDF,278915,20,ok,decaps final shared-secret hash
Frost,512,REFERENCE,ref,AES128,scalar,Decaps.KEM_Total_Profiled,436933960,20,ok,profiling-build decaps total; not official full-KEM timing
Frost,512,REFERENCE,ref,AES128,scalar,Decaps.ReEnc_AT_times_R,109675914,20,ok,decaps re-encryption A^T*R multiplication
Frost,512,REFERENCE,ref,AES128,scalar,Decaps.ReEnc_BhatT_times_R,64028,20,ok,decaps re-encryption B^T*R multiplication
Frost,512,REFERENCE,ref,AES128,scalar,Decaps.ReEnc_Dither_PK,672206,20,ok,decaps re-encryption public-key dither
Frost,512,REFERENCE,ref,AES128,scalar,Decaps.ReEnc_Dither_U,302093,20,ok,decaps re-encryption U dither
Frost,512,REFERENCE,ref,AES128,scalar,Decaps.ReEnc_Dither_V,36670,20,ok,decaps re-encryption V dither
Frost,512,REFERENCE,ref,AES128,scalar,Decaps.ReEnc_Expand_A,112123034,20,ok,decaps re-encryption A expansion
Frost,512,REFERENCE,ref,AES128,scalar,Decaps.ReEnc_Quant_U,38379,20,ok,decaps re-encryption U quantization
Frost,512,REFERENCE,ref,AES128,scalar,Decaps.ReEnc_Quant_V,67638,20,ok,decaps re-encryption V quantization and message add
Frost,512,REFERENCE,ref,AES128,scalar,Decaps.ReEnc_Recon_PK,44459,20,ok,decaps re-encryption public-key reconstruction
Frost,512,REFERENCE,ref,AES128,scalar,Decaps.ReEnc_Unpack_PK,508238,20,ok,decaps re-encryption public-key unpack
Frost,512,REFERENCE,ref,AES128,scalar,Decaps.Recon_U,36100,20,ok,decaps U reconstruction
Frost,512,REFERENCE,ref,AES128,scalar,Decaps.Recon_V,33630,20,ok,decaps V reconstruction
Frost,512,REFERENCE,ref,AES128,scalar,Decaps.ST_times_U,49779,20,ok,decaps S^T*U multiplication
Frost,512,REFERENCE,ref,AES128,scalar,Decaps.Sample_R,34960,20,ok,decaps reenc R CBD transform
Frost,512,REFERENCE,ref,AES128,scalar,Decaps.Sample_S,586328,20,ok,decaps regenerate S from sk seed
Frost,512,REFERENCE,ref,AES128,scalar,Decaps.SeedExpand_R,297154,20,ok,decaps reenc R XOF expansion
Frost,512,REFERENCE,ref,AES128,scalar,Decaps.Unpack_CT,269034,20,ok,decaps ciphertext unpack
Frost,512,REFERENCE,ref,AES128,scalar,Encaps.AT_times_R,108504770,10,ok,encaps A^T*R multiplication
Frost,512,REFERENCE,ref,AES128,scalar,Encaps.BhatT_times_R,63079,10,ok,encaps B^T*R multiplication
Frost,512,REFERENCE,ref,AES128,scalar,Encaps.Dither_PK,637816,10,ok,encaps public-key dither for reconstruction
Frost,512,REFERENCE,ref,AES128,scalar,Encaps.Dither_U,313303,10,ok,encaps U dither
Frost,512,REFERENCE,ref,AES128,scalar,Encaps.Dither_V,36290,10,ok,encaps V dither
Frost,512,REFERENCE,ref,AES128,scalar,Encaps.Encode_Message,33820,10,ok,encaps message encoding and add
Frost,512,REFERENCE,ref,AES128,scalar,Encaps.Expand_A,111955856,10,ok,encaps A expansion for A^T*R
Frost,512,REFERENCE,ref,AES128,scalar,Encaps.FO_Hash,36859,10,ok,G hash h_pk||mu||salt
Frost,512,REFERENCE,ref,AES128,scalar,Encaps.KDF,279104,10,ok,encaps final shared-secret hash
Frost,512,REFERENCE,ref,AES128,scalar,Encaps.KEM_Total_Profiled,436336614,10,ok,profiling-build encaps total; not official full-KEM timing
Frost,512,REFERENCE,ref,AES128,scalar,Encaps.PK_Hash,797032,10,ok,encaps h_pk
Frost,512,REFERENCE,ref,AES128,scalar,Encaps.Pack_CT,315393,10,ok,encaps ciphertext packing
Frost,512,REFERENCE,ref,AES128,scalar,Encaps.Quant_U,37809,10,ok,encaps U quantization
Frost,512,REFERENCE,ref,AES128,scalar,Encaps.Quant_V,33629,10,ok,encaps V quantization
Frost,512,REFERENCE,ref,AES128,scalar,Encaps.Recon_PK,43699,10,ok,encaps public-key reconstruction
Frost,512,REFERENCE,ref,AES128,scalar,Encaps.Sample_Message,79228,10,ok,randombytes for mu and salt
Frost,512,REFERENCE,ref,AES128,scalar,Encaps.Sample_R,35339,10,ok,CBD transform for R
Frost,512,REFERENCE,ref,AES128,scalar,Encaps.SeedExpand_R,297344,10,ok,R XOF expansion
Frost,512,REFERENCE,ref,AES128,scalar,Encaps.Unpack_PK,516788,10,ok,encaps public-key unpack
Frost,512,REFERENCE,ref,AES128,scalar,KeyGen.A_times_S,7340681,10,ok,keygen A*S multiplication
Frost,512,REFERENCE,ref,AES128,scalar,KeyGen.Dither_PK,566568,10,ok,keygen public-key dither
Frost,512,REFERENCE,ref,AES128,scalar,KeyGen.Expand_A,5430463,10,ok,keygen A expansion
Frost,512,REFERENCE,ref,AES128,scalar,KeyGen.KEM_Total_Profiled,29793448,10,ok,profiling-build keygen total; not official full-KEM timing
Frost,512,REFERENCE,ref,AES128,scalar,KeyGen.PK_Hash,519638,10,ok,keygen h_pk
Frost,512,REFERENCE,ref,AES128,scalar,KeyGen.Pack_PK,523058,10,ok,keygen public-key packing
Frost,512,REFERENCE,ref,AES128,scalar,KeyGen.Quant_PK,42939,10,ok,keygen public-key quantization
Frost,512,REFERENCE,ref,AES128,scalar,KeyGen.Random,82268,10,ok,randombytes for keygen seeds
Frost,512,REFERENCE,ref,AES128,scalar,KeyGen.Sample_S,36860,10,ok,CBD transform for S
Frost,512,REFERENCE,ref,AES128,scalar,KeyGen.SeedExpand,581958,10,ok,seed_A and S XOF expansion
Frost,128,FAST,avx2_u16,AES128,scalar,Codec.Message_Decode,78,10,ok,standalone message decode wrapper=frost_key_decode inner_reps=10000
Frost,128,FAST,avx2_u16,AES128,scalar,Codec.Message_Encode,70,10,ok,standalone message encode wrapper=frost_key_encode inner_reps=10000
Frost,128,FAST,avx2_u16,AES128,scalar,Decaps.CT_Compare,34959,20,ok,decaps ciphertext comparison and key select
Frost,128,FAST,avx2_u16,AES128,scalar,Decaps.Decode_Message,34010,20,ok,decaps message decode
Frost,128,FAST,avx2_u16,AES128,scalar,Decaps.Dither_U,77519,20,ok,decaps U dither for reconstruction
Frost,128,FAST,avx2_u16,AES128,scalar,Decaps.Dither_V,36100,20,ok,decaps V dither for reconstruction
Frost,128,FAST,avx2_u16,AES128,scalar,Decaps.FO_Hash,35339,20,ok,decaps G hash h_pk||muprime||salt
Frost,128,FAST,avx2_u16,AES128,scalar,Decaps.KDF,64408,20,ok,decaps final shared-secret hash
Frost,128,FAST,avx2_u16,AES128,scalar,Decaps.KEM_Total_Profiled,13017000,20,ok,profiling-build decaps total; not official full-KEM timing
Frost,128,FAST,avx2_u16,AES128,scalar,Decaps.ReEnc_AT_times_R,2590780,20,ok,decaps re-encryption A^T*R multiplication
Frost,128,FAST,avx2_u16,AES128,scalar,Decaps.ReEnc_BhatT_times_R,39139,20,ok,decaps re-encryption B^T*R multiplication
Frost,128,FAST,avx2_u16,AES128,scalar,Decaps.ReEnc_Dither_PK,77518,20,ok,decaps re-encryption public-key dither
Frost,128,FAST,avx2_u16,AES128,scalar,Decaps.ReEnc_Dither_U,78468,20,ok,decaps re-encryption U dither
Frost,128,FAST,avx2_u16,AES128,scalar,Decaps.ReEnc_Dither_V,35340,20,ok,decaps re-encryption V dither
Frost,128,FAST,avx2_u16,AES128,scalar,Decaps.ReEnc_Expand_A,2804338,20,ok,decaps re-encryption A expansion
Frost,128,FAST,avx2_u16,AES128,scalar,Decaps.ReEnc_Quant_U,34579,20,ok,decaps re-encryption U quantization
Frost,128,FAST,avx2_u16,AES128,scalar,Decaps.ReEnc_Quant_V,67638,20,ok,decaps re-encryption V quantization and message add
Frost,128,FAST,avx2_u16,AES128,scalar,Decaps.ReEnc_Recon_PK,34579,20,ok,decaps re-encryption public-key reconstruction
Frost,128,FAST,avx2_u16,AES128,scalar,Decaps.ReEnc_Unpack_PK,71248,20,ok,decaps re-encryption public-key unpack
Frost,128,FAST,avx2_u16,AES128,scalar,Decaps.Recon_U,34390,20,ok,decaps U reconstruction
Frost,128,FAST,avx2_u16,AES128,scalar,Decaps.Recon_V,34010,20,ok,decaps V reconstruction
Frost,128,FAST,avx2_u16,AES128,scalar,Decaps.ST_times_U,34960,20,ok,decaps S^T*U multiplication
Frost,128,FAST,avx2_u16,AES128,scalar,Decaps.Sample_R,34200,20,ok,decaps reenc R CBD transform
Frost,128,FAST,avx2_u16,AES128,scalar,Decaps.Sample_S,77898,20,ok,decaps regenerate S from sk seed
Frost,128,FAST,avx2_u16,AES128,scalar,Decaps.SeedExpand_R,77139,20,ok,decaps reenc R XOF expansion
Frost,128,FAST,avx2_u16,AES128,scalar,Decaps.Unpack_CT,71628,20,ok,decaps ciphertext unpack
Frost,128,FAST,avx2_u16,AES128,scalar,Encaps.AT_times_R,2581666,10,ok,encaps A^T*R multiplication
Frost,128,FAST,avx2_u16,AES128,scalar,Encaps.BhatT_times_R,39709,10,ok,encaps B^T*R multiplication
Frost,128,FAST,avx2_u16,AES128,scalar,Encaps.Dither_PK,77518,10,ok,encaps public-key dither for reconstruction
Frost,128,FAST,avx2_u16,AES128,scalar,Encaps.Dither_U,78848,10,ok,encaps U dither
Frost,128,FAST,avx2_u16,AES128,scalar,Encaps.Dither_V,36860,10,ok,encaps V dither
Frost,128,FAST,avx2_u16,AES128,scalar,Encaps.Encode_Message,34200,10,ok,encaps message encoding and add
Frost,128,FAST,avx2_u16,AES128,scalar,Encaps.Expand_A,2913398,10,ok,encaps A expansion for A^T*R
Frost,128,FAST,avx2_u16,AES128,scalar,Encaps.FO_Hash,36480,10,ok,G hash h_pk||mu||salt
Frost,128,FAST,avx2_u16,AES128,scalar,Encaps.KDF,67070,10,ok,encaps final shared-secret hash
Frost,128,FAST,avx2_u16,AES128,scalar,Encaps.KEM_Total_Profiled,12756135,10,ok,profiling-build encaps total; not official full-KEM timing
Frost,128,FAST,avx2_u16,AES128,scalar,Encaps.PK_Hash,63078,10,ok,encaps h_pk
Frost,128,FAST,avx2_u16,AES128,scalar,Encaps.Pack_CT,114377,10,ok,encaps ciphertext packing
Frost,128,FAST,avx2_u16,AES128,scalar,Encaps.Quant_U,34579,10,ok,encaps U quantization
Frost,128,FAST,avx2_u16,AES128,scalar,Encaps.Quant_V,35910,10,ok,encaps V quantization
Frost,128,FAST,avx2_u16,AES128,scalar,Encaps.Recon_PK,34390,10,ok,encaps public-key reconstruction
Frost,128,FAST,avx2_u16,AES128,scalar,Encaps.Sample_Message,84358,10,ok,randombytes for mu and salt
Frost,128,FAST,avx2_u16,AES128,scalar,Encaps.Sample_R,34579,10,ok,CBD transform for R
Frost,128,FAST,avx2_u16,AES128,scalar,Encaps.SeedExpand_R,77899,10,ok,R XOF expansion
Frost,128,FAST,avx2_u16,AES128,scalar,Encaps.Unpack_PK,71058,10,ok,encaps public-key unpack
Frost,128,FAST,avx2_u16,AES128,scalar,KeyGen.A_times_S,5213108,10,ok,keygen A*S multiplication
Frost,128,FAST,avx2_u16,AES128,scalar,KeyGen.Dither_PK,79038,10,ok,keygen public-key dither
Frost,128,FAST,avx2_u16,AES128,scalar,KeyGen.Expand_A,5028240,10,ok,keygen A expansion
Frost,128,FAST,avx2_u16,AES128,scalar,KeyGen.KEM_Total_Profiled,21684043,10,ok,profiling-build keygen total; not official full-KEM timing
Frost,128,FAST,avx2_u16,AES128,scalar,KeyGen.PK_Hash,63838,10,ok,keygen h_pk
Frost,128,FAST,avx2_u16,AES128,scalar,KeyGen.Pack_PK,72388,10,ok,keygen public-key packing
Frost,128,FAST,avx2_u16,AES128,scalar,KeyGen.Quant_PK,34579,10,ok,keygen public-key quantization
Frost,128,FAST,avx2_u16,AES128,scalar,KeyGen.Random,77518,10,ok,randombytes for keygen seeds
Frost,128,FAST,avx2_u16,AES128,scalar,KeyGen.Sample_S,34389,10,ok,CBD transform for S
Frost,128,FAST,avx2_u16,AES128,scalar,KeyGen.SeedExpand,78659,10,ok,seed_A and S XOF expansion
Frost,192,FAST,avx2_u16,AES128,scalar,Codec.Message_Decode,57,10,ok,standalone message decode wrapper=frost_key_decode inner_reps=10000
Frost,192,FAST,avx2_u16,AES128,scalar,Codec.Message_Encode,48,10,ok,standalone message encode wrapper=frost_key_encode inner_reps=10000
Frost,192,FAST,avx2_u16,AES128,scalar,Decaps.CT_Compare,35340,20,ok,decaps ciphertext comparison and key select
Frost,192,FAST,avx2_u16,AES128,scalar,Decaps.Decode_Message,33819,20,ok,decaps message decode
Frost,192,FAST,avx2_u16,AES128,scalar,Decaps.Dither_U,124068,20,ok,decaps U dither for reconstruction
Frost,192,FAST,avx2_u16,AES128,scalar,Decaps.Dither_V,35719,20,ok,decaps V dither for reconstruction
Frost,192,FAST,avx2_u16,AES128,scalar,Decaps.FO_Hash,35339,20,ok,decaps G hash h_pk||muprime||salt
Frost,192,FAST,avx2_u16,AES128,scalar,Decaps.KDF,99938,20,ok,decaps final shared-secret hash
Frost,192,FAST,avx2_u16,AES128,scalar,Decaps.KEM_Total_Profiled,21189293,20,ok,profiling-build decaps total; not official full-KEM timing
Frost,192,FAST,avx2_u16,AES128,scalar,Decaps.ReEnc_AT_times_R,4713608,20,ok,decaps re-encryption A^T*R multiplication
Frost,192,FAST,avx2_u16,AES128,scalar,Decaps.ReEnc_BhatT_times_R,43319,20,ok,decaps re-encryption B^T*R multiplication
Frost,192,FAST,avx2_u16,AES128,scalar,Decaps.ReEnc_Dither_PK,124258,20,ok,decaps re-encryption public-key dither
Frost,192,FAST,avx2_u16,AES128,scalar,Decaps.ReEnc_Dither_U,125018,20,ok,decaps re-encryption U dither
Frost,192,FAST,avx2_u16,AES128,scalar,Decaps.ReEnc_Dither_V,35339,20,ok,decaps re-encryption V dither
Frost,192,FAST,avx2_u16,AES128,scalar,Decaps.ReEnc_Expand_A,4878522,20,ok,decaps re-encryption A expansion
Frost,192,FAST,avx2_u16,AES128,scalar,Decaps.ReEnc_Quant_U,34959,20,ok,decaps re-encryption U quantization
Frost,192,FAST,avx2_u16,AES128,scalar,Decaps.ReEnc_Quant_V,67449,20,ok,decaps re-encryption V quantization and message add
Frost,192,FAST,avx2_u16,AES128,scalar,Decaps.ReEnc_Recon_PK,34959,20,ok,decaps re-encryption public-key reconstruction
Frost,192,FAST,avx2_u16,AES128,scalar,Decaps.ReEnc_Unpack_PK,106398,20,ok,decaps re-encryption public-key unpack
Frost,192,FAST,avx2_u16,AES128,scalar,Decaps.Recon_U,34580,20,ok,decaps U reconstruction
Frost,192,FAST,avx2_u16,AES128,scalar,Decaps.Recon_V,33819,20,ok,decaps V reconstruction
Frost,192,FAST,avx2_u16,AES128,scalar,Decaps.ST_times_U,36479,20,ok,decaps S^T*U multiplication
Frost,192,FAST,avx2_u16,AES128,scalar,Decaps.Sample_R,34010,20,ok,decaps reenc R CBD transform
Frost,192,FAST,avx2_u16,AES128,scalar,Decaps.Sample_S,124637,20,ok,decaps regenerate S from sk seed
Frost,192,FAST,avx2_u16,AES128,scalar,Decaps.SeedExpand_R,123877,20,ok,decaps reenc R XOF expansion
Frost,192,FAST,avx2_u16,AES128,scalar,Decaps.Unpack_CT,106588,20,ok,decaps ciphertext unpack
Frost,192,FAST,avx2_u16,AES128,scalar,Encaps.AT_times_R,4797585,10,ok,encaps A^T*R multiplication
Frost,192,FAST,avx2_u16,AES128,scalar,Encaps.BhatT_times_R,44269,10,ok,encaps B^T*R multiplication
Frost,192,FAST,avx2_u16,AES128,scalar,Encaps.Dither_PK,123878,10,ok,encaps public-key dither for reconstruction
Frost,192,FAST,avx2_u16,AES128,scalar,Encaps.Dither_U,124828,10,ok,encaps U dither
Frost,192,FAST,avx2_u16,AES128,scalar,Encaps.Dither_V,35530,10,ok,encaps V dither
Frost,192,FAST,avx2_u16,AES128,scalar,Encaps.Encode_Message,34390,10,ok,encaps message encoding and add
Frost,192,FAST,avx2_u16,AES128,scalar,Encaps.Expand_A,5030142,10,ok,encaps A expansion for A^T*R
Frost,192,FAST,avx2_u16,AES128,scalar,Encaps.FO_Hash,35909,10,ok,G hash h_pk||mu||salt
Frost,192,FAST,avx2_u16,AES128,scalar,Encaps.KDF,100318,10,ok,encaps final shared-secret hash
Frost,192,FAST,avx2_u16,AES128,scalar,Encaps.KEM_Total_Profiled,20871240,10,ok,profiling-build encaps total; not official full-KEM timing
Frost,192,FAST,avx2_u16,AES128,scalar,Encaps.PK_Hash,100128,10,ok,encaps h_pk
Frost,192,FAST,avx2_u16,AES128,scalar,Encaps.Pack_CT,143446,10,ok,encaps ciphertext packing
Frost,192,FAST,avx2_u16,AES128,scalar,Encaps.Quant_U,34959,10,ok,encaps U quantization
Frost,192,FAST,avx2_u16,AES128,scalar,Encaps.Quant_V,33819,10,ok,encaps V quantization
Frost,192,FAST,avx2_u16,AES128,scalar,Encaps.Recon_PK,34959,10,ok,encaps public-key reconstruction
Frost,192,FAST,avx2_u16,AES128,scalar,Encaps.Sample_Message,76188,10,ok,randombytes for mu and salt
Frost,192,FAST,avx2_u16,AES128,scalar,Encaps.Sample_R,34579,10,ok,CBD transform for R
Frost,192,FAST,avx2_u16,AES128,scalar,Encaps.SeedExpand_R,124637,10,ok,R XOF expansion
Frost,192,FAST,avx2_u16,AES128,scalar,Encaps.Unpack_PK,106018,10,ok,encaps public-key unpack
Frost,192,FAST,avx2_u16,AES128,scalar,KeyGen.A_times_S,9231136,10,ok,keygen A*S multiplication
Frost,192,FAST,avx2_u16,AES128,scalar,KeyGen.Dither_PK,128248,10,ok,keygen public-key dither
Frost,192,FAST,avx2_u16,AES128,scalar,KeyGen.Expand_A,9370406,10,ok,keygen A expansion
Frost,192,FAST,avx2_u16,AES128,scalar,KeyGen.KEM_Total_Profiled,38695896,10,ok,profiling-build keygen total; not official full-KEM timing
Frost,192,FAST,avx2_u16,AES128,scalar,KeyGen.PK_Hash,101078,10,ok,keygen h_pk
Frost,192,FAST,avx2_u16,AES128,scalar,KeyGen.Pack_PK,107918,10,ok,keygen public-key packing
Frost,192,FAST,avx2_u16,AES128,scalar,KeyGen.Quant_PK,35720,10,ok,keygen public-key quantization
Frost,192,FAST,avx2_u16,AES128,scalar,KeyGen.Random,75999,10,ok,randombytes for keygen seeds
Frost,192,FAST,avx2_u16,AES128,scalar,KeyGen.Sample_S,34199,10,ok,CBD transform for S
Frost,192,FAST,avx2_u16,AES128,scalar,KeyGen.SeedExpand,130147,10,ok,seed_A and S XOF expansion
Frost,256,FAST,avx2_u16,AES128,scalar,Codec.Message_Decode,57,10,ok,standalone message decode wrapper=frost_key_decode inner_reps=10000
Frost,256,FAST,avx2_u16,AES128,scalar,Codec.Message_Encode,48,10,ok,standalone message encode wrapper=frost_key_encode inner_reps=10000
Frost,256,FAST,avx2_u16,AES128,scalar,Decaps.CT_Compare,35720,20,ok,decaps ciphertext comparison and key select
Frost,256,FAST,avx2_u16,AES128,scalar,Decaps.Decode_Message,33819,20,ok,decaps message decode
Frost,256,FAST,avx2_u16,AES128,scalar,Decaps.Dither_U,165296,20,ok,decaps U dither for reconstruction
Frost,256,FAST,avx2_u16,AES128,scalar,Decaps.Dither_V,35719,20,ok,decaps V dither for reconstruction
Frost,256,FAST,avx2_u16,AES128,scalar,Decaps.FO_Hash,35339,20,ok,decaps G hash h_pk||muprime||salt
Frost,256,FAST,avx2_u16,AES128,scalar,Decaps.KDF,138317,20,ok,decaps final shared-secret hash
Frost,256,FAST,avx2_u16,AES128,scalar,Decaps.KEM_Total_Profiled,31467502,20,ok,profiling-build decaps total; not official full-KEM timing
Frost,256,FAST,avx2_u16,AES128,scalar,Decaps.ReEnc_AT_times_R,7166453,20,ok,decaps re-encryption A^T*R multiplication
Frost,256,FAST,avx2_u16,AES128,scalar,Decaps.ReEnc_BhatT_times_R,47879,20,ok,decaps re-encryption B^T*R multiplication
Frost,256,FAST,avx2_u16,AES128,scalar,Decaps.ReEnc_Dither_PK,165296,20,ok,decaps re-encryption public-key dither
Frost,256,FAST,avx2_u16,AES128,scalar,Decaps.ReEnc_Dither_U,165677,20,ok,decaps re-encryption U dither
Frost,256,FAST,avx2_u16,AES128,scalar,Decaps.ReEnc_Dither_V,35339,20,ok,decaps re-encryption V dither
Frost,256,FAST,avx2_u16,AES128,scalar,Decaps.ReEnc_Expand_A,7621299,20,ok,decaps re-encryption A expansion
Frost,256,FAST,avx2_u16,AES128,scalar,Decaps.ReEnc_Quant_U,35719,20,ok,decaps re-encryption U quantization
Frost,256,FAST,avx2_u16,AES128,scalar,Decaps.ReEnc_Quant_V,67638,20,ok,decaps re-encryption V quantization and message add
Frost,256,FAST,avx2_u16,AES128,scalar,Decaps.ReEnc_Recon_PK,35339,20,ok,decaps re-encryption public-key reconstruction
Frost,256,FAST,avx2_u16,AES128,scalar,Decaps.ReEnc_Unpack_PK,151997,20,ok,decaps re-encryption public-key unpack
Frost,256,FAST,avx2_u16,AES128,scalar,Decaps.Recon_U,35339,20,ok,decaps U reconstruction
Frost,256,FAST,avx2_u16,AES128,scalar,Decaps.Recon_V,33819,20,ok,decaps V reconstruction
Frost,256,FAST,avx2_u16,AES128,scalar,Decaps.ST_times_U,39139,20,ok,decaps S^T*U multiplication
Frost,256,FAST,avx2_u16,AES128,scalar,Decaps.Sample_R,34579,20,ok,decaps reenc R CBD transform
Frost,256,FAST,avx2_u16,AES128,scalar,Decaps.Sample_S,165866,20,ok,decaps regenerate S from sk seed
Frost,256,FAST,avx2_u16,AES128,scalar,Decaps.SeedExpand_R,164916,20,ok,decaps reenc R XOF expansion
Frost,256,FAST,avx2_u16,AES128,scalar,Decaps.Unpack_CT,125777,20,ok,decaps ciphertext unpack
Frost,256,FAST,avx2_u16,AES128,scalar,Encaps.AT_times_R,7175950,10,ok,encaps A^T*R multiplication
Frost,256,FAST,avx2_u16,AES128,scalar,Encaps.BhatT_times_R,48258,10,ok,encaps B^T*R multiplication
Frost,256,FAST,avx2_u16,AES128,scalar,Encaps.Dither_PK,165487,10,ok,encaps public-key dither for reconstruction
Frost,256,FAST,avx2_u16,AES128,scalar,Encaps.Dither_U,165866,10,ok,encaps U dither
Frost,256,FAST,avx2_u16,AES128,scalar,Encaps.Dither_V,35529,10,ok,encaps V dither
Frost,256,FAST,avx2_u16,AES128,scalar,Encaps.Encode_Message,34199,10,ok,encaps message encoding and add
Frost,256,FAST,avx2_u16,AES128,scalar,Encaps.Expand_A,8078247,10,ok,encaps A expansion for A^T*R
Frost,256,FAST,avx2_u16,AES128,scalar,Encaps.FO_Hash,35339,10,ok,G hash h_pk||mu||salt
Frost,256,FAST,avx2_u16,AES128,scalar,Encaps.KDF,138507,10,ok,encaps final shared-secret hash
Frost,256,FAST,avx2_u16,AES128,scalar,Encaps.KEM_Total_Profiled,31511770,10,ok,profiling-build encaps total; not official full-KEM timing
Frost,256,FAST,avx2_u16,AES128,scalar,Encaps.PK_Hash,146488,10,ok,encaps h_pk
Frost,256,FAST,avx2_u16,AES128,scalar,Encaps.Pack_CT,205005,10,ok,encaps ciphertext packing
Frost,256,FAST,avx2_u16,AES128,scalar,Encaps.Quant_U,35340,10,ok,encaps U quantization
Frost,256,FAST,avx2_u16,AES128,scalar,Encaps.Quant_V,34959,10,ok,encaps V quantization
Frost,256,FAST,avx2_u16,AES128,scalar,Encaps.Recon_PK,35340,10,ok,encaps public-key reconstruction
Frost,256,FAST,avx2_u16,AES128,scalar,Encaps.Sample_Message,75048,10,ok,randombytes for mu and salt
Frost,256,FAST,avx2_u16,AES128,scalar,Encaps.Sample_R,34390,10,ok,CBD transform for R
Frost,256,FAST,avx2_u16,AES128,scalar,Encaps.SeedExpand_R,165106,10,ok,R XOF expansion
Frost,256,FAST,avx2_u16,AES128,scalar,Encaps.Unpack_PK,151996,10,ok,encaps public-key unpack
Frost,256,FAST,avx2_u16,AES128,scalar,KeyGen.A_times_S,13555821,10,ok,keygen A*S multiplication
Frost,256,FAST,avx2_u16,AES128,scalar,KeyGen.Dither_PK,168716,10,ok,keygen public-key dither
Frost,256,FAST,avx2_u16,AES128,scalar,KeyGen.Expand_A,14188327,10,ok,keygen A expansion
Frost,256,FAST,avx2_u16,AES128,scalar,KeyGen.KEM_Total_Profiled,55362146,10,ok,profiling-build keygen total; not official full-KEM timing
Frost,256,FAST,avx2_u16,AES128,scalar,KeyGen.PK_Hash,146676,10,ok,keygen h_pk
Frost,256,FAST,avx2_u16,AES128,scalar,KeyGen.Pack_PK,154848,10,ok,keygen public-key packing
Frost,256,FAST,avx2_u16,AES128,scalar,KeyGen.Quant_PK,36669,10,ok,keygen public-key quantization
Frost,256,FAST,avx2_u16,AES128,scalar,KeyGen.Random,74668,10,ok,randombytes for keygen seeds
Frost,256,FAST,avx2_u16,AES128,scalar,KeyGen.Sample_S,34579,10,ok,CBD transform for S
Frost,256,FAST,avx2_u16,AES128,scalar,KeyGen.SeedExpand,166246,10,ok,seed_A and S XOF expansion
Frost,384,FAST,avx2_u16,AES128,scalar,Codec.Message_Decode,118,10,ok,standalone message decode wrapper=frost_key_decode inner_reps=10000
Frost,384,FAST,avx2_u16,AES128,scalar,Codec.Message_Encode,76,10,ok,standalone message encode wrapper=frost_key_encode inner_reps=10000
Frost,384,FAST,avx2_u16,AES128,scalar,Decaps.CT_Compare,36860,20,ok,decaps ciphertext comparison and key select
Frost,384,FAST,avx2_u16,AES128,scalar,Decaps.Decode_Message,33820,20,ok,decaps message decode
Frost,384,FAST,avx2_u16,AES128,scalar,Decaps.Dither_U,229895,20,ok,decaps U dither for reconstruction
Frost,384,FAST,avx2_u16,AES128,scalar,Decaps.Dither_V,36479,20,ok,decaps V dither for reconstruction
Frost,384,FAST,avx2_u16,AES128,scalar,Decaps.FO_Hash,36100,20,ok,decaps G hash h_pk||muprime||salt
Frost,384,FAST,avx2_u16,AES128,scalar,Decaps.KDF,203676,20,ok,decaps final shared-secret hash
Frost,384,FAST,avx2_u16,AES128,scalar,Decaps.KEM_Total_Profiled,47499926,20,ok,profiling-build decaps total; not official full-KEM timing
Frost,384,FAST,avx2_u16,AES128,scalar,Decaps.ReEnc_AT_times_R,10996014,20,ok,decaps re-encryption A^T*R multiplication
Frost,384,FAST,avx2_u16,AES128,scalar,Decaps.ReEnc_BhatT_times_R,116278,20,ok,decaps re-encryption B^T*R multiplication
Frost,384,FAST,avx2_u16,AES128,scalar,Decaps.ReEnc_Dither_PK,327554,20,ok,decaps re-encryption public-key dither
Frost,384,FAST,avx2_u16,AES128,scalar,Decaps.ReEnc_Dither_U,231225,20,ok,decaps re-encryption U dither
Frost,384,FAST,avx2_u16,AES128,scalar,Decaps.ReEnc_Dither_V,35719,20,ok,decaps re-encryption V dither
Frost,384,FAST,avx2_u16,AES128,scalar,Decaps.ReEnc_Expand_A,12299006,20,ok,decaps re-encryption A expansion
Frost,384,FAST,avx2_u16,AES128,scalar,Decaps.ReEnc_Quant_U,36290,20,ok,decaps re-encryption U quantization
Frost,384,FAST,avx2_u16,AES128,scalar,Decaps.ReEnc_Quant_V,67068,20,ok,decaps re-encryption V quantization and message add
Frost,384,FAST,avx2_u16,AES128,scalar,Decaps.ReEnc_Recon_PK,37239,20,ok,decaps re-encryption public-key reconstruction
Frost,384,FAST,avx2_u16,AES128,scalar,Decaps.ReEnc_Unpack_PK,296773,20,ok,decaps re-encryption public-key unpack
Frost,384,FAST,avx2_u16,AES128,scalar,Decaps.Recon_U,35719,20,ok,decaps U reconstruction
Frost,384,FAST,avx2_u16,AES128,scalar,Decaps.Recon_V,33819,20,ok,decaps V reconstruction
Frost,384,FAST,avx2_u16,AES128,scalar,Decaps.ST_times_U,44079,20,ok,decaps S^T*U multiplication
Frost,384,FAST,avx2_u16,AES128,scalar,Decaps.Sample_R,34580,20,ok,decaps reenc R CBD transform
Frost,384,FAST,avx2_u16,AES128,scalar,Decaps.Sample_S,328694,20,ok,decaps regenerate S from sk seed
Frost,384,FAST,avx2_u16,AES128,scalar,Decaps.SeedExpand_R,229706,20,ok,decaps reenc R XOF expansion
Frost,384,FAST,avx2_u16,AES128,scalar,Decaps.Unpack_CT,209376,20,ok,decaps ciphertext unpack
Frost,384,FAST,avx2_u16,AES128,scalar,Encaps.AT_times_R,11222870,10,ok,encaps A^T*R multiplication
Frost,384,FAST,avx2_u16,AES128,scalar,Encaps.BhatT_times_R,117418,10,ok,encaps B^T*R multiplication
Frost,384,FAST,avx2_u16,AES128,scalar,Encaps.Dither_PK,331733,10,ok,encaps public-key dither for reconstruction
Frost,384,FAST,avx2_u16,AES128,scalar,Encaps.Dither_U,232555,10,ok,encaps U dither
Frost,384,FAST,avx2_u16,AES128,scalar,Encaps.Dither_V,36099,10,ok,encaps V dither
Frost,384,FAST,avx2_u16,AES128,scalar,Encaps.Encode_Message,34199,10,ok,encaps message encoding and add
Frost,384,FAST,avx2_u16,AES128,scalar,Encaps.Expand_A,12383739,10,ok,encaps A expansion for A^T*R
Frost,384,FAST,avx2_u16,AES128,scalar,Encaps.FO_Hash,36099,10,ok,G hash h_pk||mu||salt
Frost,384,FAST,avx2_u16,AES128,scalar,Encaps.KDF,203296,10,ok,encaps final shared-secret hash
Frost,384,FAST,avx2_u16,AES128,scalar,Encaps.KEM_Total_Profiled,46066026,10,ok,profiling-build encaps total; not official full-KEM timing
Frost,384,FAST,avx2_u16,AES128,scalar,Encaps.PK_Hash,288034,10,ok,encaps h_pk
Frost,384,FAST,avx2_u16,AES128,scalar,Encaps.Pack_CT,250604,10,ok,encaps ciphertext packing
Frost,384,FAST,avx2_u16,AES128,scalar,Encaps.Quant_U,36480,10,ok,encaps U quantization
Frost,384,FAST,avx2_u16,AES128,scalar,Encaps.Quant_V,33629,10,ok,encaps V quantization
Frost,384,FAST,avx2_u16,AES128,scalar,Encaps.Recon_PK,37999,10,ok,encaps public-key reconstruction
Frost,384,FAST,avx2_u16,AES128,scalar,Encaps.Sample_Message,78088,10,ok,randombytes for mu and salt
Frost,384,FAST,avx2_u16,AES128,scalar,Encaps.Sample_R,34579,10,ok,CBD transform for R
Frost,384,FAST,avx2_u16,AES128,scalar,Encaps.SeedExpand_R,229704,10,ok,R XOF expansion
Frost,384,FAST,avx2_u16,AES128,scalar,Encaps.Unpack_PK,296014,10,ok,encaps public-key unpack
Frost,384,FAST,avx2_u16,AES128,scalar,KeyGen.A_times_S,20834750,10,ok,keygen A*S multiplication
Frost,384,FAST,avx2_u16,AES128,scalar,KeyGen.Dither_PK,352252,10,ok,keygen public-key dither
Frost,384,FAST,avx2_u16,AES128,scalar,KeyGen.Expand_A,21515710,10,ok,keygen A expansion
Frost,384,FAST,avx2_u16,AES128,scalar,KeyGen.KEM_Total_Profiled,83183436,10,ok,profiling-build keygen total; not official full-KEM timing
Frost,384,FAST,avx2_u16,AES128,scalar,KeyGen.PK_Hash,285564,10,ok,keygen h_pk
Frost,384,FAST,avx2_u16,AES128,scalar,KeyGen.Pack_PK,305894,10,ok,keygen public-key packing
Frost,384,FAST,avx2_u16,AES128,scalar,KeyGen.Quant_PK,41610,10,ok,keygen public-key quantization
Frost,384,FAST,avx2_u16,AES128,scalar,KeyGen.Random,77898,10,ok,randombytes for keygen seeds
Frost,384,FAST,avx2_u16,AES128,scalar,KeyGen.Sample_S,35909,10,ok,CBD transform for S
Frost,384,FAST,avx2_u16,AES128,scalar,KeyGen.SeedExpand,351492,10,ok,seed_A and S XOF expansion
Frost,512,FAST,avx2_u16,AES128,scalar,Codec.Message_Decode,72,10,ok,standalone message decode wrapper=frost_key_decode inner_reps=10000
Frost,512,FAST,avx2_u16,AES128,scalar,Codec.Message_Encode,48,10,ok,standalone message encode wrapper=frost_key_encode inner_reps=10000
Frost,512,FAST,avx2_u16,AES128,scalar,Decaps.CT_Compare,37999,20,ok,decaps ciphertext comparison and key select
Frost,512,FAST,avx2_u16,AES128,scalar,Decaps.Decode_Message,34390,20,ok,decaps message decode
Frost,512,FAST,avx2_u16,AES128,scalar,Decaps.Dither_U,297914,20,ok,decaps U dither for reconstruction
Frost,512,FAST,avx2_u16,AES128,scalar,Decaps.Dither_V,36290,20,ok,decaps V dither for reconstruction
Frost,512,FAST,avx2_u16,AES128,scalar,Decaps.FO_Hash,37239,20,ok,decaps G hash h_pk||muprime||salt
Frost,512,FAST,avx2_u16,AES128,scalar,Decaps.KDF,278344,20,ok,decaps final shared-secret hash
Frost,512,FAST,avx2_u16,AES128,scalar,Decaps.KEM_Total_Profiled,64937750,20,ok,profiling-build decaps total; not official full-KEM timing
Frost,512,FAST,avx2_u16,AES128,scalar,Decaps.ReEnc_AT_times_R,15549456,20,ok,decaps re-encryption A^T*R multiplication
Frost,512,FAST,avx2_u16,AES128,scalar,Decaps.ReEnc_BhatT_times_R,63078,20,ok,decaps re-encryption B^T*R multiplication
Frost,512,FAST,avx2_u16,AES128,scalar,Decaps.ReEnc_Dither_PK,598488,20,ok,decaps re-encryption public-key dither
Frost,512,FAST,avx2_u16,AES128,scalar,Decaps.ReEnc_Dither_U,298674,20,ok,decaps re-encryption U dither
Frost,512,FAST,avx2_u16,AES128,scalar,Decaps.ReEnc_Dither_V,36100,20,ok,decaps re-encryption V dither
Frost,512,FAST,avx2_u16,AES128,scalar,Decaps.ReEnc_Expand_A,17740871,20,ok,decaps re-encryption A expansion
Frost,512,FAST,avx2_u16,AES128,scalar,Decaps.ReEnc_Quant_U,37050,20,ok,decaps re-encryption U quantization
Frost,512,FAST,avx2_u16,AES128,scalar,Decaps.ReEnc_Quant_V,66878,20,ok,decaps re-encryption V quantization and message add
Frost,512,FAST,avx2_u16,AES128,scalar,Decaps.ReEnc_Recon_PK,41990,20,ok,decaps re-encryption public-key reconstruction
Frost,512,FAST,avx2_u16,AES128,scalar,Decaps.ReEnc_Unpack_PK,508619,20,ok,decaps re-encryption public-key unpack
Frost,512,FAST,avx2_u16,AES128,scalar,Decaps.Recon_U,36290,20,ok,decaps U reconstruction
Frost,512,FAST,avx2_u16,AES128,scalar,Decaps.Recon_V,33439,20,ok,decaps V reconstruction
Frost,512,FAST,avx2_u16,AES128,scalar,Decaps.ST_times_U,49970,20,ok,decaps S^T*U multiplication
Frost,512,FAST,avx2_u16,AES128,scalar,Decaps.Sample_R,34960,20,ok,decaps reenc R CBD transform
Frost,512,FAST,avx2_u16,AES128,scalar,Decaps.Sample_S,589937,20,ok,decaps regenerate S from sk seed
Frost,512,FAST,avx2_u16,AES128,scalar,Decaps.SeedExpand_R,297153,20,ok,decaps reenc R XOF expansion
Frost,512,FAST,avx2_u16,AES128,scalar,Decaps.Unpack_CT,269224,20,ok,decaps ciphertext unpack
Frost,512,FAST,avx2_u16,AES128,scalar,Encaps.AT_times_R,15297712,10,ok,encaps A^T*R multiplication
Frost,512,FAST,avx2_u16,AES128,scalar,Encaps.BhatT_times_R,63078,10,ok,encaps B^T*R multiplication
Frost,512,FAST,avx2_u16,AES128,scalar,Encaps.Dither_PK,561628,10,ok,encaps public-key dither for reconstruction
Frost,512,FAST,avx2_u16,AES128,scalar,Encaps.Dither_U,302664,10,ok,encaps U dither
Frost,512,FAST,avx2_u16,AES128,scalar,Encaps.Dither_V,36289,10,ok,encaps V dither
Frost,512,FAST,avx2_u16,AES128,scalar,Encaps.Encode_Message,33629,10,ok,encaps message encoding and add
Frost,512,FAST,avx2_u16,AES128,scalar,Encaps.Expand_A,17132694,10,ok,encaps A expansion for A^T*R
Frost,512,FAST,avx2_u16,AES128,scalar,Encaps.FO_Hash,36480,10,ok,G hash h_pk||mu||salt
Frost,512,FAST,avx2_u16,AES128,scalar,Encaps.KDF,279295,10,ok,encaps final shared-secret hash
Frost,512,FAST,avx2_u16,AES128,scalar,Encaps.KEM_Total_Profiled,62997702,10,ok,profiling-build encaps total; not official full-KEM timing
Frost,512,FAST,avx2_u16,AES128,scalar,Encaps.PK_Hash,518118,10,ok,encaps h_pk
Frost,512,FAST,avx2_u16,AES128,scalar,Encaps.Pack_CT,357002,10,ok,encaps ciphertext packing
Frost,512,FAST,avx2_u16,AES128,scalar,Encaps.Quant_U,37239,10,ok,encaps U quantization
Frost,512,FAST,avx2_u16,AES128,scalar,Encaps.Quant_V,33060,10,ok,encaps V quantization
Frost,512,FAST,avx2_u16,AES128,scalar,Encaps.Recon_PK,40849,10,ok,encaps public-key reconstruction
Frost,512,FAST,avx2_u16,AES128,scalar,Encaps.Sample_Message,78468,10,ok,randombytes for mu and salt
Frost,512,FAST,avx2_u16,AES128,scalar,Encaps.Sample_R,34959,10,ok,CBD transform for R
Frost,512,FAST,avx2_u16,AES128,scalar,Encaps.SeedExpand_R,315963,10,ok,R XOF expansion
Frost,512,FAST,avx2_u16,AES128,scalar,Encaps.Unpack_PK,503299,10,ok,encaps public-key unpack
Frost,512,FAST,avx2_u16,AES128,scalar,KeyGen.A_times_S,29316176,10,ok,keygen A*S multiplication
Frost,512,FAST,avx2_u16,AES128,scalar,KeyGen.Dither_PK,589557,10,ok,keygen public-key dither
Frost,512,FAST,avx2_u16,AES128,scalar,KeyGen.Expand_A,30968392,10,ok,keygen A expansion
Frost,512,FAST,avx2_u16,AES128,scalar,KeyGen.KEM_Total_Profiled,116587186,10,ok,profiling-build keygen total; not official full-KEM timing
Frost,512,FAST,avx2_u16,AES128,scalar,KeyGen.PK_Hash,518499,10,ok,keygen h_pk
Frost,512,FAST,avx2_u16,AES128,scalar,KeyGen.Pack_PK,614066,10,ok,keygen public-key packing
Frost,512,FAST,avx2_u16,AES128,scalar,KeyGen.Quant_PK,45979,10,ok,keygen public-key quantization
Frost,512,FAST,avx2_u16,AES128,scalar,KeyGen.Random,78088,10,ok,randombytes for keygen seeds
Frost,512,FAST,avx2_u16,AES128,scalar,KeyGen.Sample_S,36100,10,ok,CBD transform for S
Frost,512,FAST,avx2_u16,AES128,scalar,KeyGen.SeedExpand,563908,10,ok,seed_A and S XOF expansion
Frost,128,REFERENCE,ref,SHAKE128,scalar,Codec.Message_Decode,62,10,ok,standalone message decode wrapper=frost_key_decode inner_reps=10000
Frost,128,REFERENCE,ref,SHAKE128,scalar,Codec.Message_Encode,60,10,ok,standalone message encode wrapper=frost_key_encode inner_reps=10000
Frost,128,REFERENCE,ref,SHAKE128,scalar,Decaps.CT_Compare,35340,20,ok,decaps ciphertext comparison and key select
Frost,128,REFERENCE,ref,SHAKE128,scalar,Decaps.Decode_Message,33439,20,ok,decaps message decode
Frost,128,REFERENCE,ref,SHAKE128,scalar,Decaps.Dither_U,77138,20,ok,decaps U dither for reconstruction
Frost,128,REFERENCE,ref,SHAKE128,scalar,Decaps.Dither_V,35530,20,ok,decaps V dither for reconstruction
Frost,128,REFERENCE,ref,SHAKE128,scalar,Decaps.FO_Hash,34580,20,ok,decaps G hash h_pk||muprime||salt
Frost,128,REFERENCE,ref,SHAKE128,scalar,Decaps.KDF,64218,20,ok,decaps final shared-secret hash
Frost,128,REFERENCE,ref,SHAKE128,scalar,Decaps.KEM_Total_Profiled,88565071,20,ok,profiling-build decaps total; not official full-KEM timing
Frost,128,REFERENCE,ref,SHAKE128,scalar,Decaps.ReEnc_AT_times_R,20956359,20,ok,decaps re-encryption A^T*R multiplication
Frost,128,REFERENCE,ref,SHAKE128,scalar,Decaps.ReEnc_BhatT_times_R,39140,20,ok,decaps re-encryption B^T*R multiplication
Frost,128,REFERENCE,ref,SHAKE128,scalar,Decaps.ReEnc_Dither_PK,77138,20,ok,decaps re-encryption public-key dither
Frost,128,REFERENCE,ref,SHAKE128,scalar,Decaps.ReEnc_Dither_U,77708,20,ok,decaps re-encryption U dither
Frost,128,REFERENCE,ref,SHAKE128,scalar,Decaps.ReEnc_Dither_V,35339,20,ok,decaps re-encryption V dither
Frost,128,REFERENCE,ref,SHAKE128,scalar,Decaps.ReEnc_Expand_A,24793893,20,ok,decaps re-encryption A expansion
Frost,128,REFERENCE,ref,SHAKE128,scalar,Decaps.ReEnc_Quant_U,35339,20,ok,decaps re-encryption U quantization
Frost,128,REFERENCE,ref,SHAKE128,scalar,Decaps.ReEnc_Quant_V,67639,20,ok,decaps re-encryption V quantization and message add
Frost,128,REFERENCE,ref,SHAKE128,scalar,Decaps.ReEnc_Recon_PK,34579,20,ok,decaps re-encryption public-key reconstruction
Frost,128,REFERENCE,ref,SHAKE128,scalar,Decaps.ReEnc_Unpack_PK,72198,20,ok,decaps re-encryption public-key unpack
Frost,128,REFERENCE,ref,SHAKE128,scalar,Decaps.Recon_U,33819,20,ok,decaps U reconstruction
Frost,128,REFERENCE,ref,SHAKE128,scalar,Decaps.Recon_V,33439,20,ok,decaps V reconstruction
Frost,128,REFERENCE,ref,SHAKE128,scalar,Decaps.ST_times_U,34390,20,ok,decaps S^T*U multiplication
Frost,128,REFERENCE,ref,SHAKE128,scalar,Decaps.Sample_R,33819,20,ok,decaps reenc R CBD transform
Frost,128,REFERENCE,ref,SHAKE128,scalar,Decaps.Sample_S,77898,20,ok,decaps regenerate S from sk seed
Frost,128,REFERENCE,ref,SHAKE128,scalar,Decaps.SeedExpand_R,76758,20,ok,decaps reenc R XOF expansion
Frost,128,REFERENCE,ref,SHAKE128,scalar,Decaps.Unpack_CT,71819,20,ok,decaps ciphertext unpack
Frost,128,REFERENCE,ref,SHAKE128,scalar,Encaps.AT_times_R,20233994,10,ok,encaps A^T*R multiplication
Frost,128,REFERENCE,ref,SHAKE128,scalar,Encaps.BhatT_times_R,40470,10,ok,encaps B^T*R multiplication
Frost,128,REFERENCE,ref,SHAKE128,scalar,Encaps.Dither_PK,76760,10,ok,encaps public-key dither for reconstruction
Frost,128,REFERENCE,ref,SHAKE128,scalar,Encaps.Dither_U,77518,10,ok,encaps U dither
Frost,128,REFERENCE,ref,SHAKE128,scalar,Encaps.Dither_V,35529,10,ok,encaps V dither
Frost,128,REFERENCE,ref,SHAKE128,scalar,Encaps.Encode_Message,34390,10,ok,encaps message encoding and add
Frost,128,REFERENCE,ref,SHAKE128,scalar,Encaps.Expand_A,25591684,10,ok,encaps A expansion for A^T*R
Frost,128,REFERENCE,ref,SHAKE128,scalar,Encaps.FO_Hash,35719,10,ok,G hash h_pk||mu||salt
Frost,128,REFERENCE,ref,SHAKE128,scalar,Encaps.KDF,64219,10,ok,encaps final shared-secret hash
Frost,128,REFERENCE,ref,SHAKE128,scalar,Encaps.KEM_Total_Profiled,89251716,10,ok,profiling-build encaps total; not official full-KEM timing
Frost,128,REFERENCE,ref,SHAKE128,scalar,Encaps.PK_Hash,62319,10,ok,encaps h_pk
Frost,128,REFERENCE,ref,SHAKE128,scalar,Encaps.Pack_CT,107348,10,ok,encaps ciphertext packing
Frost,128,REFERENCE,ref,SHAKE128,scalar,Encaps.Quant_U,34770,10,ok,encaps U quantization
Frost,128,REFERENCE,ref,SHAKE128,scalar,Encaps.Quant_V,33250,10,ok,encaps V quantization
Frost,128,REFERENCE,ref,SHAKE128,scalar,Encaps.Recon_PK,34959,10,ok,encaps public-key reconstruction
Frost,128,REFERENCE,ref,SHAKE128,scalar,Encaps.Sample_Message,74288,10,ok,randombytes for mu and salt
Frost,128,REFERENCE,ref,SHAKE128,scalar,Encaps.Sample_R,33820,10,ok,CBD transform for R
Frost,128,REFERENCE,ref,SHAKE128,scalar,Encaps.SeedExpand_R,77138,10,ok,R XOF expansion
Frost,128,REFERENCE,ref,SHAKE128,scalar,Encaps.Unpack_PK,71438,10,ok,encaps public-key unpack
Frost,128,REFERENCE,ref,SHAKE128,scalar,KeyGen.A_times_S,87398,10,ok,keygen A*S multiplication
Frost,128,REFERENCE,ref,SHAKE128,scalar,KeyGen.Dither_PK,77708,10,ok,keygen public-key dither
Frost,128,REFERENCE,ref,SHAKE128,scalar,KeyGen.Expand_A,3791558,10,ok,keygen A expansion
Frost,128,REFERENCE,ref,SHAKE128,scalar,KeyGen.KEM_Total_Profiled,5421722,10,ok,profiling-build keygen total; not official full-KEM timing
Frost,128,REFERENCE,ref,SHAKE128,scalar,KeyGen.PK_Hash,63078,10,ok,keygen h_pk
Frost,128,REFERENCE,ref,SHAKE128,scalar,KeyGen.Pack_PK,72198,10,ok,keygen public-key packing
Frost,128,REFERENCE,ref,SHAKE128,scalar,KeyGen.Quant_PK,34390,10,ok,keygen public-key quantization
Frost,128,REFERENCE,ref,SHAKE128,scalar,KeyGen.Random,77708,10,ok,randombytes for keygen seeds
Frost,128,REFERENCE,ref,SHAKE128,scalar,KeyGen.Sample_S,34199,10,ok,CBD transform for S
Frost,128,REFERENCE,ref,SHAKE128,scalar,KeyGen.SeedExpand,79038,10,ok,seed_A and S XOF expansion
Frost,192,REFERENCE,ref,SHAKE128,scalar,Codec.Message_Decode,57,10,ok,standalone message decode wrapper=frost_key_decode inner_reps=10000
Frost,192,REFERENCE,ref,SHAKE128,scalar,Codec.Message_Encode,48,10,ok,standalone message encode wrapper=frost_key_encode inner_reps=10000
Frost,192,REFERENCE,ref,SHAKE128,scalar,Decaps.CT_Compare,36099,20,ok,decaps ciphertext comparison and key select
Frost,192,REFERENCE,ref,SHAKE128,scalar,Decaps.Decode_Message,34199,20,ok,decaps message decode
Frost,192,REFERENCE,ref,SHAKE128,scalar,Decaps.Dither_U,124638,20,ok,decaps U dither for reconstruction
Frost,192,REFERENCE,ref,SHAKE128,scalar,Decaps.Dither_V,35720,20,ok,decaps V dither for reconstruction
Frost,192,REFERENCE,ref,SHAKE128,scalar,Decaps.FO_Hash,35339,20,ok,decaps G hash h_pk||muprime||salt
Frost,192,REFERENCE,ref,SHAKE128,scalar,Decaps.KDF,100698,20,ok,decaps final shared-secret hash
Frost,192,REFERENCE,ref,SHAKE128,scalar,Decaps.KEM_Total_Profiled,157346628,20,ok,profiling-build decaps total; not official full-KEM timing
Frost,192,REFERENCE,ref,SHAKE128,scalar,Decaps.ReEnc_AT_times_R,36289401,20,ok,decaps re-encryption A^T*R multiplication
Frost,192,REFERENCE,ref,SHAKE128,scalar,Decaps.ReEnc_BhatT_times_R,44269,20,ok,decaps re-encryption B^T*R multiplication
Frost,192,REFERENCE,ref,SHAKE128,scalar,Decaps.ReEnc_Dither_PK,124258,20,ok,decaps re-encryption public-key dither
Frost,192,REFERENCE,ref,SHAKE128,scalar,Decaps.ReEnc_Dither_U,125778,20,ok,decaps re-encryption U dither
Frost,192,REFERENCE,ref,SHAKE128,scalar,Decaps.ReEnc_Dither_V,35339,20,ok,decaps re-encryption V dither
Frost,192,REFERENCE,ref,SHAKE128,scalar,Decaps.ReEnc_Expand_A,46430058,20,ok,decaps re-encryption A expansion
Frost,192,REFERENCE,ref,SHAKE128,scalar,Decaps.ReEnc_Quant_U,35719,20,ok,decaps re-encryption U quantization
Frost,192,REFERENCE,ref,SHAKE128,scalar,Decaps.ReEnc_Quant_V,68018,20,ok,decaps re-encryption V quantization and message add
Frost,192,REFERENCE,ref,SHAKE128,scalar,Decaps.ReEnc_Recon_PK,35339,20,ok,decaps re-encryption public-key reconstruction
Frost,192,REFERENCE,ref,SHAKE128,scalar,Decaps.ReEnc_Unpack_PK,107918,20,ok,decaps re-encryption public-key unpack
Frost,192,REFERENCE,ref,SHAKE128,scalar,Decaps.Recon_U,34770,20,ok,decaps U reconstruction
Frost,192,REFERENCE,ref,SHAKE128,scalar,Decaps.Recon_V,34009,20,ok,decaps V reconstruction
Frost,192,REFERENCE,ref,SHAKE128,scalar,Decaps.ST_times_U,36480,20,ok,decaps S^T*U multiplication
Frost,192,REFERENCE,ref,SHAKE128,scalar,Decaps.Sample_R,34199,20,ok,decaps reenc R CBD transform
Frost,192,REFERENCE,ref,SHAKE128,scalar,Decaps.Sample_S,124637,20,ok,decaps regenerate S from sk seed
Frost,192,REFERENCE,ref,SHAKE128,scalar,Decaps.SeedExpand_R,123877,20,ok,decaps reenc R XOF expansion
Frost,192,REFERENCE,ref,SHAKE128,scalar,Decaps.Unpack_CT,106398,20,ok,decaps ciphertext unpack
Frost,192,REFERENCE,ref,SHAKE128,scalar,Encaps.AT_times_R,35483448,10,ok,encaps A^T*R multiplication
Frost,192,REFERENCE,ref,SHAKE128,scalar,Encaps.BhatT_times_R,44079,10,ok,encaps B^T*R multiplication
Frost,192,REFERENCE,ref,SHAKE128,scalar,Encaps.Dither_PK,124258,10,ok,encaps public-key dither for reconstruction
Frost,192,REFERENCE,ref,SHAKE128,scalar,Encaps.Dither_U,126348,10,ok,encaps U dither
Frost,192,REFERENCE,ref,SHAKE128,scalar,Encaps.Dither_V,35339,10,ok,encaps V dither
Frost,192,REFERENCE,ref,SHAKE128,scalar,Encaps.Encode_Message,34389,10,ok,encaps message encoding and add
Frost,192,REFERENCE,ref,SHAKE128,scalar,Encaps.Expand_A,48428246,10,ok,encaps A expansion for A^T*R
Frost,192,REFERENCE,ref,SHAKE128,scalar,Encaps.FO_Hash,35529,10,ok,G hash h_pk||mu||salt
Frost,192,REFERENCE,ref,SHAKE128,scalar,Encaps.KDF,100698,10,ok,encaps final shared-secret hash
Frost,192,REFERENCE,ref,SHAKE128,scalar,Encaps.KEM_Total_Profiled,158863364,10,ok,profiling-build encaps total; not official full-KEM timing
Frost,192,REFERENCE,ref,SHAKE128,scalar,Encaps.PK_Hash,101648,10,ok,encaps h_pk
Frost,192,REFERENCE,ref,SHAKE128,scalar,Encaps.Pack_CT,153516,10,ok,encaps ciphertext packing
Frost,192,REFERENCE,ref,SHAKE128,scalar,Encaps.Quant_U,36099,10,ok,encaps U quantization
Frost,192,REFERENCE,ref,SHAKE128,scalar,Encaps.Quant_V,33440,10,ok,encaps V quantization
Frost,192,REFERENCE,ref,SHAKE128,scalar,Encaps.Recon_PK,35720,10,ok,encaps public-key reconstruction
Frost,192,REFERENCE,ref,SHAKE128,scalar,Encaps.Sample_Message,76948,10,ok,randombytes for mu and salt
Frost,192,REFERENCE,ref,SHAKE128,scalar,Encaps.Sample_R,34199,10,ok,CBD transform for R
Frost,192,REFERENCE,ref,SHAKE128,scalar,Encaps.SeedExpand_R,123688,10,ok,R XOF expansion
Frost,192,REFERENCE,ref,SHAKE128,scalar,Encaps.Unpack_PK,107538,10,ok,encaps public-key unpack
Frost,192,REFERENCE,ref,SHAKE128,scalar,KeyGen.A_times_S,324513,10,ok,keygen A*S multiplication
Frost,192,REFERENCE,ref,SHAKE128,scalar,KeyGen.Dither_PK,129958,10,ok,keygen public-key dither
Frost,192,REFERENCE,ref,SHAKE128,scalar,KeyGen.Expand_A,10944904,10,ok,keygen A expansion
Frost,192,REFERENCE,ref,SHAKE128,scalar,KeyGen.KEM_Total_Profiled,14723163,10,ok,profiling-build keygen total; not official full-KEM timing
Frost,192,REFERENCE,ref,SHAKE128,scalar,KeyGen.PK_Hash,100888,10,ok,keygen h_pk
Frost,192,REFERENCE,ref,SHAKE128,scalar,KeyGen.Pack_PK,108678,10,ok,keygen public-key packing
Frost,192,REFERENCE,ref,SHAKE128,scalar,KeyGen.Quant_PK,35909,10,ok,keygen public-key quantization
Frost,192,REFERENCE,ref,SHAKE128,scalar,KeyGen.Random,78278,10,ok,randombytes for keygen seeds
Frost,192,REFERENCE,ref,SHAKE128,scalar,KeyGen.Sample_S,34009,10,ok,CBD transform for S
Frost,192,REFERENCE,ref,SHAKE128,scalar,KeyGen.SeedExpand,125208,10,ok,seed_A and S XOF expansion
Frost,256,REFERENCE,ref,SHAKE128,scalar,Codec.Message_Decode,58,10,ok,standalone message decode wrapper=frost_key_decode inner_reps=10000
Frost,256,REFERENCE,ref,SHAKE128,scalar,Codec.Message_Encode,55,10,ok,standalone message encode wrapper=frost_key_encode inner_reps=10000
Frost,256,REFERENCE,ref,SHAKE128,scalar,Decaps.CT_Compare,37240,20,ok,decaps ciphertext comparison and key select
Frost,256,REFERENCE,ref,SHAKE128,scalar,Decaps.Decode_Message,33250,20,ok,decaps message decode
Frost,256,REFERENCE,ref,SHAKE128,scalar,Decaps.Dither_U,164917,20,ok,decaps U dither for reconstruction
Frost,256,REFERENCE,ref,SHAKE128,scalar,Decaps.Dither_V,35530,20,ok,decaps V dither for reconstruction
Frost,256,REFERENCE,ref,SHAKE128,scalar,Decaps.FO_Hash,34960,20,ok,decaps G hash h_pk||muprime||salt
Frost,256,REFERENCE,ref,SHAKE128,scalar,Decaps.KDF,138698,20,ok,decaps final shared-secret hash
Frost,256,REFERENCE,ref,SHAKE128,scalar,Decaps.KEM_Total_Profiled,234132712,20,ok,profiling-build decaps total; not official full-KEM timing
Frost,256,REFERENCE,ref,SHAKE128,scalar,Decaps.ReEnc_AT_times_R,53179278,20,ok,decaps re-encryption A^T*R multiplication
Frost,256,REFERENCE,ref,SHAKE128,scalar,Decaps.ReEnc_BhatT_times_R,48069,20,ok,decaps re-encryption B^T*R multiplication
Frost,256,REFERENCE,ref,SHAKE128,scalar,Decaps.ReEnc_Dither_PK,164727,20,ok,decaps re-encryption public-key dither
Frost,256,REFERENCE,ref,SHAKE128,scalar,Decaps.ReEnc_Dither_U,166437,20,ok,decaps re-encryption U dither
Frost,256,REFERENCE,ref,SHAKE128,scalar,Decaps.ReEnc_Dither_V,34960,20,ok,decaps re-encryption V dither
Frost,256,REFERENCE,ref,SHAKE128,scalar,Decaps.ReEnc_Expand_A,74810314,20,ok,decaps re-encryption A expansion
Frost,256,REFERENCE,ref,SHAKE128,scalar,Decaps.ReEnc_Quant_U,35719,20,ok,decaps re-encryption U quantization
Frost,256,REFERENCE,ref,SHAKE128,scalar,Decaps.ReEnc_Quant_V,67258,20,ok,decaps re-encryption V quantization and message add
Frost,256,REFERENCE,ref,SHAKE128,scalar,Decaps.ReEnc_Recon_PK,35719,20,ok,decaps re-encryption public-key reconstruction
Frost,256,REFERENCE,ref,SHAKE128,scalar,Decaps.ReEnc_Unpack_PK,152567,20,ok,decaps re-encryption public-key unpack
Frost,256,REFERENCE,ref,SHAKE128,scalar,Decaps.Recon_U,34959,20,ok,decaps U reconstruction
Frost,256,REFERENCE,ref,SHAKE128,scalar,Decaps.Recon_V,33250,20,ok,decaps V reconstruction
Frost,256,REFERENCE,ref,SHAKE128,scalar,Decaps.ST_times_U,38379,20,ok,decaps S^T*U multiplication
Frost,256,REFERENCE,ref,SHAKE128,scalar,Decaps.Sample_R,34010,20,ok,decaps reenc R CBD transform
Frost,256,REFERENCE,ref,SHAKE128,scalar,Decaps.Sample_S,165298,20,ok,decaps regenerate S from sk seed
Frost,256,REFERENCE,ref,SHAKE128,scalar,Decaps.SeedExpand_R,164917,20,ok,decaps reenc R XOF expansion
Frost,256,REFERENCE,ref,SHAKE128,scalar,Decaps.Unpack_CT,125207,20,ok,decaps ciphertext unpack
Frost,256,REFERENCE,ref,SHAKE128,scalar,Encaps.AT_times_R,52266524,10,ok,encaps A^T*R multiplication
Frost,256,REFERENCE,ref,SHAKE128,scalar,Encaps.BhatT_times_R,48069,10,ok,encaps B^T*R multiplication
Frost,256,REFERENCE,ref,SHAKE128,scalar,Encaps.Dither_PK,165106,10,ok,encaps public-key dither for reconstruction
Frost,256,REFERENCE,ref,SHAKE128,scalar,Encaps.Dither_U,167006,10,ok,encaps U dither
Frost,256,REFERENCE,ref,SHAKE128,scalar,Encaps.Dither_V,34959,10,ok,encaps V dither
Frost,256,REFERENCE,ref,SHAKE128,scalar,Encaps.Encode_Message,33820,10,ok,encaps message encoding and add
Frost,256,REFERENCE,ref,SHAKE128,scalar,Encaps.Expand_A,73056068,10,ok,encaps A expansion for A^T*R
Frost,256,REFERENCE,ref,SHAKE128,scalar,Encaps.FO_Hash,34959,10,ok,G hash h_pk||mu||salt
Frost,256,REFERENCE,ref,SHAKE128,scalar,Encaps.KDF,138887,10,ok,encaps final shared-secret hash
Frost,256,REFERENCE,ref,SHAKE128,scalar,Encaps.KEM_Total_Profiled,229752737,10,ok,profiling-build encaps total; not official full-KEM timing
Frost,256,REFERENCE,ref,SHAKE128,scalar,Encaps.PK_Hash,146296,10,ok,encaps h_pk
Frost,256,REFERENCE,ref,SHAKE128,scalar,Encaps.Pack_CT,167386,10,ok,encaps ciphertext packing
Frost,256,REFERENCE,ref,SHAKE128,scalar,Encaps.Quant_U,35530,10,ok,encaps U quantization
Frost,256,REFERENCE,ref,SHAKE128,scalar,Encaps.Quant_V,33060,10,ok,encaps V quantization
Frost,256,REFERENCE,ref,SHAKE128,scalar,Encaps.Recon_PK,35530,10,ok,encaps public-key reconstruction
Frost,256,REFERENCE,ref,SHAKE128,scalar,Encaps.Sample_Message,78468,10,ok,randombytes for mu and salt
Frost,256,REFERENCE,ref,SHAKE128,scalar,Encaps.Sample_R,34200,10,ok,CBD transform for R
Frost,256,REFERENCE,ref,SHAKE128,scalar,Encaps.SeedExpand_R,164726,10,ok,R XOF expansion
Frost,256,REFERENCE,ref,SHAKE128,scalar,Encaps.Unpack_PK,152188,10,ok,encaps public-key unpack
Frost,256,REFERENCE,ref,SHAKE128,scalar,KeyGen.A_times_S,1110526,10,ok,keygen A*S multiplication
Frost,256,REFERENCE,ref,SHAKE128,scalar,KeyGen.Dither_PK,166436,10,ok,keygen public-key dither
Frost,256,REFERENCE,ref,SHAKE128,scalar,KeyGen.Expand_A,21967896,10,ok,keygen A expansion
Frost,256,REFERENCE,ref,SHAKE128,scalar,KeyGen.KEM_Total_Profiled,28174492,10,ok,profiling-build keygen total; not official full-KEM timing
Frost,256,REFERENCE,ref,SHAKE128,scalar,KeyGen.PK_Hash,148577,10,ok,keygen h_pk
Frost,256,REFERENCE,ref,SHAKE128,scalar,KeyGen.Pack_PK,155037,10,ok,keygen public-key packing
Frost,256,REFERENCE,ref,SHAKE128,scalar,KeyGen.Quant_PK,36480,10,ok,keygen public-key quantization
Frost,256,REFERENCE,ref,SHAKE128,scalar,KeyGen.Random,79419,10,ok,randombytes for keygen seeds
Frost,256,REFERENCE,ref,SHAKE128,scalar,KeyGen.Sample_S,34010,10,ok,CBD transform for S
Frost,256,REFERENCE,ref,SHAKE128,scalar,KeyGen.SeedExpand,166436,10,ok,seed_A and S XOF expansion
Frost,384,REFERENCE,ref,SHAKE128,scalar,Codec.Message_Decode,114,10,ok,standalone message decode wrapper=frost_key_decode inner_reps=10000
Frost,384,REFERENCE,ref,SHAKE128,scalar,Codec.Message_Encode,77,10,ok,standalone message encode wrapper=frost_key_encode inner_reps=10000
Frost,384,REFERENCE,ref,SHAKE128,scalar,Decaps.CT_Compare,39139,20,ok,decaps ciphertext comparison and key select
Frost,384,REFERENCE,ref,SHAKE128,scalar,Decaps.Decode_Message,33819,20,ok,decaps message decode
Frost,384,REFERENCE,ref,SHAKE128,scalar,Decaps.Dither_U,230276,20,ok,decaps U dither for reconstruction
Frost,384,REFERENCE,ref,SHAKE128,scalar,Decaps.Dither_V,36479,20,ok,decaps V dither for reconstruction
Frost,384,REFERENCE,ref,SHAKE128,scalar,Decaps.FO_Hash,36100,20,ok,decaps G hash h_pk||muprime||salt
Frost,384,REFERENCE,ref,SHAKE128,scalar,Decaps.KDF,203296,20,ok,decaps final shared-secret hash
Frost,384,REFERENCE,ref,SHAKE128,scalar,Decaps.KEM_Total_Profiled,369785607,20,ok,profiling-build decaps total; not official full-KEM timing
Frost,384,REFERENCE,ref,SHAKE128,scalar,Decaps.ReEnc_AT_times_R,79275202,20,ok,decaps re-encryption A^T*R multiplication
Frost,384,REFERENCE,ref,SHAKE128,scalar,Decaps.ReEnc_BhatT_times_R,117038,20,ok,decaps re-encryption B^T*R multiplication
Frost,384,REFERENCE,ref,SHAKE128,scalar,Decaps.ReEnc_Dither_PK,328312,20,ok,decaps re-encryption public-key dither
Frost,384,REFERENCE,ref,SHAKE128,scalar,Decaps.ReEnc_Dither_U,232935,20,ok,decaps re-encryption U dither
Frost,384,REFERENCE,ref,SHAKE128,scalar,Decaps.ReEnc_Dither_V,36479,20,ok,decaps re-encryption V dither
Frost,384,REFERENCE,ref,SHAKE128,scalar,Decaps.ReEnc_Expand_A,128383634,20,ok,decaps re-encryption A expansion
Frost,384,REFERENCE,ref,SHAKE128,scalar,Decaps.ReEnc_Quant_U,36859,20,ok,decaps re-encryption U quantization
Frost,384,REFERENCE,ref,SHAKE128,scalar,Decaps.ReEnc_Quant_V,67638,20,ok,decaps re-encryption V quantization and message add
Frost,384,REFERENCE,ref,SHAKE128,scalar,Decaps.ReEnc_Recon_PK,39139,20,ok,decaps re-encryption public-key reconstruction
Frost,384,REFERENCE,ref,SHAKE128,scalar,Decaps.ReEnc_Unpack_PK,301334,20,ok,decaps re-encryption public-key unpack
Frost,384,REFERENCE,ref,SHAKE128,scalar,Decaps.Recon_U,35339,20,ok,decaps U reconstruction
Frost,384,REFERENCE,ref,SHAKE128,scalar,Decaps.Recon_V,33819,20,ok,decaps V reconstruction
Frost,384,REFERENCE,ref,SHAKE128,scalar,Decaps.ST_times_U,44269,20,ok,decaps S^T*U multiplication
Frost,384,REFERENCE,ref,SHAKE128,scalar,Decaps.Sample_R,34960,20,ok,decaps reenc R CBD transform
Frost,384,REFERENCE,ref,SHAKE128,scalar,Decaps.Sample_S,329074,20,ok,decaps regenerate S from sk seed
Frost,384,REFERENCE,ref,SHAKE128,scalar,Decaps.SeedExpand_R,229515,20,ok,decaps reenc R XOF expansion
Frost,384,REFERENCE,ref,SHAKE128,scalar,Decaps.Unpack_CT,209376,20,ok,decaps ciphertext unpack
Frost,384,REFERENCE,ref,SHAKE128,scalar,Encaps.AT_times_R,81307420,10,ok,encaps A^T*R multiplication
Frost,384,REFERENCE,ref,SHAKE128,scalar,Encaps.BhatT_times_R,117607,10,ok,encaps B^T*R multiplication
Frost,384,REFERENCE,ref,SHAKE128,scalar,Encaps.Dither_PK,328313,10,ok,encaps public-key dither for reconstruction
Frost,384,REFERENCE,ref,SHAKE128,scalar,Encaps.Dither_U,232175,10,ok,encaps U dither
Frost,384,REFERENCE,ref,SHAKE128,scalar,Encaps.Dither_V,36479,10,ok,encaps V dither
Frost,384,REFERENCE,ref,SHAKE128,scalar,Encaps.Encode_Message,34200,10,ok,encaps message encoding and add
Frost,384,REFERENCE,ref,SHAKE128,scalar,Encaps.Expand_A,128778262,10,ok,encaps A expansion for A^T*R
Frost,384,REFERENCE,ref,SHAKE128,scalar,Encaps.FO_Hash,36479,10,ok,G hash h_pk||mu||salt
Frost,384,REFERENCE,ref,SHAKE128,scalar,Encaps.KDF,209566,10,ok,encaps final shared-secret hash
Frost,384,REFERENCE,ref,SHAKE128,scalar,Encaps.KEM_Total_Profiled,371296454,10,ok,profiling-build encaps total; not official full-KEM timing
Frost,384,REFERENCE,ref,SHAKE128,scalar,Encaps.PK_Hash,308932,10,ok,encaps h_pk
Frost,384,REFERENCE,ref,SHAKE128,scalar,Encaps.Pack_CT,251554,10,ok,encaps ciphertext packing
Frost,384,REFERENCE,ref,SHAKE128,scalar,Encaps.Quant_U,36859,10,ok,encaps U quantization
Frost,384,REFERENCE,ref,SHAKE128,scalar,Encaps.Quant_V,33439,10,ok,encaps V quantization
Frost,384,REFERENCE,ref,SHAKE128,scalar,Encaps.Recon_PK,39139,10,ok,encaps public-key reconstruction
Frost,384,REFERENCE,ref,SHAKE128,scalar,Encaps.Sample_Message,79988,10,ok,randombytes for mu and salt
Frost,384,REFERENCE,ref,SHAKE128,scalar,Encaps.Sample_R,34579,10,ok,CBD transform for R
Frost,384,REFERENCE,ref,SHAKE128,scalar,Encaps.SeedExpand_R,229516,10,ok,R XOF expansion
Frost,384,REFERENCE,ref,SHAKE128,scalar,Encaps.Unpack_PK,300384,10,ok,encaps public-key unpack
Frost,384,REFERENCE,ref,SHAKE128,scalar,KeyGen.A_times_S,3784148,10,ok,keygen A*S multiplication
Frost,384,REFERENCE,ref,SHAKE128,scalar,KeyGen.Dither_PK,336862,10,ok,keygen public-key dither
Frost,384,REFERENCE,ref,SHAKE128,scalar,KeyGen.Expand_A,48310069,10,ok,keygen A expansion
Frost,384,REFERENCE,ref,SHAKE128,scalar,KeyGen.KEM_Total_Profiled,62328346,10,ok,profiling-build keygen total; not official full-KEM timing
Frost,384,REFERENCE,ref,SHAKE128,scalar,KeyGen.PK_Hash,285944,10,ok,keygen h_pk
Frost,384,REFERENCE,ref,SHAKE128,scalar,KeyGen.Pack_PK,306464,10,ok,keygen public-key packing
Frost,384,REFERENCE,ref,SHAKE128,scalar,KeyGen.Quant_PK,40089,10,ok,keygen public-key quantization
Frost,384,REFERENCE,ref,SHAKE128,scalar,KeyGen.Random,80178,10,ok,randombytes for keygen seeds
Frost,384,REFERENCE,ref,SHAKE128,scalar,KeyGen.Sample_S,35719,10,ok,CBD transform for S
Frost,384,REFERENCE,ref,SHAKE128,scalar,KeyGen.SeedExpand,328313,10,ok,seed_A and S XOF expansion
Frost,512,REFERENCE,ref,SHAKE128,scalar,Codec.Message_Decode,73,10,ok,standalone message decode wrapper=frost_key_decode inner_reps=10000
Frost,512,REFERENCE,ref,SHAKE128,scalar,Codec.Message_Encode,49,10,ok,standalone message encode wrapper=frost_key_encode inner_reps=10000
Frost,512,REFERENCE,ref,SHAKE128,scalar,Decaps.CT_Compare,40659,20,ok,decaps ciphertext comparison and key select
Frost,512,REFERENCE,ref,SHAKE128,scalar,Decaps.Decode_Message,34199,20,ok,decaps message decode
Frost,512,REFERENCE,ref,SHAKE128,scalar,Decaps.Dither_U,297534,20,ok,decaps U dither for reconstruction
Frost,512,REFERENCE,ref,SHAKE128,scalar,Decaps.Dither_V,36289,20,ok,decaps V dither for reconstruction
Frost,512,REFERENCE,ref,SHAKE128,scalar,Decaps.FO_Hash,37430,20,ok,decaps G hash h_pk||muprime||salt
Frost,512,REFERENCE,ref,SHAKE128,scalar,Decaps.KDF,278914,20,ok,decaps final shared-secret hash
Frost,512,REFERENCE,ref,SHAKE128,scalar,Decaps.KEM_Total_Profiled,515259391,20,ok,profiling-build decaps total; not official full-KEM timing
Frost,512,REFERENCE,ref,SHAKE128,scalar,Decaps.ReEnc_AT_times_R,109696047,20,ok,decaps re-encryption A^T*R multiplication
Frost,512,REFERENCE,ref,SHAKE128,scalar,Decaps.ReEnc_BhatT_times_R,63459,20,ok,decaps re-encryption B^T*R multiplication
Frost,512,REFERENCE,ref,SHAKE128,scalar,Decaps.ReEnc_Dither_PK,568088,20,ok,decaps re-encryption public-key dither
Frost,512,REFERENCE,ref,SHAKE128,scalar,Decaps.ReEnc_Dither_U,300194,20,ok,decaps re-encryption U dither
Frost,512,REFERENCE,ref,SHAKE128,scalar,Decaps.ReEnc_Dither_V,36479,20,ok,decaps re-encryption V dither
Frost,512,REFERENCE,ref,SHAKE128,scalar,Decaps.ReEnc_Expand_A,192139630,20,ok,decaps re-encryption A expansion
Frost,512,REFERENCE,ref,SHAKE128,scalar,Decaps.ReEnc_Quant_U,38380,20,ok,decaps re-encryption U quantization
Frost,512,REFERENCE,ref,SHAKE128,scalar,Decaps.ReEnc_Quant_V,68018,20,ok,decaps re-encryption V quantization and message add
Frost,512,REFERENCE,ref,SHAKE128,scalar,Decaps.ReEnc_Recon_PK,44839,20,ok,decaps re-encryption public-key reconstruction
Frost,512,REFERENCE,ref,SHAKE128,scalar,Decaps.ReEnc_Unpack_PK,511658,20,ok,decaps re-encryption public-key unpack
Frost,512,REFERENCE,ref,SHAKE128,scalar,Decaps.Recon_U,36099,20,ok,decaps U reconstruction
Frost,512,REFERENCE,ref,SHAKE128,scalar,Decaps.Recon_V,33439,20,ok,decaps V reconstruction
Frost,512,REFERENCE,ref,SHAKE128,scalar,Decaps.ST_times_U,52059,20,ok,decaps S^T*U multiplication
Frost,512,REFERENCE,ref,SHAKE128,scalar,Decaps.Sample_R,35149,20,ok,decaps reenc R CBD transform
Frost,512,REFERENCE,ref,SHAKE128,scalar,Decaps.Sample_S,587277,20,ok,decaps regenerate S from sk seed
Frost,512,REFERENCE,ref,SHAKE128,scalar,Decaps.SeedExpand_R,297153,20,ok,decaps reenc R XOF expansion
Frost,512,REFERENCE,ref,SHAKE128,scalar,Decaps.Unpack_CT,270365,20,ok,decaps ciphertext unpack
Frost,512,REFERENCE,ref,SHAKE128,scalar,Encaps.AT_times_R,109838134,10,ok,encaps A^T*R multiplication
Frost,512,REFERENCE,ref,SHAKE128,scalar,Encaps.BhatT_times_R,63078,10,ok,encaps B^T*R multiplication
Frost,512,REFERENCE,ref,SHAKE128,scalar,Encaps.Dither_PK,561818,10,ok,encaps public-key dither for reconstruction
Frost,512,REFERENCE,ref,SHAKE128,scalar,Encaps.Dither_U,300004,10,ok,encaps U dither
Frost,512,REFERENCE,ref,SHAKE128,scalar,Encaps.Dither_V,36479,10,ok,encaps V dither
Frost,512,REFERENCE,ref,SHAKE128,scalar,Encaps.Encode_Message,33820,10,ok,encaps message encoding and add
Frost,512,REFERENCE,ref,SHAKE128,scalar,Encaps.Expand_A,193113940,10,ok,encaps A expansion for A^T*R
Frost,512,REFERENCE,ref,SHAKE128,scalar,Encaps.FO_Hash,36670,10,ok,G hash h_pk||mu||salt
Frost,512,REFERENCE,ref,SHAKE128,scalar,Encaps.KDF,279104,10,ok,encaps final shared-secret hash
Frost,512,REFERENCE,ref,SHAKE128,scalar,Encaps.KEM_Total_Profiled,512327185,10,ok,profiling-build encaps total; not official full-KEM timing
Frost,512,REFERENCE,ref,SHAKE128,scalar,Encaps.PK_Hash,518119,10,ok,encaps h_pk
Frost,512,REFERENCE,ref,SHAKE128,scalar,Encaps.Pack_CT,315202,10,ok,encaps ciphertext packing
Frost,512,REFERENCE,ref,SHAKE128,scalar,Encaps.Quant_U,37999,10,ok,encaps U quantization
Frost,512,REFERENCE,ref,SHAKE128,scalar,Encaps.Quant_V,33440,10,ok,encaps V quantization
Frost,512,REFERENCE,ref,SHAKE128,scalar,Encaps.Recon_PK,44649,10,ok,encaps public-key reconstruction
Frost,512,REFERENCE,ref,SHAKE128,scalar,Encaps.Sample_Message,80558,10,ok,randombytes for mu and salt
Frost,512,REFERENCE,ref,SHAKE128,scalar,Encaps.Sample_R,34770,10,ok,CBD transform for R
Frost,512,REFERENCE,ref,SHAKE128,scalar,Encaps.SeedExpand_R,296774,10,ok,R XOF expansion
Frost,512,REFERENCE,ref,SHAKE128,scalar,Encaps.Unpack_PK,522299,10,ok,encaps public-key unpack
Frost,512,REFERENCE,ref,SHAKE128,scalar,KeyGen.A_times_S,7905920,10,ok,keygen A*S multiplication
Frost,512,REFERENCE,ref,SHAKE128,scalar,KeyGen.Dither_PK,572458,10,ok,keygen public-key dither
Frost,512,REFERENCE,ref,SHAKE128,scalar,KeyGen.Expand_A,86980504,10,ok,keygen A expansion
Frost,512,REFERENCE,ref,SHAKE128,scalar,KeyGen.KEM_Total_Profiled,111716262,10,ok,profiling-build keygen total; not official full-KEM timing
Frost,512,REFERENCE,ref,SHAKE128,scalar,KeyGen.PK_Hash,519449,10,ok,keygen h_pk
Frost,512,REFERENCE,ref,SHAKE128,scalar,KeyGen.Pack_PK,522109,10,ok,keygen public-key packing
Frost,512,REFERENCE,ref,SHAKE128,scalar,KeyGen.Quant_PK,45599,10,ok,keygen public-key quantization
Frost,512,REFERENCE,ref,SHAKE128,scalar,KeyGen.Random,80368,10,ok,randombytes for keygen seeds
Frost,512,REFERENCE,ref,SHAKE128,scalar,KeyGen.Sample_S,36099,10,ok,CBD transform for S
Frost,512,REFERENCE,ref,SHAKE128,scalar,KeyGen.SeedExpand,589178,10,ok,seed_A and S XOF expansion
Frost,128,FAST,avx2_u16,SHAKE128,scalar,Codec.Message_Decode,66,10,ok,standalone message decode wrapper=frost_key_decode inner_reps=10000
Frost,128,FAST,avx2_u16,SHAKE128,scalar,Codec.Message_Encode,59,10,ok,standalone message encode wrapper=frost_key_encode inner_reps=10000
Frost,128,FAST,avx2_u16,SHAKE128,scalar,Decaps.CT_Compare,34579,20,ok,decaps ciphertext comparison and key select
Frost,128,FAST,avx2_u16,SHAKE128,scalar,Decaps.Decode_Message,33439,20,ok,decaps message decode
Frost,128,FAST,avx2_u16,SHAKE128,scalar,Decaps.Dither_U,76759,20,ok,decaps U dither for reconstruction
Frost,128,FAST,avx2_u16,SHAKE128,scalar,Decaps.Dither_V,35339,20,ok,decaps V dither for reconstruction
Frost,128,FAST,avx2_u16,SHAKE128,scalar,Decaps.FO_Hash,34959,20,ok,decaps G hash h_pk||muprime||salt
Frost,128,FAST,avx2_u16,SHAKE128,scalar,Decaps.KDF,63269,20,ok,decaps final shared-secret hash
Frost,128,FAST,avx2_u16,SHAKE128,scalar,Decaps.KEM_Total_Profiled,13640185,20,ok,profiling-build decaps total; not official full-KEM timing
Frost,128,FAST,avx2_u16,SHAKE128,scalar,Decaps.ReEnc_AT_times_R,2696804,20,ok,decaps re-encryption A^T*R multiplication
Frost,128,FAST,avx2_u16,SHAKE128,scalar,Decaps.ReEnc_BhatT_times_R,38760,20,ok,decaps re-encryption B^T*R multiplication
Frost,128,FAST,avx2_u16,SHAKE128,scalar,Decaps.ReEnc_Dither_PK,76759,20,ok,decaps re-encryption public-key dither
Frost,128,FAST,avx2_u16,SHAKE128,scalar,Decaps.ReEnc_Dither_U,78088,20,ok,decaps re-encryption U dither
Frost,128,FAST,avx2_u16,SHAKE128,scalar,Decaps.ReEnc_Dither_V,34959,20,ok,decaps re-encryption V dither
Frost,128,FAST,avx2_u16,SHAKE128,scalar,Decaps.ReEnc_Expand_A,3600424,20,ok,decaps re-encryption A expansion
Frost,128,FAST,avx2_u16,SHAKE128,scalar,Decaps.ReEnc_Quant_U,34200,20,ok,decaps re-encryption U quantization
Frost,128,FAST,avx2_u16,SHAKE128,scalar,Decaps.ReEnc_Quant_V,67068,20,ok,decaps re-encryption V quantization and message add
Frost,128,FAST,avx2_u16,SHAKE128,scalar,Decaps.ReEnc_Recon_PK,33820,20,ok,decaps re-encryption public-key reconstruction
Frost,128,FAST,avx2_u16,SHAKE128,scalar,Decaps.ReEnc_Unpack_PK,72198,20,ok,decaps re-encryption public-key unpack
Frost,128,FAST,avx2_u16,SHAKE128,scalar,Decaps.Recon_U,34010,20,ok,decaps U reconstruction
Frost,128,FAST,avx2_u16,SHAKE128,scalar,Decaps.Recon_V,33250,20,ok,decaps V reconstruction
Frost,128,FAST,avx2_u16,SHAKE128,scalar,Decaps.ST_times_U,34390,20,ok,decaps S^T*U multiplication
Frost,128,FAST,avx2_u16,SHAKE128,scalar,Decaps.Sample_R,33439,20,ok,decaps reenc R CBD transform
Frost,128,FAST,avx2_u16,SHAKE128,scalar,Decaps.Sample_S,77518,20,ok,decaps regenerate S from sk seed
Frost,128,FAST,avx2_u16,SHAKE128,scalar,Decaps.SeedExpand_R,76758,20,ok,decaps reenc R XOF expansion
Frost,128,FAST,avx2_u16,SHAKE128,scalar,Decaps.Unpack_CT,72388,20,ok,decaps ciphertext unpack
Frost,128,FAST,avx2_u16,SHAKE128,scalar,Encaps.AT_times_R,2362600,10,ok,encaps A^T*R multiplication
Frost,128,FAST,avx2_u16,SHAKE128,scalar,Encaps.BhatT_times_R,39519,10,ok,encaps B^T*R multiplication
Frost,128,FAST,avx2_u16,SHAKE128,scalar,Encaps.Dither_PK,81509,10,ok,encaps public-key dither for reconstruction
Frost,128,FAST,avx2_u16,SHAKE128,scalar,Encaps.Dither_U,78278,10,ok,encaps U dither
Frost,128,FAST,avx2_u16,SHAKE128,scalar,Encaps.Dither_V,35339,10,ok,encaps V dither
Frost,128,FAST,avx2_u16,SHAKE128,scalar,Encaps.Encode_Message,34200,10,ok,encaps message encoding and add
Frost,128,FAST,avx2_u16,SHAKE128,scalar,Encaps.Expand_A,3741210,10,ok,encaps A expansion for A^T*R
Frost,128,FAST,avx2_u16,SHAKE128,scalar,Encaps.FO_Hash,35340,10,ok,G hash h_pk||mu||salt
Frost,128,FAST,avx2_u16,SHAKE128,scalar,Encaps.KDF,64028,10,ok,encaps final shared-secret hash
Frost,128,FAST,avx2_u16,SHAKE128,scalar,Encaps.KEM_Total_Profiled,13250884,10,ok,profiling-build encaps total; not official full-KEM timing
Frost,128,FAST,avx2_u16,SHAKE128,scalar,Encaps.PK_Hash,62509,10,ok,encaps h_pk
Frost,128,FAST,avx2_u16,SHAKE128,scalar,Encaps.Pack_CT,107348,10,ok,encaps ciphertext packing
Frost,128,FAST,avx2_u16,SHAKE128,scalar,Encaps.Quant_U,34199,10,ok,encaps U quantization
Frost,128,FAST,avx2_u16,SHAKE128,scalar,Encaps.Quant_V,33440,10,ok,encaps V quantization
Frost,128,FAST,avx2_u16,SHAKE128,scalar,Encaps.Recon_PK,34390,10,ok,encaps public-key reconstruction
Frost,128,FAST,avx2_u16,SHAKE128,scalar,Encaps.Sample_Message,74858,10,ok,randombytes for mu and salt
Frost,128,FAST,avx2_u16,SHAKE128,scalar,Encaps.Sample_R,34199,10,ok,CBD transform for R
Frost,128,FAST,avx2_u16,SHAKE128,scalar,Encaps.SeedExpand_R,77328,10,ok,R XOF expansion
Frost,128,FAST,avx2_u16,SHAKE128,scalar,Encaps.Unpack_PK,87588,10,ok,encaps public-key unpack
Frost,128,FAST,avx2_u16,SHAKE128,scalar,KeyGen.A_times_S,5385052,10,ok,keygen A*S multiplication
Frost,128,FAST,avx2_u16,SHAKE128,scalar,KeyGen.Dither_PK,81888,10,ok,keygen public-key dither
Frost,128,FAST,avx2_u16,SHAKE128,scalar,KeyGen.Expand_A,6418256,10,ok,keygen A expansion
Frost,128,FAST,avx2_u16,SHAKE128,scalar,KeyGen.KEM_Total_Profiled,22605334,10,ok,profiling-build keygen total; not official full-KEM timing
Frost,128,FAST,avx2_u16,SHAKE128,scalar,KeyGen.PK_Hash,63078,10,ok,keygen h_pk
Frost,128,FAST,avx2_u16,SHAKE128,scalar,KeyGen.Pack_PK,72388,10,ok,keygen public-key packing
Frost,128,FAST,avx2_u16,SHAKE128,scalar,KeyGen.Quant_PK,34769,10,ok,keygen public-key quantization
Frost,128,FAST,avx2_u16,SHAKE128,scalar,KeyGen.Random,75618,10,ok,randombytes for keygen seeds
Frost,128,FAST,avx2_u16,SHAKE128,scalar,KeyGen.Sample_S,33630,10,ok,CBD transform for S
Frost,128,FAST,avx2_u16,SHAKE128,scalar,KeyGen.SeedExpand,78088,10,ok,seed_A and S XOF expansion
Frost,192,FAST,avx2_u16,SHAKE128,scalar,Codec.Message_Decode,57,10,ok,standalone message decode wrapper=frost_key_decode inner_reps=10000
Frost,192,FAST,avx2_u16,SHAKE128,scalar,Codec.Message_Encode,48,10,ok,standalone message encode wrapper=frost_key_encode inner_reps=10000
Frost,192,FAST,avx2_u16,SHAKE128,scalar,Decaps.CT_Compare,36100,20,ok,decaps ciphertext comparison and key select
Frost,192,FAST,avx2_u16,SHAKE128,scalar,Decaps.Decode_Message,33819,20,ok,decaps message decode
Frost,192,FAST,avx2_u16,SHAKE128,scalar,Decaps.Dither_U,123877,20,ok,decaps U dither for reconstruction
Frost,192,FAST,avx2_u16,SHAKE128,scalar,Decaps.Dither_V,35719,20,ok,decaps V dither for reconstruction
Frost,192,FAST,avx2_u16,SHAKE128,scalar,Decaps.FO_Hash,35339,20,ok,decaps G hash h_pk||muprime||salt
Frost,192,FAST,avx2_u16,SHAKE128,scalar,Decaps.KDF,101078,20,ok,decaps final shared-secret hash
Frost,192,FAST,avx2_u16,SHAKE128,scalar,Decaps.KEM_Total_Profiled,24351964,20,ok,profiling-build decaps total; not official full-KEM timing
Frost,192,FAST,avx2_u16,SHAKE128,scalar,Decaps.ReEnc_AT_times_R,5065483,20,ok,decaps re-encryption A^T*R multiplication
Frost,192,FAST,avx2_u16,SHAKE128,scalar,Decaps.ReEnc_BhatT_times_R,43699,20,ok,decaps re-encryption B^T*R multiplication
Frost,192,FAST,avx2_u16,SHAKE128,scalar,Decaps.ReEnc_Dither_PK,124448,20,ok,decaps re-encryption public-key dither
Frost,192,FAST,avx2_u16,SHAKE128,scalar,Decaps.ReEnc_Dither_U,124828,20,ok,decaps re-encryption U dither
Frost,192,FAST,avx2_u16,SHAKE128,scalar,Decaps.ReEnc_Dither_V,35720,20,ok,decaps re-encryption V dither
Frost,192,FAST,avx2_u16,SHAKE128,scalar,Decaps.ReEnc_Expand_A,7227063,20,ok,decaps re-encryption A expansion
Frost,192,FAST,avx2_u16,SHAKE128,scalar,Decaps.ReEnc_Quant_U,34959,20,ok,decaps re-encryption U quantization
Frost,192,FAST,avx2_u16,SHAKE128,scalar,Decaps.ReEnc_Quant_V,68018,20,ok,decaps re-encryption V quantization and message add
Frost,192,FAST,avx2_u16,SHAKE128,scalar,Decaps.ReEnc_Recon_PK,34960,20,ok,decaps re-encryption public-key reconstruction
Frost,192,FAST,avx2_u16,SHAKE128,scalar,Decaps.ReEnc_Unpack_PK,106778,20,ok,decaps re-encryption public-key unpack
Frost,192,FAST,avx2_u16,SHAKE128,scalar,Decaps.Recon_U,34579,20,ok,decaps U reconstruction
Frost,192,FAST,avx2_u16,SHAKE128,scalar,Decaps.Recon_V,33820,20,ok,decaps V reconstruction
Frost,192,FAST,avx2_u16,SHAKE128,scalar,Decaps.ST_times_U,36479,20,ok,decaps S^T*U multiplication
Frost,192,FAST,avx2_u16,SHAKE128,scalar,Decaps.Sample_R,34199,20,ok,decaps reenc R CBD transform
Frost,192,FAST,avx2_u16,SHAKE128,scalar,Decaps.Sample_S,124448,20,ok,decaps regenerate S from sk seed
Frost,192,FAST,avx2_u16,SHAKE128,scalar,Decaps.SeedExpand_R,123878,20,ok,decaps reenc R XOF expansion
Frost,192,FAST,avx2_u16,SHAKE128,scalar,Decaps.Unpack_CT,106778,20,ok,decaps ciphertext unpack
Frost,192,FAST,avx2_u16,SHAKE128,scalar,Encaps.AT_times_R,4411700,10,ok,encaps A^T*R multiplication
Frost,192,FAST,avx2_u16,SHAKE128,scalar,Encaps.BhatT_times_R,45219,10,ok,encaps B^T*R multiplication
Frost,192,FAST,avx2_u16,SHAKE128,scalar,Encaps.Dither_PK,124068,10,ok,encaps public-key dither for reconstruction
Frost,192,FAST,avx2_u16,SHAKE128,scalar,Encaps.Dither_U,125778,10,ok,encaps U dither
Frost,192,FAST,avx2_u16,SHAKE128,scalar,Encaps.Dither_V,36099,10,ok,encaps V dither
Frost,192,FAST,avx2_u16,SHAKE128,scalar,Encaps.Encode_Message,36289,10,ok,encaps message encoding and add
Frost,192,FAST,avx2_u16,SHAKE128,scalar,Encaps.Expand_A,7436442,10,ok,encaps A expansion for A^T*R
Frost,192,FAST,avx2_u16,SHAKE128,scalar,Encaps.FO_Hash,35720,10,ok,G hash h_pk||mu||salt
Frost,192,FAST,avx2_u16,SHAKE128,scalar,Encaps.KDF,100128,10,ok,encaps final shared-secret hash
Frost,192,FAST,avx2_u16,SHAKE128,scalar,Encaps.KEM_Total_Profiled,23386976,10,ok,profiling-build encaps total; not official full-KEM timing
Frost,192,FAST,avx2_u16,SHAKE128,scalar,Encaps.PK_Hash,99558,10,ok,encaps h_pk
Frost,192,FAST,avx2_u16,SHAKE128,scalar,Encaps.Pack_CT,155988,10,ok,encaps ciphertext packing
Frost,192,FAST,avx2_u16,SHAKE128,scalar,Encaps.Quant_U,35340,10,ok,encaps U quantization
Frost,192,FAST,avx2_u16,SHAKE128,scalar,Encaps.Quant_V,33820,10,ok,encaps V quantization
Frost,192,FAST,avx2_u16,SHAKE128,scalar,Encaps.Recon_PK,34959,10,ok,encaps public-key reconstruction
Frost,192,FAST,avx2_u16,SHAKE128,scalar,Encaps.Sample_Message,75808,10,ok,randombytes for mu and salt
Frost,192,FAST,avx2_u16,SHAKE128,scalar,Encaps.Sample_R,34199,10,ok,CBD transform for R
Frost,192,FAST,avx2_u16,SHAKE128,scalar,Encaps.SeedExpand_R,124257,10,ok,R XOF expansion
Frost,192,FAST,avx2_u16,SHAKE128,scalar,Encaps.Unpack_PK,106968,10,ok,encaps public-key unpack
Frost,192,FAST,avx2_u16,SHAKE128,scalar,KeyGen.A_times_S,8972745,10,ok,keygen A*S multiplication
Frost,192,FAST,avx2_u16,SHAKE128,scalar,KeyGen.Dither_PK,125967,10,ok,keygen public-key dither
Frost,192,FAST,avx2_u16,SHAKE128,scalar,KeyGen.Expand_A,12177600,10,ok,keygen A expansion
Frost,192,FAST,avx2_u16,SHAKE128,scalar,KeyGen.KEM_Total_Profiled,41206882,10,ok,profiling-build keygen total; not official full-KEM timing
Frost,192,FAST,avx2_u16,SHAKE128,scalar,KeyGen.PK_Hash,100508,10,ok,keygen h_pk
Frost,192,FAST,avx2_u16,SHAKE128,scalar,KeyGen.Pack_PK,108678,10,ok,keygen public-key packing
Frost,192,FAST,avx2_u16,SHAKE128,scalar,KeyGen.Quant_PK,35720,10,ok,keygen public-key quantization
Frost,192,FAST,avx2_u16,SHAKE128,scalar,KeyGen.Random,78658,10,ok,randombytes for keygen seeds
Frost,192,FAST,avx2_u16,SHAKE128,scalar,KeyGen.Sample_S,34200,10,ok,CBD transform for S
Frost,192,FAST,avx2_u16,SHAKE128,scalar,KeyGen.SeedExpand,136038,10,ok,seed_A and S XOF expansion
Frost,256,FAST,avx2_u16,SHAKE128,scalar,Codec.Message_Decode,57,10,ok,standalone message decode wrapper=frost_key_decode inner_reps=10000
Frost,256,FAST,avx2_u16,SHAKE128,scalar,Codec.Message_Encode,48,10,ok,standalone message encode wrapper=frost_key_encode inner_reps=10000
Frost,256,FAST,avx2_u16,SHAKE128,scalar,Decaps.CT_Compare,36100,20,ok,decaps ciphertext comparison and key select
Frost,256,FAST,avx2_u16,SHAKE128,scalar,Decaps.Decode_Message,33630,20,ok,decaps message decode
Frost,256,FAST,avx2_u16,SHAKE128,scalar,Decaps.Dither_U,165296,20,ok,decaps U dither for reconstruction
Frost,256,FAST,avx2_u16,SHAKE128,scalar,Decaps.Dither_V,35719,20,ok,decaps V dither for reconstruction
Frost,256,FAST,avx2_u16,SHAKE128,scalar,Decaps.FO_Hash,35339,20,ok,decaps G hash h_pk||muprime||salt
Frost,256,FAST,avx2_u16,SHAKE128,scalar,Decaps.KDF,138888,20,ok,decaps final shared-secret hash
Frost,256,FAST,avx2_u16,SHAKE128,scalar,Decaps.KEM_Total_Profiled,34687932,20,ok,profiling-build decaps total; not official full-KEM timing
Frost,256,FAST,avx2_u16,SHAKE128,scalar,Decaps.ReEnc_AT_times_R,7024152,20,ok,decaps re-encryption A^T*R multiplication
Frost,256,FAST,avx2_u16,SHAKE128,scalar,Decaps.ReEnc_BhatT_times_R,48259,20,ok,decaps re-encryption B^T*R multiplication
Frost,256,FAST,avx2_u16,SHAKE128,scalar,Decaps.ReEnc_Dither_PK,165296,20,ok,decaps re-encryption public-key dither
Frost,256,FAST,avx2_u16,SHAKE128,scalar,Decaps.ReEnc_Dither_U,166436,20,ok,decaps re-encryption U dither
Frost,256,FAST,avx2_u16,SHAKE128,scalar,Decaps.ReEnc_Dither_V,35339,20,ok,decaps re-encryption V dither
Frost,256,FAST,avx2_u16,SHAKE128,scalar,Decaps.ReEnc_Expand_A,11718186,20,ok,decaps re-encryption A expansion
Frost,256,FAST,avx2_u16,SHAKE128,scalar,Decaps.ReEnc_Quant_U,35719,20,ok,decaps re-encryption U quantization
Frost,256,FAST,avx2_u16,SHAKE128,scalar,Decaps.ReEnc_Quant_V,67639,20,ok,decaps re-encryption V quantization and message add
Frost,256,FAST,avx2_u16,SHAKE128,scalar,Decaps.ReEnc_Recon_PK,35530,20,ok,decaps re-encryption public-key reconstruction
Frost,256,FAST,avx2_u16,SHAKE128,scalar,Decaps.ReEnc_Unpack_PK,151237,20,ok,decaps re-encryption public-key unpack
Frost,256,FAST,avx2_u16,SHAKE128,scalar,Decaps.Recon_U,35339,20,ok,decaps U reconstruction
Frost,256,FAST,avx2_u16,SHAKE128,scalar,Decaps.Recon_V,33819,20,ok,decaps V reconstruction
Frost,256,FAST,avx2_u16,SHAKE128,scalar,Decaps.ST_times_U,39139,20,ok,decaps S^T*U multiplication
Frost,256,FAST,avx2_u16,SHAKE128,scalar,Decaps.Sample_R,34390,20,ok,decaps reenc R CBD transform
Frost,256,FAST,avx2_u16,SHAKE128,scalar,Decaps.Sample_S,170046,20,ok,decaps regenerate S from sk seed
Frost,256,FAST,avx2_u16,SHAKE128,scalar,Decaps.SeedExpand_R,164916,20,ok,decaps reenc R XOF expansion
Frost,256,FAST,avx2_u16,SHAKE128,scalar,Decaps.Unpack_CT,134138,20,ok,decaps ciphertext unpack
Frost,256,FAST,avx2_u16,SHAKE128,scalar,Encaps.AT_times_R,7222696,10,ok,encaps A^T*R multiplication
Frost,256,FAST,avx2_u16,SHAKE128,scalar,Encaps.BhatT_times_R,48259,10,ok,encaps B^T*R multiplication
Frost,256,FAST,avx2_u16,SHAKE128,scalar,Encaps.Dither_PK,165486,10,ok,encaps public-key dither for reconstruction
Frost,256,FAST,avx2_u16,SHAKE128,scalar,Encaps.Dither_U,167386,10,ok,encaps U dither
Frost,256,FAST,avx2_u16,SHAKE128,scalar,Encaps.Dither_V,35339,10,ok,encaps V dither
Frost,256,FAST,avx2_u16,SHAKE128,scalar,Encaps.Encode_Message,34200,10,ok,encaps message encoding and add
Frost,256,FAST,avx2_u16,SHAKE128,scalar,Encaps.Expand_A,11923954,10,ok,encaps A expansion for A^T*R
Frost,256,FAST,avx2_u16,SHAKE128,scalar,Encaps.FO_Hash,35719,10,ok,G hash h_pk||mu||salt
Frost,256,FAST,avx2_u16,SHAKE128,scalar,Encaps.KDF,138887,10,ok,encaps final shared-secret hash
Frost,256,FAST,avx2_u16,SHAKE128,scalar,Encaps.KEM_Total_Profiled,35856026,10,ok,profiling-build encaps total; not official full-KEM timing
Frost,256,FAST,avx2_u16,SHAKE128,scalar,Encaps.PK_Hash,157318,10,ok,encaps h_pk
Frost,256,FAST,avx2_u16,SHAKE128,scalar,Encaps.Pack_CT,166056,10,ok,encaps ciphertext packing
Frost,256,FAST,avx2_u16,SHAKE128,scalar,Encaps.Quant_U,36099,10,ok,encaps U quantization
Frost,256,FAST,avx2_u16,SHAKE128,scalar,Encaps.Quant_V,33629,10,ok,encaps V quantization
Frost,256,FAST,avx2_u16,SHAKE128,scalar,Encaps.Recon_PK,35530,10,ok,encaps public-key reconstruction
Frost,256,FAST,avx2_u16,SHAKE128,scalar,Encaps.Sample_Message,76758,10,ok,randombytes for mu and salt
Frost,256,FAST,avx2_u16,SHAKE128,scalar,Encaps.Sample_R,34960,10,ok,CBD transform for R
Frost,256,FAST,avx2_u16,SHAKE128,scalar,Encaps.SeedExpand_R,165296,10,ok,R XOF expansion
Frost,256,FAST,avx2_u16,SHAKE128,scalar,Encaps.Unpack_PK,151048,10,ok,encaps public-key unpack
Frost,256,FAST,avx2_u16,SHAKE128,scalar,KeyGen.A_times_S,13363168,10,ok,keygen A*S multiplication
Frost,256,FAST,avx2_u16,SHAKE128,scalar,KeyGen.Dither_PK,186956,10,ok,keygen public-key dither
Frost,256,FAST,avx2_u16,SHAKE128,scalar,KeyGen.Expand_A,18371842,10,ok,keygen A expansion
Frost,256,FAST,avx2_u16,SHAKE128,scalar,KeyGen.KEM_Total_Profiled,60639662,10,ok,profiling-build keygen total; not official full-KEM timing
Frost,256,FAST,avx2_u16,SHAKE128,scalar,KeyGen.PK_Hash,147437,10,ok,keygen h_pk
Frost,256,FAST,avx2_u16,SHAKE128,scalar,KeyGen.Pack_PK,154847,10,ok,keygen public-key packing
Frost,256,FAST,avx2_u16,SHAKE128,scalar,KeyGen.Quant_PK,36859,10,ok,keygen public-key quantization
Frost,256,FAST,avx2_u16,SHAKE128,scalar,KeyGen.Random,75998,10,ok,randombytes for keygen seeds
Frost,256,FAST,avx2_u16,SHAKE128,scalar,KeyGen.Sample_S,34579,10,ok,CBD transform for S
Frost,256,FAST,avx2_u16,SHAKE128,scalar,KeyGen.SeedExpand,167006,10,ok,seed_A and S XOF expansion
Frost,384,FAST,avx2_u16,SHAKE128,scalar,Codec.Message_Decode,84,10,ok,standalone message decode wrapper=frost_key_decode inner_reps=10000
Frost,384,FAST,avx2_u16,SHAKE128,scalar,Codec.Message_Encode,81,10,ok,standalone message encode wrapper=frost_key_encode inner_reps=10000
Frost,384,FAST,avx2_u16,SHAKE128,scalar,Decaps.CT_Compare,37239,20,ok,decaps ciphertext comparison and key select
Frost,384,FAST,avx2_u16,SHAKE128,scalar,Decaps.Decode_Message,33819,20,ok,decaps message decode
Frost,384,FAST,avx2_u16,SHAKE128,scalar,Decaps.Dither_U,230086,20,ok,decaps U dither for reconstruction
Frost,384,FAST,avx2_u16,SHAKE128,scalar,Decaps.Dither_V,36669,20,ok,decaps V dither for reconstruction
Frost,384,FAST,avx2_u16,SHAKE128,scalar,Decaps.FO_Hash,36099,20,ok,decaps G hash h_pk||muprime||salt
Frost,384,FAST,avx2_u16,SHAKE128,scalar,Decaps.KDF,203106,20,ok,decaps final shared-secret hash
Frost,384,FAST,avx2_u16,SHAKE128,scalar,Decaps.KEM_Total_Profiled,56937402,20,ok,profiling-build decaps total; not official full-KEM timing
Frost,384,FAST,avx2_u16,SHAKE128,scalar,Decaps.ReEnc_AT_times_R,11580824,20,ok,decaps re-encryption A^T*R multiplication
Frost,384,FAST,avx2_u16,SHAKE128,scalar,Decaps.ReEnc_BhatT_times_R,116657,20,ok,decaps re-encryption B^T*R multiplication
Frost,384,FAST,avx2_u16,SHAKE128,scalar,Decaps.ReEnc_Dither_PK,328503,20,ok,decaps re-encryption public-key dither
Frost,384,FAST,avx2_u16,SHAKE128,scalar,Decaps.ReEnc_Dither_U,232746,20,ok,decaps re-encryption U dither
Frost,384,FAST,avx2_u16,SHAKE128,scalar,Decaps.ReEnc_Dither_V,36479,20,ok,decaps re-encryption V dither
Frost,384,FAST,avx2_u16,SHAKE128,scalar,Decaps.ReEnc_Expand_A,21346986,20,ok,decaps re-encryption A expansion
Frost,384,FAST,avx2_u16,SHAKE128,scalar,Decaps.ReEnc_Quant_U,37050,20,ok,decaps re-encryption U quantization
Frost,384,FAST,avx2_u16,SHAKE128,scalar,Decaps.ReEnc_Quant_V,67640,20,ok,decaps re-encryption V quantization and message add
Frost,384,FAST,avx2_u16,SHAKE128,scalar,Decaps.ReEnc_Recon_PK,37999,20,ok,decaps re-encryption public-key reconstruction
Frost,384,FAST,avx2_u16,SHAKE128,scalar,Decaps.ReEnc_Unpack_PK,299814,20,ok,decaps re-encryption public-key unpack
Frost,384,FAST,avx2_u16,SHAKE128,scalar,Decaps.Recon_U,36099,20,ok,decaps U reconstruction
Frost,384,FAST,avx2_u16,SHAKE128,scalar,Decaps.Recon_V,33819,20,ok,decaps V reconstruction
Frost,384,FAST,avx2_u16,SHAKE128,scalar,Decaps.ST_times_U,44269,20,ok,decaps S^T*U multiplication
Frost,384,FAST,avx2_u16,SHAKE128,scalar,Decaps.Sample_R,34960,20,ok,decaps reenc R CBD transform
Frost,384,FAST,avx2_u16,SHAKE128,scalar,Decaps.Sample_S,329072,20,ok,decaps regenerate S from sk seed
Frost,384,FAST,avx2_u16,SHAKE128,scalar,Decaps.SeedExpand_R,229516,20,ok,decaps reenc R XOF expansion
Frost,384,FAST,avx2_u16,SHAKE128,scalar,Decaps.Unpack_CT,211276,20,ok,decaps ciphertext unpack
Frost,384,FAST,avx2_u16,SHAKE128,scalar,Encaps.AT_times_R,11323370,10,ok,encaps A^T*R multiplication
Frost,384,FAST,avx2_u16,SHAKE128,scalar,Encaps.BhatT_times_R,117228,10,ok,encaps B^T*R multiplication
Frost,384,FAST,avx2_u16,SHAKE128,scalar,Encaps.Dither_PK,327933,10,ok,encaps public-key dither for reconstruction
Frost,384,FAST,avx2_u16,SHAKE128,scalar,Encaps.Dither_U,231794,10,ok,encaps U dither
Frost,384,FAST,avx2_u16,SHAKE128,scalar,Encaps.Dither_V,36479,10,ok,encaps V dither
Frost,384,FAST,avx2_u16,SHAKE128,scalar,Encaps.Encode_Message,34010,10,ok,encaps message encoding and add
Frost,384,FAST,avx2_u16,SHAKE128,scalar,Encaps.Expand_A,21103418,10,ok,encaps A expansion for A^T*R
Frost,384,FAST,avx2_u16,SHAKE128,scalar,Encaps.FO_Hash,36479,10,ok,G hash h_pk||mu||salt
Frost,384,FAST,avx2_u16,SHAKE128,scalar,Encaps.KDF,202726,10,ok,encaps final shared-secret hash
Frost,384,FAST,avx2_u16,SHAKE128,scalar,Encaps.KEM_Total_Profiled,56233468,10,ok,profiling-build encaps total; not official full-KEM timing
Frost,384,FAST,avx2_u16,SHAKE128,scalar,Encaps.PK_Hash,284994,10,ok,encaps h_pk
Frost,384,FAST,avx2_u16,SHAKE128,scalar,Encaps.Pack_CT,250415,10,ok,encaps ciphertext packing
Frost,384,FAST,avx2_u16,SHAKE128,scalar,Encaps.Quant_U,36480,10,ok,encaps U quantization
Frost,384,FAST,avx2_u16,SHAKE128,scalar,Encaps.Quant_V,33819,10,ok,encaps V quantization
Frost,384,FAST,avx2_u16,SHAKE128,scalar,Encaps.Recon_PK,37050,10,ok,encaps public-key reconstruction
Frost,384,FAST,avx2_u16,SHAKE128,scalar,Encaps.Sample_Message,77329,10,ok,randombytes for mu and salt
Frost,384,FAST,avx2_u16,SHAKE128,scalar,Encaps.Sample_R,34959,10,ok,CBD transform for R
Frost,384,FAST,avx2_u16,SHAKE128,scalar,Encaps.SeedExpand_R,229705,10,ok,R XOF expansion
Frost,384,FAST,avx2_u16,SHAKE128,scalar,Encaps.Unpack_PK,299624,10,ok,encaps public-key unpack
Frost,384,FAST,avx2_u16,SHAKE128,scalar,KeyGen.A_times_S,21085745,10,ok,keygen A*S multiplication
Frost,384,FAST,avx2_u16,SHAKE128,scalar,KeyGen.Dither_PK,330783,10,ok,keygen public-key dither
Frost,384,FAST,avx2_u16,SHAKE128,scalar,KeyGen.Expand_A,32069598,10,ok,keygen A expansion
Frost,384,FAST,avx2_u16,SHAKE128,scalar,KeyGen.KEM_Total_Profiled,95081740,10,ok,profiling-build keygen total; not official full-KEM timing
Frost,384,FAST,avx2_u16,SHAKE128,scalar,KeyGen.PK_Hash,286515,10,ok,keygen h_pk
Frost,384,FAST,avx2_u16,SHAKE128,scalar,KeyGen.Pack_PK,305324,10,ok,keygen public-key packing
Frost,384,FAST,avx2_u16,SHAKE128,scalar,KeyGen.Quant_PK,40089,10,ok,keygen public-key quantization
Frost,384,FAST,avx2_u16,SHAKE128,scalar,KeyGen.Random,79418,10,ok,randombytes for keygen seeds
Frost,384,FAST,avx2_u16,SHAKE128,scalar,KeyGen.Sample_S,35339,10,ok,CBD transform for S
Frost,384,FAST,avx2_u16,SHAKE128,scalar,KeyGen.SeedExpand,329264,10,ok,seed_A and S XOF expansion
Frost,512,FAST,avx2_u16,SHAKE128,scalar,Codec.Message_Decode,71,10,ok,standalone message decode wrapper=frost_key_decode inner_reps=10000
Frost,512,FAST,avx2_u16,SHAKE128,scalar,Codec.Message_Encode,48,10,ok,standalone message encode wrapper=frost_key_encode inner_reps=10000
Frost,512,FAST,avx2_u16,SHAKE128,scalar,Decaps.CT_Compare,37619,20,ok,decaps ciphertext comparison and key select
Frost,512,FAST,avx2_u16,SHAKE128,scalar,Decaps.Decode_Message,34579,20,ok,decaps message decode
Frost,512,FAST,avx2_u16,SHAKE128,scalar,Decaps.Dither_U,298864,20,ok,decaps U dither for reconstruction
Frost,512,FAST,avx2_u16,SHAKE128,scalar,Decaps.Dither_V,36479,20,ok,decaps V dither for reconstruction
Frost,512,FAST,avx2_u16,SHAKE128,scalar,Decaps.FO_Hash,37620,20,ok,decaps G hash h_pk||muprime||salt
Frost,512,FAST,avx2_u16,SHAKE128,scalar,Decaps.KDF,279104,20,ok,decaps final shared-secret hash
Frost,512,FAST,avx2_u16,SHAKE128,scalar,Decaps.KEM_Total_Profiled,80828818,20,ok,profiling-build decaps total; not official full-KEM timing
Frost,512,FAST,avx2_u16,SHAKE128,scalar,Decaps.ReEnc_AT_times_R,15466054,20,ok,decaps re-encryption A^T*R multiplication
Frost,512,FAST,avx2_u16,SHAKE128,scalar,Decaps.ReEnc_BhatT_times_R,63079,20,ok,decaps re-encryption B^T*R multiplication
Frost,512,FAST,avx2_u16,SHAKE128,scalar,Decaps.ReEnc_Dither_PK,562198,20,ok,decaps re-encryption public-key dither
Frost,512,FAST,avx2_u16,SHAKE128,scalar,Decaps.ReEnc_Dither_U,300004,20,ok,decaps re-encryption U dither
Frost,512,FAST,avx2_u16,SHAKE128,scalar,Decaps.ReEnc_Dither_V,36480,20,ok,decaps re-encryption V dither
Frost,512,FAST,avx2_u16,SHAKE128,scalar,Decaps.ReEnc_Expand_A,32754164,20,ok,decaps re-encryption A expansion
Frost,512,FAST,avx2_u16,SHAKE128,scalar,Decaps.ReEnc_Quant_U,37619,20,ok,decaps re-encryption U quantization
Frost,512,FAST,avx2_u16,SHAKE128,scalar,Decaps.ReEnc_Quant_V,67638,20,ok,decaps re-encryption V quantization and message add
Frost,512,FAST,avx2_u16,SHAKE128,scalar,Decaps.ReEnc_Recon_PK,40660,20,ok,decaps re-encryption public-key reconstruction
Frost,512,FAST,avx2_u16,SHAKE128,scalar,Decaps.ReEnc_Unpack_PK,504629,20,ok,decaps re-encryption public-key unpack
Frost,512,FAST,avx2_u16,SHAKE128,scalar,Decaps.Recon_U,36100,20,ok,decaps U reconstruction
Frost,512,FAST,avx2_u16,SHAKE128,scalar,Decaps.Recon_V,33819,20,ok,decaps V reconstruction
Frost,512,FAST,avx2_u16,SHAKE128,scalar,Decaps.ST_times_U,52059,20,ok,decaps S^T*U multiplication
Frost,512,FAST,avx2_u16,SHAKE128,scalar,Decaps.Sample_R,35339,20,ok,decaps reenc R CBD transform
Frost,512,FAST,avx2_u16,SHAKE128,scalar,Decaps.Sample_S,613307,20,ok,decaps regenerate S from sk seed
Frost,512,FAST,avx2_u16,SHAKE128,scalar,Decaps.SeedExpand_R,298104,20,ok,decaps reenc R XOF expansion
Frost,512,FAST,avx2_u16,SHAKE128,scalar,Decaps.Unpack_CT,269034,20,ok,decaps ciphertext unpack
Frost,512,FAST,avx2_u16,SHAKE128,scalar,Encaps.AT_times_R,16076123,10,ok,encaps A^T*R multiplication
Frost,512,FAST,avx2_u16,SHAKE128,scalar,Encaps.BhatT_times_R,63458,10,ok,encaps B^T*R multiplication
Frost,512,FAST,avx2_u16,SHAKE128,scalar,Encaps.Dither_PK,693675,10,ok,encaps public-key dither for reconstruction
Frost,512,FAST,avx2_u16,SHAKE128,scalar,Encaps.Dither_U,320713,10,ok,encaps U dither
Frost,512,FAST,avx2_u16,SHAKE128,scalar,Encaps.Dither_V,37240,10,ok,encaps V dither
Frost,512,FAST,avx2_u16,SHAKE128,scalar,Encaps.Encode_Message,35339,10,ok,encaps message encoding and add
Frost,512,FAST,avx2_u16,SHAKE128,scalar,Encaps.Expand_A,33396897,10,ok,encaps A expansion for A^T*R
Frost,512,FAST,avx2_u16,SHAKE128,scalar,Encaps.FO_Hash,37620,10,ok,G hash h_pk||mu||salt
Frost,512,FAST,avx2_u16,SHAKE128,scalar,Encaps.KDF,295253,10,ok,encaps final shared-secret hash
Frost,512,FAST,avx2_u16,SHAKE128,scalar,Encaps.KEM_Total_Profiled,80107974,10,ok,profiling-build encaps total; not official full-KEM timing
Frost,512,FAST,avx2_u16,SHAKE128,scalar,Encaps.PK_Hash,518688,10,ok,encaps h_pk
Frost,512,FAST,avx2_u16,SHAKE128,scalar,Encaps.Pack_CT,314444,10,ok,encaps ciphertext packing
Frost,512,FAST,avx2_u16,SHAKE128,scalar,Encaps.Quant_U,37240,10,ok,encaps U quantization
Frost,512,FAST,avx2_u16,SHAKE128,scalar,Encaps.Quant_V,33439,10,ok,encaps V quantization
Frost,512,FAST,avx2_u16,SHAKE128,scalar,Encaps.Recon_PK,43129,10,ok,encaps public-key reconstruction
Frost,512,FAST,avx2_u16,SHAKE128,scalar,Encaps.Sample_Message,79988,10,ok,randombytes for mu and salt
Frost,512,FAST,avx2_u16,SHAKE128,scalar,Encaps.Sample_R,35339,10,ok,CBD transform for R
Frost,512,FAST,avx2_u16,SHAKE128,scalar,Encaps.SeedExpand_R,297533,10,ok,R XOF expansion
Frost,512,FAST,avx2_u16,SHAKE128,scalar,Encaps.Unpack_PK,600388,10,ok,encaps public-key unpack
Frost,512,FAST,avx2_u16,SHAKE128,scalar,KeyGen.A_times_S,30384710,10,ok,keygen A*S multiplication
Frost,512,FAST,avx2_u16,SHAKE128,scalar,KeyGen.Dither_PK,567898,10,ok,keygen public-key dither
Frost,512,FAST,avx2_u16,SHAKE128,scalar,KeyGen.Expand_A,46882630,10,ok,keygen A expansion
Frost,512,FAST,avx2_u16,SHAKE128,scalar,KeyGen.KEM_Total_Profiled,132375466,10,ok,profiling-build keygen total; not official full-KEM timing
Frost,512,FAST,avx2_u16,SHAKE128,scalar,KeyGen.PK_Hash,521159,10,ok,keygen h_pk
Frost,512,FAST,avx2_u16,SHAKE128,scalar,KeyGen.Pack_PK,519258,10,ok,keygen public-key packing
Frost,512,FAST,avx2_u16,SHAKE128,scalar,KeyGen.Quant_PK,44839,10,ok,keygen public-key quantization
Frost,512,FAST,avx2_u16,SHAKE128,scalar,KeyGen.Random,78278,10,ok,randombytes for keygen seeds
Frost,512,FAST,avx2_u16,SHAKE128,scalar,KeyGen.Sample_S,35720,10,ok,CBD transform for S
Frost,512,FAST,avx2_u16,SHAKE128,scalar,KeyGen.SeedExpand,561628,10,ok,seed_A and S XOF expansion
Frost,128,REFERENCE,ref,AES128,e8,Codec.Message_Decode,1746,10,ok,standalone message decode wrapper=frost_key_decode inner_reps=10000
Frost,128,REFERENCE,ref,AES128,e8,Codec.Message_Encode,370,10,ok,standalone message encode wrapper=frost_key_encode inner_reps=10000
Frost,128,REFERENCE,ref,AES128,e8,Decaps.CT_Compare,35339,20,ok,decaps ciphertext comparison and key select
Frost,128,REFERENCE,ref,AES128,e8,Decaps.Decode_Message,37430,20,ok,decaps message decode
Frost,128,REFERENCE,ref,AES128,e8,Decaps.Dither_U,77518,20,ok,decaps U dither for reconstruction
Frost,128,REFERENCE,ref,AES128,e8,Decaps.Dither_V,35719,20,ok,decaps V dither for reconstruction
Frost,128,REFERENCE,ref,AES128,e8,Decaps.FO_Hash,35529,20,ok,decaps G hash h_pk||muprime||salt
Frost,128,REFERENCE,ref,AES128,e8,Decaps.KDF,64408,20,ok,decaps final shared-secret hash
Frost,128,REFERENCE,ref,AES128,e8,Decaps.KEM_Total_Profiled,85421018,20,ok,profiling-build decaps total; not official full-KEM timing
Frost,128,REFERENCE,ref,AES128,e8,Decaps.ReEnc_AT_times_R,20633746,20,ok,decaps re-encryption A^T*R multiplication
Frost,128,REFERENCE,ref,AES128,e8,Decaps.ReEnc_BhatT_times_R,39139,20,ok,decaps re-encryption B^T*R multiplication
Frost,128,REFERENCE,ref,AES128,e8,Decaps.ReEnc_Dither_PK,77518,20,ok,decaps re-encryption public-key dither
Frost,128,REFERENCE,ref,AES128,e8,Decaps.ReEnc_Dither_U,83598,20,ok,decaps re-encryption U dither
Frost,128,REFERENCE,ref,AES128,e8,Decaps.ReEnc_Dither_V,34959,20,ok,decaps re-encryption V dither
Frost,128,REFERENCE,ref,AES128,e8,Decaps.ReEnc_Expand_A,21071490,20,ok,decaps re-encryption A expansion
Frost,128,REFERENCE,ref,AES128,e8,Decaps.ReEnc_Quant_U,34960,20,ok,decaps re-encryption U quantization
Frost,128,REFERENCE,ref,AES128,e8,Decaps.ReEnc_Quant_V,67828,20,ok,decaps re-encryption V quantization and message add
Frost,128,REFERENCE,ref,AES128,e8,Decaps.ReEnc_Recon_PK,34579,20,ok,decaps re-encryption public-key reconstruction
Frost,128,REFERENCE,ref,AES128,e8,Decaps.ReEnc_Unpack_PK,72008,20,ok,decaps re-encryption public-key unpack
Frost,128,REFERENCE,ref,AES128,e8,Decaps.Recon_U,34199,20,ok,decaps U reconstruction
Frost,128,REFERENCE,ref,AES128,e8,Decaps.Recon_V,33819,20,ok,decaps V reconstruction
Frost,128,REFERENCE,ref,AES128,e8,Decaps.ST_times_U,34960,20,ok,decaps S^T*U multiplication
Frost,128,REFERENCE,ref,AES128,e8,Decaps.Sample_R,34199,20,ok,decaps reenc R CBD transform
Frost,128,REFERENCE,ref,AES128,e8,Decaps.Sample_S,77898,20,ok,decaps regenerate S from sk seed
Frost,128,REFERENCE,ref,AES128,e8,Decaps.SeedExpand_R,77328,20,ok,decaps reenc R XOF expansion
Frost,128,REFERENCE,ref,AES128,e8,Decaps.Unpack_CT,71819,20,ok,decaps ciphertext unpack
Frost,128,REFERENCE,ref,AES128,e8,Encaps.AT_times_R,20295932,10,ok,encaps A^T*R multiplication
Frost,128,REFERENCE,ref,AES128,e8,Encaps.BhatT_times_R,39709,10,ok,encaps B^T*R multiplication
Frost,128,REFERENCE,ref,AES128,e8,Encaps.Dither_PK,77518,10,ok,encaps public-key dither for reconstruction
Frost,128,REFERENCE,ref,AES128,e8,Encaps.Dither_U,83598,10,ok,encaps U dither
Frost,128,REFERENCE,ref,AES128,e8,Encaps.Dither_V,36860,10,ok,encaps V dither
Frost,128,REFERENCE,ref,AES128,e8,Encaps.Encode_Message,35149,10,ok,encaps message encoding and add
Frost,128,REFERENCE,ref,AES128,e8,Encaps.Expand_A,22053778,10,ok,encaps A expansion for A^T*R
Frost,128,REFERENCE,ref,AES128,e8,Encaps.FO_Hash,35719,10,ok,G hash h_pk||mu||salt
Frost,128,REFERENCE,ref,AES128,e8,Encaps.KDF,70109,10,ok,encaps final shared-secret hash
Frost,128,REFERENCE,ref,AES128,e8,Encaps.KEM_Total_Profiled,85462247,10,ok,profiling-build encaps total; not official full-KEM timing
Frost,128,REFERENCE,ref,AES128,e8,Encaps.PK_Hash,67259,10,ok,encaps h_pk
Frost,128,REFERENCE,ref,AES128,e8,Encaps.Pack_CT,111718,10,ok,encaps ciphertext packing
Frost,128,REFERENCE,ref,AES128,e8,Encaps.Quant_U,36099,10,ok,encaps U quantization
Frost,128,REFERENCE,ref,AES128,e8,Encaps.Quant_V,35149,10,ok,encaps V quantization
Frost,128,REFERENCE,ref,AES128,e8,Encaps.Recon_PK,34959,10,ok,encaps public-key reconstruction
Frost,128,REFERENCE,ref,AES128,e8,Encaps.Sample_Message,75048,10,ok,randombytes for mu and salt
Frost,128,REFERENCE,ref,AES128,e8,Encaps.Sample_R,34390,10,ok,CBD transform for R
Frost,128,REFERENCE,ref,AES128,e8,Encaps.SeedExpand_R,77328,10,ok,R XOF expansion
Frost,128,REFERENCE,ref,AES128,e8,Encaps.Unpack_PK,72198,10,ok,encaps public-key unpack
Frost,128,REFERENCE,ref,AES128,e8,KeyGen.A_times_S,83598,10,ok,keygen A*S multiplication
Frost,128,REFERENCE,ref,AES128,e8,KeyGen.Dither_PK,90628,10,ok,keygen public-key dither
Frost,128,REFERENCE,ref,AES128,e8,KeyGen.Expand_A,236544,10,ok,keygen A expansion
Frost,128,REFERENCE,ref,AES128,e8,KeyGen.KEM_Total_Profiled,2043596,10,ok,profiling-build keygen total; not official full-KEM timing
Frost,128,REFERENCE,ref,AES128,e8,KeyGen.PK_Hash,67448,10,ok,keygen h_pk
Frost,128,REFERENCE,ref,AES128,e8,KeyGen.Pack_PK,79420,10,ok,keygen public-key packing
Frost,128,REFERENCE,ref,AES128,e8,KeyGen.Quant_PK,36860,10,ok,keygen public-key quantization
Frost,128,REFERENCE,ref,AES128,e8,KeyGen.Random,79608,10,ok,randombytes for keygen seeds
Frost,128,REFERENCE,ref,AES128,e8,KeyGen.Sample_S,34010,10,ok,CBD transform for S
Frost,128,REFERENCE,ref,AES128,e8,KeyGen.SeedExpand,78848,10,ok,seed_A and S XOF expansion
Frost,192,REFERENCE,ref,AES128,e8,Codec.Message_Decode,1573,10,ok,standalone message decode wrapper=frost_key_decode inner_reps=10000
Frost,192,REFERENCE,ref,AES128,e8,Codec.Message_Encode,505,10,ok,standalone message encode wrapper=frost_key_encode inner_reps=10000
Frost,192,REFERENCE,ref,AES128,e8,Decaps.CT_Compare,35910,20,ok,decaps ciphertext comparison and key select
Frost,192,REFERENCE,ref,AES128,e8,Decaps.Decode_Message,38759,20,ok,decaps message decode
Frost,192,REFERENCE,ref,AES128,e8,Decaps.Dither_U,124258,20,ok,decaps U dither for reconstruction
Frost,192,REFERENCE,ref,AES128,e8,Decaps.Dither_V,35719,20,ok,decaps V dither for reconstruction
Frost,192,REFERENCE,ref,AES128,e8,Decaps.FO_Hash,35719,20,ok,decaps G hash h_pk||muprime||salt
Frost,192,REFERENCE,ref,AES128,e8,Decaps.KDF,100508,20,ok,decaps final shared-secret hash
Frost,192,REFERENCE,ref,AES128,e8,Decaps.KEM_Total_Profiled,148602446,20,ok,profiling-build decaps total; not official full-KEM timing
Frost,192,REFERENCE,ref,AES128,e8,Decaps.ReEnc_AT_times_R,35758556,20,ok,decaps re-encryption A^T*R multiplication
Frost,192,REFERENCE,ref,AES128,e8,Decaps.ReEnc_BhatT_times_R,43889,20,ok,decaps re-encryption B^T*R multiplication
Frost,192,REFERENCE,ref,AES128,e8,Decaps.ReEnc_Dither_PK,124258,20,ok,decaps re-encryption public-key dither
Frost,192,REFERENCE,ref,AES128,e8,Decaps.ReEnc_Dither_U,129198,20,ok,decaps re-encryption U dither
Frost,192,REFERENCE,ref,AES128,e8,Decaps.ReEnc_Dither_V,35339,20,ok,decaps re-encryption V dither
Frost,192,REFERENCE,ref,AES128,e8,Decaps.ReEnc_Expand_A,37179356,20,ok,decaps re-encryption A expansion
Frost,192,REFERENCE,ref,AES128,e8,Decaps.ReEnc_Quant_U,35719,20,ok,decaps re-encryption U quantization
Frost,192,REFERENCE,ref,AES128,e8,Decaps.ReEnc_Quant_V,68968,20,ok,decaps re-encryption V quantization and message add
Frost,192,REFERENCE,ref,AES128,e8,Decaps.ReEnc_Recon_PK,35339,20,ok,decaps re-encryption public-key reconstruction
Frost,192,REFERENCE,ref,AES128,e8,Decaps.ReEnc_Unpack_PK,108107,20,ok,decaps re-encryption public-key unpack
Frost,192,REFERENCE,ref,AES128,e8,Decaps.Recon_U,34580,20,ok,decaps U reconstruction
Frost,192,REFERENCE,ref,AES128,e8,Decaps.Recon_V,33439,20,ok,decaps V reconstruction
Frost,192,REFERENCE,ref,AES128,e8,Decaps.ST_times_U,36479,20,ok,decaps S^T*U multiplication
Frost,192,REFERENCE,ref,AES128,e8,Decaps.Sample_R,34199,20,ok,decaps reenc R CBD transform
Frost,192,REFERENCE,ref,AES128,e8,Decaps.Sample_S,124258,20,ok,decaps regenerate S from sk seed
Frost,192,REFERENCE,ref,AES128,e8,Decaps.SeedExpand_R,123877,20,ok,decaps reenc R XOF expansion
Frost,192,REFERENCE,ref,AES128,e8,Decaps.Unpack_CT,106778,20,ok,decaps ciphertext unpack
Frost,192,REFERENCE,ref,AES128,e8,Encaps.AT_times_R,36435898,10,ok,encaps A^T*R multiplication
Frost,192,REFERENCE,ref,AES128,e8,Encaps.BhatT_times_R,43510,10,ok,encaps B^T*R multiplication
Frost,192,REFERENCE,ref,AES128,e8,Encaps.Dither_PK,124257,10,ok,encaps public-key dither for reconstruction
Frost,192,REFERENCE,ref,AES128,e8,Encaps.Dither_U,128627,10,ok,encaps U dither
Frost,192,REFERENCE,ref,AES128,e8,Encaps.Dither_V,35719,10,ok,encaps V dither
Frost,192,REFERENCE,ref,AES128,e8,Encaps.Encode_Message,35340,10,ok,encaps message encoding and add
Frost,192,REFERENCE,ref,AES128,e8,Encaps.Expand_A,36640910,10,ok,encaps A expansion for A^T*R
Frost,192,REFERENCE,ref,AES128,e8,Encaps.FO_Hash,35719,10,ok,G hash h_pk||mu||salt
Frost,192,REFERENCE,ref,AES128,e8,Encaps.KDF,100698,10,ok,encaps final shared-secret hash
Frost,192,REFERENCE,ref,AES128,e8,Encaps.KEM_Total_Profiled,147695786,10,ok,profiling-build encaps total; not official full-KEM timing
Frost,192,REFERENCE,ref,AES128,e8,Encaps.PK_Hash,99748,10,ok,encaps h_pk
Frost,192,REFERENCE,ref,AES128,e8,Encaps.Pack_CT,143256,10,ok,encaps ciphertext packing
Frost,192,REFERENCE,ref,AES128,e8,Encaps.Quant_U,35719,10,ok,encaps U quantization
Frost,192,REFERENCE,ref,AES128,e8,Encaps.Quant_V,33820,10,ok,encaps V quantization
Frost,192,REFERENCE,ref,AES128,e8,Encaps.Recon_PK,35719,10,ok,encaps public-key reconstruction
Frost,192,REFERENCE,ref,AES128,e8,Encaps.Sample_Message,75049,10,ok,randombytes for mu and salt
Frost,192,REFERENCE,ref,AES128,e8,Encaps.Sample_R,34010,10,ok,CBD transform for R
Frost,192,REFERENCE,ref,AES128,e8,Encaps.SeedExpand_R,130528,10,ok,R XOF expansion
Frost,192,REFERENCE,ref,AES128,e8,Encaps.Unpack_PK,107158,10,ok,encaps public-key unpack
Frost,192,REFERENCE,ref,AES128,e8,KeyGen.A_times_S,348642,10,ok,keygen A*S multiplication
Frost,192,REFERENCE,ref,AES128,e8,KeyGen.Dither_PK,126157,10,ok,keygen public-key dither
Frost,192,REFERENCE,ref,AES128,e8,KeyGen.Expand_A,534458,10,ok,keygen A expansion
Frost,192,REFERENCE,ref,AES128,e8,KeyGen.KEM_Total_Profiled,3688390,10,ok,profiling-build keygen total; not official full-KEM timing
Frost,192,REFERENCE,ref,AES128,e8,KeyGen.PK_Hash,99938,10,ok,keygen h_pk
Frost,192,REFERENCE,ref,AES128,e8,KeyGen.Pack_PK,108298,10,ok,keygen public-key packing
Frost,192,REFERENCE,ref,AES128,e8,KeyGen.Quant_PK,35719,10,ok,keygen public-key quantization
Frost,192,REFERENCE,ref,AES128,e8,KeyGen.Random,77898,10,ok,randombytes for keygen seeds
Frost,192,REFERENCE,ref,AES128,e8,KeyGen.Sample_S,34199,10,ok,CBD transform for S
Frost,192,REFERENCE,ref,AES128,e8,KeyGen.SeedExpand,139267,10,ok,seed_A and S XOF expansion
Frost,256,REFERENCE,ref,AES128,e8,Codec.Message_Decode,1702,10,ok,standalone message decode wrapper=frost_key_decode inner_reps=10000
Frost,256,REFERENCE,ref,AES128,e8,Codec.Message_Encode,607,10,ok,standalone message encode wrapper=frost_key_encode inner_reps=10000
Frost,256,REFERENCE,ref,AES128,e8,Decaps.CT_Compare,36669,20,ok,decaps ciphertext comparison and key select
Frost,256,REFERENCE,ref,AES128,e8,Decaps.Decode_Message,37619,20,ok,decaps message decode
Frost,256,REFERENCE,ref,AES128,e8,Decaps.Dither_U,165296,20,ok,decaps U dither for reconstruction
Frost,256,REFERENCE,ref,AES128,e8,Decaps.Dither_V,35339,20,ok,decaps V dither for reconstruction
Frost,256,REFERENCE,ref,AES128,e8,Decaps.FO_Hash,34960,20,ok,decaps G hash h_pk||muprime||salt
Frost,256,REFERENCE,ref,AES128,e8,Decaps.KDF,139078,20,ok,decaps final shared-secret hash
Frost,256,REFERENCE,ref,AES128,e8,Decaps.KEM_Total_Profiled,214565983,20,ok,profiling-build decaps total; not official full-KEM timing
Frost,256,REFERENCE,ref,AES128,e8,Decaps.ReEnc_AT_times_R,52877586,20,ok,decaps re-encryption A^T*R multiplication
Frost,256,REFERENCE,ref,AES128,e8,Decaps.ReEnc_BhatT_times_R,48259,20,ok,decaps re-encryption B^T*R multiplication
Frost,256,REFERENCE,ref,AES128,e8,Decaps.ReEnc_Dither_PK,165296,20,ok,decaps re-encryption public-key dither
Frost,256,REFERENCE,ref,AES128,e8,Decaps.ReEnc_Dither_U,169476,20,ok,decaps re-encryption U dither
Frost,256,REFERENCE,ref,AES128,e8,Decaps.ReEnc_Dither_V,35339,20,ok,decaps re-encryption V dither
Frost,256,REFERENCE,ref,AES128,e8,Decaps.ReEnc_Expand_A,54797840,20,ok,decaps re-encryption A expansion
Frost,256,REFERENCE,ref,AES128,e8,Decaps.ReEnc_Quant_U,35720,20,ok,decaps re-encryption U quantization
Frost,256,REFERENCE,ref,AES128,e8,Decaps.ReEnc_Quant_V,69159,20,ok,decaps re-encryption V quantization and message add
Frost,256,REFERENCE,ref,AES128,e8,Decaps.ReEnc_Recon_PK,35720,20,ok,decaps re-encryption public-key reconstruction
Frost,256,REFERENCE,ref,AES128,e8,Decaps.ReEnc_Unpack_PK,153137,20,ok,decaps re-encryption public-key unpack
Frost,256,REFERENCE,ref,AES128,e8,Decaps.Recon_U,34960,20,ok,decaps U reconstruction
Frost,256,REFERENCE,ref,AES128,e8,Decaps.Recon_V,33440,20,ok,decaps V reconstruction
Frost,256,REFERENCE,ref,AES128,e8,Decaps.ST_times_U,38759,20,ok,decaps S^T*U multiplication
Frost,256,REFERENCE,ref,AES128,e8,Decaps.Sample_R,34579,20,ok,decaps reenc R CBD transform
Frost,256,REFERENCE,ref,AES128,e8,Decaps.Sample_S,165676,20,ok,decaps regenerate S from sk seed
Frost,256,REFERENCE,ref,AES128,e8,Decaps.SeedExpand_R,164538,20,ok,decaps reenc R XOF expansion
Frost,256,REFERENCE,ref,AES128,e8,Decaps.Unpack_CT,133758,20,ok,decaps ciphertext unpack
Frost,256,REFERENCE,ref,AES128,e8,Encaps.AT_times_R,53017588,10,ok,encaps A^T*R multiplication
Frost,256,REFERENCE,ref,AES128,e8,Encaps.BhatT_times_R,48259,10,ok,encaps B^T*R multiplication
Frost,256,REFERENCE,ref,AES128,e8,Encaps.Dither_PK,165106,10,ok,encaps public-key dither for reconstruction
Frost,256,REFERENCE,ref,AES128,e8,Encaps.Dither_U,169666,10,ok,encaps U dither
Frost,256,REFERENCE,ref,AES128,e8,Encaps.Dither_V,35150,10,ok,encaps V dither
Frost,256,REFERENCE,ref,AES128,e8,Encaps.Encode_Message,35910,10,ok,encaps message encoding and add
Frost,256,REFERENCE,ref,AES128,e8,Encaps.Expand_A,54504686,10,ok,encaps A expansion for A^T*R
Frost,256,REFERENCE,ref,AES128,e8,Encaps.FO_Hash,35529,10,ok,G hash h_pk||mu||salt
Frost,256,REFERENCE,ref,AES128,e8,Encaps.KDF,139268,10,ok,encaps final shared-secret hash
Frost,256,REFERENCE,ref,AES128,e8,Encaps.KEM_Total_Profiled,213474837,10,ok,profiling-build encaps total; not official full-KEM timing
Frost,256,REFERENCE,ref,AES128,e8,Encaps.PK_Hash,146676,10,ok,encaps h_pk
Frost,256,REFERENCE,ref,AES128,e8,Encaps.Pack_CT,166056,10,ok,encaps ciphertext packing
Frost,256,REFERENCE,ref,AES128,e8,Encaps.Quant_U,35910,10,ok,encaps U quantization
Frost,256,REFERENCE,ref,AES128,e8,Encaps.Quant_V,33250,10,ok,encaps V quantization
Frost,256,REFERENCE,ref,AES128,e8,Encaps.Recon_PK,35339,10,ok,encaps public-key reconstruction
Frost,256,REFERENCE,ref,AES128,e8,Encaps.Sample_Message,77518,10,ok,randombytes for mu and salt
Frost,256,REFERENCE,ref,AES128,e8,Encaps.Sample_R,34579,10,ok,CBD transform for R
Frost,256,REFERENCE,ref,AES128,e8,Encaps.SeedExpand_R,165486,10,ok,R XOF expansion
Frost,256,REFERENCE,ref,AES128,e8,Encaps.Unpack_PK,152757,10,ok,encaps public-key unpack
Frost,256,REFERENCE,ref,AES128,e8,KeyGen.A_times_S,823252,10,ok,keygen A*S multiplication
Frost,256,REFERENCE,ref,AES128,e8,KeyGen.Dither_PK,168147,10,ok,keygen public-key dither
Frost,256,REFERENCE,ref,AES128,e8,KeyGen.Expand_A,1213124,10,ok,keygen A expansion
Frost,256,REFERENCE,ref,AES128,e8,KeyGen.KEM_Total_Profiled,6655177,10,ok,profiling-build keygen total; not official full-KEM timing
Frost,256,REFERENCE,ref,AES128,e8,KeyGen.PK_Hash,146866,10,ok,keygen h_pk
Frost,256,REFERENCE,ref,AES128,e8,KeyGen.Pack_PK,154656,10,ok,keygen public-key packing
Frost,256,REFERENCE,ref,AES128,e8,KeyGen.Quant_PK,36099,10,ok,keygen public-key quantization
Frost,256,REFERENCE,ref,AES128,e8,KeyGen.Random,81128,10,ok,randombytes for keygen seeds
Frost,256,REFERENCE,ref,AES128,e8,KeyGen.Sample_S,34579,10,ok,CBD transform for S
Frost,256,REFERENCE,ref,AES128,e8,KeyGen.SeedExpand,166056,10,ok,seed_A and S XOF expansion
Frost,384,REFERENCE,ref,AES128,e8,Codec.Message_Decode,2648,10,ok,standalone message decode wrapper=frost_key_decode inner_reps=10000
Frost,384,REFERENCE,ref,AES128,e8,Codec.Message_Encode,886,10,ok,standalone message encode wrapper=frost_key_encode inner_reps=10000
Frost,384,REFERENCE,ref,AES128,e8,Decaps.CT_Compare,38759,20,ok,decaps ciphertext comparison and key select
Frost,384,REFERENCE,ref,AES128,e8,Decaps.Decode_Message,38379,20,ok,decaps message decode
Frost,384,REFERENCE,ref,AES128,e8,Decaps.Dither_U,230276,20,ok,decaps U dither for reconstruction
Frost,384,REFERENCE,ref,AES128,e8,Decaps.Dither_V,36480,20,ok,decaps V dither for reconstruction
Frost,384,REFERENCE,ref,AES128,e8,Decaps.FO_Hash,36099,20,ok,decaps G hash h_pk||muprime||salt
Frost,384,REFERENCE,ref,AES128,e8,Decaps.KDF,203296,20,ok,decaps final shared-secret hash
Frost,384,REFERENCE,ref,AES128,e8,Decaps.KEM_Total_Profiled,326147728,20,ok,profiling-build decaps total; not official full-KEM timing
Frost,384,REFERENCE,ref,AES128,e8,Decaps.ReEnc_AT_times_R,80417464,20,ok,decaps re-encryption A^T*R multiplication
Frost,384,REFERENCE,ref,AES128,e8,Decaps.ReEnc_BhatT_times_R,117417,20,ok,decaps re-encryption B^T*R multiplication
Frost,384,REFERENCE,ref,AES128,e8,Decaps.ReEnc_Dither_PK,328123,20,ok,decaps re-encryption public-key dither
Frost,384,REFERENCE,ref,AES128,e8,Decaps.ReEnc_Dither_U,235215,20,ok,decaps re-encryption U dither
Frost,384,REFERENCE,ref,AES128,e8,Decaps.ReEnc_Dither_V,36479,20,ok,decaps re-encryption V dither
Frost,384,REFERENCE,ref,AES128,e8,Decaps.ReEnc_Expand_A,82376897,20,ok,decaps re-encryption A expansion
Frost,384,REFERENCE,ref,AES128,e8,Decaps.ReEnc_Quant_U,36670,20,ok,decaps re-encryption U quantization
Frost,384,REFERENCE,ref,AES128,e8,Decaps.ReEnc_Quant_V,68588,20,ok,decaps re-encryption V quantization and message add
Frost,384,REFERENCE,ref,AES128,e8,Decaps.ReEnc_Recon_PK,39139,20,ok,decaps re-encryption public-key reconstruction
Frost,384,REFERENCE,ref,AES128,e8,Decaps.ReEnc_Unpack_PK,303234,20,ok,decaps re-encryption public-key unpack
Frost,384,REFERENCE,ref,AES128,e8,Decaps.Recon_U,35909,20,ok,decaps U reconstruction
Frost,384,REFERENCE,ref,AES128,e8,Decaps.Recon_V,33819,20,ok,decaps V reconstruction
Frost,384,REFERENCE,ref,AES128,e8,Decaps.ST_times_U,44269,20,ok,decaps S^T*U multiplication
Frost,384,REFERENCE,ref,AES128,e8,Decaps.Sample_R,34580,20,ok,decaps reenc R CBD transform
Frost,384,REFERENCE,ref,AES128,e8,Decaps.Sample_S,329642,20,ok,decaps regenerate S from sk seed
Frost,384,REFERENCE,ref,AES128,e8,Decaps.SeedExpand_R,229135,20,ok,decaps reenc R XOF expansion
Frost,384,REFERENCE,ref,AES128,e8,Decaps.Unpack_CT,210896,20,ok,decaps ciphertext unpack
Frost,384,REFERENCE,ref,AES128,e8,Encaps.AT_times_R,81306087,10,ok,encaps A^T*R multiplication
Frost,384,REFERENCE,ref,AES128,e8,Encaps.BhatT_times_R,117228,10,ok,encaps B^T*R multiplication
Frost,384,REFERENCE,ref,AES128,e8,Encaps.Dither_PK,347693,10,ok,encaps public-key dither for reconstruction
Frost,384,REFERENCE,ref,AES128,e8,Encaps.Dither_U,236355,10,ok,encaps U dither
Frost,384,REFERENCE,ref,AES128,e8,Encaps.Dither_V,36290,10,ok,encaps V dither
Frost,384,REFERENCE,ref,AES128,e8,Encaps.Encode_Message,35720,10,ok,encaps message encoding and add
Frost,384,REFERENCE,ref,AES128,e8,Encaps.Expand_A,82029394,10,ok,encaps A expansion for A^T*R
Frost,384,REFERENCE,ref,AES128,e8,Encaps.FO_Hash,36479,10,ok,G hash h_pk||mu||salt
Frost,384,REFERENCE,ref,AES128,e8,Encaps.KDF,203296,10,ok,encaps final shared-secret hash
Frost,384,REFERENCE,ref,AES128,e8,Encaps.KEM_Total_Profiled,324710980,10,ok,profiling-build encaps total; not official full-KEM timing
Frost,384,REFERENCE,ref,AES128,e8,Encaps.PK_Hash,284804,10,ok,encaps h_pk
Frost,384,REFERENCE,ref,AES128,e8,Encaps.Pack_CT,251554,10,ok,encaps ciphertext packing
Frost,384,REFERENCE,ref,AES128,e8,Encaps.Quant_U,37810,10,ok,encaps U quantization
Frost,384,REFERENCE,ref,AES128,e8,Encaps.Quant_V,33439,10,ok,encaps V quantization
Frost,384,REFERENCE,ref,AES128,e8,Encaps.Recon_PK,39329,10,ok,encaps public-key reconstruction
Frost,384,REFERENCE,ref,AES128,e8,Encaps.Sample_Message,78468,10,ok,randombytes for mu and salt
Frost,384,REFERENCE,ref,AES128,e8,Encaps.Sample_R,35529,10,ok,CBD transform for R
Frost,384,REFERENCE,ref,AES128,e8,Encaps.SeedExpand_R,230275,10,ok,R XOF expansion
Frost,384,REFERENCE,ref,AES128,e8,Encaps.Unpack_PK,352822,10,ok,encaps public-key unpack
Frost,384,REFERENCE,ref,AES128,e8,KeyGen.A_times_S,2847468,10,ok,keygen A*S multiplication
Frost,384,REFERENCE,ref,AES128,e8,KeyGen.Dither_PK,332303,10,ok,keygen public-key dither
Frost,384,REFERENCE,ref,AES128,e8,KeyGen.Expand_A,3015995,10,ok,keygen A expansion
Frost,384,REFERENCE,ref,AES128,e8,KeyGen.KEM_Total_Profiled,15376558,10,ok,profiling-build keygen total; not official full-KEM timing
Frost,384,REFERENCE,ref,AES128,e8,KeyGen.PK_Hash,285754,10,ok,keygen h_pk
Frost,384,REFERENCE,ref,AES128,e8,KeyGen.Pack_PK,305324,10,ok,keygen public-key packing
Frost,384,REFERENCE,ref,AES128,e8,KeyGen.Quant_PK,38759,10,ok,keygen public-key quantization
Frost,384,REFERENCE,ref,AES128,e8,KeyGen.Random,80558,10,ok,randombytes for keygen seeds
Frost,384,REFERENCE,ref,AES128,e8,KeyGen.Sample_S,35339,10,ok,CBD transform for S
Frost,384,REFERENCE,ref,AES128,e8,KeyGen.SeedExpand,331732,10,ok,seed_A and S XOF expansion
Frost,512,REFERENCE,ref,AES128,e8,Codec.Message_Decode,3542,10,ok,standalone message decode wrapper=frost_key_decode inner_reps=10000
Frost,512,REFERENCE,ref,AES128,e8,Codec.Message_Encode,1087,10,ok,standalone message encode wrapper=frost_key_encode inner_reps=10000
Frost,512,REFERENCE,ref,AES128,e8,Decaps.CT_Compare,40849,20,ok,decaps ciphertext comparison and key select
Frost,512,REFERENCE,ref,AES128,e8,Decaps.Decode_Message,38379,20,ok,decaps message decode
Frost,512,REFERENCE,ref,AES128,e8,Decaps.Dither_U,297914,20,ok,decaps U dither for reconstruction
Frost,512,REFERENCE,ref,AES128,e8,Decaps.Dither_V,36479,20,ok,decaps V dither for reconstruction
Frost,512,REFERENCE,ref,AES128,e8,Decaps.FO_Hash,37429,20,ok,decaps G hash h_pk||muprime||salt
Frost,512,REFERENCE,ref,AES128,e8,Decaps.KDF,279294,20,ok,decaps final shared-secret hash
Frost,512,REFERENCE,ref,AES128,e8,Decaps.KEM_Total_Profiled,440586821,20,ok,profiling-build decaps total; not official full-KEM timing
Frost,512,REFERENCE,ref,AES128,e8,Decaps.ReEnc_AT_times_R,109272150,20,ok,decaps re-encryption A^T*R multiplication
Frost,512,REFERENCE,ref,AES128,e8,Decaps.ReEnc_BhatT_times_R,64409,20,ok,decaps re-encryption B^T*R multiplication
Frost,512,REFERENCE,ref,AES128,e8,Decaps.ReEnc_Dither_PK,561248,20,ok,decaps re-encryption public-key dither
Frost,512,REFERENCE,ref,AES128,e8,Decaps.ReEnc_Dither_U,303614,20,ok,decaps re-encryption U dither
Frost,512,REFERENCE,ref,AES128,e8,Decaps.ReEnc_Dither_V,36859,20,ok,decaps re-encryption V dither
Frost,512,REFERENCE,ref,AES128,e8,Decaps.ReEnc_Expand_A,113499933,20,ok,decaps re-encryption A expansion
Frost,512,REFERENCE,ref,AES128,e8,Decaps.ReEnc_Quant_U,38760,20,ok,decaps re-encryption U quantization
Frost,512,REFERENCE,ref,AES128,e8,Decaps.ReEnc_Quant_V,69538,20,ok,decaps re-encryption V quantization and message add
Frost,512,REFERENCE,ref,AES128,e8,Decaps.ReEnc_Recon_PK,45599,20,ok,decaps re-encryption public-key reconstruction
Frost,512,REFERENCE,ref,AES128,e8,Decaps.ReEnc_Unpack_PK,510139,20,ok,decaps re-encryption public-key unpack
Frost,512,REFERENCE,ref,AES128,e8,Decaps.Recon_U,36479,20,ok,decaps U reconstruction
Frost,512,REFERENCE,ref,AES128,e8,Decaps.Recon_V,33819,20,ok,decaps V reconstruction
Frost,512,REFERENCE,ref,AES128,e8,Decaps.ST_times_U,52059,20,ok,decaps S^T*U multiplication
Frost,512,REFERENCE,ref,AES128,e8,Decaps.Sample_R,35339,20,ok,decaps reenc R CBD transform
Frost,512,REFERENCE,ref,AES128,e8,Decaps.Sample_S,563338,20,ok,decaps regenerate S from sk seed
Frost,512,REFERENCE,ref,AES128,e8,Decaps.SeedExpand_R,297154,20,ok,decaps reenc R XOF expansion
Frost,512,REFERENCE,ref,AES128,e8,Decaps.Unpack_CT,269605,20,ok,decaps ciphertext unpack
Frost,512,REFERENCE,ref,AES128,e8,Encaps.AT_times_R,108903224,10,ok,encaps A^T*R multiplication
Frost,512,REFERENCE,ref,AES128,e8,Encaps.BhatT_times_R,63268,10,ok,encaps B^T*R multiplication
Frost,512,REFERENCE,ref,AES128,e8,Encaps.Dither_PK,560868,10,ok,encaps public-key dither for reconstruction
Frost,512,REFERENCE,ref,AES128,e8,Encaps.Dither_U,303044,10,ok,encaps U dither
Frost,512,REFERENCE,ref,AES128,e8,Encaps.Dither_V,36100,10,ok,encaps V dither
Frost,512,REFERENCE,ref,AES128,e8,Encaps.Encode_Message,35910,10,ok,encaps message encoding and add
Frost,512,REFERENCE,ref,AES128,e8,Encaps.Expand_A,112535527,10,ok,encaps A expansion for A^T*R
Frost,512,REFERENCE,ref,AES128,e8,Encaps.FO_Hash,37239,10,ok,G hash h_pk||mu||salt
Frost,512,REFERENCE,ref,AES128,e8,Encaps.KDF,279294,10,ok,encaps final shared-secret hash
Frost,512,REFERENCE,ref,AES128,e8,Encaps.KEM_Total_Profiled,437109326,10,ok,profiling-build encaps total; not official full-KEM timing
Frost,512,REFERENCE,ref,AES128,e8,Encaps.PK_Hash,567708,10,ok,encaps h_pk
Frost,512,REFERENCE,ref,AES128,e8,Encaps.Pack_CT,314444,10,ok,encaps ciphertext packing
Frost,512,REFERENCE,ref,AES128,e8,Encaps.Quant_U,38000,10,ok,encaps U quantization
Frost,512,REFERENCE,ref,AES128,e8,Encaps.Quant_V,33629,10,ok,encaps V quantization
Frost,512,REFERENCE,ref,AES128,e8,Encaps.Recon_PK,44079,10,ok,encaps public-key reconstruction
Frost,512,REFERENCE,ref,AES128,e8,Encaps.Sample_Message,81698,10,ok,randombytes for mu and salt
Frost,512,REFERENCE,ref,AES128,e8,Encaps.Sample_R,35720,10,ok,CBD transform for R
Frost,512,REFERENCE,ref,AES128,e8,Encaps.SeedExpand_R,297344,10,ok,R XOF expansion
Frost,512,REFERENCE,ref,AES128,e8,Encaps.Unpack_PK,508049,10,ok,encaps public-key unpack
Frost,512,REFERENCE,ref,AES128,e8,KeyGen.A_times_S,7222124,10,ok,keygen A*S multiplication
Frost,512,REFERENCE,ref,AES128,e8,KeyGen.Dither_PK,617678,10,ok,keygen public-key dither
Frost,512,REFERENCE,ref,AES128,e8,KeyGen.Expand_A,5732556,10,ok,keygen A expansion
Frost,512,REFERENCE,ref,AES128,e8,KeyGen.KEM_Total_Profiled,29227830,10,ok,profiling-build keygen total; not official full-KEM timing
Frost,512,REFERENCE,ref,AES128,e8,KeyGen.PK_Hash,519259,10,ok,keygen h_pk
Frost,512,REFERENCE,ref,AES128,e8,KeyGen.Pack_PK,520398,10,ok,keygen public-key packing
Frost,512,REFERENCE,ref,AES128,e8,KeyGen.Quant_PK,44079,10,ok,keygen public-key quantization
Frost,512,REFERENCE,ref,AES128,e8,KeyGen.Random,82268,10,ok,randombytes for keygen seeds
Frost,512,REFERENCE,ref,AES128,e8,KeyGen.Sample_S,35529,10,ok,CBD transform for S
Frost,512,REFERENCE,ref,AES128,e8,KeyGen.SeedExpand,565618,10,ok,seed_A and S XOF expansion
Frost,128,FAST,avx2_u16,AES128,e8,Codec.Message_Decode,1799,10,ok,standalone message decode wrapper=frost_key_decode inner_reps=10000
Frost,128,FAST,avx2_u16,AES128,e8,Codec.Message_Encode,414,10,ok,standalone message encode wrapper=frost_key_encode inner_reps=10000
Frost,128,FAST,avx2_u16,AES128,e8,Decaps.CT_Compare,34960,20,ok,decaps ciphertext comparison and key select
Frost,128,FAST,avx2_u16,AES128,e8,Decaps.Decode_Message,36479,20,ok,decaps message decode
Frost,128,FAST,avx2_u16,AES128,e8,Decaps.Dither_U,77518,20,ok,decaps U dither for reconstruction
Frost,128,FAST,avx2_u16,AES128,e8,Decaps.Dither_V,36099,20,ok,decaps V dither for reconstruction
Frost,128,FAST,avx2_u16,AES128,e8,Decaps.FO_Hash,35340,20,ok,decaps G hash h_pk||muprime||salt
Frost,128,FAST,avx2_u16,AES128,e8,Decaps.KDF,63839,20,ok,decaps final shared-secret hash
Frost,128,FAST,avx2_u16,AES128,e8,Decaps.KEM_Total_Profiled,13404021,20,ok,profiling-build decaps total; not official full-KEM timing
Frost,128,FAST,avx2_u16,AES128,e8,Decaps.ReEnc_AT_times_R,2765201,20,ok,decaps re-encryption A^T*R multiplication
Frost,128,FAST,avx2_u16,AES128,e8,Decaps.ReEnc_BhatT_times_R,39140,20,ok,decaps re-encryption B^T*R multiplication
Frost,128,FAST,avx2_u16,AES128,e8,Decaps.ReEnc_Dither_PK,77519,20,ok,decaps re-encryption public-key dither
Frost,128,FAST,avx2_u16,AES128,e8,Decaps.ReEnc_Dither_U,78278,20,ok,decaps re-encryption U dither
Frost,128,FAST,avx2_u16,AES128,e8,Decaps.ReEnc_Dither_V,35339,20,ok,decaps re-encryption V dither
Frost,128,FAST,avx2_u16,AES128,e8,Decaps.ReEnc_Expand_A,2678562,20,ok,decaps re-encryption A expansion
Frost,128,FAST,avx2_u16,AES128,e8,Decaps.ReEnc_Quant_U,34579,20,ok,decaps re-encryption U quantization
Frost,128,FAST,avx2_u16,AES128,e8,Decaps.ReEnc_Quant_V,68398,20,ok,decaps re-encryption V quantization and message add
Frost,128,FAST,avx2_u16,AES128,e8,Decaps.ReEnc_Recon_PK,34579,20,ok,decaps re-encryption public-key reconstruction
Frost,128,FAST,avx2_u16,AES128,e8,Decaps.ReEnc_Unpack_PK,72958,20,ok,decaps re-encryption public-key unpack
Frost,128,FAST,avx2_u16,AES128,e8,Decaps.Recon_U,34390,20,ok,decaps U reconstruction
Frost,128,FAST,avx2_u16,AES128,e8,Decaps.Recon_V,33819,20,ok,decaps V reconstruction
Frost,128,FAST,avx2_u16,AES128,e8,Decaps.ST_times_U,34959,20,ok,decaps S^T*U multiplication
Frost,128,FAST,avx2_u16,AES128,e8,Decaps.Sample_R,34199,20,ok,decaps reenc R CBD transform
Frost,128,FAST,avx2_u16,AES128,e8,Decaps.Sample_S,77898,20,ok,decaps regenerate S from sk seed
Frost,128,FAST,avx2_u16,AES128,e8,Decaps.SeedExpand_R,77328,20,ok,decaps reenc R XOF expansion
Frost,128,FAST,avx2_u16,AES128,e8,Decaps.Unpack_CT,72958,20,ok,decaps ciphertext unpack
Frost,128,FAST,avx2_u16,AES128,e8,Encaps.AT_times_R,2495974,10,ok,encaps A^T*R multiplication
Frost,128,FAST,avx2_u16,AES128,e8,Encaps.BhatT_times_R,39519,10,ok,encaps B^T*R multiplication
Frost,128,FAST,avx2_u16,AES128,e8,Encaps.Dither_PK,77708,10,ok,encaps public-key dither for reconstruction
Frost,128,FAST,avx2_u16,AES128,e8,Encaps.Dither_U,78469,10,ok,encaps U dither
Frost,128,FAST,avx2_u16,AES128,e8,Encaps.Dither_V,35719,10,ok,encaps V dither
Frost,128,FAST,avx2_u16,AES128,e8,Encaps.Encode_Message,34580,10,ok,encaps message encoding and add
Frost,128,FAST,avx2_u16,AES128,e8,Encaps.Expand_A,2709532,10,ok,encaps A expansion for A^T*R
Frost,128,FAST,avx2_u16,AES128,e8,Encaps.FO_Hash,35339,10,ok,G hash h_pk||mu||salt
Frost,128,FAST,avx2_u16,AES128,e8,Encaps.KDF,63838,10,ok,encaps final shared-secret hash
Frost,128,FAST,avx2_u16,AES128,e8,Encaps.KEM_Total_Profiled,12518070,10,ok,profiling-build encaps total; not official full-KEM timing
Frost,128,FAST,avx2_u16,AES128,e8,Encaps.PK_Hash,63078,10,ok,encaps h_pk
Frost,128,FAST,avx2_u16,AES128,e8,Encaps.Pack_CT,110578,10,ok,encaps ciphertext packing
Frost,128,FAST,avx2_u16,AES128,e8,Encaps.Quant_U,34580,10,ok,encaps U quantization
Frost,128,FAST,avx2_u16,AES128,e8,Encaps.Quant_V,33819,10,ok,encaps V quantization
Frost,128,FAST,avx2_u16,AES128,e8,Encaps.Recon_PK,34580,10,ok,encaps public-key reconstruction
Frost,128,FAST,avx2_u16,AES128,e8,Encaps.Sample_Message,74288,10,ok,randombytes for mu and salt
Frost,128,FAST,avx2_u16,AES128,e8,Encaps.Sample_R,34390,10,ok,CBD transform for R
Frost,128,FAST,avx2_u16,AES128,e8,Encaps.SeedExpand_R,77518,10,ok,R XOF expansion
Frost,128,FAST,avx2_u16,AES128,e8,Encaps.Unpack_PK,72578,10,ok,encaps public-key unpack
Frost,128,FAST,avx2_u16,AES128,e8,KeyGen.A_times_S,4839956,10,ok,keygen A*S multiplication
Frost,128,FAST,avx2_u16,AES128,e8,KeyGen.Dither_PK,78088,10,ok,keygen public-key dither
Frost,128,FAST,avx2_u16,AES128,e8,KeyGen.Expand_A,5108233,10,ok,keygen A expansion
Frost,128,FAST,avx2_u16,AES128,e8,KeyGen.KEM_Total_Profiled,21159084,10,ok,profiling-build keygen total; not official full-KEM timing
Frost,128,FAST,avx2_u16,AES128,e8,KeyGen.PK_Hash,63079,10,ok,keygen h_pk
Frost,128,FAST,avx2_u16,AES128,e8,KeyGen.Pack_PK,72198,10,ok,keygen public-key packing
Frost,128,FAST,avx2_u16,AES128,e8,KeyGen.Quant_PK,34580,10,ok,keygen public-key quantization
Frost,128,FAST,avx2_u16,AES128,e8,KeyGen.Random,76948,10,ok,randombytes for keygen seeds
Frost,128,FAST,avx2_u16,AES128,e8,KeyGen.Sample_S,34200,10,ok,CBD transform for S
Frost,128,FAST,avx2_u16,AES128,e8,KeyGen.SeedExpand,82458,10,ok,seed_A and S XOF expansion
Frost,192,FAST,avx2_u16,AES128,e8,Codec.Message_Decode,1552,10,ok,standalone message decode wrapper=frost_key_decode inner_reps=10000
Frost,192,FAST,avx2_u16,AES128,e8,Codec.Message_Encode,488,10,ok,standalone message encode wrapper=frost_key_encode inner_reps=10000
Frost,192,FAST,avx2_u16,AES128,e8,Decaps.CT_Compare,34960,20,ok,decaps ciphertext comparison and key select
Frost,192,FAST,avx2_u16,AES128,e8,Decaps.Decode_Message,35720,20,ok,decaps message decode
Frost,192,FAST,avx2_u16,AES128,e8,Decaps.Dither_U,123878,20,ok,decaps U dither for reconstruction
Frost,192,FAST,avx2_u16,AES128,e8,Decaps.Dither_V,35340,20,ok,decaps V dither for reconstruction
Frost,192,FAST,avx2_u16,AES128,e8,Decaps.FO_Hash,34960,20,ok,decaps G hash h_pk||muprime||salt
Frost,192,FAST,avx2_u16,AES128,e8,Decaps.KDF,99178,20,ok,decaps final shared-secret hash
Frost,192,FAST,avx2_u16,AES128,e8,Decaps.KEM_Total_Profiled,20940398,20,ok,profiling-build decaps total; not official full-KEM timing
Frost,192,FAST,avx2_u16,AES128,e8,Decaps.ReEnc_AT_times_R,4389856,20,ok,decaps re-encryption A^T*R multiplication
Frost,192,FAST,avx2_u16,AES128,e8,Decaps.ReEnc_BhatT_times_R,43319,20,ok,decaps re-encryption B^T*R multiplication
Frost,192,FAST,avx2_u16,AES128,e8,Decaps.ReEnc_Dither_PK,123877,20,ok,decaps re-encryption public-key dither
Frost,192,FAST,avx2_u16,AES128,e8,Decaps.ReEnc_Dither_U,124258,20,ok,decaps re-encryption U dither
Frost,192,FAST,avx2_u16,AES128,e8,Decaps.ReEnc_Dither_V,35339,20,ok,decaps re-encryption V dither
Frost,192,FAST,avx2_u16,AES128,e8,Decaps.ReEnc_Expand_A,4687580,20,ok,decaps re-encryption A expansion
Frost,192,FAST,avx2_u16,AES128,e8,Decaps.ReEnc_Quant_U,34580,20,ok,decaps re-encryption U quantization
Frost,192,FAST,avx2_u16,AES128,e8,Decaps.ReEnc_Quant_V,67639,20,ok,decaps re-encryption V quantization and message add
Frost,192,FAST,avx2_u16,AES128,e8,Decaps.ReEnc_Recon_PK,34580,20,ok,decaps re-encryption public-key reconstruction
Frost,192,FAST,avx2_u16,AES128,e8,Decaps.ReEnc_Unpack_PK,106018,20,ok,decaps re-encryption public-key unpack
Frost,192,FAST,avx2_u16,AES128,e8,Decaps.Recon_U,34390,20,ok,decaps U reconstruction
Frost,192,FAST,avx2_u16,AES128,e8,Decaps.Recon_V,33439,20,ok,decaps V reconstruction
Frost,192,FAST,avx2_u16,AES128,e8,Decaps.ST_times_U,36099,20,ok,decaps S^T*U multiplication
Frost,192,FAST,avx2_u16,AES128,e8,Decaps.Sample_R,33819,20,ok,decaps reenc R CBD transform
Frost,192,FAST,avx2_u16,AES128,e8,Decaps.Sample_S,124068,20,ok,decaps regenerate S from sk seed
Frost,192,FAST,avx2_u16,AES128,e8,Decaps.SeedExpand_R,123497,20,ok,decaps reenc R XOF expansion
Frost,192,FAST,avx2_u16,AES128,e8,Decaps.Unpack_CT,106017,20,ok,decaps ciphertext unpack
Frost,192,FAST,avx2_u16,AES128,e8,Encaps.AT_times_R,4363826,10,ok,encaps A^T*R multiplication
Frost,192,FAST,avx2_u16,AES128,e8,Encaps.BhatT_times_R,43509,10,ok,encaps B^T*R multiplication
Frost,192,FAST,avx2_u16,AES128,e8,Encaps.Dither_PK,124068,10,ok,encaps public-key dither for reconstruction
Frost,192,FAST,avx2_u16,AES128,e8,Encaps.Dither_U,124448,10,ok,encaps U dither
Frost,192,FAST,avx2_u16,AES128,e8,Encaps.Dither_V,35339,10,ok,encaps V dither
Frost,192,FAST,avx2_u16,AES128,e8,Encaps.Encode_Message,34390,10,ok,encaps message encoding and add
Frost,192,FAST,avx2_u16,AES128,e8,Encaps.Expand_A,4914246,10,ok,encaps A expansion for A^T*R
Frost,192,FAST,avx2_u16,AES128,e8,Encaps.FO_Hash,34960,10,ok,G hash h_pk||mu||salt
Frost,192,FAST,avx2_u16,AES128,e8,Encaps.KDF,99368,10,ok,encaps final shared-secret hash
Frost,192,FAST,avx2_u16,AES128,e8,Encaps.KEM_Total_Profiled,20289282,10,ok,profiling-build encaps total; not official full-KEM timing
Frost,192,FAST,avx2_u16,AES128,e8,Encaps.PK_Hash,99557,10,ok,encaps h_pk
Frost,192,FAST,avx2_u16,AES128,e8,Encaps.Pack_CT,142117,10,ok,encaps ciphertext packing
Frost,192,FAST,avx2_u16,AES128,e8,Encaps.Quant_U,34769,10,ok,encaps U quantization
Frost,192,FAST,avx2_u16,AES128,e8,Encaps.Quant_V,33630,10,ok,encaps V quantization
Frost,192,FAST,avx2_u16,AES128,e8,Encaps.Recon_PK,34580,10,ok,encaps public-key reconstruction
Frost,192,FAST,avx2_u16,AES128,e8,Encaps.Sample_Message,74288,10,ok,randombytes for mu and salt
Frost,192,FAST,avx2_u16,AES128,e8,Encaps.Sample_R,33819,10,ok,CBD transform for R
Frost,192,FAST,avx2_u16,AES128,e8,Encaps.SeedExpand_R,123877,10,ok,R XOF expansion
Frost,192,FAST,avx2_u16,AES128,e8,Encaps.Unpack_PK,105828,10,ok,encaps public-key unpack
Frost,192,FAST,avx2_u16,AES128,e8,KeyGen.A_times_S,9602204,10,ok,keygen A*S multiplication
Frost,192,FAST,avx2_u16,AES128,e8,KeyGen.Dither_PK,125018,10,ok,keygen public-key dither
Frost,192,FAST,avx2_u16,AES128,e8,KeyGen.Expand_A,9258690,10,ok,keygen A expansion
Frost,192,FAST,avx2_u16,AES128,e8,KeyGen.KEM_Total_Profiled,38591968,10,ok,profiling-build keygen total; not official full-KEM timing
Frost,192,FAST,avx2_u16,AES128,e8,KeyGen.PK_Hash,99367,10,ok,keygen h_pk
Frost,192,FAST,avx2_u16,AES128,e8,KeyGen.Pack_PK,107728,10,ok,keygen public-key packing
Frost,192,FAST,avx2_u16,AES128,e8,KeyGen.Quant_PK,35719,10,ok,keygen public-key quantization
Frost,192,FAST,avx2_u16,AES128,e8,KeyGen.Random,74668,10,ok,randombytes for keygen seeds
Frost,192,FAST,avx2_u16,AES128,e8,KeyGen.Sample_S,34009,10,ok,CBD transform for S
Frost,192,FAST,avx2_u16,AES128,e8,KeyGen.SeedExpand,124638,10,ok,seed_A and S XOF expansion
Frost,256,FAST,avx2_u16,AES128,e8,Codec.Message_Decode,1652,10,ok,standalone message decode wrapper=frost_key_decode inner_reps=10000
Frost,256,FAST,avx2_u16,AES128,e8,Codec.Message_Encode,575,10,ok,standalone message encode wrapper=frost_key_encode inner_reps=10000
Frost,256,FAST,avx2_u16,AES128,e8,Decaps.CT_Compare,35909,20,ok,decaps ciphertext comparison and key select
Frost,256,FAST,avx2_u16,AES128,e8,Decaps.Decode_Message,36670,20,ok,decaps message decode
Frost,256,FAST,avx2_u16,AES128,e8,Decaps.Dither_U,165296,20,ok,decaps U dither for reconstruction
Frost,256,FAST,avx2_u16,AES128,e8,Decaps.Dither_V,35719,20,ok,decaps V dither for reconstruction
Frost,256,FAST,avx2_u16,AES128,e8,Decaps.FO_Hash,35339,20,ok,decaps G hash h_pk||muprime||salt
Frost,256,FAST,avx2_u16,AES128,e8,Decaps.KDF,138887,20,ok,decaps final shared-secret hash
Frost,256,FAST,avx2_u16,AES128,e8,Decaps.KEM_Total_Profiled,31346094,20,ok,profiling-build decaps total; not official full-KEM timing
Frost,256,FAST,avx2_u16,AES128,e8,Decaps.ReEnc_AT_times_R,6971709,20,ok,decaps re-encryption A^T*R multiplication
Frost,256,FAST,avx2_u16,AES128,e8,Decaps.ReEnc_BhatT_times_R,48450,20,ok,decaps re-encryption B^T*R multiplication
Frost,256,FAST,avx2_u16,AES128,e8,Decaps.ReEnc_Dither_PK,165676,20,ok,decaps re-encryption public-key dither
Frost,256,FAST,avx2_u16,AES128,e8,Decaps.ReEnc_Dither_U,166437,20,ok,decaps re-encryption U dither
Frost,256,FAST,avx2_u16,AES128,e8,Decaps.ReEnc_Dither_V,35339,20,ok,decaps re-encryption V dither
Frost,256,FAST,avx2_u16,AES128,e8,Decaps.ReEnc_Expand_A,7701480,20,ok,decaps re-encryption A expansion
Frost,256,FAST,avx2_u16,AES128,e8,Decaps.ReEnc_Quant_U,35719,20,ok,decaps re-encryption U quantization
Frost,256,FAST,avx2_u16,AES128,e8,Decaps.ReEnc_Quant_V,68588,20,ok,decaps re-encryption V quantization and message add
Frost,256,FAST,avx2_u16,AES128,e8,Decaps.ReEnc_Recon_PK,35530,20,ok,decaps re-encryption public-key reconstruction
Frost,256,FAST,avx2_u16,AES128,e8,Decaps.ReEnc_Unpack_PK,151997,20,ok,decaps re-encryption public-key unpack
Frost,256,FAST,avx2_u16,AES128,e8,Decaps.Recon_U,35719,20,ok,decaps U reconstruction
Frost,256,FAST,avx2_u16,AES128,e8,Decaps.Recon_V,33819,20,ok,decaps V reconstruction
Frost,256,FAST,avx2_u16,AES128,e8,Decaps.ST_times_U,38759,20,ok,decaps S^T*U multiplication
Frost,256,FAST,avx2_u16,AES128,e8,Decaps.Sample_R,34579,20,ok,decaps reenc R CBD transform
Frost,256,FAST,avx2_u16,AES128,e8,Decaps.Sample_S,165677,20,ok,decaps regenerate S from sk seed
Frost,256,FAST,avx2_u16,AES128,e8,Decaps.SeedExpand_R,164916,20,ok,decaps reenc R XOF expansion
Frost,256,FAST,avx2_u16,AES128,e8,Decaps.Unpack_CT,125208,20,ok,decaps ciphertext unpack
Frost,256,FAST,avx2_u16,AES128,e8,Encaps.AT_times_R,7394636,10,ok,encaps A^T*R multiplication
Frost,256,FAST,avx2_u16,AES128,e8,Encaps.BhatT_times_R,48260,10,ok,encaps B^T*R multiplication
Frost,256,FAST,avx2_u16,AES128,e8,Encaps.Dither_PK,165676,10,ok,encaps public-key dither for reconstruction
Frost,256,FAST,avx2_u16,AES128,e8,Encaps.Dither_U,175366,10,ok,encaps U dither
Frost,256,FAST,avx2_u16,AES128,e8,Encaps.Dither_V,35339,10,ok,encaps V dither
Frost,256,FAST,avx2_u16,AES128,e8,Encaps.Encode_Message,35340,10,ok,encaps message encoding and add
Frost,256,FAST,avx2_u16,AES128,e8,Encaps.Expand_A,7666337,10,ok,encaps A expansion for A^T*R
Frost,256,FAST,avx2_u16,AES128,e8,Encaps.FO_Hash,35339,10,ok,G hash h_pk||mu||salt
Frost,256,FAST,avx2_u16,AES128,e8,Encaps.KDF,139076,10,ok,encaps final shared-secret hash
Frost,256,FAST,avx2_u16,AES128,e8,Encaps.KEM_Total_Profiled,30987572,10,ok,profiling-build encaps total; not official full-KEM timing
Frost,256,FAST,avx2_u16,AES128,e8,Encaps.PK_Hash,159977,10,ok,encaps h_pk
Frost,256,FAST,avx2_u16,AES128,e8,Encaps.Pack_CT,167386,10,ok,encaps ciphertext packing
Frost,256,FAST,avx2_u16,AES128,e8,Encaps.Quant_U,35910,10,ok,encaps U quantization
Frost,256,FAST,avx2_u16,AES128,e8,Encaps.Quant_V,33819,10,ok,encaps V quantization
Frost,256,FAST,avx2_u16,AES128,e8,Encaps.Recon_PK,35530,10,ok,encaps public-key reconstruction
Frost,256,FAST,avx2_u16,AES128,e8,Encaps.Sample_Message,80748,10,ok,randombytes for mu and salt
Frost,256,FAST,avx2_u16,AES128,e8,Encaps.Sample_R,36669,10,ok,CBD transform for R
Frost,256,FAST,avx2_u16,AES128,e8,Encaps.SeedExpand_R,165486,10,ok,R XOF expansion
Frost,256,FAST,avx2_u16,AES128,e8,Encaps.Unpack_PK,151237,10,ok,encaps public-key unpack
Frost,256,FAST,avx2_u16,AES128,e8,KeyGen.A_times_S,13336950,10,ok,keygen A*S multiplication
Frost,256,FAST,avx2_u16,AES128,e8,KeyGen.Dither_PK,197786,10,ok,keygen public-key dither
Frost,256,FAST,avx2_u16,AES128,e8,KeyGen.Expand_A,14260335,10,ok,keygen A expansion
Frost,256,FAST,avx2_u16,AES128,e8,KeyGen.KEM_Total_Profiled,56092490,10,ok,profiling-build keygen total; not official full-KEM timing
Frost,256,FAST,avx2_u16,AES128,e8,KeyGen.PK_Hash,150857,10,ok,keygen h_pk
Frost,256,FAST,avx2_u16,AES128,e8,KeyGen.Pack_PK,171376,10,ok,keygen public-key packing
Frost,256,FAST,avx2_u16,AES128,e8,KeyGen.Quant_PK,38760,10,ok,keygen public-key quantization
Frost,256,FAST,avx2_u16,AES128,e8,KeyGen.Random,76188,10,ok,randombytes for keygen seeds
Frost,256,FAST,avx2_u16,AES128,e8,KeyGen.Sample_S,34960,10,ok,CBD transform for S
Frost,256,FAST,avx2_u16,AES128,e8,KeyGen.SeedExpand,176887,10,ok,seed_A and S XOF expansion
Frost,384,FAST,avx2_u16,AES128,e8,Codec.Message_Decode,2635,10,ok,standalone message decode wrapper=frost_key_decode inner_reps=10000
Frost,384,FAST,avx2_u16,AES128,e8,Codec.Message_Encode,798,10,ok,standalone message encode wrapper=frost_key_encode inner_reps=10000
Frost,384,FAST,avx2_u16,AES128,e8,Decaps.CT_Compare,37239,20,ok,decaps ciphertext comparison and key select
Frost,384,FAST,avx2_u16,AES128,e8,Decaps.Decode_Message,37050,20,ok,decaps message decode
Frost,384,FAST,avx2_u16,AES128,e8,Decaps.Dither_U,229896,20,ok,decaps U dither for reconstruction
Frost,384,FAST,avx2_u16,AES128,e8,Decaps.Dither_V,36479,20,ok,decaps V dither for reconstruction
Frost,384,FAST,avx2_u16,AES128,e8,Decaps.FO_Hash,35720,20,ok,decaps G hash h_pk||muprime||salt
Frost,384,FAST,avx2_u16,AES128,e8,Decaps.KDF,202536,20,ok,decaps final shared-secret hash
Frost,384,FAST,avx2_u16,AES128,e8,Decaps.KEM_Total_Profiled,47699231,20,ok,profiling-build decaps total; not official full-KEM timing
Frost,384,FAST,avx2_u16,AES128,e8,Decaps.ReEnc_AT_times_R,10709689,20,ok,decaps re-encryption A^T*R multiplication
Frost,384,FAST,avx2_u16,AES128,e8,Decaps.ReEnc_BhatT_times_R,116468,20,ok,decaps re-encryption B^T*R multiplication
Frost,384,FAST,avx2_u16,AES128,e8,Decaps.ReEnc_Dither_PK,327933,20,ok,decaps re-encryption public-key dither
Frost,384,FAST,avx2_u16,AES128,e8,Decaps.ReEnc_Dither_U,230465,20,ok,decaps re-encryption U dither
Frost,384,FAST,avx2_u16,AES128,e8,Decaps.ReEnc_Dither_V,36099,20,ok,decaps re-encryption V dither
Frost,384,FAST,avx2_u16,AES128,e8,Decaps.ReEnc_Expand_A,12431242,20,ok,decaps re-encryption A expansion
Frost,384,FAST,avx2_u16,AES128,e8,Decaps.ReEnc_Quant_U,36479,20,ok,decaps re-encryption U quantization
Frost,384,FAST,avx2_u16,AES128,e8,Decaps.ReEnc_Quant_V,68398,20,ok,decaps re-encryption V quantization and message add
Frost,384,FAST,avx2_u16,AES128,e8,Decaps.ReEnc_Recon_PK,37430,20,ok,decaps re-encryption public-key reconstruction
Frost,384,FAST,avx2_u16,AES128,e8,Decaps.ReEnc_Unpack_PK,296964,20,ok,decaps re-encryption public-key unpack
Frost,384,FAST,avx2_u16,AES128,e8,Decaps.Recon_U,35339,20,ok,decaps U reconstruction
Frost,384,FAST,avx2_u16,AES128,e8,Decaps.Recon_V,33439,20,ok,decaps V reconstruction
Frost,384,FAST,avx2_u16,AES128,e8,Decaps.ST_times_U,43890,20,ok,decaps S^T*U multiplication
Frost,384,FAST,avx2_u16,AES128,e8,Decaps.Sample_R,34580,20,ok,decaps reenc R CBD transform
Frost,384,FAST,avx2_u16,AES128,e8,Decaps.Sample_S,328503,20,ok,decaps regenerate S from sk seed
Frost,384,FAST,avx2_u16,AES128,e8,Decaps.SeedExpand_R,228945,20,ok,decaps reenc R XOF expansion
Frost,384,FAST,avx2_u16,AES128,e8,Decaps.Unpack_CT,209376,20,ok,decaps ciphertext unpack
Frost,384,FAST,avx2_u16,AES128,e8,Encaps.AT_times_R,11092715,10,ok,encaps A^T*R multiplication
Frost,384,FAST,avx2_u16,AES128,e8,Encaps.BhatT_times_R,116658,10,ok,encaps B^T*R multiplication
Frost,384,FAST,avx2_u16,AES128,e8,Encaps.Dither_PK,327933,10,ok,encaps public-key dither for reconstruction
Frost,384,FAST,avx2_u16,AES128,e8,Encaps.Dither_U,232364,10,ok,encaps U dither
Frost,384,FAST,avx2_u16,AES128,e8,Encaps.Dither_V,35720,10,ok,encaps V dither
Frost,384,FAST,avx2_u16,AES128,e8,Encaps.Encode_Message,35149,10,ok,encaps message encoding and add
Frost,384,FAST,avx2_u16,AES128,e8,Encaps.Expand_A,12201342,10,ok,encaps A expansion for A^T*R
Frost,384,FAST,avx2_u16,AES128,e8,Encaps.FO_Hash,36099,10,ok,G hash h_pk||mu||salt
Frost,384,FAST,avx2_u16,AES128,e8,Encaps.KDF,202346,10,ok,encaps final shared-secret hash
Frost,384,FAST,avx2_u16,AES128,e8,Encaps.KEM_Total_Profiled,45716054,10,ok,profiling-build encaps total; not official full-KEM timing
Frost,384,FAST,avx2_u16,AES128,e8,Encaps.PK_Hash,286134,10,ok,encaps h_pk
Frost,384,FAST,avx2_u16,AES128,e8,Encaps.Pack_CT,249465,10,ok,encaps ciphertext packing
Frost,384,FAST,avx2_u16,AES128,e8,Encaps.Quant_U,36669,10,ok,encaps U quantization
Frost,384,FAST,avx2_u16,AES128,e8,Encaps.Quant_V,33059,10,ok,encaps V quantization
Frost,384,FAST,avx2_u16,AES128,e8,Encaps.Recon_PK,37050,10,ok,encaps public-key reconstruction
Frost,384,FAST,avx2_u16,AES128,e8,Encaps.Sample_Message,77708,10,ok,randombytes for mu and salt
Frost,384,FAST,avx2_u16,AES128,e8,Encaps.Sample_R,34579,10,ok,CBD transform for R
Frost,384,FAST,avx2_u16,AES128,e8,Encaps.SeedExpand_R,229706,10,ok,R XOF expansion
Frost,384,FAST,avx2_u16,AES128,e8,Encaps.Unpack_PK,295824,10,ok,encaps public-key unpack
Frost,384,FAST,avx2_u16,AES128,e8,KeyGen.A_times_S,22205192,10,ok,keygen A*S multiplication
Frost,384,FAST,avx2_u16,AES128,e8,KeyGen.Dither_PK,339142,10,ok,keygen public-key dither
Frost,384,FAST,avx2_u16,AES128,e8,KeyGen.Expand_A,21004048,10,ok,keygen A expansion
Frost,384,FAST,avx2_u16,AES128,e8,KeyGen.KEM_Total_Profiled,83379132,10,ok,profiling-build keygen total; not official full-KEM timing
Frost,384,FAST,avx2_u16,AES128,e8,KeyGen.PK_Hash,285375,10,ok,keygen h_pk
Frost,384,FAST,avx2_u16,AES128,e8,KeyGen.Pack_PK,314253,10,ok,keygen public-key packing
Frost,384,FAST,avx2_u16,AES128,e8,KeyGen.Quant_PK,39899,10,ok,keygen public-key quantization
Frost,384,FAST,avx2_u16,AES128,e8,KeyGen.Random,77898,10,ok,randombytes for keygen seeds
Frost,384,FAST,avx2_u16,AES128,e8,KeyGen.Sample_S,35150,10,ok,CBD transform for S
Frost,384,FAST,avx2_u16,AES128,e8,KeyGen.SeedExpand,328693,10,ok,seed_A and S XOF expansion
Frost,512,FAST,avx2_u16,AES128,e8,Codec.Message_Decode,3494,10,ok,standalone message decode wrapper=frost_key_decode inner_reps=10000
Frost,512,FAST,avx2_u16,AES128,e8,Codec.Message_Encode,1156,10,ok,standalone message encode wrapper=frost_key_encode inner_reps=10000
Frost,512,FAST,avx2_u16,AES128,e8,Decaps.CT_Compare,38189,20,ok,decaps ciphertext comparison and key select
Frost,512,FAST,avx2_u16,AES128,e8,Decaps.Decode_Message,39139,20,ok,decaps message decode
Frost,512,FAST,avx2_u16,AES128,e8,Decaps.Dither_U,297724,20,ok,decaps U dither for reconstruction
Frost,512,FAST,avx2_u16,AES128,e8,Decaps.Dither_V,36479,20,ok,decaps V dither for reconstruction
Frost,512,FAST,avx2_u16,AES128,e8,Decaps.FO_Hash,37239,20,ok,decaps G hash h_pk||muprime||salt
Frost,512,FAST,avx2_u16,AES128,e8,Decaps.KDF,278534,20,ok,decaps final shared-secret hash
Frost,512,FAST,avx2_u16,AES128,e8,Decaps.KEM_Total_Profiled,66119904,20,ok,profiling-build decaps total; not official full-KEM timing
Frost,512,FAST,avx2_u16,AES128,e8,Decaps.ReEnc_AT_times_R,15652997,20,ok,decaps re-encryption A^T*R multiplication
Frost,512,FAST,avx2_u16,AES128,e8,Decaps.ReEnc_BhatT_times_R,63268,20,ok,decaps re-encryption B^T*R multiplication
Frost,512,FAST,avx2_u16,AES128,e8,Decaps.ReEnc_Dither_PK,562578,20,ok,decaps re-encryption public-key dither
Frost,512,FAST,avx2_u16,AES128,e8,Decaps.ReEnc_Dither_U,299814,20,ok,decaps re-encryption U dither
Frost,512,FAST,avx2_u16,AES128,e8,Decaps.ReEnc_Dither_V,36480,20,ok,decaps re-encryption V dither
Frost,512,FAST,avx2_u16,AES128,e8,Decaps.ReEnc_Expand_A,18255004,20,ok,decaps re-encryption A expansion
Frost,512,FAST,avx2_u16,AES128,e8,Decaps.ReEnc_Quant_U,37619,20,ok,decaps re-encryption U quantization
Frost,512,FAST,avx2_u16,AES128,e8,Decaps.ReEnc_Quant_V,69159,20,ok,decaps re-encryption V quantization and message add
Frost,512,FAST,avx2_u16,AES128,e8,Decaps.ReEnc_Recon_PK,41229,20,ok,decaps re-encryption public-key reconstruction
Frost,512,FAST,avx2_u16,AES128,e8,Decaps.ReEnc_Unpack_PK,503110,20,ok,decaps re-encryption public-key unpack
Frost,512,FAST,avx2_u16,AES128,e8,Decaps.Recon_U,36100,20,ok,decaps U reconstruction
Frost,512,FAST,avx2_u16,AES128,e8,Decaps.Recon_V,33819,20,ok,decaps V reconstruction
Frost,512,FAST,avx2_u16,AES128,e8,Decaps.ST_times_U,51678,20,ok,decaps S^T*U multiplication
Frost,512,FAST,avx2_u16,AES128,e8,Decaps.Sample_R,35340,20,ok,decaps reenc R CBD transform
Frost,512,FAST,avx2_u16,AES128,e8,Decaps.Sample_S,563528,20,ok,decaps regenerate S from sk seed
Frost,512,FAST,avx2_u16,AES128,e8,Decaps.SeedExpand_R,297533,20,ok,decaps reenc R XOF expansion
Frost,512,FAST,avx2_u16,AES128,e8,Decaps.Unpack_CT,269224,20,ok,decaps ciphertext unpack
Frost,512,FAST,avx2_u16,AES128,e8,Encaps.AT_times_R,15936660,10,ok,encaps A^T*R multiplication
Frost,512,FAST,avx2_u16,AES128,e8,Encaps.BhatT_times_R,63270,10,ok,encaps B^T*R multiplication
Frost,512,FAST,avx2_u16,AES128,e8,Encaps.Dither_PK,632496,10,ok,encaps public-key dither for reconstruction
Frost,512,FAST,avx2_u16,AES128,e8,Encaps.Dither_U,299433,10,ok,encaps U dither
Frost,512,FAST,avx2_u16,AES128,e8,Encaps.Dither_V,36669,10,ok,encaps V dither
Frost,512,FAST,avx2_u16,AES128,e8,Encaps.Encode_Message,35719,10,ok,encaps message encoding and add
Frost,512,FAST,avx2_u16,AES128,e8,Encaps.Expand_A,18052270,10,ok,encaps A expansion for A^T*R
Frost,512,FAST,avx2_u16,AES128,e8,Encaps.FO_Hash,38379,10,ok,G hash h_pk||mu||salt
Frost,512,FAST,avx2_u16,AES128,e8,Encaps.KDF,279674,10,ok,encaps final shared-secret hash
Frost,512,FAST,avx2_u16,AES128,e8,Encaps.KEM_Total_Profiled,66722572,10,ok,profiling-build encaps total; not official full-KEM timing
Frost,512,FAST,avx2_u16,AES128,e8,Encaps.PK_Hash,801213,10,ok,encaps h_pk
Frost,512,FAST,avx2_u16,AES128,e8,Encaps.Pack_CT,314064,10,ok,encaps ciphertext packing
Frost,512,FAST,avx2_u16,AES128,e8,Encaps.Quant_U,37809,10,ok,encaps U quantization
Frost,512,FAST,avx2_u16,AES128,e8,Encaps.Quant_V,33439,10,ok,encaps V quantization
Frost,512,FAST,avx2_u16,AES128,e8,Encaps.Recon_PK,41420,10,ok,encaps public-key reconstruction
Frost,512,FAST,avx2_u16,AES128,e8,Encaps.Sample_Message,79988,10,ok,randombytes for mu and salt
Frost,512,FAST,avx2_u16,AES128,e8,Encaps.Sample_R,35910,10,ok,CBD transform for R
Frost,512,FAST,avx2_u16,AES128,e8,Encaps.SeedExpand_R,312923,10,ok,R XOF expansion
Frost,512,FAST,avx2_u16,AES128,e8,Encaps.Unpack_PK,577208,10,ok,encaps public-key unpack
Frost,512,FAST,avx2_u16,AES128,e8,KeyGen.A_times_S,30259510,10,ok,keygen A*S multiplication
Frost,512,FAST,avx2_u16,AES128,e8,KeyGen.Dither_PK,566758,10,ok,keygen public-key dither
Frost,512,FAST,avx2_u16,AES128,e8,KeyGen.Expand_A,31671553,10,ok,keygen A expansion
Frost,512,FAST,avx2_u16,AES128,e8,KeyGen.KEM_Total_Profiled,119058272,10,ok,profiling-build keygen total; not official full-KEM timing
Frost,512,FAST,avx2_u16,AES128,e8,KeyGen.PK_Hash,519639,10,ok,keygen h_pk
Frost,512,FAST,avx2_u16,AES128,e8,KeyGen.Pack_PK,521539,10,ok,keygen public-key packing
Frost,512,FAST,avx2_u16,AES128,e8,KeyGen.Quant_PK,45599,10,ok,keygen public-key quantization
Frost,512,FAST,avx2_u16,AES128,e8,KeyGen.Random,91388,10,ok,randombytes for keygen seeds
Frost,512,FAST,avx2_u16,AES128,e8,KeyGen.Sample_S,36480,10,ok,CBD transform for S
Frost,512,FAST,avx2_u16,AES128,e8,KeyGen.SeedExpand,562578,10,ok,seed_A and S XOF expansion
Frost,128,REFERENCE,ref,SHAKE128,e8,Codec.Message_Decode,1792,10,ok,standalone message decode wrapper=frost_key_decode inner_reps=10000
Frost,128,REFERENCE,ref,SHAKE128,e8,Codec.Message_Encode,398,10,ok,standalone message encode wrapper=frost_key_encode inner_reps=10000
Frost,128,REFERENCE,ref,SHAKE128,e8,Decaps.CT_Compare,35339,20,ok,decaps ciphertext comparison and key select
Frost,128,REFERENCE,ref,SHAKE128,e8,Decaps.Decode_Message,36670,20,ok,decaps message decode
Frost,128,REFERENCE,ref,SHAKE128,e8,Decaps.Dither_U,77328,20,ok,decaps U dither for reconstruction
Frost,128,REFERENCE,ref,SHAKE128,e8,Decaps.Dither_V,36099,20,ok,decaps V dither for reconstruction
Frost,128,REFERENCE,ref,SHAKE128,e8,Decaps.FO_Hash,35340,20,ok,decaps G hash h_pk||muprime||salt
Frost,128,REFERENCE,ref,SHAKE128,e8,Decaps.KDF,64598,20,ok,decaps final shared-secret hash
Frost,128,REFERENCE,ref,SHAKE128,e8,Decaps.KEM_Total_Profiled,90888341,20,ok,profiling-build decaps total; not official full-KEM timing
Frost,128,REFERENCE,ref,SHAKE128,e8,Decaps.ReEnc_AT_times_R,21134394,20,ok,decaps re-encryption A^T*R multiplication
Frost,128,REFERENCE,ref,SHAKE128,e8,Decaps.ReEnc_BhatT_times_R,39709,20,ok,decaps re-encryption B^T*R multiplication
Frost,128,REFERENCE,ref,SHAKE128,e8,Decaps.ReEnc_Dither_PK,77139,20,ok,decaps re-encryption public-key dither
Frost,128,REFERENCE,ref,SHAKE128,e8,Decaps.ReEnc_Dither_U,77708,20,ok,decaps re-encryption U dither
Frost,128,REFERENCE,ref,SHAKE128,e8,Decaps.ReEnc_Dither_V,35719,20,ok,decaps re-encryption V dither
Frost,128,REFERENCE,ref,SHAKE128,e8,Decaps.ReEnc_Expand_A,24940201,20,ok,decaps re-encryption A expansion
Frost,128,REFERENCE,ref,SHAKE128,e8,Decaps.ReEnc_Quant_U,35339,20,ok,decaps re-encryption U quantization
Frost,128,REFERENCE,ref,SHAKE128,e8,Decaps.ReEnc_Quant_V,69158,20,ok,decaps re-encryption V quantization and message add
Frost,128,REFERENCE,ref,SHAKE128,e8,Decaps.ReEnc_Recon_PK,34770,20,ok,decaps re-encryption public-key reconstruction
Frost,128,REFERENCE,ref,SHAKE128,e8,Decaps.ReEnc_Unpack_PK,72198,20,ok,decaps re-encryption public-key unpack
Frost,128,REFERENCE,ref,SHAKE128,e8,Decaps.Recon_U,34199,20,ok,decaps U reconstruction
Frost,128,REFERENCE,ref,SHAKE128,e8,Decaps.Recon_V,33819,20,ok,decaps V reconstruction
Frost,128,REFERENCE,ref,SHAKE128,e8,Decaps.ST_times_U,34959,20,ok,decaps S^T*U multiplication
Frost,128,REFERENCE,ref,SHAKE128,e8,Decaps.Sample_R,34199,20,ok,decaps reenc R CBD transform
Frost,128,REFERENCE,ref,SHAKE128,e8,Decaps.Sample_S,77518,20,ok,decaps regenerate S from sk seed
Frost,128,REFERENCE,ref,SHAKE128,e8,Decaps.SeedExpand_R,77139,20,ok,decaps reenc R XOF expansion
Frost,128,REFERENCE,ref,SHAKE128,e8,Decaps.Unpack_CT,71439,20,ok,decaps ciphertext unpack
Frost,128,REFERENCE,ref,SHAKE128,e8,Encaps.AT_times_R,20922162,10,ok,encaps A^T*R multiplication
Frost,128,REFERENCE,ref,SHAKE128,e8,Encaps.BhatT_times_R,42749,10,ok,encaps B^T*R multiplication
Frost,128,REFERENCE,ref,SHAKE128,e8,Encaps.Dither_PK,77519,10,ok,encaps public-key dither for reconstruction
Frost,128,REFERENCE,ref,SHAKE128,e8,Encaps.Dither_U,77898,10,ok,encaps U dither
Frost,128,REFERENCE,ref,SHAKE128,e8,Encaps.Dither_V,35720,10,ok,encaps V dither
Frost,128,REFERENCE,ref,SHAKE128,e8,Encaps.Encode_Message,35149,10,ok,encaps message encoding and add
Frost,128,REFERENCE,ref,SHAKE128,e8,Encaps.Expand_A,25216062,10,ok,encaps A expansion for A^T*R
Frost,128,REFERENCE,ref,SHAKE128,e8,Encaps.FO_Hash,35720,10,ok,G hash h_pk||mu||salt
Frost,128,REFERENCE,ref,SHAKE128,e8,Encaps.KDF,64598,10,ok,encaps final shared-secret hash
Frost,128,REFERENCE,ref,SHAKE128,e8,Encaps.KEM_Total_Profiled,90086748,10,ok,profiling-build encaps total; not official full-KEM timing
Frost,128,REFERENCE,ref,SHAKE128,e8,Encaps.PK_Hash,62889,10,ok,encaps h_pk
Frost,128,REFERENCE,ref,SHAKE128,e8,Encaps.Pack_CT,108299,10,ok,encaps ciphertext packing
Frost,128,REFERENCE,ref,SHAKE128,e8,Encaps.Quant_U,35339,10,ok,encaps U quantization
Frost,128,REFERENCE,ref,SHAKE128,e8,Encaps.Quant_V,33820,10,ok,encaps V quantization
Frost,128,REFERENCE,ref,SHAKE128,e8,Encaps.Recon_PK,34769,10,ok,encaps public-key reconstruction
Frost,128,REFERENCE,ref,SHAKE128,e8,Encaps.Sample_Message,75239,10,ok,randombytes for mu and salt
Frost,128,REFERENCE,ref,SHAKE128,e8,Encaps.Sample_R,34389,10,ok,CBD transform for R
Frost,128,REFERENCE,ref,SHAKE128,e8,Encaps.SeedExpand_R,77518,10,ok,R XOF expansion
Frost,128,REFERENCE,ref,SHAKE128,e8,Encaps.Unpack_PK,71819,10,ok,encaps public-key unpack
Frost,128,REFERENCE,ref,SHAKE128,e8,KeyGen.A_times_S,86828,10,ok,keygen A*S multiplication
Frost,128,REFERENCE,ref,SHAKE128,e8,KeyGen.Dither_PK,77519,10,ok,keygen public-key dither
Frost,128,REFERENCE,ref,SHAKE128,e8,KeyGen.Expand_A,3815308,10,ok,keygen A expansion
Frost,128,REFERENCE,ref,SHAKE128,e8,KeyGen.KEM_Total_Profiled,5629580,10,ok,profiling-build keygen total; not official full-KEM timing
Frost,128,REFERENCE,ref,SHAKE128,e8,KeyGen.PK_Hash,63269,10,ok,keygen h_pk
Frost,128,REFERENCE,ref,SHAKE128,e8,KeyGen.Pack_PK,72578,10,ok,keygen public-key packing
Frost,128,REFERENCE,ref,SHAKE128,e8,KeyGen.Quant_PK,34579,10,ok,keygen public-key quantization
Frost,128,REFERENCE,ref,SHAKE128,e8,KeyGen.Random,77898,10,ok,randombytes for keygen seeds
Frost,128,REFERENCE,ref,SHAKE128,e8,KeyGen.Sample_S,34390,10,ok,CBD transform for S
Frost,128,REFERENCE,ref,SHAKE128,e8,KeyGen.SeedExpand,78848,10,ok,seed_A and S XOF expansion
Frost,192,REFERENCE,ref,SHAKE128,e8,Codec.Message_Decode,1578,10,ok,standalone message decode wrapper=frost_key_decode inner_reps=10000
Frost,192,REFERENCE,ref,SHAKE128,e8,Codec.Message_Encode,470,10,ok,standalone message encode wrapper=frost_key_encode inner_reps=10000
Frost,192,REFERENCE,ref,SHAKE128,e8,Decaps.CT_Compare,36479,20,ok,decaps ciphertext comparison and key select
Frost,192,REFERENCE,ref,SHAKE128,e8,Decaps.Decode_Message,36479,20,ok,decaps message decode
Frost,192,REFERENCE,ref,SHAKE128,e8,Decaps.Dither_U,123877,20,ok,decaps U dither for reconstruction
Frost,192,REFERENCE,ref,SHAKE128,e8,Decaps.Dither_V,35339,20,ok,decaps V dither for reconstruction
Frost,192,REFERENCE,ref,SHAKE128,e8,Decaps.FO_Hash,34959,20,ok,decaps G hash h_pk||muprime||salt
Frost,192,REFERENCE,ref,SHAKE128,e8,Decaps.KDF,100698,20,ok,decaps final shared-secret hash
Frost,192,REFERENCE,ref,SHAKE128,e8,Decaps.KEM_Total_Profiled,158849114,20,ok,profiling-build decaps total; not official full-KEM timing
Frost,192,REFERENCE,ref,SHAKE128,e8,Decaps.ReEnc_AT_times_R,36287508,20,ok,decaps re-encryption A^T*R multiplication
Frost,192,REFERENCE,ref,SHAKE128,e8,Decaps.ReEnc_BhatT_times_R,43699,20,ok,decaps re-encryption B^T*R multiplication
Frost,192,REFERENCE,ref,SHAKE128,e8,Decaps.ReEnc_Dither_PK,123878,20,ok,decaps re-encryption public-key dither
Frost,192,REFERENCE,ref,SHAKE128,e8,Decaps.ReEnc_Dither_U,126157,20,ok,decaps re-encryption U dither
Frost,192,REFERENCE,ref,SHAKE128,e8,Decaps.ReEnc_Dither_V,35339,20,ok,decaps re-encryption V dither
Frost,192,REFERENCE,ref,SHAKE128,e8,Decaps.ReEnc_Expand_A,46957488,20,ok,decaps re-encryption A expansion
Frost,192,REFERENCE,ref,SHAKE128,e8,Decaps.ReEnc_Quant_U,35719,20,ok,decaps re-encryption U quantization
Frost,192,REFERENCE,ref,SHAKE128,e8,Decaps.ReEnc_Quant_V,68588,20,ok,decaps re-encryption V quantization and message add
Frost,192,REFERENCE,ref,SHAKE128,e8,Decaps.ReEnc_Recon_PK,35339,20,ok,decaps re-encryption public-key reconstruction
Frost,192,REFERENCE,ref,SHAKE128,e8,Decaps.ReEnc_Unpack_PK,107538,20,ok,decaps re-encryption public-key unpack
Frost,192,REFERENCE,ref,SHAKE128,e8,Decaps.Recon_U,34580,20,ok,decaps U reconstruction
Frost,192,REFERENCE,ref,SHAKE128,e8,Decaps.Recon_V,33819,20,ok,decaps V reconstruction
Frost,192,REFERENCE,ref,SHAKE128,e8,Decaps.ST_times_U,36099,20,ok,decaps S^T*U multiplication
Frost,192,REFERENCE,ref,SHAKE128,e8,Decaps.Sample_R,33819,20,ok,decaps reenc R CBD transform
Frost,192,REFERENCE,ref,SHAKE128,e8,Decaps.Sample_S,124257,20,ok,decaps regenerate S from sk seed
Frost,192,REFERENCE,ref,SHAKE128,e8,Decaps.SeedExpand_R,123498,20,ok,decaps reenc R XOF expansion
Frost,192,REFERENCE,ref,SHAKE128,e8,Decaps.Unpack_CT,106018,20,ok,decaps ciphertext unpack
Frost,192,REFERENCE,ref,SHAKE128,e8,Encaps.AT_times_R,35617004,10,ok,encaps A^T*R multiplication
Frost,192,REFERENCE,ref,SHAKE128,e8,Encaps.BhatT_times_R,43699,10,ok,encaps B^T*R multiplication
Frost,192,REFERENCE,ref,SHAKE128,e8,Encaps.Dither_PK,123878,10,ok,encaps public-key dither for reconstruction
Frost,192,REFERENCE,ref,SHAKE128,e8,Encaps.Dither_U,126157,10,ok,encaps U dither
Frost,192,REFERENCE,ref,SHAKE128,e8,Encaps.Dither_V,35339,10,ok,encaps V dither
Frost,192,REFERENCE,ref,SHAKE128,e8,Encaps.Encode_Message,34959,10,ok,encaps message encoding and add
Frost,192,REFERENCE,ref,SHAKE128,e8,Encaps.Expand_A,46934686,10,ok,encaps A expansion for A^T*R
Frost,192,REFERENCE,ref,SHAKE128,e8,Encaps.FO_Hash,39709,10,ok,G hash h_pk||mu||salt
Frost,192,REFERENCE,ref,SHAKE128,e8,Encaps.KDF,100318,10,ok,encaps final shared-secret hash
Frost,192,REFERENCE,ref,SHAKE128,e8,Encaps.KEM_Total_Profiled,157225600,10,ok,profiling-build encaps total; not official full-KEM timing
Frost,192,REFERENCE,ref,SHAKE128,e8,Encaps.PK_Hash,112288,10,ok,encaps h_pk
Frost,192,REFERENCE,ref,SHAKE128,e8,Encaps.Pack_CT,143638,10,ok,encaps ciphertext packing
Frost,192,REFERENCE,ref,SHAKE128,e8,Encaps.Quant_U,35339,10,ok,encaps U quantization
Frost,192,REFERENCE,ref,SHAKE128,e8,Encaps.Quant_V,33440,10,ok,encaps V quantization
Frost,192,REFERENCE,ref,SHAKE128,e8,Encaps.Recon_PK,34960,10,ok,encaps public-key reconstruction
Frost,192,REFERENCE,ref,SHAKE128,e8,Encaps.Sample_Message,80938,10,ok,randombytes for mu and salt
Frost,192,REFERENCE,ref,SHAKE128,e8,Encaps.Sample_R,39329,10,ok,CBD transform for R
Frost,192,REFERENCE,ref,SHAKE128,e8,Encaps.SeedExpand_R,139076,10,ok,R XOF expansion
Frost,192,REFERENCE,ref,SHAKE128,e8,Encaps.Unpack_PK,106778,10,ok,encaps public-key unpack
Frost,192,REFERENCE,ref,SHAKE128,e8,KeyGen.A_times_S,308553,10,ok,keygen A*S multiplication
Frost,192,REFERENCE,ref,SHAKE128,e8,KeyGen.Dither_PK,135468,10,ok,keygen public-key dither
Frost,192,REFERENCE,ref,SHAKE128,e8,KeyGen.Expand_A,10675870,10,ok,keygen A expansion
Frost,192,REFERENCE,ref,SHAKE128,e8,KeyGen.KEM_Total_Profiled,13900290,10,ok,profiling-build keygen total; not official full-KEM timing
Frost,192,REFERENCE,ref,SHAKE128,e8,KeyGen.PK_Hash,109627,10,ok,keygen h_pk
Frost,192,REFERENCE,ref,SHAKE128,e8,KeyGen.Pack_PK,122738,10,ok,keygen public-key packing
Frost,192,REFERENCE,ref,SHAKE128,e8,KeyGen.Quant_PK,38949,10,ok,keygen public-key quantization
Frost,192,REFERENCE,ref,SHAKE128,e8,KeyGen.Random,79989,10,ok,randombytes for keygen seeds
Frost,192,REFERENCE,ref,SHAKE128,e8,KeyGen.Sample_S,34579,10,ok,CBD transform for S
Frost,192,REFERENCE,ref,SHAKE128,e8,KeyGen.SeedExpand,132048,10,ok,seed_A and S XOF expansion
Frost,256,REFERENCE,ref,SHAKE128,e8,Codec.Message_Decode,1746,10,ok,standalone message decode wrapper=frost_key_decode inner_reps=10000
Frost,256,REFERENCE,ref,SHAKE128,e8,Codec.Message_Encode,546,10,ok,standalone message encode wrapper=frost_key_encode inner_reps=10000
Frost,256,REFERENCE,ref,SHAKE128,e8,Decaps.CT_Compare,36859,20,ok,decaps ciphertext comparison and key select
Frost,256,REFERENCE,ref,SHAKE128,e8,Decaps.Decode_Message,36859,20,ok,decaps message decode
Frost,256,REFERENCE,ref,SHAKE128,e8,Decaps.Dither_U,169096,20,ok,decaps U dither for reconstruction
Frost,256,REFERENCE,ref,SHAKE128,e8,Decaps.Dither_V,35910,20,ok,decaps V dither for reconstruction
Frost,256,REFERENCE,ref,SHAKE128,e8,Decaps.FO_Hash,35340,20,ok,decaps G hash h_pk||muprime||salt
Frost,256,REFERENCE,ref,SHAKE128,e8,Decaps.KDF,139268,20,ok,decaps final shared-secret hash
Frost,256,REFERENCE,ref,SHAKE128,e8,Decaps.KEM_Total_Profiled,236347304,20,ok,profiling-build decaps total; not official full-KEM timing
Frost,256,REFERENCE,ref,SHAKE128,e8,Decaps.ReEnc_AT_times_R,53369090,20,ok,decaps re-encryption A^T*R multiplication
Frost,256,REFERENCE,ref,SHAKE128,e8,Decaps.ReEnc_BhatT_times_R,48639,20,ok,decaps re-encryption B^T*R multiplication
Frost,256,REFERENCE,ref,SHAKE128,e8,Decaps.ReEnc_Dither_PK,165297,20,ok,decaps re-encryption public-key dither
Frost,256,REFERENCE,ref,SHAKE128,e8,Decaps.ReEnc_Dither_U,167196,20,ok,decaps re-encryption U dither
Frost,256,REFERENCE,ref,SHAKE128,e8,Decaps.ReEnc_Dither_V,35340,20,ok,decaps re-encryption V dither
Frost,256,REFERENCE,ref,SHAKE128,e8,Decaps.ReEnc_Expand_A,75762558,20,ok,decaps re-encryption A expansion
Frost,256,REFERENCE,ref,SHAKE128,e8,Decaps.ReEnc_Quant_U,35719,20,ok,decaps re-encryption U quantization
Frost,256,REFERENCE,ref,SHAKE128,e8,Decaps.ReEnc_Quant_V,68779,20,ok,decaps re-encryption V quantization and message add
Frost,256,REFERENCE,ref,SHAKE128,e8,Decaps.ReEnc_Recon_PK,36099,20,ok,decaps re-encryption public-key reconstruction
Frost,256,REFERENCE,ref,SHAKE128,e8,Decaps.ReEnc_Unpack_PK,154086,20,ok,decaps re-encryption public-key unpack
Frost,256,REFERENCE,ref,SHAKE128,e8,Decaps.Recon_U,35530,20,ok,decaps U reconstruction
Frost,256,REFERENCE,ref,SHAKE128,e8,Decaps.Recon_V,33820,20,ok,decaps V reconstruction
Frost,256,REFERENCE,ref,SHAKE128,e8,Decaps.ST_times_U,39139,20,ok,decaps S^T*U multiplication
Frost,256,REFERENCE,ref,SHAKE128,e8,Decaps.Sample_R,34770,20,ok,decaps reenc R CBD transform
Frost,256,REFERENCE,ref,SHAKE128,e8,Decaps.Sample_S,166057,20,ok,decaps regenerate S from sk seed
Frost,256,REFERENCE,ref,SHAKE128,e8,Decaps.SeedExpand_R,165106,20,ok,decaps reenc R XOF expansion
Frost,256,REFERENCE,ref,SHAKE128,e8,Decaps.Unpack_CT,126157,20,ok,decaps ciphertext unpack
Frost,256,REFERENCE,ref,SHAKE128,e8,Encaps.AT_times_R,53030534,10,ok,encaps A^T*R multiplication
Frost,256,REFERENCE,ref,SHAKE128,e8,Encaps.BhatT_times_R,48639,10,ok,encaps B^T*R multiplication
Frost,256,REFERENCE,ref,SHAKE128,e8,Encaps.Dither_PK,165488,10,ok,encaps public-key dither for reconstruction
Frost,256,REFERENCE,ref,SHAKE128,e8,Encaps.Dither_U,167387,10,ok,encaps U dither
Frost,256,REFERENCE,ref,SHAKE128,e8,Encaps.Dither_V,35340,10,ok,encaps V dither
Frost,256,REFERENCE,ref,SHAKE128,e8,Encaps.Encode_Message,35339,10,ok,encaps message encoding and add
Frost,256,REFERENCE,ref,SHAKE128,e8,Encaps.Expand_A,74340455,10,ok,encaps A expansion for A^T*R
Frost,256,REFERENCE,ref,SHAKE128,e8,Encaps.FO_Hash,36100,10,ok,G hash h_pk||mu||salt
Frost,256,REFERENCE,ref,SHAKE128,e8,Encaps.KDF,139268,10,ok,encaps final shared-secret hash
Frost,256,REFERENCE,ref,SHAKE128,e8,Encaps.KEM_Total_Profiled,234310168,10,ok,profiling-build encaps total; not official full-KEM timing
Frost,256,REFERENCE,ref,SHAKE128,e8,Encaps.PK_Hash,146867,10,ok,encaps h_pk
Frost,256,REFERENCE,ref,SHAKE128,e8,Encaps.Pack_CT,166816,10,ok,encaps ciphertext packing
Frost,256,REFERENCE,ref,SHAKE128,e8,Encaps.Quant_U,35909,10,ok,encaps U quantization
Frost,256,REFERENCE,ref,SHAKE128,e8,Encaps.Quant_V,33629,10,ok,encaps V quantization
Frost,256,REFERENCE,ref,SHAKE128,e8,Encaps.Recon_PK,35529,10,ok,encaps public-key reconstruction
Frost,256,REFERENCE,ref,SHAKE128,e8,Encaps.Sample_Message,81698,10,ok,randombytes for mu and salt
Frost,256,REFERENCE,ref,SHAKE128,e8,Encaps.Sample_R,34959,10,ok,CBD transform for R
Frost,256,REFERENCE,ref,SHAKE128,e8,Encaps.SeedExpand_R,165866,10,ok,R XOF expansion
Frost,256,REFERENCE,ref,SHAKE128,e8,Encaps.Unpack_PK,153706,10,ok,encaps public-key unpack
Frost,256,REFERENCE,ref,SHAKE128,e8,KeyGen.A_times_S,1019518,10,ok,keygen A*S multiplication
Frost,256,REFERENCE,ref,SHAKE128,e8,KeyGen.Dither_PK,167386,10,ok,keygen public-key dither
Frost,256,REFERENCE,ref,SHAKE128,e8,KeyGen.Expand_A,21277452,10,ok,keygen A expansion
Frost,256,REFERENCE,ref,SHAKE128,e8,KeyGen.KEM_Total_Profiled,27772652,10,ok,profiling-build keygen total; not official full-KEM timing
Frost,256,REFERENCE,ref,SHAKE128,e8,KeyGen.PK_Hash,147246,10,ok,keygen h_pk
Frost,256,REFERENCE,ref,SHAKE128,e8,KeyGen.Pack_PK,155797,10,ok,keygen public-key packing
Frost,256,REFERENCE,ref,SHAKE128,e8,KeyGen.Quant_PK,36670,10,ok,keygen public-key quantization
Frost,256,REFERENCE,ref,SHAKE128,e8,KeyGen.Random,79418,10,ok,randombytes for keygen seeds
Frost,256,REFERENCE,ref,SHAKE128,e8,KeyGen.Sample_S,34580,10,ok,CBD transform for S
Frost,256,REFERENCE,ref,SHAKE128,e8,KeyGen.SeedExpand,166816,10,ok,seed_A and S XOF expansion
Frost,384,REFERENCE,ref,SHAKE128,e8,Codec.Message_Decode,2618,10,ok,standalone message decode wrapper=frost_key_decode inner_reps=10000
Frost,384,REFERENCE,ref,SHAKE128,e8,Codec.Message_Encode,816,10,ok,standalone message encode wrapper=frost_key_encode inner_reps=10000
Frost,384,REFERENCE,ref,SHAKE128,e8,Decaps.CT_Compare,39519,20,ok,decaps ciphertext comparison and key select
Frost,384,REFERENCE,ref,SHAKE128,e8,Decaps.Decode_Message,37619,20,ok,decaps message decode
Frost,384,REFERENCE,ref,SHAKE128,e8,Decaps.Dither_U,230656,20,ok,decaps U dither for reconstruction
Frost,384,REFERENCE,ref,SHAKE128,e8,Decaps.Dither_V,36479,20,ok,decaps V dither for reconstruction
Frost,384,REFERENCE,ref,SHAKE128,e8,Decaps.FO_Hash,36099,20,ok,decaps G hash h_pk||muprime||salt
Frost,384,REFERENCE,ref,SHAKE128,e8,Decaps.KDF,203486,20,ok,decaps final shared-secret hash
Frost,384,REFERENCE,ref,SHAKE128,e8,Decaps.KEM_Total_Profiled,371224067,20,ok,profiling-build decaps total; not official full-KEM timing
Frost,384,REFERENCE,ref,SHAKE128,e8,Decaps.ReEnc_AT_times_R,80730598,20,ok,decaps re-encryption A^T*R multiplication
Frost,384,REFERENCE,ref,SHAKE128,e8,Decaps.ReEnc_BhatT_times_R,117418,20,ok,decaps re-encryption B^T*R multiplication
Frost,384,REFERENCE,ref,SHAKE128,e8,Decaps.ReEnc_Dither_PK,328693,20,ok,decaps re-encryption public-key dither
Frost,384,REFERENCE,ref,SHAKE128,e8,Decaps.ReEnc_Dither_U,233124,20,ok,decaps re-encryption U dither
Frost,384,REFERENCE,ref,SHAKE128,e8,Decaps.ReEnc_Dither_V,36289,20,ok,decaps re-encryption V dither
Frost,384,REFERENCE,ref,SHAKE128,e8,Decaps.ReEnc_Expand_A,129983038,20,ok,decaps re-encryption A expansion
Frost,384,REFERENCE,ref,SHAKE128,e8,Decaps.ReEnc_Quant_U,37239,20,ok,decaps re-encryption U quantization
Frost,384,REFERENCE,ref,SHAKE128,e8,Decaps.ReEnc_Quant_V,68778,20,ok,decaps re-encryption V quantization and message add
Frost,384,REFERENCE,ref,SHAKE128,e8,Decaps.ReEnc_Recon_PK,39329,20,ok,decaps re-encryption public-key reconstruction
Frost,384,REFERENCE,ref,SHAKE128,e8,Decaps.ReEnc_Unpack_PK,302474,20,ok,decaps re-encryption public-key unpack
Frost,384,REFERENCE,ref,SHAKE128,e8,Decaps.Recon_U,35910,20,ok,decaps U reconstruction
Frost,384,REFERENCE,ref,SHAKE128,e8,Decaps.Recon_V,33819,20,ok,decaps V reconstruction
Frost,384,REFERENCE,ref,SHAKE128,e8,Decaps.ST_times_U,44459,20,ok,decaps S^T*U multiplication
Frost,384,REFERENCE,ref,SHAKE128,e8,Decaps.Sample_R,34959,20,ok,decaps reenc R CBD transform
Frost,384,REFERENCE,ref,SHAKE128,e8,Decaps.Sample_S,329262,20,ok,decaps regenerate S from sk seed
Frost,384,REFERENCE,ref,SHAKE128,e8,Decaps.SeedExpand_R,229515,20,ok,decaps reenc R XOF expansion
Frost,384,REFERENCE,ref,SHAKE128,e8,Decaps.Unpack_CT,209756,20,ok,decaps ciphertext unpack
Frost,384,REFERENCE,ref,SHAKE128,e8,Encaps.AT_times_R,79930136,10,ok,encaps A^T*R multiplication
Frost,384,REFERENCE,ref,SHAKE128,e8,Encaps.BhatT_times_R,117417,10,ok,encaps B^T*R multiplication
Frost,384,REFERENCE,ref,SHAKE128,e8,Encaps.Dither_PK,329452,10,ok,encaps public-key dither for reconstruction
Frost,384,REFERENCE,ref,SHAKE128,e8,Encaps.Dither_U,232744,10,ok,encaps U dither
Frost,384,REFERENCE,ref,SHAKE128,e8,Encaps.Dither_V,36670,10,ok,encaps V dither
Frost,384,REFERENCE,ref,SHAKE128,e8,Encaps.Encode_Message,35720,10,ok,encaps message encoding and add
Frost,384,REFERENCE,ref,SHAKE128,e8,Encaps.Expand_A,125636892,10,ok,encaps A expansion for A^T*R
Frost,384,REFERENCE,ref,SHAKE128,e8,Encaps.FO_Hash,36100,10,ok,G hash h_pk||mu||salt
Frost,384,REFERENCE,ref,SHAKE128,e8,Encaps.KDF,215076,10,ok,encaps final shared-secret hash
Frost,384,REFERENCE,ref,SHAKE128,e8,Encaps.KEM_Total_Profiled,363498833,10,ok,profiling-build encaps total; not official full-KEM timing
Frost,384,REFERENCE,ref,SHAKE128,e8,Encaps.PK_Hash,284424,10,ok,encaps h_pk
Frost,384,REFERENCE,ref,SHAKE128,e8,Encaps.Pack_CT,251935,10,ok,encaps ciphertext packing
Frost,384,REFERENCE,ref,SHAKE128,e8,Encaps.Quant_U,38000,10,ok,encaps U quantization
Frost,384,REFERENCE,ref,SHAKE128,e8,Encaps.Quant_V,35719,10,ok,encaps V quantization
Frost,384,REFERENCE,ref,SHAKE128,e8,Encaps.Recon_PK,38949,10,ok,encaps public-key reconstruction
Frost,384,REFERENCE,ref,SHAKE128,e8,Encaps.Sample_Message,79039,10,ok,randombytes for mu and salt
Frost,384,REFERENCE,ref,SHAKE128,e8,Encaps.Sample_R,34959,10,ok,CBD transform for R
Frost,384,REFERENCE,ref,SHAKE128,e8,Encaps.SeedExpand_R,228946,10,ok,R XOF expansion
Frost,384,REFERENCE,ref,SHAKE128,e8,Encaps.Unpack_PK,319574,10,ok,encaps public-key unpack
Frost,384,REFERENCE,ref,SHAKE128,e8,KeyGen.A_times_S,3278950,10,ok,keygen A*S multiplication
Frost,384,REFERENCE,ref,SHAKE128,e8,KeyGen.Dither_PK,330593,10,ok,keygen public-key dither
Frost,384,REFERENCE,ref,SHAKE128,e8,KeyGen.Expand_A,46831710,10,ok,keygen A expansion
Frost,384,REFERENCE,ref,SHAKE128,e8,KeyGen.KEM_Total_Profiled,59060417,10,ok,profiling-build keygen total; not official full-KEM timing
Frost,384,REFERENCE,ref,SHAKE128,e8,KeyGen.PK_Hash,285564,10,ok,keygen h_pk
Frost,384,REFERENCE,ref,SHAKE128,e8,KeyGen.Pack_PK,305703,10,ok,keygen public-key packing
Frost,384,REFERENCE,ref,SHAKE128,e8,KeyGen.Quant_PK,39329,10,ok,keygen public-key quantization
Frost,384,REFERENCE,ref,SHAKE128,e8,KeyGen.Random,81128,10,ok,randombytes for keygen seeds
Frost,384,REFERENCE,ref,SHAKE128,e8,KeyGen.Sample_S,34959,10,ok,CBD transform for S
Frost,384,REFERENCE,ref,SHAKE128,e8,KeyGen.SeedExpand,328693,10,ok,seed_A and S XOF expansion
Frost,512,REFERENCE,ref,SHAKE128,e8,Codec.Message_Decode,3606,10,ok,standalone message decode wrapper=frost_key_decode inner_reps=10000
Frost,512,REFERENCE,ref,SHAKE128,e8,Codec.Message_Encode,1123,10,ok,standalone message encode wrapper=frost_key_encode inner_reps=10000
Frost,512,REFERENCE,ref,SHAKE128,e8,Decaps.CT_Compare,38760,20,ok,decaps ciphertext comparison and key select
Frost,512,REFERENCE,ref,SHAKE128,e8,Decaps.Decode_Message,39519,20,ok,decaps message decode
Frost,512,REFERENCE,ref,SHAKE128,e8,Decaps.Dither_U,297533,20,ok,decaps U dither for reconstruction
Frost,512,REFERENCE,ref,SHAKE128,e8,Decaps.Dither_V,36479,20,ok,decaps V dither for reconstruction
Frost,512,REFERENCE,ref,SHAKE128,e8,Decaps.FO_Hash,37239,20,ok,decaps G hash h_pk||muprime||salt
Frost,512,REFERENCE,ref,SHAKE128,e8,Decaps.KDF,279293,20,ok,decaps final shared-secret hash
Frost,512,REFERENCE,ref,SHAKE128,e8,Decaps.KEM_Total_Profiled,520546218,20,ok,profiling-build decaps total; not official full-KEM timing
Frost,512,REFERENCE,ref,SHAKE128,e8,Decaps.ReEnc_AT_times_R,109132112,20,ok,decaps re-encryption A^T*R multiplication
Frost,512,REFERENCE,ref,SHAKE128,e8,Decaps.ReEnc_BhatT_times_R,63838,20,ok,decaps re-encryption B^T*R multiplication
Frost,512,REFERENCE,ref,SHAKE128,e8,Decaps.ReEnc_Dither_PK,562388,20,ok,decaps re-encryption public-key dither
Frost,512,REFERENCE,ref,SHAKE128,e8,Decaps.ReEnc_Dither_U,301143,20,ok,decaps re-encryption U dither
Frost,512,REFERENCE,ref,SHAKE128,e8,Decaps.ReEnc_Dither_V,36480,20,ok,decaps re-encryption V dither
Frost,512,REFERENCE,ref,SHAKE128,e8,Decaps.ReEnc_Expand_A,193517288,20,ok,decaps re-encryption A expansion
Frost,512,REFERENCE,ref,SHAKE128,e8,Decaps.ReEnc_Quant_U,38379,20,ok,decaps re-encryption U quantization
Frost,512,REFERENCE,ref,SHAKE128,e8,Decaps.ReEnc_Quant_V,69539,20,ok,decaps re-encryption V quantization and message add
Frost,512,REFERENCE,ref,SHAKE128,e8,Decaps.ReEnc_Recon_PK,45029,20,ok,decaps re-encryption public-key reconstruction
Frost,512,REFERENCE,ref,SHAKE128,e8,Decaps.ReEnc_Unpack_PK,567328,20,ok,decaps re-encryption public-key unpack
Frost,512,REFERENCE,ref,SHAKE128,e8,Decaps.Recon_U,36479,20,ok,decaps U reconstruction
Frost,512,REFERENCE,ref,SHAKE128,e8,Decaps.Recon_V,33819,20,ok,decaps V reconstruction
Frost,512,REFERENCE,ref,SHAKE128,e8,Decaps.ST_times_U,51870,20,ok,decaps S^T*U multiplication
Frost,512,REFERENCE,ref,SHAKE128,e8,Decaps.Sample_R,35339,20,ok,decaps reenc R CBD transform
Frost,512,REFERENCE,ref,SHAKE128,e8,Decaps.Sample_S,594687,20,ok,decaps regenerate S from sk seed
Frost,512,REFERENCE,ref,SHAKE128,e8,Decaps.SeedExpand_R,327743,20,ok,decaps reenc R XOF expansion
Frost,512,REFERENCE,ref,SHAKE128,e8,Decaps.Unpack_CT,271314,20,ok,decaps ciphertext unpack
Frost,512,REFERENCE,ref,SHAKE128,e8,Encaps.AT_times_R,109723201,10,ok,encaps A^T*R multiplication
Frost,512,REFERENCE,ref,SHAKE128,e8,Encaps.BhatT_times_R,64220,10,ok,encaps B^T*R multiplication
Frost,512,REFERENCE,ref,SHAKE128,e8,Encaps.Dither_PK,811662,10,ok,encaps public-key dither for reconstruction
Frost,512,REFERENCE,ref,SHAKE128,e8,Encaps.Dither_U,301144,10,ok,encaps U dither
Frost,512,REFERENCE,ref,SHAKE128,e8,Encaps.Dither_V,36670,10,ok,encaps V dither
Frost,512,REFERENCE,ref,SHAKE128,e8,Encaps.Encode_Message,36479,10,ok,encaps message encoding and add
Frost,512,REFERENCE,ref,SHAKE128,e8,Encaps.Expand_A,192679020,10,ok,encaps A expansion for A^T*R
Frost,512,REFERENCE,ref,SHAKE128,e8,Encaps.FO_Hash,37239,10,ok,G hash h_pk||mu||salt
Frost,512,REFERENCE,ref,SHAKE128,e8,Encaps.KDF,279864,10,ok,encaps final shared-secret hash
Frost,512,REFERENCE,ref,SHAKE128,e8,Encaps.KEM_Total_Profiled,521807410,10,ok,profiling-build encaps total; not official full-KEM timing
Frost,512,REFERENCE,ref,SHAKE128,e8,Encaps.PK_Hash,518308,10,ok,encaps h_pk
Frost,512,REFERENCE,ref,SHAKE128,e8,Encaps.Pack_CT,314824,10,ok,encaps ciphertext packing
Frost,512,REFERENCE,ref,SHAKE128,e8,Encaps.Quant_U,38569,10,ok,encaps U quantization
Frost,512,REFERENCE,ref,SHAKE128,e8,Encaps.Quant_V,33819,10,ok,encaps V quantization
Frost,512,REFERENCE,ref,SHAKE128,e8,Encaps.Recon_PK,45599,10,ok,encaps public-key reconstruction
Frost,512,REFERENCE,ref,SHAKE128,e8,Encaps.Sample_Message,81129,10,ok,randombytes for mu and salt
Frost,512,REFERENCE,ref,SHAKE128,e8,Encaps.Sample_R,35339,10,ok,CBD transform for R
Frost,512,REFERENCE,ref,SHAKE128,e8,Encaps.SeedExpand_R,297154,10,ok,R XOF expansion
Frost,512,REFERENCE,ref,SHAKE128,e8,Encaps.Unpack_PK,518119,10,ok,encaps public-key unpack
Frost,512,REFERENCE,ref,SHAKE128,e8,KeyGen.A_times_S,7749933,10,ok,keygen A*S multiplication
Frost,512,REFERENCE,ref,SHAKE128,e8,KeyGen.Dither_PK,565238,10,ok,keygen public-key dither
Frost,512,REFERENCE,ref,SHAKE128,e8,KeyGen.Expand_A,84469519,10,ok,keygen A expansion
Frost,512,REFERENCE,ref,SHAKE128,e8,KeyGen.KEM_Total_Profiled,107938573,10,ok,profiling-build keygen total; not official full-KEM timing
Frost,512,REFERENCE,ref,SHAKE128,e8,KeyGen.PK_Hash,519449,10,ok,keygen h_pk
Frost,512,REFERENCE,ref,SHAKE128,e8,KeyGen.Pack_PK,524008,10,ok,keygen public-key packing
Frost,512,REFERENCE,ref,SHAKE128,e8,KeyGen.Quant_PK,47688,10,ok,keygen public-key quantization
Frost,512,REFERENCE,ref,SHAKE128,e8,KeyGen.Random,80938,10,ok,randombytes for keygen seeds
Frost,512,REFERENCE,ref,SHAKE128,e8,KeyGen.Sample_S,36289,10,ok,CBD transform for S
Frost,512,REFERENCE,ref,SHAKE128,e8,KeyGen.SeedExpand,561628,10,ok,seed_A and S XOF expansion
Frost,128,FAST,avx2_u16,SHAKE128,e8,Codec.Message_Decode,1820,10,ok,standalone message decode wrapper=frost_key_decode inner_reps=10000
Frost,128,FAST,avx2_u16,SHAKE128,e8,Codec.Message_Encode,405,10,ok,standalone message encode wrapper=frost_key_encode inner_reps=10000
Frost,128,FAST,avx2_u16,SHAKE128,e8,Decaps.CT_Compare,34199,20,ok,decaps ciphertext comparison and key select
Frost,128,FAST,avx2_u16,SHAKE128,e8,Decaps.Decode_Message,35720,20,ok,decaps message decode
Frost,128,FAST,avx2_u16,SHAKE128,e8,Decaps.Dither_U,77138,20,ok,decaps U dither for reconstruction
Frost,128,FAST,avx2_u16,SHAKE128,e8,Decaps.Dither_V,34959,20,ok,decaps V dither for reconstruction
Frost,128,FAST,avx2_u16,SHAKE128,e8,Decaps.FO_Hash,34959,20,ok,decaps G hash h_pk||muprime||salt
Frost,128,FAST,avx2_u16,SHAKE128,e8,Decaps.KDF,63459,20,ok,decaps final shared-secret hash
Frost,128,FAST,avx2_u16,SHAKE128,e8,Decaps.KEM_Total_Profiled,13394711,20,ok,profiling-build decaps total; not official full-KEM timing
Frost,128,FAST,avx2_u16,SHAKE128,e8,Decaps.ReEnc_AT_times_R,2322888,20,ok,decaps re-encryption A^T*R multiplication
Frost,128,FAST,avx2_u16,SHAKE128,e8,Decaps.ReEnc_BhatT_times_R,38759,20,ok,decaps re-encryption B^T*R multiplication
Frost,128,FAST,avx2_u16,SHAKE128,e8,Decaps.ReEnc_Dither_PK,77138,20,ok,decaps re-encryption public-key dither
Frost,128,FAST,avx2_u16,SHAKE128,e8,Decaps.ReEnc_Dither_U,77708,20,ok,decaps re-encryption U dither
Frost,128,FAST,avx2_u16,SHAKE128,e8,Decaps.ReEnc_Dither_V,34960,20,ok,decaps re-encryption V dither
Frost,128,FAST,avx2_u16,SHAKE128,e8,Decaps.ReEnc_Expand_A,3514736,20,ok,decaps re-encryption A expansion
Frost,128,FAST,avx2_u16,SHAKE128,e8,Decaps.ReEnc_Quant_U,33819,20,ok,decaps re-encryption U quantization
Frost,128,FAST,avx2_u16,SHAKE128,e8,Decaps.ReEnc_Quant_V,67638,20,ok,decaps re-encryption V quantization and message add
Frost,128,FAST,avx2_u16,SHAKE128,e8,Decaps.ReEnc_Recon_PK,33820,20,ok,decaps re-encryption public-key reconstruction
Frost,128,FAST,avx2_u16,SHAKE128,e8,Decaps.ReEnc_Unpack_PK,71059,20,ok,decaps re-encryption public-key unpack
Frost,128,FAST,avx2_u16,SHAKE128,e8,Decaps.Recon_U,33820,20,ok,decaps U reconstruction
Frost,128,FAST,avx2_u16,SHAKE128,e8,Decaps.Recon_V,33250,20,ok,decaps V reconstruction
Frost,128,FAST,avx2_u16,SHAKE128,e8,Decaps.ST_times_U,34579,20,ok,decaps S^T*U multiplication
Frost,128,FAST,avx2_u16,SHAKE128,e8,Decaps.Sample_R,33440,20,ok,decaps reenc R CBD transform
Frost,128,FAST,avx2_u16,SHAKE128,e8,Decaps.Sample_S,77139,20,ok,decaps regenerate S from sk seed
Frost,128,FAST,avx2_u16,SHAKE128,e8,Decaps.SeedExpand_R,76569,20,ok,decaps reenc R XOF expansion
Frost,128,FAST,avx2_u16,SHAKE128,e8,Decaps.Unpack_CT,71438,20,ok,decaps ciphertext unpack
Frost,128,FAST,avx2_u16,SHAKE128,e8,Encaps.AT_times_R,2657662,10,ok,encaps A^T*R multiplication
Frost,128,FAST,avx2_u16,SHAKE128,e8,Encaps.BhatT_times_R,39139,10,ok,encaps B^T*R multiplication
Frost,128,FAST,avx2_u16,SHAKE128,e8,Encaps.Dither_PK,77328,10,ok,encaps public-key dither for reconstruction
Frost,128,FAST,avx2_u16,SHAKE128,e8,Encaps.Dither_U,80178,10,ok,encaps U dither
Frost,128,FAST,avx2_u16,SHAKE128,e8,Encaps.Dither_V,34959,10,ok,encaps V dither
Frost,128,FAST,avx2_u16,SHAKE128,e8,Encaps.Encode_Message,34199,10,ok,encaps message encoding and add
Frost,128,FAST,avx2_u16,SHAKE128,e8,Encaps.Expand_A,3684211,10,ok,encaps A expansion for A^T*R
Frost,128,FAST,avx2_u16,SHAKE128,e8,Encaps.FO_Hash,34959,10,ok,G hash h_pk||mu||salt
Frost,128,FAST,avx2_u16,SHAKE128,e8,Encaps.KDF,63838,10,ok,encaps final shared-secret hash
Frost,128,FAST,avx2_u16,SHAKE128,e8,Encaps.KEM_Total_Profiled,13071528,10,ok,profiling-build encaps total; not official full-KEM timing
Frost,128,FAST,avx2_u16,SHAKE128,e8,Encaps.PK_Hash,62318,10,ok,encaps h_pk
Frost,128,FAST,avx2_u16,SHAKE128,e8,Encaps.Pack_CT,115708,10,ok,encaps ciphertext packing
Frost,128,FAST,avx2_u16,SHAKE128,e8,Encaps.Quant_U,34390,10,ok,encaps U quantization
Frost,128,FAST,avx2_u16,SHAKE128,e8,Encaps.Quant_V,33060,10,ok,encaps V quantization
Frost,128,FAST,avx2_u16,SHAKE128,e8,Encaps.Recon_PK,34009,10,ok,encaps public-key reconstruction
Frost,128,FAST,avx2_u16,SHAKE128,e8,Encaps.Sample_Message,73340,10,ok,randombytes for mu and salt
Frost,128,FAST,avx2_u16,SHAKE128,e8,Encaps.Sample_R,33819,10,ok,CBD transform for R
Frost,128,FAST,avx2_u16,SHAKE128,e8,Encaps.SeedExpand_R,76948,10,ok,R XOF expansion
Frost,128,FAST,avx2_u16,SHAKE128,e8,Encaps.Unpack_PK,70868,10,ok,encaps public-key unpack
Frost,128,FAST,avx2_u16,SHAKE128,e8,KeyGen.A_times_S,5142239,10,ok,keygen A*S multiplication
Frost,128,FAST,avx2_u16,SHAKE128,e8,KeyGen.Dither_PK,80178,10,ok,keygen public-key dither
Frost,128,FAST,avx2_u16,SHAKE128,e8,KeyGen.Expand_A,6240990,10,ok,keygen A expansion
Frost,128,FAST,avx2_u16,SHAKE128,e8,KeyGen.KEM_Total_Profiled,22614263,10,ok,profiling-build keygen total; not official full-KEM timing
Frost,128,FAST,avx2_u16,SHAKE128,e8,KeyGen.PK_Hash,62888,10,ok,keygen h_pk
Frost,128,FAST,avx2_u16,SHAKE128,e8,KeyGen.Pack_PK,72388,10,ok,keygen public-key packing
Frost,128,FAST,avx2_u16,SHAKE128,e8,KeyGen.Quant_PK,34390,10,ok,keygen public-key quantization
Frost,128,FAST,avx2_u16,SHAKE128,e8,KeyGen.Random,73338,10,ok,randombytes for keygen seeds
Frost,128,FAST,avx2_u16,SHAKE128,e8,KeyGen.Sample_S,33440,10,ok,CBD transform for S
Frost,128,FAST,avx2_u16,SHAKE128,e8,KeyGen.SeedExpand,79988,10,ok,seed_A and S XOF expansion
Frost,192,FAST,avx2_u16,SHAKE128,e8,Codec.Message_Decode,1626,10,ok,standalone message decode wrapper=frost_key_decode inner_reps=10000
Frost,192,FAST,avx2_u16,SHAKE128,e8,Codec.Message_Encode,502,10,ok,standalone message encode wrapper=frost_key_encode inner_reps=10000
Frost,192,FAST,avx2_u16,SHAKE128,e8,Decaps.CT_Compare,34960,20,ok,decaps ciphertext comparison and key select
Frost,192,FAST,avx2_u16,SHAKE128,e8,Decaps.Decode_Message,36100,20,ok,decaps message decode
Frost,192,FAST,avx2_u16,SHAKE128,e8,Decaps.Dither_U,123498,20,ok,decaps U dither for reconstruction
Frost,192,FAST,avx2_u16,SHAKE128,e8,Decaps.Dither_V,35150,20,ok,decaps V dither for reconstruction
Frost,192,FAST,avx2_u16,SHAKE128,e8,Decaps.FO_Hash,34580,20,ok,decaps G hash h_pk||muprime||salt
Frost,192,FAST,avx2_u16,SHAKE128,e8,Decaps.KDF,99368,20,ok,decaps final shared-secret hash
Frost,192,FAST,avx2_u16,SHAKE128,e8,Decaps.KEM_Total_Profiled,23216550,20,ok,profiling-build decaps total; not official full-KEM timing
Frost,192,FAST,avx2_u16,SHAKE128,e8,Decaps.ReEnc_AT_times_R,4748570,20,ok,decaps re-encryption A^T*R multiplication
Frost,192,FAST,avx2_u16,SHAKE128,e8,Decaps.ReEnc_BhatT_times_R,42939,20,ok,decaps re-encryption B^T*R multiplication
Frost,192,FAST,avx2_u16,SHAKE128,e8,Decaps.ReEnc_Dither_PK,123877,20,ok,decaps re-encryption public-key dither
Frost,192,FAST,avx2_u16,SHAKE128,e8,Decaps.ReEnc_Dither_U,124637,20,ok,decaps re-encryption U dither
Frost,192,FAST,avx2_u16,SHAKE128,e8,Decaps.ReEnc_Dither_V,34959,20,ok,decaps re-encryption V dither
Frost,192,FAST,avx2_u16,SHAKE128,e8,Decaps.ReEnc_Expand_A,7292048,20,ok,decaps re-encryption A expansion
Frost,192,FAST,avx2_u16,SHAKE128,e8,Decaps.ReEnc_Quant_U,34959,20,ok,decaps re-encryption U quantization
Frost,192,FAST,avx2_u16,SHAKE128,e8,Decaps.ReEnc_Quant_V,67068,20,ok,decaps re-encryption V quantization and message add
Frost,192,FAST,avx2_u16,SHAKE128,e8,Decaps.ReEnc_Recon_PK,34579,20,ok,decaps re-encryption public-key reconstruction
Frost,192,FAST,avx2_u16,SHAKE128,e8,Decaps.ReEnc_Unpack_PK,106398,20,ok,decaps re-encryption public-key unpack
Frost,192,FAST,avx2_u16,SHAKE128,e8,Decaps.Recon_U,34199,20,ok,decaps U reconstruction
Frost,192,FAST,avx2_u16,SHAKE128,e8,Decaps.Recon_V,33059,20,ok,decaps V reconstruction
Frost,192,FAST,avx2_u16,SHAKE128,e8,Decaps.ST_times_U,35719,20,ok,decaps S^T*U multiplication
Frost,192,FAST,avx2_u16,SHAKE128,e8,Decaps.Sample_R,33630,20,ok,decaps reenc R CBD transform
Frost,192,FAST,avx2_u16,SHAKE128,e8,Decaps.Sample_S,124068,20,ok,decaps regenerate S from sk seed
Frost,192,FAST,avx2_u16,SHAKE128,e8,Decaps.SeedExpand_R,123308,20,ok,decaps reenc R XOF expansion
Frost,192,FAST,avx2_u16,SHAKE128,e8,Decaps.Unpack_CT,106398,20,ok,decaps ciphertext unpack
Frost,192,FAST,avx2_u16,SHAKE128,e8,Encaps.AT_times_R,4738692,10,ok,encaps A^T*R multiplication
Frost,192,FAST,avx2_u16,SHAKE128,e8,Encaps.BhatT_times_R,43890,10,ok,encaps B^T*R multiplication
Frost,192,FAST,avx2_u16,SHAKE128,e8,Encaps.Dither_PK,124068,10,ok,encaps public-key dither for reconstruction
Frost,192,FAST,avx2_u16,SHAKE128,e8,Encaps.Dither_U,124828,10,ok,encaps U dither
Frost,192,FAST,avx2_u16,SHAKE128,e8,Encaps.Dither_V,35150,10,ok,encaps V dither
Frost,192,FAST,avx2_u16,SHAKE128,e8,Encaps.Encode_Message,34579,10,ok,encaps message encoding and add
Frost,192,FAST,avx2_u16,SHAKE128,e8,Encaps.Expand_A,7440238,10,ok,encaps A expansion for A^T*R
Frost,192,FAST,avx2_u16,SHAKE128,e8,Encaps.FO_Hash,35530,10,ok,G hash h_pk||mu||salt
Frost,192,FAST,avx2_u16,SHAKE128,e8,Encaps.KDF,99747,10,ok,encaps final shared-secret hash
Frost,192,FAST,avx2_u16,SHAKE128,e8,Encaps.KEM_Total_Profiled,22683611,10,ok,profiling-build encaps total; not official full-KEM timing
Frost,192,FAST,avx2_u16,SHAKE128,e8,Encaps.PK_Hash,99559,10,ok,encaps h_pk
Frost,192,FAST,avx2_u16,SHAKE128,e8,Encaps.Pack_CT,142878,10,ok,encaps ciphertext packing
Frost,192,FAST,avx2_u16,SHAKE128,e8,Encaps.Quant_U,35340,10,ok,encaps U quantization
Frost,192,FAST,avx2_u16,SHAKE128,e8,Encaps.Quant_V,33439,10,ok,encaps V quantization
Frost,192,FAST,avx2_u16,SHAKE128,e8,Encaps.Recon_PK,34769,10,ok,encaps public-key reconstruction
Frost,192,FAST,avx2_u16,SHAKE128,e8,Encaps.Sample_Message,74478,10,ok,randombytes for mu and salt
Frost,192,FAST,avx2_u16,SHAKE128,e8,Encaps.Sample_R,33819,10,ok,CBD transform for R
Frost,192,FAST,avx2_u16,SHAKE128,e8,Encaps.SeedExpand_R,123877,10,ok,R XOF expansion
Frost,192,FAST,avx2_u16,SHAKE128,e8,Encaps.Unpack_PK,106018,10,ok,encaps public-key unpack
Frost,192,FAST,avx2_u16,SHAKE128,e8,KeyGen.A_times_S,9355397,10,ok,keygen A*S multiplication
Frost,192,FAST,avx2_u16,SHAKE128,e8,KeyGen.Dither_PK,125207,10,ok,keygen public-key dither
Frost,192,FAST,avx2_u16,SHAKE128,e8,KeyGen.Expand_A,11291068,10,ok,keygen A expansion
Frost,192,FAST,avx2_u16,SHAKE128,e8,KeyGen.KEM_Total_Profiled,38857392,10,ok,profiling-build keygen total; not official full-KEM timing
Frost,192,FAST,avx2_u16,SHAKE128,e8,KeyGen.PK_Hash,100128,10,ok,keygen h_pk
Frost,192,FAST,avx2_u16,SHAKE128,e8,KeyGen.Pack_PK,108488,10,ok,keygen public-key packing
Frost,192,FAST,avx2_u16,SHAKE128,e8,KeyGen.Quant_PK,35530,10,ok,keygen public-key quantization
Frost,192,FAST,avx2_u16,SHAKE128,e8,KeyGen.Random,75998,10,ok,randombytes for keygen seeds
Frost,192,FAST,avx2_u16,SHAKE128,e8,KeyGen.Sample_S,33820,10,ok,CBD transform for S
Frost,192,FAST,avx2_u16,SHAKE128,e8,KeyGen.SeedExpand,124827,10,ok,seed_A and S XOF expansion
Frost,256,FAST,avx2_u16,SHAKE128,e8,Codec.Message_Decode,1778,10,ok,standalone message decode wrapper=frost_key_decode inner_reps=10000
Frost,256,FAST,avx2_u16,SHAKE128,e8,Codec.Message_Encode,629,10,ok,standalone message encode wrapper=frost_key_encode inner_reps=10000
Frost,256,FAST,avx2_u16,SHAKE128,e8,Decaps.CT_Compare,36669,20,ok,decaps ciphertext comparison and key select
Frost,256,FAST,avx2_u16,SHAKE128,e8,Decaps.Decode_Message,36669,20,ok,decaps message decode
Frost,256,FAST,avx2_u16,SHAKE128,e8,Decaps.Dither_U,165296,20,ok,decaps U dither for reconstruction
Frost,256,FAST,avx2_u16,SHAKE128,e8,Decaps.Dither_V,35719,20,ok,decaps V dither for reconstruction
Frost,256,FAST,avx2_u16,SHAKE128,e8,Decaps.FO_Hash,35339,20,ok,decaps G hash h_pk||muprime||salt
Frost,256,FAST,avx2_u16,SHAKE128,e8,Decaps.KDF,138697,20,ok,decaps final shared-secret hash
Frost,256,FAST,avx2_u16,SHAKE128,e8,Decaps.KEM_Total_Profiled,36068252,20,ok,profiling-build decaps total; not official full-KEM timing
Frost,256,FAST,avx2_u16,SHAKE128,e8,Decaps.ReEnc_AT_times_R,7307432,20,ok,decaps re-encryption A^T*R multiplication
Frost,256,FAST,avx2_u16,SHAKE128,e8,Decaps.ReEnc_BhatT_times_R,47879,20,ok,decaps re-encryption B^T*R multiplication
Frost,256,FAST,avx2_u16,SHAKE128,e8,Decaps.ReEnc_Dither_PK,165676,20,ok,decaps re-encryption public-key dither
Frost,256,FAST,avx2_u16,SHAKE128,e8,Decaps.ReEnc_Dither_U,166436,20,ok,decaps re-encryption U dither
Frost,256,FAST,avx2_u16,SHAKE128,e8,Decaps.ReEnc_Dither_V,35339,20,ok,decaps re-encryption V dither
Frost,256,FAST,avx2_u16,SHAKE128,e8,Decaps.ReEnc_Expand_A,12100648,20,ok,decaps re-encryption A expansion
Frost,256,FAST,avx2_u16,SHAKE128,e8,Decaps.ReEnc_Quant_U,35719,20,ok,decaps re-encryption U quantization
Frost,256,FAST,avx2_u16,SHAKE128,e8,Decaps.ReEnc_Quant_V,68588,20,ok,decaps re-encryption V quantization and message add
Frost,256,FAST,avx2_u16,SHAKE128,e8,Decaps.ReEnc_Recon_PK,35909,20,ok,decaps re-encryption public-key reconstruction
Frost,256,FAST,avx2_u16,SHAKE128,e8,Decaps.ReEnc_Unpack_PK,152186,20,ok,decaps re-encryption public-key unpack
Frost,256,FAST,avx2_u16,SHAKE128,e8,Decaps.Recon_U,35339,20,ok,decaps U reconstruction
Frost,256,FAST,avx2_u16,SHAKE128,e8,Decaps.Recon_V,33819,20,ok,decaps V reconstruction
Frost,256,FAST,avx2_u16,SHAKE128,e8,Decaps.ST_times_U,38949,20,ok,decaps S^T*U multiplication
Frost,256,FAST,avx2_u16,SHAKE128,e8,Decaps.Sample_R,34390,20,ok,decaps reenc R CBD transform
Frost,256,FAST,avx2_u16,SHAKE128,e8,Decaps.Sample_S,165866,20,ok,decaps regenerate S from sk seed
Frost,256,FAST,avx2_u16,SHAKE128,e8,Decaps.SeedExpand_R,165297,20,ok,decaps reenc R XOF expansion
Frost,256,FAST,avx2_u16,SHAKE128,e8,Decaps.Unpack_CT,125777,20,ok,decaps ciphertext unpack
Frost,256,FAST,avx2_u16,SHAKE128,e8,Encaps.AT_times_R,6896664,10,ok,encaps A^T*R multiplication
Frost,256,FAST,avx2_u16,SHAKE128,e8,Encaps.BhatT_times_R,48069,10,ok,encaps B^T*R multiplication
Frost,256,FAST,avx2_u16,SHAKE128,e8,Encaps.Dither_PK,165106,10,ok,encaps public-key dither for reconstruction
Frost,256,FAST,avx2_u16,SHAKE128,e8,Encaps.Dither_U,166627,10,ok,encaps U dither
Frost,256,FAST,avx2_u16,SHAKE128,e8,Encaps.Dither_V,35149,10,ok,encaps V dither
Frost,256,FAST,avx2_u16,SHAKE128,e8,Encaps.Encode_Message,34770,10,ok,encaps message encoding and add
Frost,256,FAST,avx2_u16,SHAKE128,e8,Encaps.Expand_A,12068538,10,ok,encaps A expansion for A^T*R
Frost,256,FAST,avx2_u16,SHAKE128,e8,Encaps.FO_Hash,35150,10,ok,G hash h_pk||mu||salt
Frost,256,FAST,avx2_u16,SHAKE128,e8,Encaps.KDF,150667,10,ok,encaps final shared-secret hash
Frost,256,FAST,avx2_u16,SHAKE128,e8,Encaps.KEM_Total_Profiled,34657912,10,ok,profiling-build encaps total; not official full-KEM timing
Frost,256,FAST,avx2_u16,SHAKE128,e8,Encaps.PK_Hash,146487,10,ok,encaps h_pk
Frost,256,FAST,avx2_u16,SHAKE128,e8,Encaps.Pack_CT,166056,10,ok,encaps ciphertext packing
Frost,256,FAST,avx2_u16,SHAKE128,e8,Encaps.Quant_U,35530,10,ok,encaps U quantization
Frost,256,FAST,avx2_u16,SHAKE128,e8,Encaps.Quant_V,36100,10,ok,encaps V quantization
Frost,256,FAST,avx2_u16,SHAKE128,e8,Encaps.Recon_PK,35150,10,ok,encaps public-key reconstruction
Frost,256,FAST,avx2_u16,SHAKE128,e8,Encaps.Sample_Message,75809,10,ok,randombytes for mu and salt
Frost,256,FAST,avx2_u16,SHAKE128,e8,Encaps.Sample_R,34769,10,ok,CBD transform for R
Frost,256,FAST,avx2_u16,SHAKE128,e8,Encaps.SeedExpand_R,164917,10,ok,R XOF expansion
Frost,256,FAST,avx2_u16,SHAKE128,e8,Encaps.Unpack_PK,151808,10,ok,encaps public-key unpack
Frost,256,FAST,avx2_u16,SHAKE128,e8,KeyGen.A_times_S,13478878,10,ok,keygen A*S multiplication
Frost,256,FAST,avx2_u16,SHAKE128,e8,KeyGen.Dither_PK,166816,10,ok,keygen public-key dither
Frost,256,FAST,avx2_u16,SHAKE128,e8,KeyGen.Expand_A,18523078,10,ok,keygen A expansion
Frost,256,FAST,avx2_u16,SHAKE128,e8,KeyGen.KEM_Total_Profiled,59897920,10,ok,profiling-build keygen total; not official full-KEM timing
Frost,256,FAST,avx2_u16,SHAKE128,e8,KeyGen.PK_Hash,147246,10,ok,keygen h_pk
Frost,256,FAST,avx2_u16,SHAKE128,e8,KeyGen.Pack_PK,155607,10,ok,keygen public-key packing
Frost,256,FAST,avx2_u16,SHAKE128,e8,KeyGen.Quant_PK,36479,10,ok,keygen public-key quantization
Frost,256,FAST,avx2_u16,SHAKE128,e8,KeyGen.Random,77518,10,ok,randombytes for keygen seeds
Frost,256,FAST,avx2_u16,SHAKE128,e8,KeyGen.Sample_S,34959,10,ok,CBD transform for S
Frost,256,FAST,avx2_u16,SHAKE128,e8,KeyGen.SeedExpand,167006,10,ok,seed_A and S XOF expansion
Frost,384,FAST,avx2_u16,SHAKE128,e8,Codec.Message_Decode,2603,10,ok,standalone message decode wrapper=frost_key_decode inner_reps=10000
Frost,384,FAST,avx2_u16,SHAKE128,e8,Codec.Message_Encode,852,10,ok,standalone message encode wrapper=frost_key_encode inner_reps=10000
Frost,384,FAST,avx2_u16,SHAKE128,e8,Decaps.CT_Compare,36859,20,ok,decaps ciphertext comparison and key select
Frost,384,FAST,avx2_u16,SHAKE128,e8,Decaps.Decode_Message,37430,20,ok,decaps message decode
Frost,384,FAST,avx2_u16,SHAKE128,e8,Decaps.Dither_U,232365,20,ok,decaps U dither for reconstruction
Frost,384,FAST,avx2_u16,SHAKE128,e8,Decaps.Dither_V,36290,20,ok,decaps V dither for reconstruction
Frost,384,FAST,avx2_u16,SHAKE128,e8,Decaps.FO_Hash,35720,20,ok,decaps G hash h_pk||muprime||salt
Frost,384,FAST,avx2_u16,SHAKE128,e8,Decaps.KDF,202726,20,ok,decaps final shared-secret hash
Frost,384,FAST,avx2_u16,SHAKE128,e8,Decaps.KEM_Total_Profiled,55929094,20,ok,profiling-build decaps total; not official full-KEM timing
Frost,384,FAST,avx2_u16,SHAKE128,e8,Decaps.ReEnc_AT_times_R,11093858,20,ok,decaps re-encryption A^T*R multiplication
Frost,384,FAST,avx2_u16,SHAKE128,e8,Decaps.ReEnc_BhatT_times_R,116088,20,ok,decaps re-encryption B^T*R multiplication
Frost,384,FAST,avx2_u16,SHAKE128,e8,Decaps.ReEnc_Dither_PK,327932,20,ok,decaps re-encryption public-key dither
Frost,384,FAST,avx2_u16,SHAKE128,e8,Decaps.ReEnc_Dither_U,232176,20,ok,decaps re-encryption U dither
Frost,384,FAST,avx2_u16,SHAKE128,e8,Decaps.ReEnc_Dither_V,36099,20,ok,decaps re-encryption V dither
Frost,384,FAST,avx2_u16,SHAKE128,e8,Decaps.ReEnc_Expand_A,20838558,20,ok,decaps re-encryption A expansion
Frost,384,FAST,avx2_u16,SHAKE128,e8,Decaps.ReEnc_Quant_U,36670,20,ok,decaps re-encryption U quantization
Frost,384,FAST,avx2_u16,SHAKE128,e8,Decaps.ReEnc_Quant_V,68018,20,ok,decaps re-encryption V quantization and message add
Frost,384,FAST,avx2_u16,SHAKE128,e8,Decaps.ReEnc_Recon_PK,37239,20,ok,decaps re-encryption public-key reconstruction
Frost,384,FAST,avx2_u16,SHAKE128,e8,Decaps.ReEnc_Unpack_PK,299433,20,ok,decaps re-encryption public-key unpack
Frost,384,FAST,avx2_u16,SHAKE128,e8,Decaps.Recon_U,35720,20,ok,decaps U reconstruction
Frost,384,FAST,avx2_u16,SHAKE128,e8,Decaps.Recon_V,33630,20,ok,decaps V reconstruction
Frost,384,FAST,avx2_u16,SHAKE128,e8,Decaps.ST_times_U,44459,20,ok,decaps S^T*U multiplication
Frost,384,FAST,avx2_u16,SHAKE128,e8,Decaps.Sample_R,34579,20,ok,decaps reenc R CBD transform
Frost,384,FAST,avx2_u16,SHAKE128,e8,Decaps.Sample_S,328882,20,ok,decaps regenerate S from sk seed
Frost,384,FAST,avx2_u16,SHAKE128,e8,Decaps.SeedExpand_R,229136,20,ok,decaps reenc R XOF expansion
Frost,384,FAST,avx2_u16,SHAKE128,e8,Decaps.Unpack_CT,210896,20,ok,decaps ciphertext unpack
Frost,384,FAST,avx2_u16,SHAKE128,e8,Encaps.AT_times_R,11106214,10,ok,encaps A^T*R multiplication
Frost,384,FAST,avx2_u16,SHAKE128,e8,Encaps.BhatT_times_R,117987,10,ok,encaps B^T*R multiplication
Frost,384,FAST,avx2_u16,SHAKE128,e8,Encaps.Dither_PK,403932,10,ok,encaps public-key dither for reconstruction
Frost,384,FAST,avx2_u16,SHAKE128,e8,Encaps.Dither_U,234265,10,ok,encaps U dither
Frost,384,FAST,avx2_u16,SHAKE128,e8,Encaps.Dither_V,37239,10,ok,encaps V dither
Frost,384,FAST,avx2_u16,SHAKE128,e8,Encaps.Encode_Message,35720,10,ok,encaps message encoding and add
Frost,384,FAST,avx2_u16,SHAKE128,e8,Encaps.Expand_A,20392452,10,ok,encaps A expansion for A^T*R
Frost,384,FAST,avx2_u16,SHAKE128,e8,Encaps.FO_Hash,36099,10,ok,G hash h_pk||mu||salt
Frost,384,FAST,avx2_u16,SHAKE128,e8,Encaps.KDF,203675,10,ok,encaps final shared-secret hash
Frost,384,FAST,avx2_u16,SHAKE128,e8,Encaps.KEM_Total_Profiled,55275698,10,ok,profiling-build encaps total; not official full-KEM timing
Frost,384,FAST,avx2_u16,SHAKE128,e8,Encaps.PK_Hash,290694,10,ok,encaps h_pk
Frost,384,FAST,avx2_u16,SHAKE128,e8,Encaps.Pack_CT,252504,10,ok,encaps ciphertext packing
Frost,384,FAST,avx2_u16,SHAKE128,e8,Encaps.Quant_U,37619,10,ok,encaps U quantization
Frost,384,FAST,avx2_u16,SHAKE128,e8,Encaps.Quant_V,33820,10,ok,encaps V quantization
Frost,384,FAST,avx2_u16,SHAKE128,e8,Encaps.Recon_PK,40849,10,ok,encaps public-key reconstruction
Frost,384,FAST,avx2_u16,SHAKE128,e8,Encaps.Sample_Message,79038,10,ok,randombytes for mu and salt
Frost,384,FAST,avx2_u16,SHAKE128,e8,Encaps.Sample_R,35150,10,ok,CBD transform for R
Frost,384,FAST,avx2_u16,SHAKE128,e8,Encaps.SeedExpand_R,232364,10,ok,R XOF expansion
Frost,384,FAST,avx2_u16,SHAKE128,e8,Encaps.Unpack_PK,299244,10,ok,encaps public-key unpack
Frost,384,FAST,avx2_u16,SHAKE128,e8,KeyGen.A_times_S,21240978,10,ok,keygen A*S multiplication
Frost,384,FAST,avx2_u16,SHAKE128,e8,KeyGen.Dither_PK,333253,10,ok,keygen public-key dither
Frost,384,FAST,avx2_u16,SHAKE128,e8,KeyGen.Expand_A,31218606,10,ok,keygen A expansion
Frost,384,FAST,avx2_u16,SHAKE128,e8,KeyGen.KEM_Total_Profiled,93110722,10,ok,profiling-build keygen total; not official full-KEM timing
Frost,384,FAST,avx2_u16,SHAKE128,e8,KeyGen.PK_Hash,304183,10,ok,keygen h_pk
Frost,384,FAST,avx2_u16,SHAKE128,e8,KeyGen.Pack_PK,306274,10,ok,keygen public-key packing
Frost,384,FAST,avx2_u16,SHAKE128,e8,KeyGen.Quant_PK,42749,10,ok,keygen public-key quantization
Frost,384,FAST,avx2_u16,SHAKE128,e8,KeyGen.Random,78088,10,ok,randombytes for keygen seeds
Frost,384,FAST,avx2_u16,SHAKE128,e8,KeyGen.Sample_S,35339,10,ok,CBD transform for S
Frost,384,FAST,avx2_u16,SHAKE128,e8,KeyGen.SeedExpand,328693,10,ok,seed_A and S XOF expansion
Frost,512,FAST,avx2_u16,SHAKE128,e8,Codec.Message_Decode,3454,10,ok,standalone message decode wrapper=frost_key_decode inner_reps=10000
Frost,512,FAST,avx2_u16,SHAKE128,e8,Codec.Message_Encode,1060,10,ok,standalone message encode wrapper=frost_key_encode inner_reps=10000
Frost,512,FAST,avx2_u16,SHAKE128,e8,Decaps.CT_Compare,37999,20,ok,decaps ciphertext comparison and key select
Frost,512,FAST,avx2_u16,SHAKE128,e8,Decaps.Decode_Message,38570,20,ok,decaps message decode
Frost,512,FAST,avx2_u16,SHAKE128,e8,Decaps.Dither_U,297914,20,ok,decaps U dither for reconstruction
Frost,512,FAST,avx2_u16,SHAKE128,e8,Decaps.Dither_V,36669,20,ok,decaps V dither for reconstruction
Frost,512,FAST,avx2_u16,SHAKE128,e8,Decaps.FO_Hash,37429,20,ok,decaps G hash h_pk||muprime||salt
Frost,512,FAST,avx2_u16,SHAKE128,e8,Decaps.KDF,278534,20,ok,decaps final shared-secret hash
Frost,512,FAST,avx2_u16,SHAKE128,e8,Decaps.KEM_Total_Profiled,81114572,20,ok,profiling-build decaps total; not official full-KEM timing
Frost,512,FAST,avx2_u16,SHAKE128,e8,Decaps.ReEnc_AT_times_R,16040020,20,ok,decaps re-encryption A^T*R multiplication
Frost,512,FAST,avx2_u16,SHAKE128,e8,Decaps.ReEnc_BhatT_times_R,63080,20,ok,decaps re-encryption B^T*R multiplication
Frost,512,FAST,avx2_u16,SHAKE128,e8,Decaps.ReEnc_Dither_PK,561248,20,ok,decaps re-encryption public-key dither
Frost,512,FAST,avx2_u16,SHAKE128,e8,Decaps.ReEnc_Dither_U,299434,20,ok,decaps re-encryption U dither
Frost,512,FAST,avx2_u16,SHAKE128,e8,Decaps.ReEnc_Dither_V,36479,20,ok,decaps re-encryption V dither
Frost,512,FAST,avx2_u16,SHAKE128,e8,Decaps.ReEnc_Expand_A,32852944,20,ok,decaps re-encryption A expansion
Frost,512,FAST,avx2_u16,SHAKE128,e8,Decaps.ReEnc_Quant_U,37239,20,ok,decaps re-encryption U quantization
Frost,512,FAST,avx2_u16,SHAKE128,e8,Decaps.ReEnc_Quant_V,68588,20,ok,decaps re-encryption V quantization and message add
Frost,512,FAST,avx2_u16,SHAKE128,e8,Decaps.ReEnc_Recon_PK,41800,20,ok,decaps re-encryption public-key reconstruction
Frost,512,FAST,avx2_u16,SHAKE128,e8,Decaps.ReEnc_Unpack_PK,503299,20,ok,decaps re-encryption public-key unpack
Frost,512,FAST,avx2_u16,SHAKE128,e8,Decaps.Recon_U,36669,20,ok,decaps U reconstruction
Frost,512,FAST,avx2_u16,SHAKE128,e8,Decaps.Recon_V,33819,20,ok,decaps V reconstruction
Frost,512,FAST,avx2_u16,SHAKE128,e8,Decaps.ST_times_U,52058,20,ok,decaps S^T*U multiplication
Frost,512,FAST,avx2_u16,SHAKE128,e8,Decaps.Sample_R,35339,20,ok,decaps reenc R CBD transform
Frost,512,FAST,avx2_u16,SHAKE128,e8,Decaps.Sample_S,568848,20,ok,decaps regenerate S from sk seed
Frost,512,FAST,avx2_u16,SHAKE128,e8,Decaps.SeedExpand_R,297344,20,ok,decaps reenc R XOF expansion
Frost,512,FAST,avx2_u16,SHAKE128,e8,Decaps.Unpack_CT,269414,20,ok,decaps ciphertext unpack
Frost,512,FAST,avx2_u16,SHAKE128,e8,Encaps.AT_times_R,15811452,10,ok,encaps A^T*R multiplication
Frost,512,FAST,avx2_u16,SHAKE128,e8,Encaps.BhatT_times_R,63080,10,ok,encaps B^T*R multiplication
Frost,512,FAST,avx2_u16,SHAKE128,e8,Encaps.Dither_PK,561248,10,ok,encaps public-key dither for reconstruction
Frost,512,FAST,avx2_u16,SHAKE128,e8,Encaps.Dither_U,300954,10,ok,encaps U dither
Frost,512,FAST,avx2_u16,SHAKE128,e8,Encaps.Dither_V,36480,10,ok,encaps V dither
Frost,512,FAST,avx2_u16,SHAKE128,e8,Encaps.Encode_Message,36100,10,ok,encaps message encoding and add
Frost,512,FAST,avx2_u16,SHAKE128,e8,Encaps.Expand_A,32764991,10,ok,encaps A expansion for A^T*R
Frost,512,FAST,avx2_u16,SHAKE128,e8,Encaps.FO_Hash,36859,10,ok,G hash h_pk||mu||salt
Frost,512,FAST,avx2_u16,SHAKE128,e8,Encaps.KDF,299243,10,ok,encaps final shared-secret hash
Frost,512,FAST,avx2_u16,SHAKE128,e8,Encaps.KEM_Total_Profiled,79864967,10,ok,profiling-build encaps total; not official full-KEM timing
Frost,512,FAST,avx2_u16,SHAKE128,e8,Encaps.PK_Hash,527808,10,ok,encaps h_pk
Frost,512,FAST,avx2_u16,SHAKE128,e8,Encaps.Pack_CT,316153,10,ok,encaps ciphertext packing
Frost,512,FAST,avx2_u16,SHAKE128,e8,Encaps.Quant_U,37619,10,ok,encaps U quantization
Frost,512,FAST,avx2_u16,SHAKE128,e8,Encaps.Quant_V,35529,10,ok,encaps V quantization
Frost,512,FAST,avx2_u16,SHAKE128,e8,Encaps.Recon_PK,41229,10,ok,encaps public-key reconstruction
Frost,512,FAST,avx2_u16,SHAKE128,e8,Encaps.Sample_Message,79038,10,ok,randombytes for mu and salt
Frost,512,FAST,avx2_u16,SHAKE128,e8,Encaps.Sample_R,34960,10,ok,CBD transform for R
Frost,512,FAST,avx2_u16,SHAKE128,e8,Encaps.SeedExpand_R,300954,10,ok,R XOF expansion
Frost,512,FAST,avx2_u16,SHAKE128,e8,Encaps.Unpack_PK,607227,10,ok,encaps public-key unpack
Frost,512,FAST,avx2_u16,SHAKE128,e8,KeyGen.A_times_S,29399773,10,ok,keygen A*S multiplication
Frost,512,FAST,avx2_u16,SHAKE128,e8,KeyGen.Dither_PK,634586,10,ok,keygen public-key dither
Frost,512,FAST,avx2_u16,SHAKE128,e8,KeyGen.Expand_A,46115806,10,ok,keygen A expansion
Frost,512,FAST,avx2_u16,SHAKE128,e8,KeyGen.KEM_Total_Profiled,131541574,10,ok,profiling-build keygen total; not official full-KEM timing
Frost,512,FAST,avx2_u16,SHAKE128,e8,KeyGen.PK_Hash,539779,10,ok,keygen h_pk
Frost,512,FAST,avx2_u16,SHAKE128,e8,KeyGen.Pack_PK,523629,10,ok,keygen public-key packing
Frost,512,FAST,avx2_u16,SHAKE128,e8,KeyGen.Quant_PK,43699,10,ok,keygen public-key quantization
Frost,512,FAST,avx2_u16,SHAKE128,e8,KeyGen.Random,79988,10,ok,randombytes for keygen seeds
Frost,512,FAST,avx2_u16,SHAKE128,e8,KeyGen.Sample_S,36479,10,ok,CBD transform for S
Frost,512,FAST,avx2_u16,SHAKE128,e8,KeyGen.SeedExpand,655106,10,ok,seed_A and S XOF expansion
