scheme,level,mode,implementation_backend,matrix_backend,message_codec,component,cycles,iterations,status,notes
Frost,128,REFERENCE,ref,AES128,scalar,Codec.Message_Decode,62,10,ok,standalone message decode wrapper=frost_key_decode inner_reps=10000
Frost,128,REFERENCE,ref,AES128,scalar,Codec.Message_Encode,58,10,ok,standalone message encode wrapper=frost_key_encode inner_reps=10000
Frost,128,REFERENCE,ref,AES128,scalar,Decaps.CT_Compare,798,20,ok,decaps ciphertext comparison and key select
Frost,128,REFERENCE,ref,AES128,scalar,Decaps.Decode_Message,304,20,ok,decaps message decode
Frost,128,REFERENCE,ref,AES128,scalar,Decaps.Dither_U,42883,20,ok,decaps U dither for reconstruction
Frost,128,REFERENCE,ref,AES128,scalar,Decaps.Dither_V,1254,20,ok,decaps V dither for reconstruction
Frost,128,REFERENCE,ref,AES128,scalar,Decaps.FO_Hash,1216,20,ok,decaps G hash h_pk||muprime||salt
Frost,128,REFERENCE,ref,AES128,scalar,Decaps.KDF,29545,20,ok,decaps final shared-secret hash
Frost,128,REFERENCE,ref,AES128,scalar,Decaps.KEM_Total_Profiled,1067458,20,ok,profiling-build decaps total; not official full-KEM timing
Frost,128,REFERENCE,ref,AES128,scalar,Decaps.ReEnc_AT_times_R,126692,20,ok,decaps re-encryption A^T*R multiplication
Frost,128,REFERENCE,ref,AES128,scalar,Decaps.ReEnc_BhatT_times_R,5415,20,ok,decaps re-encryption B^T*R multiplication
Frost,128,REFERENCE,ref,AES128,scalar,Decaps.ReEnc_Dither_PK,43111,20,ok,decaps re-encryption public-key dither
Frost,128,REFERENCE,ref,AES128,scalar,Decaps.ReEnc_Dither_U,43453,20,ok,decaps re-encryption U dither
Frost,128,REFERENCE,ref,AES128,scalar,Decaps.ReEnc_Dither_V,1292,20,ok,decaps re-encryption V dither
Frost,128,REFERENCE,ref,AES128,scalar,Decaps.ReEnc_Expand_A,223801,20,ok,decaps re-encryption A expansion
Frost,128,REFERENCE,ref,AES128,scalar,Decaps.ReEnc_Quant_U,513,20,ok,decaps re-encryption U quantization
Frost,128,REFERENCE,ref,AES128,scalar,Decaps.ReEnc_Quant_V,494,20,ok,decaps re-encryption V quantization and message add
Frost,128,REFERENCE,ref,AES128,scalar,Decaps.ReEnc_Recon_PK,570,20,ok,decaps re-encryption public-key reconstruction
Frost,128,REFERENCE,ref,AES128,scalar,Decaps.ReEnc_Unpack_PK,37259,20,ok,decaps re-encryption public-key unpack
Frost,128,REFERENCE,ref,AES128,scalar,Decaps.Recon_U,513,20,ok,decaps U reconstruction
Frost,128,REFERENCE,ref,AES128,scalar,Decaps.Recon_V,228,20,ok,decaps V reconstruction
Frost,128,REFERENCE,ref,AES128,scalar,Decaps.ST_times_U,912,20,ok,decaps S^T*U multiplication
Frost,128,REFERENCE,ref,AES128,scalar,Decaps.Sample_R,494,20,ok,decaps reenc R CBD transform
Frost,128,REFERENCE,ref,AES128,scalar,Decaps.Sample_S,43320,20,ok,decaps regenerate S from sk seed
Frost,128,REFERENCE,ref,AES128,scalar,Decaps.SeedExpand_R,42826,20,ok,decaps reenc R XOF expansion
Frost,128,REFERENCE,ref,AES128,scalar,Decaps.Unpack_CT,37734,20,ok,decaps ciphertext unpack
Frost,128,REFERENCE,ref,AES128,scalar,Encaps.AT_times_R,125932,10,ok,encaps A^T*R multiplication
Frost,128,REFERENCE,ref,AES128,scalar,Encaps.BhatT_times_R,5339,10,ok,encaps B^T*R multiplication
Frost,128,REFERENCE,ref,AES128,scalar,Encaps.Dither_PK,42902,10,ok,encaps public-key dither for reconstruction
Frost,128,REFERENCE,ref,AES128,scalar,Encaps.Dither_U,42959,10,ok,encaps U dither
Frost,128,REFERENCE,ref,AES128,scalar,Encaps.Dither_V,1235,10,ok,encaps V dither
Frost,128,REFERENCE,ref,AES128,scalar,Encaps.Encode_Message,380,10,ok,encaps message encoding and add
Frost,128,REFERENCE,ref,AES128,scalar,Encaps.Expand_A,219203,10,ok,encaps A expansion for A^T*R
Frost,128,REFERENCE,ref,AES128,scalar,Encaps.FO_Hash,1368,10,ok,G hash h_pk||mu||salt
Frost,128,REFERENCE,ref,AES128,scalar,Encaps.KDF,29279,10,ok,encaps final shared-secret hash
Frost,128,REFERENCE,ref,AES128,scalar,Encaps.KEM_Total_Profiled,814397,10,ok,profiling-build encaps total; not official full-KEM timing
Frost,128,REFERENCE,ref,AES128,scalar,Encaps.PK_Hash,28443,10,ok,encaps h_pk
Frost,128,REFERENCE,ref,AES128,scalar,Encaps.Pack_CT,39083,10,ok,encaps ciphertext packing
Frost,128,REFERENCE,ref,AES128,scalar,Encaps.Quant_U,342,10,ok,encaps U quantization
Frost,128,REFERENCE,ref,AES128,scalar,Encaps.Quant_V,190,10,ok,encaps V quantization
Frost,128,REFERENCE,ref,AES128,scalar,Encaps.Recon_PK,437,10,ok,encaps public-key reconstruction
Frost,128,REFERENCE,ref,AES128,scalar,Encaps.Sample_Message,1843,10,ok,randombytes for mu and salt
Frost,128,REFERENCE,ref,AES128,scalar,Encaps.Sample_R,513,10,ok,CBD transform for R
Frost,128,REFERENCE,ref,AES128,scalar,Encaps.SeedExpand_R,42902,10,ok,R XOF expansion
Frost,128,REFERENCE,ref,AES128,scalar,Encaps.Unpack_PK,37050,10,ok,encaps public-key unpack
Frost,128,REFERENCE,ref,AES128,scalar,KeyGen.A_times_S,47044,10,ok,keygen A*S multiplication
Frost,128,REFERENCE,ref,AES128,scalar,KeyGen.Dither_PK,43339,10,ok,keygen public-key dither
Frost,128,REFERENCE,ref,AES128,scalar,KeyGen.Expand_A,150537,10,ok,keygen A expansion
Frost,128,REFERENCE,ref,AES128,scalar,KeyGen.KEM_Total_Profiled,778867,10,ok,profiling-build keygen total; not official full-KEM timing
Frost,128,REFERENCE,ref,AES128,scalar,KeyGen.PK_Hash,28557,10,ok,keygen h_pk
Frost,128,REFERENCE,ref,AES128,scalar,KeyGen.Pack_PK,38532,10,ok,keygen public-key packing
Frost,128,REFERENCE,ref,AES128,scalar,KeyGen.Quant_PK,570,10,ok,keygen public-key quantization
Frost,128,REFERENCE,ref,AES128,scalar,KeyGen.Random,4332,10,ok,randombytes for keygen seeds
Frost,128,REFERENCE,ref,AES128,scalar,KeyGen.Sample_S,532,10,ok,CBD transform for S
Frost,128,REFERENCE,ref,AES128,scalar,KeyGen.SeedExpand,44137,10,ok,seed_A and S XOF expansion
Frost,192,REFERENCE,ref,AES128,scalar,Codec.Message_Decode,56,10,ok,standalone message decode wrapper=frost_key_decode inner_reps=10000
Frost,192,REFERENCE,ref,AES128,scalar,Codec.Message_Encode,44,10,ok,standalone message encode wrapper=frost_key_encode inner_reps=10000
Frost,192,REFERENCE,ref,AES128,scalar,Decaps.CT_Compare,1178,20,ok,decaps ciphertext comparison and key select
Frost,192,REFERENCE,ref,AES128,scalar,Decaps.Decode_Message,418,20,ok,decaps message decode
Frost,192,REFERENCE,ref,AES128,scalar,Decaps.Dither_U,100092,20,ok,decaps U dither for reconstruction
Frost,192,REFERENCE,ref,AES128,scalar,Decaps.Dither_V,1558,20,ok,decaps V dither for reconstruction
Frost,192,REFERENCE,ref,AES128,scalar,Decaps.FO_Hash,1368,20,ok,decaps G hash h_pk||muprime||salt
Frost,192,REFERENCE,ref,AES128,scalar,Decaps.KDF,65626,20,ok,decaps final shared-secret hash
Frost,192,REFERENCE,ref,AES128,scalar,Decaps.KEM_Total_Profiled,2410777,20,ok,profiling-build decaps total; not official full-KEM timing
Frost,192,REFERENCE,ref,AES128,scalar,Decaps.ReEnc_AT_times_R,450395,20,ok,decaps re-encryption A^T*R multiplication
Frost,192,REFERENCE,ref,AES128,scalar,Decaps.ReEnc_BhatT_times_R,9462,20,ok,decaps re-encryption B^T*R multiplication
Frost,192,REFERENCE,ref,AES128,scalar,Decaps.ReEnc_Dither_PK,90250,20,ok,decaps re-encryption public-key dither
Frost,192,REFERENCE,ref,AES128,scalar,Decaps.ReEnc_Dither_U,90915,20,ok,decaps re-encryption U dither
Frost,192,REFERENCE,ref,AES128,scalar,Decaps.ReEnc_Dither_V,1330,20,ok,decaps re-encryption V dither
Frost,192,REFERENCE,ref,AES128,scalar,Decaps.ReEnc_Expand_A,700587,20,ok,decaps re-encryption A expansion
Frost,192,REFERENCE,ref,AES128,scalar,Decaps.ReEnc_Quant_U,1178,20,ok,decaps re-encryption U quantization
Frost,192,REFERENCE,ref,AES128,scalar,Decaps.ReEnc_Quant_V,608,20,ok,decaps re-encryption V quantization and message add
Frost,192,REFERENCE,ref,AES128,scalar,Decaps.ReEnc_Recon_PK,836,20,ok,decaps re-encryption public-key reconstruction
Frost,192,REFERENCE,ref,AES128,scalar,Decaps.ReEnc_Unpack_PK,72276,20,ok,decaps re-encryption public-key unpack
Frost,192,REFERENCE,ref,AES128,scalar,Decaps.Recon_U,855,20,ok,decaps U reconstruction
Frost,192,REFERENCE,ref,AES128,scalar,Decaps.Recon_V,285,20,ok,decaps V reconstruction
Frost,192,REFERENCE,ref,AES128,scalar,Decaps.ST_times_U,3211,20,ok,decaps S^T*U multiplication
Frost,192,REFERENCE,ref,AES128,scalar,Decaps.Sample_R,684,20,ok,decaps reenc R CBD transform
Frost,192,REFERENCE,ref,AES128,scalar,Decaps.Sample_S,99845,20,ok,decaps regenerate S from sk seed
Frost,192,REFERENCE,ref,AES128,scalar,Decaps.SeedExpand_R,97565,20,ok,decaps reenc R XOF expansion
Frost,192,REFERENCE,ref,AES128,scalar,Decaps.Unpack_CT,88559,20,ok,decaps ciphertext unpack
Frost,192,REFERENCE,ref,AES128,scalar,Encaps.AT_times_R,427139,10,ok,encaps A^T*R multiplication
Frost,192,REFERENCE,ref,AES128,scalar,Encaps.BhatT_times_R,11438,10,ok,encaps B^T*R multiplication
Frost,192,REFERENCE,ref,AES128,scalar,Encaps.Dither_PK,101422,10,ok,encaps public-key dither for reconstruction
Frost,192,REFERENCE,ref,AES128,scalar,Encaps.Dither_U,104918,10,ok,encaps U dither
Frost,192,REFERENCE,ref,AES128,scalar,Encaps.Dither_V,1615,10,ok,encaps V dither
Frost,192,REFERENCE,ref,AES128,scalar,Encaps.Encode_Message,836,10,ok,encaps message encoding and add
Frost,192,REFERENCE,ref,AES128,scalar,Encaps.Expand_A,596904,10,ok,encaps A expansion for A^T*R
Frost,192,REFERENCE,ref,AES128,scalar,Encaps.FO_Hash,1615,10,ok,G hash h_pk||mu||salt
Frost,192,REFERENCE,ref,AES128,scalar,Encaps.KDF,74651,10,ok,encaps final shared-secret hash
Frost,192,REFERENCE,ref,AES128,scalar,Encaps.KEM_Total_Profiled,2233108,10,ok,profiling-build encaps total; not official full-KEM timing
Frost,192,REFERENCE,ref,AES128,scalar,Encaps.PK_Hash,67317,10,ok,encaps h_pk
Frost,192,REFERENCE,ref,AES128,scalar,Encaps.Pack_CT,92492,10,ok,encaps ciphertext packing
Frost,192,REFERENCE,ref,AES128,scalar,Encaps.Quant_U,1520,10,ok,encaps U quantization
Frost,192,REFERENCE,ref,AES128,scalar,Encaps.Quant_V,247,10,ok,encaps V quantization
Frost,192,REFERENCE,ref,AES128,scalar,Encaps.Recon_PK,1121,10,ok,encaps public-key reconstruction
Frost,192,REFERENCE,ref,AES128,scalar,Encaps.Sample_Message,4541,10,ok,randombytes for mu and salt
Frost,192,REFERENCE,ref,AES128,scalar,Encaps.Sample_R,779,10,ok,CBD transform for R
Frost,192,REFERENCE,ref,AES128,scalar,Encaps.SeedExpand_R,93537,10,ok,R XOF expansion
Frost,192,REFERENCE,ref,AES128,scalar,Encaps.Unpack_PK,96786,10,ok,encaps public-key unpack
Frost,192,REFERENCE,ref,AES128,scalar,KeyGen.A_times_S,291536,10,ok,keygen A*S multiplication
Frost,192,REFERENCE,ref,AES128,scalar,KeyGen.Dither_PK,95551,10,ok,keygen public-key dither
Frost,192,REFERENCE,ref,AES128,scalar,KeyGen.Expand_A,603744,10,ok,keygen A expansion
Frost,192,REFERENCE,ref,AES128,scalar,KeyGen.KEM_Total_Profiled,2623387,10,ok,profiling-build keygen total; not official full-KEM timing
Frost,192,REFERENCE,ref,AES128,scalar,KeyGen.PK_Hash,68419,10,ok,keygen h_pk
Frost,192,REFERENCE,ref,AES128,scalar,KeyGen.Pack_PK,74480,10,ok,keygen public-key packing
Frost,192,REFERENCE,ref,AES128,scalar,KeyGen.Quant_PK,1501,10,ok,keygen public-key quantization
Frost,192,REFERENCE,ref,AES128,scalar,KeyGen.Random,4750,10,ok,randombytes for keygen seeds
Frost,192,REFERENCE,ref,AES128,scalar,KeyGen.Sample_S,532,10,ok,CBD transform for S
Frost,192,REFERENCE,ref,AES128,scalar,KeyGen.SeedExpand,90820,10,ok,seed_A and S XOF expansion
Frost,256,REFERENCE,ref,AES128,scalar,Codec.Message_Decode,54,10,ok,standalone message decode wrapper=frost_key_decode inner_reps=10000
Frost,256,REFERENCE,ref,AES128,scalar,Codec.Message_Encode,49,10,ok,standalone message encode wrapper=frost_key_encode inner_reps=10000
Frost,256,REFERENCE,ref,AES128,scalar,Decaps.CT_Compare,1748,20,ok,decaps ciphertext comparison and key select
Frost,256,REFERENCE,ref,AES128,scalar,Decaps.Decode_Message,380,20,ok,decaps message decode
Frost,256,REFERENCE,ref,AES128,scalar,Decaps.Dither_U,137712,20,ok,decaps U dither for reconstruction
Frost,256,REFERENCE,ref,AES128,scalar,Decaps.Dither_V,1406,20,ok,decaps V dither for reconstruction
Frost,256,REFERENCE,ref,AES128,scalar,Decaps.FO_Hash,1292,20,ok,decaps G hash h_pk||muprime||salt
Frost,256,REFERENCE,ref,AES128,scalar,Decaps.KDF,104481,20,ok,decaps final shared-secret hash
Frost,256,REFERENCE,ref,AES128,scalar,Decaps.KEM_Total_Profiled,4123399,20,ok,profiling-build decaps total; not official full-KEM timing
Frost,256,REFERENCE,ref,AES128,scalar,Decaps.ReEnc_AT_times_R,923761,20,ok,decaps re-encryption A^T*R multiplication
Frost,256,REFERENCE,ref,AES128,scalar,Decaps.ReEnc_BhatT_times_R,14174,20,ok,decaps re-encryption B^T*R multiplication
Frost,256,REFERENCE,ref,AES128,scalar,Decaps.ReEnc_Dither_PK,131252,20,ok,decaps re-encryption public-key dither
Frost,256,REFERENCE,ref,AES128,scalar,Decaps.ReEnc_Dither_U,131993,20,ok,decaps re-encryption U dither
Frost,256,REFERENCE,ref,AES128,scalar,Decaps.ReEnc_Dither_V,1387,20,ok,decaps re-encryption V dither
Frost,256,REFERENCE,ref,AES128,scalar,Decaps.ReEnc_Expand_A,1398856,20,ok,decaps re-encryption A expansion
Frost,256,REFERENCE,ref,AES128,scalar,Decaps.ReEnc_Quant_U,1786,20,ok,decaps re-encryption U quantization
Frost,256,REFERENCE,ref,AES128,scalar,Decaps.ReEnc_Quant_V,874,20,ok,decaps re-encryption V quantization and message add
Frost,256,REFERENCE,ref,AES128,scalar,Decaps.ReEnc_Recon_PK,1710,20,ok,decaps re-encryption public-key reconstruction
Frost,256,REFERENCE,ref,AES128,scalar,Decaps.ReEnc_Unpack_PK,118807,20,ok,decaps re-encryption public-key unpack
Frost,256,REFERENCE,ref,AES128,scalar,Decaps.Recon_U,1539,20,ok,decaps U reconstruction
Frost,256,REFERENCE,ref,AES128,scalar,Decaps.Recon_V,285,20,ok,decaps V reconstruction
Frost,256,REFERENCE,ref,AES128,scalar,Decaps.ST_times_U,4864,20,ok,decaps S^T*U multiplication
Frost,256,REFERENCE,ref,AES128,scalar,Decaps.Sample_R,874,20,ok,decaps reenc R CBD transform
Frost,256,REFERENCE,ref,AES128,scalar,Decaps.Sample_S,134748,20,ok,decaps regenerate S from sk seed
Frost,256,REFERENCE,ref,AES128,scalar,Decaps.SeedExpand_R,130929,20,ok,decaps reenc R XOF expansion
Frost,256,REFERENCE,ref,AES128,scalar,Decaps.Unpack_CT,100111,20,ok,decaps ciphertext unpack
Frost,256,REFERENCE,ref,AES128,scalar,Encaps.AT_times_R,939182,10,ok,encaps A^T*R multiplication
Frost,256,REFERENCE,ref,AES128,scalar,Encaps.BhatT_times_R,14079,10,ok,encaps B^T*R multiplication
Frost,256,REFERENCE,ref,AES128,scalar,Encaps.Dither_PK,131100,10,ok,encaps public-key dither for reconstruction
Frost,256,REFERENCE,ref,AES128,scalar,Encaps.Dither_U,132145,10,ok,encaps U dither
Frost,256,REFERENCE,ref,AES128,scalar,Encaps.Dither_V,1406,10,ok,encaps V dither
Frost,256,REFERENCE,ref,AES128,scalar,Encaps.Encode_Message,817,10,ok,encaps message encoding and add
Frost,256,REFERENCE,ref,AES128,scalar,Encaps.Expand_A,1364200,10,ok,encaps A expansion for A^T*R
Frost,256,REFERENCE,ref,AES128,scalar,Encaps.FO_Hash,1482,10,ok,G hash h_pk||mu||salt
Frost,256,REFERENCE,ref,AES128,scalar,Encaps.KDF,104367,10,ok,encaps final shared-secret hash
Frost,256,REFERENCE,ref,AES128,scalar,Encaps.KEM_Total_Profiled,3849875,10,ok,profiling-build encaps total; not official full-KEM timing
Frost,256,REFERENCE,ref,AES128,scalar,Encaps.PK_Hash,120916,10,ok,encaps h_pk
Frost,256,REFERENCE,ref,AES128,scalar,Encaps.Pack_CT,97584,10,ok,encaps ciphertext packing
Frost,256,REFERENCE,ref,AES128,scalar,Encaps.Quant_U,1672,10,ok,encaps U quantization
Frost,256,REFERENCE,ref,AES128,scalar,Encaps.Quant_V,228,10,ok,encaps V quantization
Frost,256,REFERENCE,ref,AES128,scalar,Encaps.Recon_PK,1330,10,ok,encaps public-key reconstruction
Frost,256,REFERENCE,ref,AES128,scalar,Encaps.Sample_Message,5643,10,ok,randombytes for mu and salt
Frost,256,REFERENCE,ref,AES128,scalar,Encaps.Sample_R,798,10,ok,CBD transform for R
Frost,256,REFERENCE,ref,AES128,scalar,Encaps.SeedExpand_R,131100,10,ok,R XOF expansion
Frost,256,REFERENCE,ref,AES128,scalar,Encaps.Unpack_PK,116831,10,ok,encaps public-key unpack
Frost,256,REFERENCE,ref,AES128,scalar,KeyGen.A_times_S,709232,10,ok,keygen A*S multiplication
Frost,256,REFERENCE,ref,AES128,scalar,KeyGen.Dither_PK,132259,10,ok,keygen public-key dither
Frost,256,REFERENCE,ref,AES128,scalar,KeyGen.Expand_A,1152878,10,ok,keygen A expansion
Frost,256,REFERENCE,ref,AES128,scalar,KeyGen.KEM_Total_Profiled,5315003,10,ok,profiling-build keygen total; not official full-KEM timing
Frost,256,REFERENCE,ref,AES128,scalar,KeyGen.PK_Hash,112879,10,ok,keygen h_pk
Frost,256,REFERENCE,ref,AES128,scalar,KeyGen.Pack_PK,120213,10,ok,keygen public-key packing
Frost,256,REFERENCE,ref,AES128,scalar,KeyGen.Quant_PK,2299,10,ok,keygen public-key quantization
Frost,256,REFERENCE,ref,AES128,scalar,KeyGen.Random,5225,10,ok,randombytes for keygen seeds
Frost,256,REFERENCE,ref,AES128,scalar,KeyGen.Sample_S,798,10,ok,CBD transform for S
Frost,256,REFERENCE,ref,AES128,scalar,KeyGen.SeedExpand,135926,10,ok,seed_A and S XOF expansion
Frost,384,REFERENCE,ref,AES128,scalar,Codec.Message_Decode,88,10,ok,standalone message decode wrapper=frost_key_decode inner_reps=10000
Frost,384,REFERENCE,ref,AES128,scalar,Codec.Message_Encode,73,10,ok,standalone message encode wrapper=frost_key_encode inner_reps=10000
Frost,384,REFERENCE,ref,AES128,scalar,Decaps.CT_Compare,3705,20,ok,decaps ciphertext comparison and key select
Frost,384,REFERENCE,ref,AES128,scalar,Decaps.Decode_Message,380,20,ok,decaps message decode
Frost,384,REFERENCE,ref,AES128,scalar,Decaps.Dither_U,296058,20,ok,decaps U dither for reconstruction
Frost,384,REFERENCE,ref,AES128,scalar,Decaps.Dither_V,2394,20,ok,decaps V dither for reconstruction
Frost,384,REFERENCE,ref,AES128,scalar,Decaps.FO_Hash,2204,20,ok,decaps G hash h_pk||muprime||salt
Frost,384,REFERENCE,ref,AES128,scalar,Decaps.KDF,251769,20,ok,decaps final shared-secret hash
Frost,384,REFERENCE,ref,AES128,scalar,Decaps.KEM_Total_Profiled,9704048,20,ok,profiling-build decaps total; not official full-KEM timing
Frost,384,REFERENCE,ref,AES128,scalar,Decaps.ReEnc_AT_times_R,3348351,20,ok,decaps re-encryption A^T*R multiplication
Frost,384,REFERENCE,ref,AES128,scalar,Decaps.ReEnc_BhatT_times_R,31331,20,ok,decaps re-encryption B^T*R multiplication
Frost,384,REFERENCE,ref,AES128,scalar,Decaps.ReEnc_Dither_PK,196251,20,ok,decaps re-encryption public-key dither
Frost,384,REFERENCE,ref,AES128,scalar,Decaps.ReEnc_Dither_U,299896,20,ok,decaps re-encryption U dither
Frost,384,REFERENCE,ref,AES128,scalar,Decaps.ReEnc_Dither_V,2223,20,ok,decaps re-encryption V dither
Frost,384,REFERENCE,ref,AES128,scalar,Decaps.ReEnc_Expand_A,3045016,20,ok,decaps re-encryption A expansion
Frost,384,REFERENCE,ref,AES128,scalar,Decaps.ReEnc_Quant_U,4237,20,ok,decaps re-encryption U quantization
Frost,384,REFERENCE,ref,AES128,scalar,Decaps.ReEnc_Quant_V,741,20,ok,decaps re-encryption V quantization and message add
Frost,384,REFERENCE,ref,AES128,scalar,Decaps.ReEnc_Recon_PK,2394,20,ok,decaps re-encryption public-key reconstruction
Frost,384,REFERENCE,ref,AES128,scalar,Decaps.ReEnc_Unpack_PK,181507,20,ok,decaps re-encryption public-key unpack
Frost,384,REFERENCE,ref,AES128,scalar,Decaps.Recon_U,2470,20,ok,decaps U reconstruction
Frost,384,REFERENCE,ref,AES128,scalar,Decaps.Recon_V,304,20,ok,decaps V reconstruction
Frost,384,REFERENCE,ref,AES128,scalar,Decaps.ST_times_U,9823,20,ok,decaps S^T*U multiplication
Frost,384,REFERENCE,ref,AES128,scalar,Decaps.Sample_R,1596,20,ok,decaps reenc R CBD transform
Frost,384,REFERENCE,ref,AES128,scalar,Decaps.Sample_S,196878,20,ok,decaps regenerate S from sk seed
Frost,384,REFERENCE,ref,AES128,scalar,Decaps.SeedExpand_R,292980,20,ok,decaps reenc R XOF expansion
Frost,384,REFERENCE,ref,AES128,scalar,Decaps.Unpack_CT,266114,20,ok,decaps ciphertext unpack
Frost,384,REFERENCE,ref,AES128,scalar,Encaps.AT_times_R,3329389,10,ok,encaps A^T*R multiplication
Frost,384,REFERENCE,ref,AES128,scalar,Encaps.BhatT_times_R,31540,10,ok,encaps B^T*R multiplication
Frost,384,REFERENCE,ref,AES128,scalar,Encaps.Dither_PK,196935,10,ok,encaps public-key dither for reconstruction
Frost,384,REFERENCE,ref,AES128,scalar,Encaps.Dither_U,322487,10,ok,encaps U dither
Frost,384,REFERENCE,ref,AES128,scalar,Encaps.Dither_V,2261,10,ok,encaps V dither
Frost,384,REFERENCE,ref,AES128,scalar,Encaps.Encode_Message,380,10,ok,encaps message encoding and add
Frost,384,REFERENCE,ref,AES128,scalar,Encaps.Expand_A,2853116,10,ok,encaps A expansion for A^T*R
Frost,384,REFERENCE,ref,AES128,scalar,Encaps.FO_Hash,2603,10,ok,G hash h_pk||mu||salt
Frost,384,REFERENCE,ref,AES128,scalar,Encaps.KDF,252206,10,ok,encaps final shared-secret hash
Frost,384,REFERENCE,ref,AES128,scalar,Encaps.KEM_Total_Profiled,8975220,10,ok,profiling-build encaps total; not official full-KEM timing
Frost,384,REFERENCE,ref,AES128,scalar,Encaps.PK_Hash,173375,10,ok,encaps h_pk
Frost,384,REFERENCE,ref,AES128,scalar,Encaps.Pack_CT,315286,10,ok,encaps ciphertext packing
Frost,384,REFERENCE,ref,AES128,scalar,Encaps.Quant_U,4427,10,ok,encaps U quantization
Frost,384,REFERENCE,ref,AES128,scalar,Encaps.Quant_V,228,10,ok,encaps V quantization
Frost,384,REFERENCE,ref,AES128,scalar,Encaps.Recon_PK,2375,10,ok,encaps public-key reconstruction
Frost,384,REFERENCE,ref,AES128,scalar,Encaps.Sample_Message,6498,10,ok,randombytes for mu and salt
Frost,384,REFERENCE,ref,AES128,scalar,Encaps.Sample_R,1615,10,ok,CBD transform for R
Frost,384,REFERENCE,ref,AES128,scalar,Encaps.SeedExpand_R,298395,10,ok,R XOF expansion
Frost,384,REFERENCE,ref,AES128,scalar,Encaps.Unpack_PK,190285,10,ok,encaps public-key unpack
Frost,384,REFERENCE,ref,AES128,scalar,KeyGen.A_times_S,1999294,10,ok,keygen A*S multiplication
Frost,384,REFERENCE,ref,AES128,scalar,KeyGen.Dither_PK,207138,10,ok,keygen public-key dither
Frost,384,REFERENCE,ref,AES128,scalar,KeyGen.Expand_A,2680900,10,ok,keygen A expansion
Frost,384,REFERENCE,ref,AES128,scalar,KeyGen.KEM_Total_Profiled,12689302,10,ok,profiling-build keygen total; not official full-KEM timing
Frost,384,REFERENCE,ref,AES128,scalar,KeyGen.PK_Hash,168245,10,ok,keygen h_pk
Frost,384,REFERENCE,ref,AES128,scalar,KeyGen.Pack_PK,186998,10,ok,keygen public-key packing
Frost,384,REFERENCE,ref,AES128,scalar,KeyGen.Quant_PK,3534,10,ok,keygen public-key quantization
Frost,384,REFERENCE,ref,AES128,scalar,KeyGen.Random,6840,10,ok,randombytes for keygen seeds
Frost,384,REFERENCE,ref,AES128,scalar,KeyGen.Sample_S,722,10,ok,CBD transform for S
Frost,384,REFERENCE,ref,AES128,scalar,KeyGen.SeedExpand,202996,10,ok,seed_A and S XOF expansion
Frost,512,REFERENCE,ref,AES128,scalar,Codec.Message_Decode,68,10,ok,standalone message decode wrapper=frost_key_decode inner_reps=10000
Frost,512,REFERENCE,ref,AES128,scalar,Codec.Message_Encode,45,10,ok,standalone message encode wrapper=frost_key_encode inner_reps=10000
Frost,512,REFERENCE,ref,AES128,scalar,Decaps.CT_Compare,5643,20,ok,decaps ciphertext comparison and key select
Frost,512,REFERENCE,ref,AES128,scalar,Decaps.Decode_Message,1634,20,ok,decaps message decode
Frost,512,REFERENCE,ref,AES128,scalar,Decaps.Dither_U,535743,20,ok,decaps U dither for reconstruction
Frost,512,REFERENCE,ref,AES128,scalar,Decaps.Dither_V,2546,20,ok,decaps V dither for reconstruction
Frost,512,REFERENCE,ref,AES128,scalar,Decaps.FO_Hash,3477,20,ok,decaps G hash h_pk||muprime||salt
Frost,512,REFERENCE,ref,AES128,scalar,Decaps.KDF,486362,20,ok,decaps final shared-secret hash
Frost,512,REFERENCE,ref,AES128,scalar,Decaps.KEM_Total_Profiled,17257833,20,ok,profiling-build decaps total; not official full-KEM timing
Frost,512,REFERENCE,ref,AES128,scalar,Decaps.ReEnc_AT_times_R,7102600,20,ok,decaps re-encryption A^T*R multiplication
Frost,512,REFERENCE,ref,AES128,scalar,Decaps.ReEnc_BhatT_times_R,56905,20,ok,decaps re-encryption B^T*R multiplication
Frost,512,REFERENCE,ref,AES128,scalar,Decaps.ReEnc_Dither_PK,264746,20,ok,decaps re-encryption public-key dither
Frost,512,REFERENCE,ref,AES128,scalar,Decaps.ReEnc_Dither_U,529131,20,ok,decaps re-encryption U dither
Frost,512,REFERENCE,ref,AES128,scalar,Decaps.ReEnc_Dither_V,2508,20,ok,decaps re-encryption V dither
Frost,512,REFERENCE,ref,AES128,scalar,Decaps.ReEnc_Expand_A,4904508,20,ok,decaps re-encryption A expansion
Frost,512,REFERENCE,ref,AES128,scalar,Decaps.ReEnc_Quant_U,6783,20,ok,decaps re-encryption U quantization
Frost,512,REFERENCE,ref,AES128,scalar,Decaps.ReEnc_Quant_V,1026,20,ok,decaps re-encryption V quantization and message add
Frost,512,REFERENCE,ref,AES128,scalar,Decaps.ReEnc_Recon_PK,3154,20,ok,decaps re-encryption public-key reconstruction
Frost,512,REFERENCE,ref,AES128,scalar,Decaps.ReEnc_Unpack_PK,236208,20,ok,decaps re-encryption public-key unpack
Frost,512,REFERENCE,ref,AES128,scalar,Decaps.Recon_U,5890,20,ok,decaps U reconstruction
Frost,512,REFERENCE,ref,AES128,scalar,Decaps.Recon_V,266,20,ok,decaps V reconstruction
Frost,512,REFERENCE,ref,AES128,scalar,Decaps.ST_times_U,18867,20,ok,decaps S^T*U multiplication
Frost,512,REFERENCE,ref,AES128,scalar,Decaps.Sample_R,2793,20,ok,decaps reenc R CBD transform
Frost,512,REFERENCE,ref,AES128,scalar,Decaps.Sample_S,264784,20,ok,decaps regenerate S from sk seed
Frost,512,REFERENCE,ref,AES128,scalar,Decaps.SeedExpand_R,526281,20,ok,decaps reenc R XOF expansion
Frost,512,REFERENCE,ref,AES128,scalar,Decaps.Unpack_CT,470725,20,ok,decaps ciphertext unpack
Frost,512,REFERENCE,ref,AES128,scalar,Encaps.AT_times_R,6920978,10,ok,encaps A^T*R multiplication
Frost,512,REFERENCE,ref,AES128,scalar,Encaps.BhatT_times_R,56734,10,ok,encaps B^T*R multiplication
Frost,512,REFERENCE,ref,AES128,scalar,Encaps.Dither_PK,263834,10,ok,encaps public-key dither for reconstruction
Frost,512,REFERENCE,ref,AES128,scalar,Encaps.Dither_U,554496,10,ok,encaps U dither
Frost,512,REFERENCE,ref,AES128,scalar,Encaps.Dither_V,2242,10,ok,encaps V dither
Frost,512,REFERENCE,ref,AES128,scalar,Encaps.Encode_Message,931,10,ok,encaps message encoding and add
Frost,512,REFERENCE,ref,AES128,scalar,Encaps.Expand_A,5014024,10,ok,encaps A expansion for A^T*R
Frost,512,REFERENCE,ref,AES128,scalar,Encaps.FO_Hash,3591,10,ok,G hash h_pk||mu||salt
Frost,512,REFERENCE,ref,AES128,scalar,Encaps.KDF,540835,10,ok,encaps final shared-secret hash
Frost,512,REFERENCE,ref,AES128,scalar,Encaps.KEM_Total_Profiled,16021180,10,ok,profiling-build encaps total; not official full-KEM timing
Frost,512,REFERENCE,ref,AES128,scalar,Encaps.PK_Hash,242877,10,ok,encaps h_pk
Frost,512,REFERENCE,ref,AES128,scalar,Encaps.Pack_CT,488642,10,ok,encaps ciphertext packing
Frost,512,REFERENCE,ref,AES128,scalar,Encaps.Quant_U,7315,10,ok,encaps U quantization
Frost,512,REFERENCE,ref,AES128,scalar,Encaps.Quant_V,228,10,ok,encaps V quantization
Frost,512,REFERENCE,ref,AES128,scalar,Encaps.Recon_PK,3097,10,ok,encaps public-key reconstruction
Frost,512,REFERENCE,ref,AES128,scalar,Encaps.Sample_Message,9690,10,ok,randombytes for mu and salt
Frost,512,REFERENCE,ref,AES128,scalar,Encaps.Sample_R,2812,10,ok,CBD transform for R
Frost,512,REFERENCE,ref,AES128,scalar,Encaps.SeedExpand_R,526452,10,ok,R XOF expansion
Frost,512,REFERENCE,ref,AES128,scalar,Encaps.Unpack_PK,235638,10,ok,encaps public-key unpack
Frost,512,REFERENCE,ref,AES128,scalar,KeyGen.A_times_S,3553893,10,ok,keygen A*S multiplication
Frost,512,REFERENCE,ref,AES128,scalar,KeyGen.Dither_PK,267360,10,ok,keygen public-key dither
Frost,512,REFERENCE,ref,AES128,scalar,KeyGen.Expand_A,4504558,10,ok,keygen A expansion
Frost,512,REFERENCE,ref,AES128,scalar,KeyGen.KEM_Total_Profiled,20101373,10,ok,profiling-build keygen total; not official full-KEM timing
Frost,512,REFERENCE,ref,AES128,scalar,KeyGen.PK_Hash,243143,10,ok,keygen h_pk
Frost,512,REFERENCE,ref,AES128,scalar,KeyGen.Pack_PK,243998,10,ok,keygen public-key packing
Frost,512,REFERENCE,ref,AES128,scalar,KeyGen.Quant_PK,5339,10,ok,keygen public-key quantization
Frost,512,REFERENCE,ref,AES128,scalar,KeyGen.Random,7486,10,ok,randombytes for keygen seeds
Frost,512,REFERENCE,ref,AES128,scalar,KeyGen.Sample_S,1140,10,ok,CBD transform for S
Frost,512,REFERENCE,ref,AES128,scalar,KeyGen.SeedExpand,264822,10,ok,seed_A and S XOF expansion
Frost,128,FAST,avx2_u16,AES128,scalar,Codec.Message_Decode,62,10,ok,standalone message decode wrapper=frost_key_decode inner_reps=10000
Frost,128,FAST,avx2_u16,AES128,scalar,Codec.Message_Encode,60,10,ok,standalone message encode wrapper=frost_key_encode inner_reps=10000
Frost,128,FAST,avx2_u16,AES128,scalar,Decaps.CT_Compare,779,20,ok,decaps ciphertext comparison and key select
Frost,128,FAST,avx2_u16,AES128,scalar,Decaps.Decode_Message,380,20,ok,decaps message decode
Frost,128,FAST,avx2_u16,AES128,scalar,Decaps.Dither_U,50369,20,ok,decaps U dither for reconstruction
Frost,128,FAST,avx2_u16,AES128,scalar,Decaps.Dither_V,1463,20,ok,decaps V dither for reconstruction
Frost,128,FAST,avx2_u16,AES128,scalar,Decaps.FO_Hash,1463,20,ok,decaps G hash h_pk||muprime||salt
Frost,128,FAST,avx2_u16,AES128,scalar,Decaps.KDF,34333,20,ok,decaps final shared-secret hash
Frost,128,FAST,avx2_u16,AES128,scalar,Decaps.KEM_Total_Profiled,781337,20,ok,profiling-build decaps total; not official full-KEM timing
Frost,128,FAST,avx2_u16,AES128,scalar,Decaps.ReEnc_AT_times_R,80161,20,ok,decaps re-encryption A^T*R multiplication
Frost,128,FAST,avx2_u16,AES128,scalar,Decaps.ReEnc_BhatT_times_R,5282,20,ok,decaps re-encryption B^T*R multiplication
Frost,128,FAST,avx2_u16,AES128,scalar,Decaps.ReEnc_Dither_PK,51851,20,ok,decaps re-encryption public-key dither
Frost,128,FAST,avx2_u16,AES128,scalar,Decaps.ReEnc_Dither_U,51946,20,ok,decaps re-encryption U dither
Frost,128,FAST,avx2_u16,AES128,scalar,Decaps.ReEnc_Dither_V,1444,20,ok,decaps re-encryption V dither
Frost,128,FAST,avx2_u16,AES128,scalar,Decaps.ReEnc_Expand_A,167884,20,ok,decaps re-encryption A expansion
Frost,128,FAST,avx2_u16,AES128,scalar,Decaps.ReEnc_Quant_U,608,20,ok,decaps re-encryption U quantization
Frost,128,FAST,avx2_u16,AES128,scalar,Decaps.ReEnc_Quant_V,570,20,ok,decaps re-encryption V quantization and message add
Frost,128,FAST,avx2_u16,AES128,scalar,Decaps.ReEnc_Recon_PK,589,20,ok,decaps re-encryption public-key reconstruction
Frost,128,FAST,avx2_u16,AES128,scalar,Decaps.ReEnc_Unpack_PK,49875,20,ok,decaps re-encryption public-key unpack
Frost,128,FAST,avx2_u16,AES128,scalar,Decaps.Recon_U,570,20,ok,decaps U reconstruction
Frost,128,FAST,avx2_u16,AES128,scalar,Decaps.Recon_V,266,20,ok,decaps V reconstruction
Frost,128,FAST,avx2_u16,AES128,scalar,Decaps.ST_times_U,1159,20,ok,decaps S^T*U multiplication
Frost,128,FAST,avx2_u16,AES128,scalar,Decaps.Sample_R,608,20,ok,decaps reenc R CBD transform
Frost,128,FAST,avx2_u16,AES128,scalar,Decaps.Sample_S,48659,20,ok,decaps regenerate S from sk seed
Frost,128,FAST,avx2_u16,AES128,scalar,Decaps.SeedExpand_R,49571,20,ok,decaps reenc R XOF expansion
Frost,128,FAST,avx2_u16,AES128,scalar,Decaps.Unpack_CT,49989,20,ok,decaps ciphertext unpack
Frost,128,FAST,avx2_u16,AES128,scalar,Encaps.AT_times_R,75259,10,ok,encaps A^T*R multiplication
Frost,128,FAST,avx2_u16,AES128,scalar,Encaps.BhatT_times_R,6479,10,ok,encaps B^T*R multiplication
Frost,128,FAST,avx2_u16,AES128,scalar,Encaps.Dither_PK,50084,10,ok,encaps public-key dither for reconstruction
Frost,128,FAST,avx2_u16,AES128,scalar,Encaps.Dither_U,49609,10,ok,encaps U dither
Frost,128,FAST,avx2_u16,AES128,scalar,Encaps.Dither_V,1387,10,ok,encaps V dither
Frost,128,FAST,avx2_u16,AES128,scalar,Encaps.Encode_Message,570,10,ok,encaps message encoding and add
Frost,128,FAST,avx2_u16,AES128,scalar,Encaps.Expand_A,165604,10,ok,encaps A expansion for A^T*R
Frost,128,FAST,avx2_u16,AES128,scalar,Encaps.FO_Hash,1615,10,ok,G hash h_pk||mu||salt
Frost,128,FAST,avx2_u16,AES128,scalar,Encaps.KDF,31445,10,ok,encaps final shared-secret hash
Frost,128,FAST,avx2_u16,AES128,scalar,Encaps.KEM_Total_Profiled,694982,10,ok,profiling-build encaps total; not official full-KEM timing
Frost,128,FAST,avx2_u16,AES128,scalar,Encaps.PK_Hash,32851,10,ok,encaps h_pk
Frost,128,FAST,avx2_u16,AES128,scalar,Encaps.Pack_CT,47975,10,ok,encaps ciphertext packing
Frost,128,FAST,avx2_u16,AES128,scalar,Encaps.Quant_U,551,10,ok,encaps U quantization
Frost,128,FAST,avx2_u16,AES128,scalar,Encaps.Quant_V,247,10,ok,encaps V quantization
Frost,128,FAST,avx2_u16,AES128,scalar,Encaps.Recon_PK,684,10,ok,encaps public-key reconstruction
Frost,128,FAST,avx2_u16,AES128,scalar,Encaps.Sample_Message,4047,10,ok,randombytes for mu and salt
Frost,128,FAST,avx2_u16,AES128,scalar,Encaps.Sample_R,665,10,ok,CBD transform for R
Frost,128,FAST,avx2_u16,AES128,scalar,Encaps.SeedExpand_R,48336,10,ok,R XOF expansion
Frost,128,FAST,avx2_u16,AES128,scalar,Encaps.Unpack_PK,49856,10,ok,encaps public-key unpack
Frost,128,FAST,avx2_u16,AES128,scalar,KeyGen.A_times_S,79857,10,ok,keygen A*S multiplication
Frost,128,FAST,avx2_u16,AES128,scalar,KeyGen.Dither_PK,50502,10,ok,keygen public-key dither
Frost,128,FAST,avx2_u16,AES128,scalar,KeyGen.Expand_A,164084,10,ok,keygen A expansion
Frost,128,FAST,avx2_u16,AES128,scalar,KeyGen.KEM_Total_Profiled,541595,10,ok,profiling-build keygen total; not official full-KEM timing
Frost,128,FAST,avx2_u16,AES128,scalar,KeyGen.PK_Hash,33668,10,ok,keygen h_pk
Frost,128,FAST,avx2_u16,AES128,scalar,KeyGen.Pack_PK,46778,10,ok,keygen public-key packing
Frost,128,FAST,avx2_u16,AES128,scalar,KeyGen.Quant_PK,722,10,ok,keygen public-key quantization
Frost,128,FAST,avx2_u16,AES128,scalar,KeyGen.Random,2451,10,ok,randombytes for keygen seeds
Frost,128,FAST,avx2_u16,AES128,scalar,KeyGen.Sample_S,665,10,ok,CBD transform for S
Frost,128,FAST,avx2_u16,AES128,scalar,KeyGen.SeedExpand,50236,10,ok,seed_A and S XOF expansion
Frost,192,FAST,avx2_u16,AES128,scalar,Codec.Message_Decode,66,10,ok,standalone message decode wrapper=frost_key_decode inner_reps=10000
Frost,192,FAST,avx2_u16,AES128,scalar,Codec.Message_Encode,46,10,ok,standalone message encode wrapper=frost_key_encode inner_reps=10000
Frost,192,FAST,avx2_u16,AES128,scalar,Decaps.CT_Compare,1178,20,ok,decaps ciphertext comparison and key select
Frost,192,FAST,avx2_u16,AES128,scalar,Decaps.Decode_Message,361,20,ok,decaps message decode
Frost,192,FAST,avx2_u16,AES128,scalar,Decaps.Dither_U,91675,20,ok,decaps U dither for reconstruction
Frost,192,FAST,avx2_u16,AES128,scalar,Decaps.Dither_V,1425,20,ok,decaps V dither for reconstruction
Frost,192,FAST,avx2_u16,AES128,scalar,Decaps.FO_Hash,1254,20,ok,decaps G hash h_pk||muprime||salt
Frost,192,FAST,avx2_u16,AES128,scalar,Decaps.KDF,67279,20,ok,decaps final shared-secret hash
Frost,192,FAST,avx2_u16,AES128,scalar,Decaps.KEM_Total_Profiled,1804449,20,ok,profiling-build decaps total; not official full-KEM timing
Frost,192,FAST,avx2_u16,AES128,scalar,Decaps.ReEnc_AT_times_R,203129,20,ok,decaps re-encryption A^T*R multiplication
Frost,192,FAST,avx2_u16,AES128,scalar,Decaps.ReEnc_BhatT_times_R,10317,20,ok,decaps re-encryption B^T*R multiplication
Frost,192,FAST,avx2_u16,AES128,scalar,Decaps.ReEnc_Dither_PK,93062,20,ok,decaps re-encryption public-key dither
Frost,192,FAST,avx2_u16,AES128,scalar,Decaps.ReEnc_Dither_U,93328,20,ok,decaps re-encryption U dither
Frost,192,FAST,avx2_u16,AES128,scalar,Decaps.ReEnc_Dither_V,1406,20,ok,decaps re-encryption V dither
Frost,192,FAST,avx2_u16,AES128,scalar,Decaps.ReEnc_Expand_A,447013,20,ok,decaps re-encryption A expansion
Frost,192,FAST,avx2_u16,AES128,scalar,Decaps.ReEnc_Quant_U,1273,20,ok,decaps re-encryption U quantization
Frost,192,FAST,avx2_u16,AES128,scalar,Decaps.ReEnc_Quant_V,646,20,ok,decaps re-encryption V quantization and message add
Frost,192,FAST,avx2_u16,AES128,scalar,Decaps.ReEnc_Recon_PK,912,20,ok,decaps re-encryption public-key reconstruction
Frost,192,FAST,avx2_u16,AES128,scalar,Decaps.ReEnc_Unpack_PK,80104,20,ok,decaps re-encryption public-key unpack
Frost,192,FAST,avx2_u16,AES128,scalar,Decaps.Recon_U,779,20,ok,decaps U reconstruction
Frost,192,FAST,avx2_u16,AES128,scalar,Decaps.Recon_V,285,20,ok,decaps V reconstruction
Frost,192,FAST,avx2_u16,AES128,scalar,Decaps.ST_times_U,2698,20,ok,decaps S^T*U multiplication
Frost,192,FAST,avx2_u16,AES128,scalar,Decaps.Sample_R,551,20,ok,decaps reenc R CBD transform
Frost,192,FAST,avx2_u16,AES128,scalar,Decaps.Sample_S,96083,20,ok,decaps regenerate S from sk seed
Frost,192,FAST,avx2_u16,AES128,scalar,Decaps.SeedExpand_R,89718,20,ok,decaps reenc R XOF expansion
Frost,192,FAST,avx2_u16,AES128,scalar,Decaps.Unpack_CT,85918,20,ok,decaps ciphertext unpack
Frost,192,FAST,avx2_u16,AES128,scalar,Encaps.AT_times_R,188176,10,ok,encaps A^T*R multiplication
Frost,192,FAST,avx2_u16,AES128,scalar,Encaps.BhatT_times_R,9519,10,ok,encaps B^T*R multiplication
Frost,192,FAST,avx2_u16,AES128,scalar,Encaps.Dither_PK,91181,10,ok,encaps public-key dither for reconstruction
Frost,192,FAST,avx2_u16,AES128,scalar,Encaps.Dither_U,91979,10,ok,encaps U dither
Frost,192,FAST,avx2_u16,AES128,scalar,Encaps.Dither_V,1463,10,ok,encaps V dither
Frost,192,FAST,avx2_u16,AES128,scalar,Encaps.Encode_Message,608,10,ok,encaps message encoding and add
Frost,192,FAST,avx2_u16,AES128,scalar,Encaps.Expand_A,432706,10,ok,encaps A expansion for A^T*R
Frost,192,FAST,avx2_u16,AES128,scalar,Encaps.FO_Hash,1406,10,ok,G hash h_pk||mu||salt
Frost,192,FAST,avx2_u16,AES128,scalar,Encaps.KDF,66576,10,ok,encaps final shared-secret hash
Frost,192,FAST,avx2_u16,AES128,scalar,Encaps.KEM_Total_Profiled,1368494,10,ok,profiling-build encaps total; not official full-KEM timing
Frost,192,FAST,avx2_u16,AES128,scalar,Encaps.PK_Hash,67051,10,ok,encaps h_pk
Frost,192,FAST,avx2_u16,AES128,scalar,Encaps.Pack_CT,80123,10,ok,encaps ciphertext packing
Frost,192,FAST,avx2_u16,AES128,scalar,Encaps.Quant_U,1273,10,ok,encaps U quantization
Frost,192,FAST,avx2_u16,AES128,scalar,Encaps.Quant_V,228,10,ok,encaps V quantization
Frost,192,FAST,avx2_u16,AES128,scalar,Encaps.Recon_PK,703,10,ok,encaps public-key reconstruction
Frost,192,FAST,avx2_u16,AES128,scalar,Encaps.Sample_Message,4142,10,ok,randombytes for mu and salt
Frost,192,FAST,avx2_u16,AES128,scalar,Encaps.Sample_R,494,10,ok,CBD transform for R
Frost,192,FAST,avx2_u16,AES128,scalar,Encaps.SeedExpand_R,89813,10,ok,R XOF expansion
Frost,192,FAST,avx2_u16,AES128,scalar,Encaps.Unpack_PK,73150,10,ok,encaps public-key unpack
Frost,192,FAST,avx2_u16,AES128,scalar,KeyGen.A_times_S,187359,10,ok,keygen A*S multiplication
Frost,192,FAST,avx2_u16,AES128,scalar,KeyGen.Dither_PK,95475,10,ok,keygen public-key dither
Frost,192,FAST,avx2_u16,AES128,scalar,KeyGen.Expand_A,434948,10,ok,keygen A expansion
Frost,192,FAST,avx2_u16,AES128,scalar,KeyGen.KEM_Total_Profiled,1141900,10,ok,profiling-build keygen total; not official full-KEM timing
Frost,192,FAST,avx2_u16,AES128,scalar,KeyGen.PK_Hash,65987,10,ok,keygen h_pk
Frost,192,FAST,avx2_u16,AES128,scalar,KeyGen.Pack_PK,74480,10,ok,keygen public-key packing
Frost,192,FAST,avx2_u16,AES128,scalar,KeyGen.Quant_PK,1235,10,ok,keygen public-key quantization
Frost,192,FAST,avx2_u16,AES128,scalar,KeyGen.Random,5244,10,ok,randombytes for keygen seeds
Frost,192,FAST,avx2_u16,AES128,scalar,KeyGen.Sample_S,703,10,ok,CBD transform for S
Frost,192,FAST,avx2_u16,AES128,scalar,KeyGen.SeedExpand,94791,10,ok,seed_A and S XOF expansion
Frost,256,FAST,avx2_u16,AES128,scalar,Codec.Message_Decode,69,10,ok,standalone message decode wrapper=frost_key_decode inner_reps=10000
Frost,256,FAST,avx2_u16,AES128,scalar,Codec.Message_Encode,50,10,ok,standalone message encode wrapper=frost_key_encode inner_reps=10000
Frost,256,FAST,avx2_u16,AES128,scalar,Decaps.CT_Compare,1634,20,ok,decaps ciphertext comparison and key select
Frost,256,FAST,avx2_u16,AES128,scalar,Decaps.Decode_Message,304,20,ok,decaps message decode
Frost,256,FAST,avx2_u16,AES128,scalar,Decaps.Dither_U,131005,20,ok,decaps U dither for reconstruction
Frost,256,FAST,avx2_u16,AES128,scalar,Decaps.Dither_V,1292,20,ok,decaps V dither for reconstruction
Frost,256,FAST,avx2_u16,AES128,scalar,Decaps.FO_Hash,1178,20,ok,decaps G hash h_pk||muprime||salt
Frost,256,FAST,avx2_u16,AES128,scalar,Decaps.KDF,104348,20,ok,decaps final shared-secret hash
Frost,256,FAST,avx2_u16,AES128,scalar,Decaps.KEM_Total_Profiled,3050698,20,ok,profiling-build decaps total; not official full-KEM timing
Frost,256,FAST,avx2_u16,AES128,scalar,Decaps.ReEnc_AT_times_R,515261,20,ok,decaps re-encryption A^T*R multiplication
Frost,256,FAST,avx2_u16,AES128,scalar,Decaps.ReEnc_BhatT_times_R,13984,20,ok,decaps re-encryption B^T*R multiplication
Frost,256,FAST,avx2_u16,AES128,scalar,Decaps.ReEnc_Dither_PK,133380,20,ok,decaps re-encryption public-key dither
Frost,256,FAST,avx2_u16,AES128,scalar,Decaps.ReEnc_Dither_U,132715,20,ok,decaps re-encryption U dither
Frost,256,FAST,avx2_u16,AES128,scalar,Decaps.ReEnc_Dither_V,1368,20,ok,decaps re-encryption V dither
Frost,256,FAST,avx2_u16,AES128,scalar,Decaps.ReEnc_Expand_A,1052145,20,ok,decaps re-encryption A expansion
Frost,256,FAST,avx2_u16,AES128,scalar,Decaps.ReEnc_Quant_U,1729,20,ok,decaps re-encryption U quantization
Frost,256,FAST,avx2_u16,AES128,scalar,Decaps.ReEnc_Quant_V,570,20,ok,decaps re-encryption V quantization and message add
Frost,256,FAST,avx2_u16,AES128,scalar,Decaps.ReEnc_Recon_PK,1615,20,ok,decaps re-encryption public-key reconstruction
Frost,256,FAST,avx2_u16,AES128,scalar,Decaps.ReEnc_Unpack_PK,117078,20,ok,decaps re-encryption public-key unpack
Frost,256,FAST,avx2_u16,AES128,scalar,Decaps.Recon_U,1558,20,ok,decaps U reconstruction
Frost,256,FAST,avx2_u16,AES128,scalar,Decaps.Recon_V,228,20,ok,decaps V reconstruction
Frost,256,FAST,avx2_u16,AES128,scalar,Decaps.ST_times_U,4750,20,ok,decaps S^T*U multiplication
Frost,256,FAST,avx2_u16,AES128,scalar,Decaps.Sample_R,836,20,ok,decaps reenc R CBD transform
Frost,256,FAST,avx2_u16,AES128,scalar,Decaps.Sample_S,131480,20,ok,decaps regenerate S from sk seed
Frost,256,FAST,avx2_u16,AES128,scalar,Decaps.SeedExpand_R,130663,20,ok,decaps reenc R XOF expansion
Frost,256,FAST,avx2_u16,AES128,scalar,Decaps.Unpack_CT,91276,20,ok,decaps ciphertext unpack
Frost,256,FAST,avx2_u16,AES128,scalar,Encaps.AT_times_R,514520,10,ok,encaps A^T*R multiplication
Frost,256,FAST,avx2_u16,AES128,scalar,Encaps.BhatT_times_R,14155,10,ok,encaps B^T*R multiplication
Frost,256,FAST,avx2_u16,AES128,scalar,Encaps.Dither_PK,131062,10,ok,encaps public-key dither for reconstruction
Frost,256,FAST,avx2_u16,AES128,scalar,Encaps.Dither_U,131841,10,ok,encaps U dither
Frost,256,FAST,avx2_u16,AES128,scalar,Encaps.Dither_V,1311,10,ok,encaps V dither
Frost,256,FAST,avx2_u16,AES128,scalar,Encaps.Encode_Message,855,10,ok,encaps message encoding and add
Frost,256,FAST,avx2_u16,AES128,scalar,Encaps.Expand_A,1070403,10,ok,encaps A expansion for A^T*R
Frost,256,FAST,avx2_u16,AES128,scalar,Encaps.FO_Hash,1520,10,ok,G hash h_pk||mu||salt
Frost,256,FAST,avx2_u16,AES128,scalar,Encaps.KDF,104215,10,ok,encaps final shared-secret hash
Frost,256,FAST,avx2_u16,AES128,scalar,Encaps.KEM_Total_Profiled,2784374,10,ok,profiling-build encaps total; not official full-KEM timing
Frost,256,FAST,avx2_u16,AES128,scalar,Encaps.PK_Hash,112233,10,ok,encaps h_pk
Frost,256,FAST,avx2_u16,AES128,scalar,Encaps.Pack_CT,98059,10,ok,encaps ciphertext packing
Frost,256,FAST,avx2_u16,AES128,scalar,Encaps.Quant_U,1672,10,ok,encaps U quantization
Frost,256,FAST,avx2_u16,AES128,scalar,Encaps.Quant_V,228,10,ok,encaps V quantization
Frost,256,FAST,avx2_u16,AES128,scalar,Encaps.Recon_PK,1254,10,ok,encaps public-key reconstruction
Frost,256,FAST,avx2_u16,AES128,scalar,Encaps.Sample_Message,3021,10,ok,randombytes for mu and salt
Frost,256,FAST,avx2_u16,AES128,scalar,Encaps.Sample_R,874,10,ok,CBD transform for R
Frost,256,FAST,avx2_u16,AES128,scalar,Encaps.SeedExpand_R,130701,10,ok,R XOF expansion
Frost,256,FAST,avx2_u16,AES128,scalar,Encaps.Unpack_PK,116850,10,ok,encaps public-key unpack
Frost,256,FAST,avx2_u16,AES128,scalar,KeyGen.A_times_S,453302,10,ok,keygen A*S multiplication
Frost,256,FAST,avx2_u16,AES128,scalar,KeyGen.Dither_PK,131461,10,ok,keygen public-key dither
Frost,256,FAST,avx2_u16,AES128,scalar,KeyGen.Expand_A,870295,10,ok,keygen A expansion
Frost,256,FAST,avx2_u16,AES128,scalar,KeyGen.KEM_Total_Profiled,2034691,10,ok,profiling-build keygen total; not official full-KEM timing
Frost,256,FAST,avx2_u16,AES128,scalar,KeyGen.PK_Hash,112271,10,ok,keygen h_pk
Frost,256,FAST,avx2_u16,AES128,scalar,KeyGen.Pack_PK,120308,10,ok,keygen public-key packing
Frost,256,FAST,avx2_u16,AES128,scalar,KeyGen.Quant_PK,1710,10,ok,keygen public-key quantization
Frost,256,FAST,avx2_u16,AES128,scalar,KeyGen.Random,5054,10,ok,randombytes for keygen seeds
Frost,256,FAST,avx2_u16,AES128,scalar,KeyGen.Sample_S,741,10,ok,CBD transform for S
Frost,256,FAST,avx2_u16,AES128,scalar,KeyGen.SeedExpand,132088,10,ok,seed_A and S XOF expansion
Frost,384,FAST,avx2_u16,AES128,scalar,Codec.Message_Decode,82,10,ok,standalone message decode wrapper=frost_key_decode inner_reps=10000
Frost,384,FAST,avx2_u16,AES128,scalar,Codec.Message_Encode,73,10,ok,standalone message encode wrapper=frost_key_encode inner_reps=10000
Frost,384,FAST,avx2_u16,AES128,scalar,Decaps.CT_Compare,3154,20,ok,decaps ciphertext comparison and key select
Frost,384,FAST,avx2_u16,AES128,scalar,Decaps.Decode_Message,399,20,ok,decaps message decode
Frost,384,FAST,avx2_u16,AES128,scalar,Decaps.Dither_U,293797,20,ok,decaps U dither for reconstruction
Frost,384,FAST,avx2_u16,AES128,scalar,Decaps.Dither_V,2166,20,ok,decaps V dither for reconstruction
Frost,384,FAST,avx2_u16,AES128,scalar,Decaps.FO_Hash,2166,20,ok,decaps G hash h_pk||muprime||salt
Frost,384,FAST,avx2_u16,AES128,scalar,Decaps.KDF,251351,20,ok,decaps final shared-secret hash
Frost,384,FAST,avx2_u16,AES128,scalar,Decaps.KEM_Total_Profiled,6962550,20,ok,profiling-build decaps total; not official full-KEM timing
Frost,384,FAST,avx2_u16,AES128,scalar,Decaps.ReEnc_AT_times_R,1885028,20,ok,decaps re-encryption A^T*R multiplication
Frost,384,FAST,avx2_u16,AES128,scalar,Decaps.ReEnc_BhatT_times_R,31293,20,ok,decaps re-encryption B^T*R multiplication
Frost,384,FAST,avx2_u16,AES128,scalar,Decaps.ReEnc_Dither_PK,195795,20,ok,decaps re-encryption public-key dither
Frost,384,FAST,avx2_u16,AES128,scalar,Decaps.ReEnc_Dither_U,294348,20,ok,decaps re-encryption U dither
Frost,384,FAST,avx2_u16,AES128,scalar,Decaps.ReEnc_Dither_V,2185,20,ok,decaps re-encryption V dither
Frost,384,FAST,avx2_u16,AES128,scalar,Decaps.ReEnc_Expand_A,2387445,20,ok,decaps re-encryption A expansion
Frost,384,FAST,avx2_u16,AES128,scalar,Decaps.ReEnc_Quant_U,3743,20,ok,decaps re-encryption U quantization
Frost,384,FAST,avx2_u16,AES128,scalar,Decaps.ReEnc_Quant_V,608,20,ok,decaps re-encryption V quantization and message add
Frost,384,FAST,avx2_u16,AES128,scalar,Decaps.ReEnc_Recon_PK,2109,20,ok,decaps re-encryption public-key reconstruction
Frost,384,FAST,avx2_u16,AES128,scalar,Decaps.ReEnc_Unpack_PK,176282,20,ok,decaps re-encryption public-key unpack
Frost,384,FAST,avx2_u16,AES128,scalar,Decaps.Recon_U,2280,20,ok,decaps U reconstruction
Frost,384,FAST,avx2_u16,AES128,scalar,Decaps.Recon_V,266,20,ok,decaps V reconstruction
Frost,384,FAST,avx2_u16,AES128,scalar,Decaps.ST_times_U,9709,20,ok,decaps S^T*U multiplication
Frost,384,FAST,avx2_u16,AES128,scalar,Decaps.Sample_R,1558,20,ok,decaps reenc R CBD transform
Frost,384,FAST,avx2_u16,AES128,scalar,Decaps.Sample_S,196004,20,ok,decaps regenerate S from sk seed
Frost,384,FAST,avx2_u16,AES128,scalar,Decaps.SeedExpand_R,292961,20,ok,decaps reenc R XOF expansion
Frost,384,FAST,avx2_u16,AES128,scalar,Decaps.Unpack_CT,263796,20,ok,decaps ciphertext unpack
Frost,384,FAST,avx2_u16,AES128,scalar,Encaps.AT_times_R,1926923,10,ok,encaps A^T*R multiplication
Frost,384,FAST,avx2_u16,AES128,scalar,Encaps.BhatT_times_R,31597,10,ok,encaps B^T*R multiplication
Frost,384,FAST,avx2_u16,AES128,scalar,Encaps.Dither_PK,198892,10,ok,encaps public-key dither for reconstruction
Frost,384,FAST,avx2_u16,AES128,scalar,Encaps.Dither_U,315077,10,ok,encaps U dither
Frost,384,FAST,avx2_u16,AES128,scalar,Encaps.Dither_V,2299,10,ok,encaps V dither
Frost,384,FAST,avx2_u16,AES128,scalar,Encaps.Encode_Message,456,10,ok,encaps message encoding and add
Frost,384,FAST,avx2_u16,AES128,scalar,Encaps.Expand_A,2514802,10,ok,encaps A expansion for A^T*R
Frost,384,FAST,avx2_u16,AES128,scalar,Encaps.FO_Hash,2584,10,ok,G hash h_pk||mu||salt
Frost,384,FAST,avx2_u16,AES128,scalar,Encaps.KDF,253365,10,ok,encaps final shared-secret hash
Frost,384,FAST,avx2_u16,AES128,scalar,Encaps.KEM_Total_Profiled,6794438,10,ok,profiling-build encaps total; not official full-KEM timing
Frost,384,FAST,avx2_u16,AES128,scalar,Encaps.PK_Hash,176605,10,ok,encaps h_pk
Frost,384,FAST,avx2_u16,AES128,scalar,Encaps.Pack_CT,278084,10,ok,encaps ciphertext packing
Frost,384,FAST,avx2_u16,AES128,scalar,Encaps.Quant_U,4009,10,ok,encaps U quantization
Frost,384,FAST,avx2_u16,AES128,scalar,Encaps.Quant_V,285,10,ok,encaps V quantization
Frost,384,FAST,avx2_u16,AES128,scalar,Encaps.Recon_PK,2185,10,ok,encaps public-key reconstruction
Frost,384,FAST,avx2_u16,AES128,scalar,Encaps.Sample_Message,5491,10,ok,randombytes for mu and salt
Frost,384,FAST,avx2_u16,AES128,scalar,Encaps.Sample_R,1672,10,ok,CBD transform for R
Frost,384,FAST,avx2_u16,AES128,scalar,Encaps.SeedExpand_R,320606,10,ok,R XOF expansion
Frost,384,FAST,avx2_u16,AES128,scalar,Encaps.Unpack_PK,189810,10,ok,encaps public-key unpack
Frost,384,FAST,avx2_u16,AES128,scalar,KeyGen.A_times_S,1057255,10,ok,keygen A*S multiplication
Frost,384,FAST,avx2_u16,AES128,scalar,KeyGen.Dither_PK,196365,10,ok,keygen public-key dither
Frost,384,FAST,avx2_u16,AES128,scalar,KeyGen.Expand_A,2172897,10,ok,keygen A expansion
Frost,384,FAST,avx2_u16,AES128,scalar,KeyGen.KEM_Total_Profiled,4367796,10,ok,profiling-build keygen total; not official full-KEM timing
Frost,384,FAST,avx2_u16,AES128,scalar,KeyGen.PK_Hash,170012,10,ok,keygen h_pk
Frost,384,FAST,avx2_u16,AES128,scalar,KeyGen.Pack_PK,179721,10,ok,keygen public-key packing
Frost,384,FAST,avx2_u16,AES128,scalar,KeyGen.Quant_PK,2603,10,ok,keygen public-key quantization
Frost,384,FAST,avx2_u16,AES128,scalar,KeyGen.Random,5662,10,ok,randombytes for keygen seeds
Frost,384,FAST,avx2_u16,AES128,scalar,KeyGen.Sample_S,722,10,ok,CBD transform for S
Frost,384,FAST,avx2_u16,AES128,scalar,KeyGen.SeedExpand,196441,10,ok,seed_A and S XOF expansion
Frost,512,FAST,avx2_u16,AES128,scalar,Codec.Message_Decode,68,10,ok,standalone message decode wrapper=frost_key_decode inner_reps=10000
Frost,512,FAST,avx2_u16,AES128,scalar,Codec.Message_Encode,45,10,ok,standalone message encode wrapper=frost_key_encode inner_reps=10000
Frost,512,FAST,avx2_u16,AES128,scalar,Decaps.CT_Compare,5719,20,ok,decaps ciphertext comparison and key select
Frost,512,FAST,avx2_u16,AES128,scalar,Decaps.Decode_Message,1254,20,ok,decaps message decode
Frost,512,FAST,avx2_u16,AES128,scalar,Decaps.Dither_U,527079,20,ok,decaps U dither for reconstruction
Frost,512,FAST,avx2_u16,AES128,scalar,Decaps.Dither_V,2242,20,ok,decaps V dither for reconstruction
Frost,512,FAST,avx2_u16,AES128,scalar,Decaps.FO_Hash,3458,20,ok,decaps G hash h_pk||muprime||salt
Frost,512,FAST,avx2_u16,AES128,scalar,Decaps.KDF,485640,20,ok,decaps final shared-secret hash
Frost,512,FAST,avx2_u16,AES128,scalar,Decaps.KEM_Total_Profiled,13021574,20,ok,profiling-build decaps total; not official full-KEM timing
Frost,512,FAST,avx2_u16,AES128,scalar,Decaps.ReEnc_AT_times_R,4304355,20,ok,decaps re-encryption A^T*R multiplication
Frost,512,FAST,avx2_u16,AES128,scalar,Decaps.ReEnc_BhatT_times_R,56867,20,ok,decaps re-encryption B^T*R multiplication
Frost,512,FAST,avx2_u16,AES128,scalar,Decaps.ReEnc_Dither_PK,263739,20,ok,decaps re-encryption public-key dither
Frost,512,FAST,avx2_u16,AES128,scalar,Decaps.ReEnc_Dither_U,531620,20,ok,decaps re-encryption U dither
Frost,512,FAST,avx2_u16,AES128,scalar,Decaps.ReEnc_Dither_V,2242,20,ok,decaps re-encryption V dither
Frost,512,FAST,avx2_u16,AES128,scalar,Decaps.ReEnc_Expand_A,4190792,20,ok,decaps re-encryption A expansion
Frost,512,FAST,avx2_u16,AES128,scalar,Decaps.ReEnc_Quant_U,7315,20,ok,decaps re-encryption U quantization
Frost,512,FAST,avx2_u16,AES128,scalar,Decaps.ReEnc_Quant_V,931,20,ok,decaps re-encryption V quantization and message add
Frost,512,FAST,avx2_u16,AES128,scalar,Decaps.ReEnc_Recon_PK,3401,20,ok,decaps re-encryption public-key reconstruction
Frost,512,FAST,avx2_u16,AES128,scalar,Decaps.ReEnc_Unpack_PK,234745,20,ok,decaps re-encryption public-key unpack
Frost,512,FAST,avx2_u16,AES128,scalar,Decaps.Recon_U,5301,20,ok,decaps U reconstruction
Frost,512,FAST,avx2_u16,AES128,scalar,Decaps.Recon_V,304,20,ok,decaps V reconstruction
Frost,512,FAST,avx2_u16,AES128,scalar,Decaps.ST_times_U,18487,20,ok,decaps S^T*U multiplication
Frost,512,FAST,avx2_u16,AES128,scalar,Decaps.Sample_R,3002,20,ok,decaps reenc R CBD transform
Frost,512,FAST,avx2_u16,AES128,scalar,Decaps.Sample_S,265145,20,ok,decaps regenerate S from sk seed
Frost,512,FAST,avx2_u16,AES128,scalar,Decaps.SeedExpand_R,525882,20,ok,decaps reenc R XOF expansion
Frost,512,FAST,avx2_u16,AES128,scalar,Decaps.Unpack_CT,468540,20,ok,decaps ciphertext unpack
Frost,512,FAST,avx2_u16,AES128,scalar,Encaps.AT_times_R,4396106,10,ok,encaps A^T*R multiplication
Frost,512,FAST,avx2_u16,AES128,scalar,Encaps.BhatT_times_R,56525,10,ok,encaps B^T*R multiplication
Frost,512,FAST,avx2_u16,AES128,scalar,Encaps.Dither_PK,263986,10,ok,encaps public-key dither for reconstruction
Frost,512,FAST,avx2_u16,AES128,scalar,Encaps.Dither_U,532380,10,ok,encaps U dither
Frost,512,FAST,avx2_u16,AES128,scalar,Encaps.Dither_V,2242,10,ok,encaps V dither
Frost,512,FAST,avx2_u16,AES128,scalar,Encaps.Encode_Message,1102,10,ok,encaps message encoding and add
Frost,512,FAST,avx2_u16,AES128,scalar,Encaps.Expand_A,4157865,10,ok,encaps A expansion for A^T*R
Frost,512,FAST,avx2_u16,AES128,scalar,Encaps.FO_Hash,3287,10,ok,G hash h_pk||mu||salt
Frost,512,FAST,avx2_u16,AES128,scalar,Encaps.KDF,485089,10,ok,encaps final shared-secret hash
Frost,512,FAST,avx2_u16,AES128,scalar,Encaps.KEM_Total_Profiled,12113089,10,ok,profiling-build encaps total; not official full-KEM timing
Frost,512,FAST,avx2_u16,AES128,scalar,Encaps.PK_Hash,243276,10,ok,encaps h_pk
Frost,512,FAST,avx2_u16,AES128,scalar,Encaps.Pack_CT,487958,10,ok,encaps ciphertext packing
Frost,512,FAST,avx2_u16,AES128,scalar,Encaps.Quant_U,7942,10,ok,encaps U quantization
Frost,512,FAST,avx2_u16,AES128,scalar,Encaps.Quant_V,266,10,ok,encaps V quantization
Frost,512,FAST,avx2_u16,AES128,scalar,Encaps.Recon_PK,3154,10,ok,encaps public-key reconstruction
Frost,512,FAST,avx2_u16,AES128,scalar,Encaps.Sample_Message,10108,10,ok,randombytes for mu and salt
Frost,512,FAST,avx2_u16,AES128,scalar,Encaps.Sample_R,2641,10,ok,CBD transform for R
Frost,512,FAST,avx2_u16,AES128,scalar,Encaps.SeedExpand_R,525521,10,ok,R XOF expansion
Frost,512,FAST,avx2_u16,AES128,scalar,Encaps.Unpack_PK,234574,10,ok,encaps public-key unpack
Frost,512,FAST,avx2_u16,AES128,scalar,KeyGen.A_times_S,1883812,10,ok,keygen A*S multiplication
Frost,512,FAST,avx2_u16,AES128,scalar,KeyGen.Dither_PK,266304,10,ok,keygen public-key dither
Frost,512,FAST,avx2_u16,AES128,scalar,KeyGen.Expand_A,3840698,10,ok,keygen A expansion
Frost,512,FAST,avx2_u16,AES128,scalar,KeyGen.KEM_Total_Profiled,7291744,10,ok,profiling-build keygen total; not official full-KEM timing
Frost,512,FAST,avx2_u16,AES128,scalar,KeyGen.PK_Hash,242801,10,ok,keygen h_pk
Frost,512,FAST,avx2_u16,AES128,scalar,KeyGen.Pack_PK,243352,10,ok,keygen public-key packing
Frost,512,FAST,avx2_u16,AES128,scalar,KeyGen.Quant_PK,4180,10,ok,keygen public-key quantization
Frost,512,FAST,avx2_u16,AES128,scalar,KeyGen.Random,10659,10,ok,randombytes for keygen seeds
Frost,512,FAST,avx2_u16,AES128,scalar,KeyGen.Sample_S,1159,10,ok,CBD transform for S
Frost,512,FAST,avx2_u16,AES128,scalar,KeyGen.SeedExpand,274417,10,ok,seed_A and S XOF expansion
Frost,128,REFERENCE,ref,SHAKE128,scalar,Codec.Message_Decode,59,10,ok,standalone message decode wrapper=frost_key_decode inner_reps=10000
Frost,128,REFERENCE,ref,SHAKE128,scalar,Codec.Message_Encode,55,10,ok,standalone message encode wrapper=frost_key_encode inner_reps=10000
Frost,128,REFERENCE,ref,SHAKE128,scalar,Decaps.CT_Compare,912,20,ok,decaps ciphertext comparison and key select
Frost,128,REFERENCE,ref,SHAKE128,scalar,Decaps.Decode_Message,342,20,ok,decaps message decode
Frost,128,REFERENCE,ref,SHAKE128,scalar,Decaps.Dither_U,42978,20,ok,decaps U dither for reconstruction
Frost,128,REFERENCE,ref,SHAKE128,scalar,Decaps.Dither_V,1330,20,ok,decaps V dither for reconstruction
Frost,128,REFERENCE,ref,SHAKE128,scalar,Decaps.FO_Hash,1254,20,ok,decaps G hash h_pk||muprime||salt
Frost,128,REFERENCE,ref,SHAKE128,scalar,Decaps.KDF,29526,20,ok,decaps final shared-secret hash
Frost,128,REFERENCE,ref,SHAKE128,scalar,Decaps.KEM_Total_Profiled,4383889,20,ok,profiling-build decaps total; not official full-KEM timing
Frost,128,REFERENCE,ref,SHAKE128,scalar,Decaps.ReEnc_AT_times_R,130777,20,ok,decaps re-encryption A^T*R multiplication
Frost,128,REFERENCE,ref,SHAKE128,scalar,Decaps.ReEnc_BhatT_times_R,5453,20,ok,decaps re-encryption B^T*R multiplication
Frost,128,REFERENCE,ref,SHAKE128,scalar,Decaps.ReEnc_Dither_PK,43035,20,ok,decaps re-encryption public-key dither
Frost,128,REFERENCE,ref,SHAKE128,scalar,Decaps.ReEnc_Dither_U,43168,20,ok,decaps re-encryption U dither
Frost,128,REFERENCE,ref,SHAKE128,scalar,Decaps.ReEnc_Dither_V,1292,20,ok,decaps re-encryption V dither
Frost,128,REFERENCE,ref,SHAKE128,scalar,Decaps.ReEnc_Expand_A,3624098,20,ok,decaps re-encryption A expansion
Frost,128,REFERENCE,ref,SHAKE128,scalar,Decaps.ReEnc_Quant_U,532,20,ok,decaps re-encryption U quantization
Frost,128,REFERENCE,ref,SHAKE128,scalar,Decaps.ReEnc_Quant_V,874,20,ok,decaps re-encryption V quantization and message add
Frost,128,REFERENCE,ref,SHAKE128,scalar,Decaps.ReEnc_Recon_PK,532,20,ok,decaps re-encryption public-key reconstruction
Frost,128,REFERENCE,ref,SHAKE128,scalar,Decaps.ReEnc_Unpack_PK,38589,20,ok,decaps re-encryption public-key unpack
Frost,128,REFERENCE,ref,SHAKE128,scalar,Decaps.Recon_U,494,20,ok,decaps U reconstruction
Frost,128,REFERENCE,ref,SHAKE128,scalar,Decaps.Recon_V,228,20,ok,decaps V reconstruction
Frost,128,REFERENCE,ref,SHAKE128,scalar,Decaps.ST_times_U,931,20,ok,decaps S^T*U multiplication
Frost,128,REFERENCE,ref,SHAKE128,scalar,Decaps.Sample_R,532,20,ok,decaps reenc R CBD transform
Frost,128,REFERENCE,ref,SHAKE128,scalar,Decaps.Sample_S,43358,20,ok,decaps regenerate S from sk seed
Frost,128,REFERENCE,ref,SHAKE128,scalar,Decaps.SeedExpand_R,42807,20,ok,decaps reenc R XOF expansion
Frost,128,REFERENCE,ref,SHAKE128,scalar,Decaps.Unpack_CT,38836,20,ok,decaps ciphertext unpack
Frost,128,REFERENCE,ref,SHAKE128,scalar,Encaps.AT_times_R,134026,10,ok,encaps A^T*R multiplication
Frost,128,REFERENCE,ref,SHAKE128,scalar,Encaps.BhatT_times_R,5529,10,ok,encaps B^T*R multiplication
Frost,128,REFERENCE,ref,SHAKE128,scalar,Encaps.Dither_PK,43111,10,ok,encaps public-key dither for reconstruction
Frost,128,REFERENCE,ref,SHAKE128,scalar,Encaps.Dither_U,43187,10,ok,encaps U dither
Frost,128,REFERENCE,ref,SHAKE128,scalar,Encaps.Dither_V,1330,10,ok,encaps V dither
Frost,128,REFERENCE,ref,SHAKE128,scalar,Encaps.Encode_Message,855,10,ok,encaps message encoding and add
Frost,128,REFERENCE,ref,SHAKE128,scalar,Encaps.Expand_A,3702910,10,ok,encaps A expansion for A^T*R
Frost,128,REFERENCE,ref,SHAKE128,scalar,Encaps.FO_Hash,1444,10,ok,G hash h_pk||mu||salt
Frost,128,REFERENCE,ref,SHAKE128,scalar,Encaps.KDF,29469,10,ok,encaps final shared-secret hash
Frost,128,REFERENCE,ref,SHAKE128,scalar,Encaps.KEM_Total_Profiled,4319745,10,ok,profiling-build encaps total; not official full-KEM timing
Frost,128,REFERENCE,ref,SHAKE128,scalar,Encaps.PK_Hash,28652,10,ok,encaps h_pk
Frost,128,REFERENCE,ref,SHAKE128,scalar,Encaps.Pack_CT,39710,10,ok,encaps ciphertext packing
Frost,128,REFERENCE,ref,SHAKE128,scalar,Encaps.Quant_U,608,10,ok,encaps U quantization
Frost,128,REFERENCE,ref,SHAKE128,scalar,Encaps.Quant_V,190,10,ok,encaps V quantization
Frost,128,REFERENCE,ref,SHAKE128,scalar,Encaps.Recon_PK,532,10,ok,encaps public-key reconstruction
Frost,128,REFERENCE,ref,SHAKE128,scalar,Encaps.Sample_Message,4560,10,ok,randombytes for mu and salt
Frost,128,REFERENCE,ref,SHAKE128,scalar,Encaps.Sample_R,589,10,ok,CBD transform for R
Frost,128,REFERENCE,ref,SHAKE128,scalar,Encaps.SeedExpand_R,42978,10,ok,R XOF expansion
Frost,128,REFERENCE,ref,SHAKE128,scalar,Encaps.Unpack_PK,38456,10,ok,encaps public-key unpack
Frost,128,REFERENCE,ref,SHAKE128,scalar,KeyGen.A_times_S,49552,10,ok,keygen A*S multiplication
Frost,128,REFERENCE,ref,SHAKE128,scalar,KeyGen.Dither_PK,43510,10,ok,keygen public-key dither
Frost,128,REFERENCE,ref,SHAKE128,scalar,KeyGen.Expand_A,3631384,10,ok,keygen A expansion
Frost,128,REFERENCE,ref,SHAKE128,scalar,KeyGen.KEM_Total_Profiled,4325578,10,ok,profiling-build keygen total; not official full-KEM timing
Frost,128,REFERENCE,ref,SHAKE128,scalar,KeyGen.PK_Hash,29013,10,ok,keygen h_pk
Frost,128,REFERENCE,ref,SHAKE128,scalar,KeyGen.Pack_PK,38760,10,ok,keygen public-key packing
Frost,128,REFERENCE,ref,SHAKE128,scalar,KeyGen.Quant_PK,798,10,ok,keygen public-key quantization
Frost,128,REFERENCE,ref,SHAKE128,scalar,KeyGen.Random,4997,10,ok,randombytes for keygen seeds
Frost,128,REFERENCE,ref,SHAKE128,scalar,KeyGen.Sample_S,589,10,ok,CBD transform for S
Frost,128,REFERENCE,ref,SHAKE128,scalar,KeyGen.SeedExpand,44080,10,ok,seed_A and S XOF expansion
Frost,192,REFERENCE,ref,SHAKE128,scalar,Codec.Message_Decode,54,10,ok,standalone message decode wrapper=frost_key_decode inner_reps=10000
Frost,192,REFERENCE,ref,SHAKE128,scalar,Codec.Message_Encode,44,10,ok,standalone message encode wrapper=frost_key_encode inner_reps=10000
Frost,192,REFERENCE,ref,SHAKE128,scalar,Decaps.CT_Compare,1710,20,ok,decaps ciphertext comparison and key select
Frost,192,REFERENCE,ref,SHAKE128,scalar,Decaps.Decode_Message,361,20,ok,decaps message decode
Frost,192,REFERENCE,ref,SHAKE128,scalar,Decaps.Dither_U,89832,20,ok,decaps U dither for reconstruction
Frost,192,REFERENCE,ref,SHAKE128,scalar,Decaps.Dither_V,1273,20,ok,decaps V dither for reconstruction
Frost,192,REFERENCE,ref,SHAKE128,scalar,Decaps.FO_Hash,1216,20,ok,decaps G hash h_pk||muprime||salt
Frost,192,REFERENCE,ref,SHAKE128,scalar,Decaps.KDF,65816,20,ok,decaps final shared-secret hash
Frost,192,REFERENCE,ref,SHAKE128,scalar,Decaps.KEM_Total_Profiled,11935136,20,ok,profiling-build decaps total; not official full-KEM timing
Frost,192,REFERENCE,ref,SHAKE128,scalar,Decaps.ReEnc_AT_times_R,433238,20,ok,decaps re-encryption A^T*R multiplication
Frost,192,REFERENCE,ref,SHAKE128,scalar,Decaps.ReEnc_BhatT_times_R,9728,20,ok,decaps re-encryption B^T*R multiplication
Frost,192,REFERENCE,ref,SHAKE128,scalar,Decaps.ReEnc_Dither_PK,90079,20,ok,decaps re-encryption public-key dither
Frost,192,REFERENCE,ref,SHAKE128,scalar,Decaps.ReEnc_Dither_U,90611,20,ok,decaps re-encryption U dither
Frost,192,REFERENCE,ref,SHAKE128,scalar,Decaps.ReEnc_Dither_V,1292,20,ok,decaps re-encryption V dither
Frost,192,REFERENCE,ref,SHAKE128,scalar,Decaps.ReEnc_Expand_A,10013019,20,ok,decaps re-encryption A expansion
Frost,192,REFERENCE,ref,SHAKE128,scalar,Decaps.ReEnc_Quant_U,1235,20,ok,decaps re-encryption U quantization
Frost,192,REFERENCE,ref,SHAKE128,scalar,Decaps.ReEnc_Quant_V,1064,20,ok,decaps re-encryption V quantization and message add
Frost,192,REFERENCE,ref,SHAKE128,scalar,Decaps.ReEnc_Recon_PK,931,20,ok,decaps re-encryption public-key reconstruction
Frost,192,REFERENCE,ref,SHAKE128,scalar,Decaps.ReEnc_Unpack_PK,73378,20,ok,decaps re-encryption public-key unpack
Frost,192,REFERENCE,ref,SHAKE128,scalar,Decaps.Recon_U,570,20,ok,decaps U reconstruction
Frost,192,REFERENCE,ref,SHAKE128,scalar,Decaps.Recon_V,285,20,ok,decaps V reconstruction
Frost,192,REFERENCE,ref,SHAKE128,scalar,Decaps.ST_times_U,2546,20,ok,decaps S^T*U multiplication
Frost,192,REFERENCE,ref,SHAKE128,scalar,Decaps.Sample_R,532,20,ok,decaps reenc R CBD transform
Frost,192,REFERENCE,ref,SHAKE128,scalar,Decaps.Sample_S,90288,20,ok,decaps regenerate S from sk seed
Frost,192,REFERENCE,ref,SHAKE128,scalar,Decaps.SeedExpand_R,89680,20,ok,decaps reenc R XOF expansion
Frost,192,REFERENCE,ref,SHAKE128,scalar,Decaps.Unpack_CT,73093,20,ok,decaps ciphertext unpack
Frost,192,REFERENCE,ref,SHAKE128,scalar,Encaps.AT_times_R,379335,10,ok,encaps A^T*R multiplication
Frost,192,REFERENCE,ref,SHAKE128,scalar,Encaps.BhatT_times_R,9956,10,ok,encaps B^T*R multiplication
Frost,192,REFERENCE,ref,SHAKE128,scalar,Encaps.Dither_PK,89965,10,ok,encaps public-key dither for reconstruction
Frost,192,REFERENCE,ref,SHAKE128,scalar,Encaps.Dither_U,90763,10,ok,encaps U dither
Frost,192,REFERENCE,ref,SHAKE128,scalar,Encaps.Dither_V,1311,10,ok,encaps V dither
Frost,192,REFERENCE,ref,SHAKE128,scalar,Encaps.Encode_Message,874,10,ok,encaps message encoding and add
Frost,192,REFERENCE,ref,SHAKE128,scalar,Encaps.Expand_A,9840632,10,ok,encaps A expansion for A^T*R
Frost,192,REFERENCE,ref,SHAKE128,scalar,Encaps.FO_Hash,1444,10,ok,G hash h_pk||mu||salt
Frost,192,REFERENCE,ref,SHAKE128,scalar,Encaps.KDF,67564,10,ok,encaps final shared-secret hash
Frost,192,REFERENCE,ref,SHAKE128,scalar,Encaps.KEM_Total_Profiled,11454946,10,ok,profiling-build encaps total; not official full-KEM timing
Frost,192,REFERENCE,ref,SHAKE128,scalar,Encaps.PK_Hash,65702,10,ok,encaps h_pk
Frost,192,REFERENCE,ref,SHAKE128,scalar,Encaps.Pack_CT,75734,10,ok,encaps ciphertext packing
Frost,192,REFERENCE,ref,SHAKE128,scalar,Encaps.Quant_U,1292,10,ok,encaps U quantization
Frost,192,REFERENCE,ref,SHAKE128,scalar,Encaps.Quant_V,266,10,ok,encaps V quantization
Frost,192,REFERENCE,ref,SHAKE128,scalar,Encaps.Recon_PK,779,10,ok,encaps public-key reconstruction
Frost,192,REFERENCE,ref,SHAKE128,scalar,Encaps.Sample_Message,7524,10,ok,randombytes for mu and salt
Frost,192,REFERENCE,ref,SHAKE128,scalar,Encaps.Sample_R,551,10,ok,CBD transform for R
Frost,192,REFERENCE,ref,SHAKE128,scalar,Encaps.SeedExpand_R,89832,10,ok,R XOF expansion
Frost,192,REFERENCE,ref,SHAKE128,scalar,Encaps.Unpack_PK,72884,10,ok,encaps public-key unpack
Frost,192,REFERENCE,ref,SHAKE128,scalar,KeyGen.A_times_S,299839,10,ok,keygen A*S multiplication
Frost,192,REFERENCE,ref,SHAKE128,scalar,KeyGen.Dither_PK,97356,10,ok,keygen public-key dither
Frost,192,REFERENCE,ref,SHAKE128,scalar,KeyGen.Expand_A,9582080,10,ok,keygen A expansion
Frost,192,REFERENCE,ref,SHAKE128,scalar,KeyGen.KEM_Total_Profiled,11843080,10,ok,profiling-build keygen total; not official full-KEM timing
Frost,192,REFERENCE,ref,SHAKE128,scalar,KeyGen.PK_Hash,66215,10,ok,keygen h_pk
Frost,192,REFERENCE,ref,SHAKE128,scalar,KeyGen.Pack_PK,75031,10,ok,keygen public-key packing
Frost,192,REFERENCE,ref,SHAKE128,scalar,KeyGen.Quant_PK,1539,10,ok,keygen public-key quantization
Frost,192,REFERENCE,ref,SHAKE128,scalar,KeyGen.Random,7790,10,ok,randombytes for keygen seeds
Frost,192,REFERENCE,ref,SHAKE128,scalar,KeyGen.Sample_S,456,10,ok,CBD transform for S
Frost,192,REFERENCE,ref,SHAKE128,scalar,KeyGen.SeedExpand,91048,10,ok,seed_A and S XOF expansion
Frost,256,REFERENCE,ref,SHAKE128,scalar,Codec.Message_Decode,56,10,ok,standalone message decode wrapper=frost_key_decode inner_reps=10000
Frost,256,REFERENCE,ref,SHAKE128,scalar,Codec.Message_Encode,45,10,ok,standalone message encode wrapper=frost_key_encode inner_reps=10000
Frost,256,REFERENCE,ref,SHAKE128,scalar,Decaps.CT_Compare,1710,20,ok,decaps ciphertext comparison and key select
Frost,256,REFERENCE,ref,SHAKE128,scalar,Decaps.Decode_Message,342,20,ok,decaps message decode
Frost,256,REFERENCE,ref,SHAKE128,scalar,Decaps.Dither_U,131328,20,ok,decaps U dither for reconstruction
Frost,256,REFERENCE,ref,SHAKE128,scalar,Decaps.Dither_V,1292,20,ok,decaps V dither for reconstruction
Frost,256,REFERENCE,ref,SHAKE128,scalar,Decaps.FO_Hash,1216,20,ok,decaps G hash h_pk||muprime||salt
Frost,256,REFERENCE,ref,SHAKE128,scalar,Decaps.KDF,104177,20,ok,decaps final shared-secret hash
Frost,256,REFERENCE,ref,SHAKE128,scalar,Decaps.KEM_Total_Profiled,22659286,20,ok,profiling-build decaps total; not official full-KEM timing
Frost,256,REFERENCE,ref,SHAKE128,scalar,Decaps.ReEnc_AT_times_R,1023701,20,ok,decaps re-encryption A^T*R multiplication
Frost,256,REFERENCE,ref,SHAKE128,scalar,Decaps.ReEnc_BhatT_times_R,14060,20,ok,decaps re-encryption B^T*R multiplication
Frost,256,REFERENCE,ref,SHAKE128,scalar,Decaps.ReEnc_Dither_PK,131233,20,ok,decaps re-encryption public-key dither
Frost,256,REFERENCE,ref,SHAKE128,scalar,Decaps.ReEnc_Dither_U,131917,20,ok,decaps re-encryption U dither
Frost,256,REFERENCE,ref,SHAKE128,scalar,Decaps.ReEnc_Dither_V,1330,20,ok,decaps re-encryption V dither
Frost,256,REFERENCE,ref,SHAKE128,scalar,Decaps.ReEnc_Expand_A,20120069,20,ok,decaps re-encryption A expansion
Frost,256,REFERENCE,ref,SHAKE128,scalar,Decaps.ReEnc_Quant_U,1824,20,ok,decaps re-encryption U quantization
Frost,256,REFERENCE,ref,SHAKE128,scalar,Decaps.ReEnc_Quant_V,969,20,ok,decaps re-encryption V quantization and message add
Frost,256,REFERENCE,ref,SHAKE128,scalar,Decaps.ReEnc_Recon_PK,1862,20,ok,decaps re-encryption public-key reconstruction
Frost,256,REFERENCE,ref,SHAKE128,scalar,Decaps.ReEnc_Unpack_PK,118237,20,ok,decaps re-encryption public-key unpack
Frost,256,REFERENCE,ref,SHAKE128,scalar,Decaps.Recon_U,1805,20,ok,decaps U reconstruction
Frost,256,REFERENCE,ref,SHAKE128,scalar,Decaps.Recon_V,266,20,ok,decaps V reconstruction
Frost,256,REFERENCE,ref,SHAKE128,scalar,Decaps.ST_times_U,4864,20,ok,decaps S^T*U multiplication
Frost,256,REFERENCE,ref,SHAKE128,scalar,Decaps.Sample_R,836,20,ok,decaps reenc R CBD transform
Frost,256,REFERENCE,ref,SHAKE128,scalar,Decaps.Sample_S,131879,20,ok,decaps regenerate S from sk seed
Frost,256,REFERENCE,ref,SHAKE128,scalar,Decaps.SeedExpand_R,130644,20,ok,decaps reenc R XOF expansion
Frost,256,REFERENCE,ref,SHAKE128,scalar,Decaps.Unpack_CT,92302,20,ok,decaps ciphertext unpack
Frost,256,REFERENCE,ref,SHAKE128,scalar,Encaps.AT_times_R,1042321,10,ok,encaps A^T*R multiplication
Frost,256,REFERENCE,ref,SHAKE128,scalar,Encaps.BhatT_times_R,14231,10,ok,encaps B^T*R multiplication
Frost,256,REFERENCE,ref,SHAKE128,scalar,Encaps.Dither_PK,131100,10,ok,encaps public-key dither for reconstruction
Frost,256,REFERENCE,ref,SHAKE128,scalar,Encaps.Dither_U,132126,10,ok,encaps U dither
Frost,256,REFERENCE,ref,SHAKE128,scalar,Encaps.Dither_V,1368,10,ok,encaps V dither
Frost,256,REFERENCE,ref,SHAKE128,scalar,Encaps.Encode_Message,969,10,ok,encaps message encoding and add
Frost,256,REFERENCE,ref,SHAKE128,scalar,Encaps.Expand_A,21890603,10,ok,encaps A expansion for A^T*R
Frost,256,REFERENCE,ref,SHAKE128,scalar,Encaps.FO_Hash,1482,10,ok,G hash h_pk||mu||salt
Frost,256,REFERENCE,ref,SHAKE128,scalar,Encaps.KDF,104652,10,ok,encaps final shared-secret hash
Frost,256,REFERENCE,ref,SHAKE128,scalar,Encaps.KEM_Total_Profiled,24648909,10,ok,profiling-build encaps total; not official full-KEM timing
Frost,256,REFERENCE,ref,SHAKE128,scalar,Encaps.PK_Hash,113107,10,ok,encaps h_pk
Frost,256,REFERENCE,ref,SHAKE128,scalar,Encaps.Pack_CT,99275,10,ok,encaps ciphertext packing
Frost,256,REFERENCE,ref,SHAKE128,scalar,Encaps.Quant_U,1691,10,ok,encaps U quantization
Frost,256,REFERENCE,ref,SHAKE128,scalar,Encaps.Quant_V,247,10,ok,encaps V quantization
Frost,256,REFERENCE,ref,SHAKE128,scalar,Encaps.Recon_PK,1615,10,ok,encaps public-key reconstruction
Frost,256,REFERENCE,ref,SHAKE128,scalar,Encaps.Sample_Message,7201,10,ok,randombytes for mu and salt
Frost,256,REFERENCE,ref,SHAKE128,scalar,Encaps.Sample_R,760,10,ok,CBD transform for R
Frost,256,REFERENCE,ref,SHAKE128,scalar,Encaps.SeedExpand_R,139061,10,ok,R XOF expansion
Frost,256,REFERENCE,ref,SHAKE128,scalar,Encaps.Unpack_PK,118408,10,ok,encaps public-key unpack
Frost,256,REFERENCE,ref,SHAKE128,scalar,KeyGen.A_times_S,878465,10,ok,keygen A*S multiplication
Frost,256,REFERENCE,ref,SHAKE128,scalar,KeyGen.Dither_PK,142462,10,ok,keygen public-key dither
Frost,256,REFERENCE,ref,SHAKE128,scalar,KeyGen.Expand_A,20142470,10,ok,keygen A expansion
Frost,256,REFERENCE,ref,SHAKE128,scalar,KeyGen.KEM_Total_Profiled,24923460,10,ok,profiling-build keygen total; not official full-KEM timing
Frost,256,REFERENCE,ref,SHAKE128,scalar,KeyGen.PK_Hash,114247,10,ok,keygen h_pk
Frost,256,REFERENCE,ref,SHAKE128,scalar,KeyGen.Pack_PK,124108,10,ok,keygen public-key packing
Frost,256,REFERENCE,ref,SHAKE128,scalar,KeyGen.Quant_PK,2413,10,ok,keygen public-key quantization
Frost,256,REFERENCE,ref,SHAKE128,scalar,KeyGen.Random,7885,10,ok,randombytes for keygen seeds
Frost,256,REFERENCE,ref,SHAKE128,scalar,KeyGen.Sample_S,779,10,ok,CBD transform for S
Frost,256,REFERENCE,ref,SHAKE128,scalar,KeyGen.SeedExpand,132107,10,ok,seed_A and S XOF expansion
Frost,384,REFERENCE,ref,SHAKE128,scalar,Codec.Message_Decode,81,10,ok,standalone message decode wrapper=frost_key_decode inner_reps=10000
Frost,384,REFERENCE,ref,SHAKE128,scalar,Codec.Message_Encode,74,10,ok,standalone message encode wrapper=frost_key_encode inner_reps=10000
Frost,384,REFERENCE,ref,SHAKE128,scalar,Decaps.CT_Compare,3857,20,ok,decaps ciphertext comparison and key select
Frost,384,REFERENCE,ref,SHAKE128,scalar,Decaps.Decode_Message,380,20,ok,decaps message decode
Frost,384,REFERENCE,ref,SHAKE128,scalar,Decaps.Dither_U,293189,20,ok,decaps U dither for reconstruction
Frost,384,REFERENCE,ref,SHAKE128,scalar,Decaps.Dither_V,2394,20,ok,decaps V dither for reconstruction
Frost,384,REFERENCE,ref,SHAKE128,scalar,Decaps.FO_Hash,2128,20,ok,decaps G hash h_pk||muprime||salt
Frost,384,REFERENCE,ref,SHAKE128,scalar,Decaps.KDF,251864,20,ok,decaps final shared-secret hash
Frost,384,REFERENCE,ref,SHAKE128,scalar,Decaps.KEM_Total_Profiled,49626328,20,ok,profiling-build decaps total; not official full-KEM timing
Frost,384,REFERENCE,ref,SHAKE128,scalar,Decaps.ReEnc_AT_times_R,3099869,20,ok,decaps re-encryption A^T*R multiplication
Frost,384,REFERENCE,ref,SHAKE128,scalar,Decaps.ReEnc_BhatT_times_R,31388,20,ok,decaps re-encryption B^T*R multiplication
Frost,384,REFERENCE,ref,SHAKE128,scalar,Decaps.ReEnc_Dither_PK,195662,20,ok,decaps re-encryption public-key dither
Frost,384,REFERENCE,ref,SHAKE128,scalar,Decaps.ReEnc_Dither_U,294937,20,ok,decaps re-encryption U dither
Frost,384,REFERENCE,ref,SHAKE128,scalar,Decaps.ReEnc_Dither_V,2166,20,ok,decaps re-encryption V dither
Frost,384,REFERENCE,ref,SHAKE128,scalar,Decaps.ReEnc_Expand_A,43222340,20,ok,decaps re-encryption A expansion
Frost,384,REFERENCE,ref,SHAKE128,scalar,Decaps.ReEnc_Quant_U,3838,20,ok,decaps re-encryption U quantization
Frost,384,REFERENCE,ref,SHAKE128,scalar,Decaps.ReEnc_Quant_V,722,20,ok,decaps re-encryption V quantization and message add
Frost,384,REFERENCE,ref,SHAKE128,scalar,Decaps.ReEnc_Recon_PK,2774,20,ok,decaps re-encryption public-key reconstruction
Frost,384,REFERENCE,ref,SHAKE128,scalar,Decaps.ReEnc_Unpack_PK,175940,20,ok,decaps re-encryption public-key unpack
Frost,384,REFERENCE,ref,SHAKE128,scalar,Decaps.Recon_U,2242,20,ok,decaps U reconstruction
Frost,384,REFERENCE,ref,SHAKE128,scalar,Decaps.Recon_V,285,20,ok,decaps V reconstruction
Frost,384,REFERENCE,ref,SHAKE128,scalar,Decaps.ST_times_U,9576,20,ok,decaps S^T*U multiplication
Frost,384,REFERENCE,ref,SHAKE128,scalar,Decaps.Sample_R,1558,20,ok,decaps reenc R CBD transform
Frost,384,REFERENCE,ref,SHAKE128,scalar,Decaps.Sample_S,196213,20,ok,decaps regenerate S from sk seed
Frost,384,REFERENCE,ref,SHAKE128,scalar,Decaps.SeedExpand_R,292714,20,ok,decaps reenc R XOF expansion
Frost,384,REFERENCE,ref,SHAKE128,scalar,Decaps.Unpack_CT,262181,20,ok,decaps ciphertext unpack
Frost,384,REFERENCE,ref,SHAKE128,scalar,Encaps.AT_times_R,3076157,10,ok,encaps A^T*R multiplication
Frost,384,REFERENCE,ref,SHAKE128,scalar,Encaps.BhatT_times_R,31559,10,ok,encaps B^T*R multiplication
Frost,384,REFERENCE,ref,SHAKE128,scalar,Encaps.Dither_PK,195947,10,ok,encaps public-key dither for reconstruction
Frost,384,REFERENCE,ref,SHAKE128,scalar,Encaps.Dither_U,295374,10,ok,encaps U dither
Frost,384,REFERENCE,ref,SHAKE128,scalar,Encaps.Dither_V,2375,10,ok,encaps V dither
Frost,384,REFERENCE,ref,SHAKE128,scalar,Encaps.Encode_Message,418,10,ok,encaps message encoding and add
Frost,384,REFERENCE,ref,SHAKE128,scalar,Encaps.Expand_A,44174715,10,ok,encaps A expansion for A^T*R
Frost,384,REFERENCE,ref,SHAKE128,scalar,Encaps.FO_Hash,2318,10,ok,G hash h_pk||mu||salt
Frost,384,REFERENCE,ref,SHAKE128,scalar,Encaps.KDF,251579,10,ok,encaps final shared-secret hash
Frost,384,REFERENCE,ref,SHAKE128,scalar,Encaps.KEM_Total_Profiled,50459022,10,ok,profiling-build encaps total; not official full-KEM timing
Frost,384,REFERENCE,ref,SHAKE128,scalar,Encaps.PK_Hash,167542,10,ok,encaps h_pk
Frost,384,REFERENCE,ref,SHAKE128,scalar,Encaps.Pack_CT,272574,10,ok,encaps ciphertext packing
Frost,384,REFERENCE,ref,SHAKE128,scalar,Encaps.Quant_U,4389,10,ok,encaps U quantization
Frost,384,REFERENCE,ref,SHAKE128,scalar,Encaps.Quant_V,228,10,ok,encaps V quantization
Frost,384,REFERENCE,ref,SHAKE128,scalar,Encaps.Recon_PK,2869,10,ok,encaps public-key reconstruction
Frost,384,REFERENCE,ref,SHAKE128,scalar,Encaps.Sample_Message,8550,10,ok,randombytes for mu and salt
Frost,384,REFERENCE,ref,SHAKE128,scalar,Encaps.Sample_R,1520,10,ok,CBD transform for R
Frost,384,REFERENCE,ref,SHAKE128,scalar,Encaps.SeedExpand_R,300390,10,ok,R XOF expansion
Frost,384,REFERENCE,ref,SHAKE128,scalar,Encaps.Unpack_PK,176453,10,ok,encaps public-key unpack
Frost,384,REFERENCE,ref,SHAKE128,scalar,KeyGen.A_times_S,2238010,10,ok,keygen A*S multiplication
Frost,384,REFERENCE,ref,SHAKE128,scalar,KeyGen.Dither_PK,203319,10,ok,keygen public-key dither
Frost,384,REFERENCE,ref,SHAKE128,scalar,KeyGen.Expand_A,46714672,10,ok,keygen A expansion
Frost,384,REFERENCE,ref,SHAKE128,scalar,KeyGen.KEM_Total_Profiled,55578970,10,ok,profiling-build keygen total; not official full-KEM timing
Frost,384,REFERENCE,ref,SHAKE128,scalar,KeyGen.PK_Hash,167922,10,ok,keygen h_pk
Frost,384,REFERENCE,ref,SHAKE128,scalar,KeyGen.Pack_PK,181735,10,ok,keygen public-key packing
Frost,384,REFERENCE,ref,SHAKE128,scalar,KeyGen.Quant_PK,3819,10,ok,keygen public-key quantization
Frost,384,REFERENCE,ref,SHAKE128,scalar,KeyGen.Random,8531,10,ok,randombytes for keygen seeds
Frost,384,REFERENCE,ref,SHAKE128,scalar,KeyGen.Sample_S,950,10,ok,CBD transform for S
Frost,384,REFERENCE,ref,SHAKE128,scalar,KeyGen.SeedExpand,196137,10,ok,seed_A and S XOF expansion
Frost,512,REFERENCE,ref,SHAKE128,scalar,Codec.Message_Decode,70,10,ok,standalone message decode wrapper=frost_key_decode inner_reps=10000
Frost,512,REFERENCE,ref,SHAKE128,scalar,Codec.Message_Encode,45,10,ok,standalone message encode wrapper=frost_key_encode inner_reps=10000
Frost,512,REFERENCE,ref,SHAKE128,scalar,Decaps.CT_Compare,7980,20,ok,decaps ciphertext comparison and key select
Frost,512,REFERENCE,ref,SHAKE128,scalar,Decaps.Decode_Message,1311,20,ok,decaps message decode
Frost,512,REFERENCE,ref,SHAKE128,scalar,Decaps.Dither_U,526756,20,ok,decaps U dither for reconstruction
Frost,512,REFERENCE,ref,SHAKE128,scalar,Decaps.Dither_V,2432,20,ok,decaps V dither for reconstruction
Frost,512,REFERENCE,ref,SHAKE128,scalar,Decaps.FO_Hash,3629,20,ok,decaps G hash h_pk||muprime||salt
Frost,512,REFERENCE,ref,SHAKE128,scalar,Decaps.KDF,485925,20,ok,decaps final shared-secret hash
Frost,512,REFERENCE,ref,SHAKE128,scalar,Decaps.KEM_Total_Profiled,93196596,20,ok,profiling-build decaps total; not official full-KEM timing
Frost,512,REFERENCE,ref,SHAKE128,scalar,Decaps.ReEnc_AT_times_R,7176832,20,ok,decaps re-encryption A^T*R multiplication
Frost,512,REFERENCE,ref,SHAKE128,scalar,Decaps.ReEnc_BhatT_times_R,57152,20,ok,decaps re-encryption B^T*R multiplication
Frost,512,REFERENCE,ref,SHAKE128,scalar,Decaps.ReEnc_Dither_PK,263663,20,ok,decaps re-encryption public-key dither
Frost,512,REFERENCE,ref,SHAKE128,scalar,Decaps.ReEnc_Dither_U,558809,20,ok,decaps re-encryption U dither
Frost,512,REFERENCE,ref,SHAKE128,scalar,Decaps.ReEnc_Dither_V,2565,20,ok,decaps re-encryption V dither
Frost,512,REFERENCE,ref,SHAKE128,scalar,Decaps.ReEnc_Expand_A,80299910,20,ok,decaps re-encryption A expansion
Frost,512,REFERENCE,ref,SHAKE128,scalar,Decaps.ReEnc_Quant_U,7942,20,ok,decaps re-encryption U quantization
Frost,512,REFERENCE,ref,SHAKE128,scalar,Decaps.ReEnc_Quant_V,1159,20,ok,decaps re-encryption V quantization and message add
Frost,512,REFERENCE,ref,SHAKE128,scalar,Decaps.ReEnc_Recon_PK,4294,20,ok,decaps re-encryption public-key reconstruction
Frost,512,REFERENCE,ref,SHAKE128,scalar,Decaps.ReEnc_Unpack_PK,238127,20,ok,decaps re-encryption public-key unpack
Frost,512,REFERENCE,ref,SHAKE128,scalar,Decaps.Recon_U,4655,20,ok,decaps U reconstruction
Frost,512,REFERENCE,ref,SHAKE128,scalar,Decaps.Recon_V,304,20,ok,decaps V reconstruction
Frost,512,REFERENCE,ref,SHAKE128,scalar,Decaps.ST_times_U,18392,20,ok,decaps S^T*U multiplication
Frost,512,REFERENCE,ref,SHAKE128,scalar,Decaps.Sample_R,2812,20,ok,decaps reenc R CBD transform
Frost,512,REFERENCE,ref,SHAKE128,scalar,Decaps.Sample_S,264518,20,ok,decaps regenerate S from sk seed
Frost,512,REFERENCE,ref,SHAKE128,scalar,Decaps.SeedExpand_R,525464,20,ok,decaps reenc R XOF expansion
Frost,512,REFERENCE,ref,SHAKE128,scalar,Decaps.Unpack_CT,467305,20,ok,decaps ciphertext unpack
Frost,512,REFERENCE,ref,SHAKE128,scalar,Encaps.AT_times_R,7334208,10,ok,encaps A^T*R multiplication
Frost,512,REFERENCE,ref,SHAKE128,scalar,Encaps.BhatT_times_R,56791,10,ok,encaps B^T*R multiplication
Frost,512,REFERENCE,ref,SHAKE128,scalar,Encaps.Dither_PK,263872,10,ok,encaps public-key dither for reconstruction
Frost,512,REFERENCE,ref,SHAKE128,scalar,Encaps.Dither_U,547143,10,ok,encaps U dither
Frost,512,REFERENCE,ref,SHAKE128,scalar,Encaps.Dither_V,2584,10,ok,encaps V dither
Frost,512,REFERENCE,ref,SHAKE128,scalar,Encaps.Encode_Message,893,10,ok,encaps message encoding and add
Frost,512,REFERENCE,ref,SHAKE128,scalar,Encaps.Expand_A,81257774,10,ok,encaps A expansion for A^T*R
Frost,512,REFERENCE,ref,SHAKE128,scalar,Encaps.FO_Hash,3306,10,ok,G hash h_pk||mu||salt
Frost,512,REFERENCE,ref,SHAKE128,scalar,Encaps.KDF,547789,10,ok,encaps final shared-secret hash
Frost,512,REFERENCE,ref,SHAKE128,scalar,Encaps.KEM_Total_Profiled,93268568,10,ok,profiling-build encaps total; not official full-KEM timing
Frost,512,REFERENCE,ref,SHAKE128,scalar,Encaps.PK_Hash,242706,10,ok,encaps h_pk
Frost,512,REFERENCE,ref,SHAKE128,scalar,Encaps.Pack_CT,563844,10,ok,encaps ciphertext packing
Frost,512,REFERENCE,ref,SHAKE128,scalar,Encaps.Quant_U,9139,10,ok,encaps U quantization
Frost,512,REFERENCE,ref,SHAKE128,scalar,Encaps.Quant_V,266,10,ok,encaps V quantization
Frost,512,REFERENCE,ref,SHAKE128,scalar,Encaps.Recon_PK,3971,10,ok,encaps public-key reconstruction
Frost,512,REFERENCE,ref,SHAKE128,scalar,Encaps.Sample_Message,10868,10,ok,randombytes for mu and salt
Frost,512,REFERENCE,ref,SHAKE128,scalar,Encaps.Sample_R,2850,10,ok,CBD transform for R
Frost,512,REFERENCE,ref,SHAKE128,scalar,Encaps.SeedExpand_R,529473,10,ok,R XOF expansion
Frost,512,REFERENCE,ref,SHAKE128,scalar,Encaps.Unpack_PK,236949,10,ok,encaps public-key unpack
Frost,512,REFERENCE,ref,SHAKE128,scalar,KeyGen.A_times_S,4323051,10,ok,keygen A*S multiplication
Frost,512,REFERENCE,ref,SHAKE128,scalar,KeyGen.Dither_PK,299269,10,ok,keygen public-key dither
Frost,512,REFERENCE,ref,SHAKE128,scalar,KeyGen.Expand_A,80926148,10,ok,keygen A expansion
Frost,512,REFERENCE,ref,SHAKE128,scalar,KeyGen.KEM_Total_Profiled,98024040,10,ok,profiling-build keygen total; not official full-KEM timing
Frost,512,REFERENCE,ref,SHAKE128,scalar,KeyGen.PK_Hash,272137,10,ok,keygen h_pk
Frost,512,REFERENCE,ref,SHAKE128,scalar,KeyGen.Pack_PK,243732,10,ok,keygen public-key packing
Frost,512,REFERENCE,ref,SHAKE128,scalar,KeyGen.Quant_PK,7543,10,ok,keygen public-key quantization
Frost,512,REFERENCE,ref,SHAKE128,scalar,KeyGen.Random,11001,10,ok,randombytes for keygen seeds
Frost,512,REFERENCE,ref,SHAKE128,scalar,KeyGen.Sample_S,1311,10,ok,CBD transform for S
Frost,512,REFERENCE,ref,SHAKE128,scalar,KeyGen.SeedExpand,264727,10,ok,seed_A and S XOF expansion
Frost,128,FAST,avx2_u16,SHAKE128,scalar,Codec.Message_Decode,59,10,ok,standalone message decode wrapper=frost_key_decode inner_reps=10000
Frost,128,FAST,avx2_u16,SHAKE128,scalar,Codec.Message_Encode,59,10,ok,standalone message encode wrapper=frost_key_encode inner_reps=10000
Frost,128,FAST,avx2_u16,SHAKE128,scalar,Decaps.CT_Compare,874,20,ok,decaps ciphertext comparison and key select
Frost,128,FAST,avx2_u16,SHAKE128,scalar,Decaps.Decode_Message,342,20,ok,decaps message decode
Frost,128,FAST,avx2_u16,SHAKE128,scalar,Decaps.Dither_U,43358,20,ok,decaps U dither for reconstruction
Frost,128,FAST,avx2_u16,SHAKE128,scalar,Decaps.Dither_V,1368,20,ok,decaps V dither for reconstruction
Frost,128,FAST,avx2_u16,SHAKE128,scalar,Decaps.FO_Hash,1292,20,ok,decaps G hash h_pk||muprime||salt
Frost,128,FAST,avx2_u16,SHAKE128,scalar,Decaps.KDF,31388,20,ok,decaps final shared-secret hash
Frost,128,FAST,avx2_u16,SHAKE128,scalar,Decaps.KEM_Total_Profiled,1694648,20,ok,profiling-build decaps total; not official full-KEM timing
Frost,128,FAST,avx2_u16,SHAKE128,scalar,Decaps.ReEnc_AT_times_R,70661,20,ok,decaps re-encryption A^T*R multiplication
Frost,128,FAST,avx2_u16,SHAKE128,scalar,Decaps.ReEnc_BhatT_times_R,5453,20,ok,decaps re-encryption B^T*R multiplication
Frost,128,FAST,avx2_u16,SHAKE128,scalar,Decaps.ReEnc_Dither_PK,43909,20,ok,decaps re-encryption public-key dither
Frost,128,FAST,avx2_u16,SHAKE128,scalar,Decaps.ReEnc_Dither_U,46721,20,ok,decaps re-encryption U dither
Frost,128,FAST,avx2_u16,SHAKE128,scalar,Decaps.ReEnc_Dither_V,1444,20,ok,decaps re-encryption V dither
Frost,128,FAST,avx2_u16,SHAKE128,scalar,Decaps.ReEnc_Expand_A,1089384,20,ok,decaps re-encryption A expansion
Frost,128,FAST,avx2_u16,SHAKE128,scalar,Decaps.ReEnc_Quant_U,646,20,ok,decaps re-encryption U quantization
Frost,128,FAST,avx2_u16,SHAKE128,scalar,Decaps.ReEnc_Quant_V,646,20,ok,decaps re-encryption V quantization and message add
Frost,128,FAST,avx2_u16,SHAKE128,scalar,Decaps.ReEnc_Recon_PK,627,20,ok,decaps re-encryption public-key reconstruction
Frost,128,FAST,avx2_u16,SHAKE128,scalar,Decaps.ReEnc_Unpack_PK,42408,20,ok,decaps re-encryption public-key unpack
Frost,128,FAST,avx2_u16,SHAKE128,scalar,Decaps.Recon_U,532,20,ok,decaps U reconstruction
Frost,128,FAST,avx2_u16,SHAKE128,scalar,Decaps.Recon_V,266,20,ok,decaps V reconstruction
Frost,128,FAST,avx2_u16,SHAKE128,scalar,Decaps.ST_times_U,1007,20,ok,decaps S^T*U multiplication
Frost,128,FAST,avx2_u16,SHAKE128,scalar,Decaps.Sample_R,570,20,ok,decaps reenc R CBD transform
Frost,128,FAST,avx2_u16,SHAKE128,scalar,Decaps.Sample_S,47975,20,ok,decaps regenerate S from sk seed
Frost,128,FAST,avx2_u16,SHAKE128,scalar,Decaps.SeedExpand_R,42902,20,ok,decaps reenc R XOF expansion
Frost,128,FAST,avx2_u16,SHAKE128,scalar,Decaps.Unpack_CT,42047,20,ok,decaps ciphertext unpack
Frost,128,FAST,avx2_u16,SHAKE128,scalar,Encaps.AT_times_R,72979,10,ok,encaps A^T*R multiplication
Frost,128,FAST,avx2_u16,SHAKE128,scalar,Encaps.BhatT_times_R,5643,10,ok,encaps B^T*R multiplication
Frost,128,FAST,avx2_u16,SHAKE128,scalar,Encaps.Dither_PK,45448,10,ok,encaps public-key dither for reconstruction
Frost,128,FAST,avx2_u16,SHAKE128,scalar,Encaps.Dither_U,46930,10,ok,encaps U dither
Frost,128,FAST,avx2_u16,SHAKE128,scalar,Encaps.Dither_V,1539,10,ok,encaps V dither
Frost,128,FAST,avx2_u16,SHAKE128,scalar,Encaps.Encode_Message,665,10,ok,encaps message encoding and add
Frost,128,FAST,avx2_u16,SHAKE128,scalar,Encaps.Expand_A,1000787,10,ok,encaps A expansion for A^T*R
Frost,128,FAST,avx2_u16,SHAKE128,scalar,Encaps.FO_Hash,1463,10,ok,G hash h_pk||mu||salt
Frost,128,FAST,avx2_u16,SHAKE128,scalar,Encaps.KDF,31122,10,ok,encaps final shared-secret hash
Frost,128,FAST,avx2_u16,SHAKE128,scalar,Encaps.KEM_Total_Profiled,1669796,10,ok,profiling-build encaps total; not official full-KEM timing
Frost,128,FAST,avx2_u16,SHAKE128,scalar,Encaps.PK_Hash,29773,10,ok,encaps h_pk
Frost,128,FAST,avx2_u16,SHAKE128,scalar,Encaps.Pack_CT,43415,10,ok,encaps ciphertext packing
Frost,128,FAST,avx2_u16,SHAKE128,scalar,Encaps.Quant_U,589,10,ok,encaps U quantization
Frost,128,FAST,avx2_u16,SHAKE128,scalar,Encaps.Quant_V,266,10,ok,encaps V quantization
Frost,128,FAST,avx2_u16,SHAKE128,scalar,Encaps.Recon_PK,570,10,ok,encaps public-key reconstruction
Frost,128,FAST,avx2_u16,SHAKE128,scalar,Encaps.Sample_Message,3857,10,ok,randombytes for mu and salt
Frost,128,FAST,avx2_u16,SHAKE128,scalar,Encaps.Sample_R,646,10,ok,CBD transform for R
Frost,128,FAST,avx2_u16,SHAKE128,scalar,Encaps.SeedExpand_R,44251,10,ok,R XOF expansion
Frost,128,FAST,avx2_u16,SHAKE128,scalar,Encaps.Unpack_PK,41496,10,ok,encaps public-key unpack
Frost,128,FAST,avx2_u16,SHAKE128,scalar,KeyGen.A_times_S,72124,10,ok,keygen A*S multiplication
Frost,128,FAST,avx2_u16,SHAKE128,scalar,KeyGen.Dither_PK,44574,10,ok,keygen public-key dither
Frost,128,FAST,avx2_u16,SHAKE128,scalar,KeyGen.Expand_A,916351,10,ok,keygen A expansion
Frost,128,FAST,avx2_u16,SHAKE128,scalar,KeyGen.KEM_Total_Profiled,1239332,10,ok,profiling-build keygen total; not official full-KEM timing
Frost,128,FAST,avx2_u16,SHAKE128,scalar,KeyGen.PK_Hash,30837,10,ok,keygen h_pk
Frost,128,FAST,avx2_u16,SHAKE128,scalar,KeyGen.Pack_PK,43662,10,ok,keygen public-key packing
Frost,128,FAST,avx2_u16,SHAKE128,scalar,KeyGen.Quant_PK,646,10,ok,keygen public-key quantization
Frost,128,FAST,avx2_u16,SHAKE128,scalar,KeyGen.Random,4788,10,ok,randombytes for keygen seeds
Frost,128,FAST,avx2_u16,SHAKE128,scalar,KeyGen.Sample_S,627,10,ok,CBD transform for S
Frost,128,FAST,avx2_u16,SHAKE128,scalar,KeyGen.SeedExpand,45353,10,ok,seed_A and S XOF expansion
Frost,192,FAST,avx2_u16,SHAKE128,scalar,Codec.Message_Decode,54,10,ok,standalone message decode wrapper=frost_key_decode inner_reps=10000
Frost,192,FAST,avx2_u16,SHAKE128,scalar,Codec.Message_Encode,44,10,ok,standalone message encode wrapper=frost_key_encode inner_reps=10000
Frost,192,FAST,avx2_u16,SHAKE128,scalar,Decaps.CT_Compare,1197,20,ok,decaps ciphertext comparison and key select
Frost,192,FAST,avx2_u16,SHAKE128,scalar,Decaps.Decode_Message,304,20,ok,decaps message decode
Frost,192,FAST,avx2_u16,SHAKE128,scalar,Decaps.Dither_U,90307,20,ok,decaps U dither for reconstruction
Frost,192,FAST,avx2_u16,SHAKE128,scalar,Decaps.Dither_V,1292,20,ok,decaps V dither for reconstruction
Frost,192,FAST,avx2_u16,SHAKE128,scalar,Decaps.FO_Hash,1235,20,ok,decaps G hash h_pk||muprime||salt
Frost,192,FAST,avx2_u16,SHAKE128,scalar,Decaps.KDF,65588,20,ok,decaps final shared-secret hash
Frost,192,FAST,avx2_u16,SHAKE128,scalar,Decaps.KEM_Total_Profiled,3635156,20,ok,profiling-build decaps total; not official full-KEM timing
Frost,192,FAST,avx2_u16,SHAKE128,scalar,Decaps.ReEnc_AT_times_R,189506,20,ok,decaps re-encryption A^T*R multiplication
Frost,192,FAST,avx2_u16,SHAKE128,scalar,Decaps.ReEnc_BhatT_times_R,9614,20,ok,decaps re-encryption B^T*R multiplication
Frost,192,FAST,avx2_u16,SHAKE128,scalar,Decaps.ReEnc_Dither_PK,89851,20,ok,decaps re-encryption public-key dither
Frost,192,FAST,avx2_u16,SHAKE128,scalar,Decaps.ReEnc_Dither_U,90611,20,ok,decaps re-encryption U dither
Frost,192,FAST,avx2_u16,SHAKE128,scalar,Decaps.ReEnc_Dither_V,1330,20,ok,decaps re-encryption V dither
Frost,192,FAST,avx2_u16,SHAKE128,scalar,Decaps.ReEnc_Expand_A,2432665,20,ok,decaps re-encryption A expansion
Frost,192,FAST,avx2_u16,SHAKE128,scalar,Decaps.ReEnc_Quant_U,1102,20,ok,decaps re-encryption U quantization
Frost,192,FAST,avx2_u16,SHAKE128,scalar,Decaps.ReEnc_Quant_V,608,20,ok,decaps re-encryption V quantization and message add
Frost,192,FAST,avx2_u16,SHAKE128,scalar,Decaps.ReEnc_Recon_PK,798,20,ok,decaps re-encryption public-key reconstruction
Frost,192,FAST,avx2_u16,SHAKE128,scalar,Decaps.ReEnc_Unpack_PK,72200,20,ok,decaps re-encryption public-key unpack
Frost,192,FAST,avx2_u16,SHAKE128,scalar,Decaps.Recon_U,646,20,ok,decaps U reconstruction
Frost,192,FAST,avx2_u16,SHAKE128,scalar,Decaps.Recon_V,228,20,ok,decaps V reconstruction
Frost,192,FAST,avx2_u16,SHAKE128,scalar,Decaps.ST_times_U,2565,20,ok,decaps S^T*U multiplication
Frost,192,FAST,avx2_u16,SHAKE128,scalar,Decaps.Sample_R,570,20,ok,decaps reenc R CBD transform
Frost,192,FAST,avx2_u16,SHAKE128,scalar,Decaps.Sample_S,90022,20,ok,decaps regenerate S from sk seed
Frost,192,FAST,avx2_u16,SHAKE128,scalar,Decaps.SeedExpand_R,89642,20,ok,decaps reenc R XOF expansion
Frost,192,FAST,avx2_u16,SHAKE128,scalar,Decaps.Unpack_CT,72751,20,ok,decaps ciphertext unpack
Frost,192,FAST,avx2_u16,SHAKE128,scalar,Encaps.AT_times_R,207632,10,ok,encaps A^T*R multiplication
Frost,192,FAST,avx2_u16,SHAKE128,scalar,Encaps.BhatT_times_R,9557,10,ok,encaps B^T*R multiplication
Frost,192,FAST,avx2_u16,SHAKE128,scalar,Encaps.Dither_PK,89851,10,ok,encaps public-key dither for reconstruction
Frost,192,FAST,avx2_u16,SHAKE128,scalar,Encaps.Dither_U,90687,10,ok,encaps U dither
Frost,192,FAST,avx2_u16,SHAKE128,scalar,Encaps.Dither_V,1387,10,ok,encaps V dither
Frost,192,FAST,avx2_u16,SHAKE128,scalar,Encaps.Encode_Message,779,10,ok,encaps message encoding and add
Frost,192,FAST,avx2_u16,SHAKE128,scalar,Encaps.Expand_A,2418492,10,ok,encaps A expansion for A^T*R
Frost,192,FAST,avx2_u16,SHAKE128,scalar,Encaps.FO_Hash,1387,10,ok,G hash h_pk||mu||salt
Frost,192,FAST,avx2_u16,SHAKE128,scalar,Encaps.KDF,65569,10,ok,encaps final shared-secret hash
Frost,192,FAST,avx2_u16,SHAKE128,scalar,Encaps.KEM_Total_Profiled,3359162,10,ok,profiling-build encaps total; not official full-KEM timing
Frost,192,FAST,avx2_u16,SHAKE128,scalar,Encaps.PK_Hash,65531,10,ok,encaps h_pk
Frost,192,FAST,avx2_u16,SHAKE128,scalar,Encaps.Pack_CT,75354,10,ok,encaps ciphertext packing
Frost,192,FAST,avx2_u16,SHAKE128,scalar,Encaps.Quant_U,1083,10,ok,encaps U quantization
Frost,192,FAST,avx2_u16,SHAKE128,scalar,Encaps.Quant_V,228,10,ok,encaps V quantization
Frost,192,FAST,avx2_u16,SHAKE128,scalar,Encaps.Recon_PK,874,10,ok,encaps public-key reconstruction
Frost,192,FAST,avx2_u16,SHAKE128,scalar,Encaps.Sample_Message,4484,10,ok,randombytes for mu and salt
Frost,192,FAST,avx2_u16,SHAKE128,scalar,Encaps.Sample_R,589,10,ok,CBD transform for R
Frost,192,FAST,avx2_u16,SHAKE128,scalar,Encaps.SeedExpand_R,91637,10,ok,R XOF expansion
Frost,192,FAST,avx2_u16,SHAKE128,scalar,Encaps.Unpack_PK,72219,10,ok,encaps public-key unpack
Frost,192,FAST,avx2_u16,SHAKE128,scalar,KeyGen.A_times_S,181469,10,ok,keygen A*S multiplication
Frost,192,FAST,avx2_u16,SHAKE128,scalar,KeyGen.Dither_PK,90592,10,ok,keygen public-key dither
Frost,192,FAST,avx2_u16,SHAKE128,scalar,KeyGen.Expand_A,2279184,10,ok,keygen A expansion
Frost,192,FAST,avx2_u16,SHAKE128,scalar,KeyGen.KEM_Total_Profiled,3045206,10,ok,profiling-build keygen total; not official full-KEM timing
Frost,192,FAST,avx2_u16,SHAKE128,scalar,KeyGen.PK_Hash,65493,10,ok,keygen h_pk
Frost,192,FAST,avx2_u16,SHAKE128,scalar,KeyGen.Pack_PK,73720,10,ok,keygen public-key packing
Frost,192,FAST,avx2_u16,SHAKE128,scalar,KeyGen.Quant_PK,1159,10,ok,keygen public-key quantization
Frost,192,FAST,avx2_u16,SHAKE128,scalar,KeyGen.Random,4959,10,ok,randombytes for keygen seeds
Frost,192,FAST,avx2_u16,SHAKE128,scalar,KeyGen.Sample_S,532,10,ok,CBD transform for S
Frost,192,FAST,avx2_u16,SHAKE128,scalar,KeyGen.SeedExpand,90649,10,ok,seed_A and S XOF expansion
Frost,256,FAST,avx2_u16,SHAKE128,scalar,Codec.Message_Decode,54,10,ok,standalone message decode wrapper=frost_key_decode inner_reps=10000
Frost,256,FAST,avx2_u16,SHAKE128,scalar,Codec.Message_Encode,45,10,ok,standalone message encode wrapper=frost_key_encode inner_reps=10000
Frost,256,FAST,avx2_u16,SHAKE128,scalar,Decaps.CT_Compare,1482,20,ok,decaps ciphertext comparison and key select
Frost,256,FAST,avx2_u16,SHAKE128,scalar,Decaps.Decode_Message,342,20,ok,decaps message decode
Frost,256,FAST,avx2_u16,SHAKE128,scalar,Decaps.Dither_U,131081,20,ok,decaps U dither for reconstruction
Frost,256,FAST,avx2_u16,SHAKE128,scalar,Decaps.Dither_V,1273,20,ok,decaps V dither for reconstruction
Frost,256,FAST,avx2_u16,SHAKE128,scalar,Decaps.FO_Hash,1197,20,ok,decaps G hash h_pk||muprime||salt
Frost,256,FAST,avx2_u16,SHAKE128,scalar,Decaps.KDF,104424,20,ok,decaps final shared-secret hash
Frost,256,FAST,avx2_u16,SHAKE128,scalar,Decaps.KEM_Total_Profiled,6868291,20,ok,profiling-build decaps total; not official full-KEM timing
Frost,256,FAST,avx2_u16,SHAKE128,scalar,Decaps.ReEnc_AT_times_R,526718,20,ok,decaps re-encryption A^T*R multiplication
Frost,256,FAST,avx2_u16,SHAKE128,scalar,Decaps.ReEnc_BhatT_times_R,13984,20,ok,decaps re-encryption B^T*R multiplication
Frost,256,FAST,avx2_u16,SHAKE128,scalar,Decaps.ReEnc_Dither_PK,131138,20,ok,decaps re-encryption public-key dither
Frost,256,FAST,avx2_u16,SHAKE128,scalar,Decaps.ReEnc_Dither_U,131784,20,ok,decaps re-encryption U dither
Frost,256,FAST,avx2_u16,SHAKE128,scalar,Decaps.ReEnc_Dither_V,1349,20,ok,decaps re-encryption V dither
Frost,256,FAST,avx2_u16,SHAKE128,scalar,Decaps.ReEnc_Expand_A,4876084,20,ok,decaps re-encryption A expansion
Frost,256,FAST,avx2_u16,SHAKE128,scalar,Decaps.ReEnc_Quant_U,1748,20,ok,decaps re-encryption U quantization
Frost,256,FAST,avx2_u16,SHAKE128,scalar,Decaps.ReEnc_Quant_V,722,20,ok,decaps re-encryption V quantization and message add
Frost,256,FAST,avx2_u16,SHAKE128,scalar,Decaps.ReEnc_Recon_PK,1748,20,ok,decaps re-encryption public-key reconstruction
Frost,256,FAST,avx2_u16,SHAKE128,scalar,Decaps.ReEnc_Unpack_PK,117743,20,ok,decaps re-encryption public-key unpack
Frost,256,FAST,avx2_u16,SHAKE128,scalar,Decaps.Recon_U,1539,20,ok,decaps U reconstruction
Frost,256,FAST,avx2_u16,SHAKE128,scalar,Decaps.Recon_V,266,20,ok,decaps V reconstruction
Frost,256,FAST,avx2_u16,SHAKE128,scalar,Decaps.ST_times_U,4788,20,ok,decaps S^T*U multiplication
Frost,256,FAST,avx2_u16,SHAKE128,scalar,Decaps.Sample_R,798,20,ok,decaps reenc R CBD transform
Frost,256,FAST,avx2_u16,SHAKE128,scalar,Decaps.Sample_S,131632,20,ok,decaps regenerate S from sk seed
Frost,256,FAST,avx2_u16,SHAKE128,scalar,Decaps.SeedExpand_R,130701,20,ok,decaps reenc R XOF expansion
Frost,256,FAST,avx2_u16,SHAKE128,scalar,Decaps.Unpack_CT,91618,20,ok,decaps ciphertext unpack
Frost,256,FAST,avx2_u16,SHAKE128,scalar,Encaps.AT_times_R,541025,10,ok,encaps A^T*R multiplication
Frost,256,FAST,avx2_u16,SHAKE128,scalar,Encaps.BhatT_times_R,13965,10,ok,encaps B^T*R multiplication
Frost,256,FAST,avx2_u16,SHAKE128,scalar,Encaps.Dither_PK,142158,10,ok,encaps public-key dither for reconstruction
Frost,256,FAST,avx2_u16,SHAKE128,scalar,Encaps.Dither_U,131898,10,ok,encaps U dither
Frost,256,FAST,avx2_u16,SHAKE128,scalar,Encaps.Dither_V,1653,10,ok,encaps V dither
Frost,256,FAST,avx2_u16,SHAKE128,scalar,Encaps.Encode_Message,893,10,ok,encaps message encoding and add
Frost,256,FAST,avx2_u16,SHAKE128,scalar,Encaps.Expand_A,5011231,10,ok,encaps A expansion for A^T*R
Frost,256,FAST,avx2_u16,SHAKE128,scalar,Encaps.FO_Hash,1520,10,ok,G hash h_pk||mu||salt
Frost,256,FAST,avx2_u16,SHAKE128,scalar,Encaps.KDF,104329,10,ok,encaps final shared-secret hash
Frost,256,FAST,avx2_u16,SHAKE128,scalar,Encaps.KEM_Total_Profiled,6736602,10,ok,profiling-build encaps total; not official full-KEM timing
Frost,256,FAST,avx2_u16,SHAKE128,scalar,Encaps.PK_Hash,112746,10,ok,encaps h_pk
Frost,256,FAST,avx2_u16,SHAKE128,scalar,Encaps.Pack_CT,98743,10,ok,encaps ciphertext packing
Frost,256,FAST,avx2_u16,SHAKE128,scalar,Encaps.Quant_U,1634,10,ok,encaps U quantization
Frost,256,FAST,avx2_u16,SHAKE128,scalar,Encaps.Quant_V,266,10,ok,encaps V quantization
Frost,256,FAST,avx2_u16,SHAKE128,scalar,Encaps.Recon_PK,1444,10,ok,encaps public-key reconstruction
Frost,256,FAST,avx2_u16,SHAKE128,scalar,Encaps.Sample_Message,4617,10,ok,randombytes for mu and salt
Frost,256,FAST,avx2_u16,SHAKE128,scalar,Encaps.Sample_R,950,10,ok,CBD transform for R
Frost,256,FAST,avx2_u16,SHAKE128,scalar,Encaps.SeedExpand_R,130872,10,ok,R XOF expansion
Frost,256,FAST,avx2_u16,SHAKE128,scalar,Encaps.Unpack_PK,117667,10,ok,encaps public-key unpack
Frost,256,FAST,avx2_u16,SHAKE128,scalar,KeyGen.A_times_S,556624,10,ok,keygen A*S multiplication
Frost,256,FAST,avx2_u16,SHAKE128,scalar,KeyGen.Dither_PK,132126,10,ok,keygen public-key dither
Frost,256,FAST,avx2_u16,SHAKE128,scalar,KeyGen.Expand_A,4919822,10,ok,keygen A expansion
Frost,256,FAST,avx2_u16,SHAKE128,scalar,KeyGen.KEM_Total_Profiled,6361866,10,ok,profiling-build keygen total; not official full-KEM timing
Frost,256,FAST,avx2_u16,SHAKE128,scalar,KeyGen.PK_Hash,117021,10,ok,keygen h_pk
Frost,256,FAST,avx2_u16,SHAKE128,scalar,KeyGen.Pack_PK,120612,10,ok,keygen public-key packing
Frost,256,FAST,avx2_u16,SHAKE128,scalar,KeyGen.Quant_PK,1938,10,ok,keygen public-key quantization
Frost,256,FAST,avx2_u16,SHAKE128,scalar,KeyGen.Random,5852,10,ok,randombytes for keygen seeds
Frost,256,FAST,avx2_u16,SHAKE128,scalar,KeyGen.Sample_S,912,10,ok,CBD transform for S
Frost,256,FAST,avx2_u16,SHAKE128,scalar,KeyGen.SeedExpand,149549,10,ok,seed_A and S XOF expansion
Frost,384,FAST,avx2_u16,SHAKE128,scalar,Codec.Message_Decode,81,10,ok,standalone message decode wrapper=frost_key_decode inner_reps=10000
Frost,384,FAST,avx2_u16,SHAKE128,scalar,Codec.Message_Encode,73,10,ok,standalone message encode wrapper=frost_key_encode inner_reps=10000
Frost,384,FAST,avx2_u16,SHAKE128,scalar,Decaps.CT_Compare,3686,20,ok,decaps ciphertext comparison and key select
Frost,384,FAST,avx2_u16,SHAKE128,scalar,Decaps.Decode_Message,361,20,ok,decaps message decode
Frost,384,FAST,avx2_u16,SHAKE128,scalar,Decaps.Dither_U,293607,20,ok,decaps U dither for reconstruction
Frost,384,FAST,avx2_u16,SHAKE128,scalar,Decaps.Dither_V,2223,20,ok,decaps V dither for reconstruction
Frost,384,FAST,avx2_u16,SHAKE128,scalar,Decaps.FO_Hash,2166,20,ok,decaps G hash h_pk||muprime||salt
Frost,384,FAST,avx2_u16,SHAKE128,scalar,Decaps.KDF,252301,20,ok,decaps final shared-secret hash
Frost,384,FAST,avx2_u16,SHAKE128,scalar,Decaps.KEM_Total_Profiled,15049121,20,ok,profiling-build decaps total; not official full-KEM timing
Frost,384,FAST,avx2_u16,SHAKE128,scalar,Decaps.ReEnc_AT_times_R,1923446,20,ok,decaps re-encryption A^T*R multiplication
Frost,384,FAST,avx2_u16,SHAKE128,scalar,Decaps.ReEnc_BhatT_times_R,31502,20,ok,decaps re-encryption B^T*R multiplication
Frost,384,FAST,avx2_u16,SHAKE128,scalar,Decaps.ReEnc_Dither_PK,195890,20,ok,decaps re-encryption public-key dither
Frost,384,FAST,avx2_u16,SHAKE128,scalar,Decaps.ReEnc_Dither_U,331474,20,ok,decaps re-encryption U dither
Frost,384,FAST,avx2_u16,SHAKE128,scalar,Decaps.ReEnc_Dither_V,2204,20,ok,decaps re-encryption V dither
Frost,384,FAST,avx2_u16,SHAKE128,scalar,Decaps.ReEnc_Expand_A,10294884,20,ok,decaps re-encryption A expansion
Frost,384,FAST,avx2_u16,SHAKE128,scalar,Decaps.ReEnc_Quant_U,4085,20,ok,decaps re-encryption U quantization
Frost,384,FAST,avx2_u16,SHAKE128,scalar,Decaps.ReEnc_Quant_V,608,20,ok,decaps re-encryption V quantization and message add
Frost,384,FAST,avx2_u16,SHAKE128,scalar,Decaps.ReEnc_Recon_PK,2394,20,ok,decaps re-encryption public-key reconstruction
Frost,384,FAST,avx2_u16,SHAKE128,scalar,Decaps.ReEnc_Unpack_PK,189297,20,ok,decaps re-encryption public-key unpack
Frost,384,FAST,avx2_u16,SHAKE128,scalar,Decaps.Recon_U,2318,20,ok,decaps U reconstruction
Frost,384,FAST,avx2_u16,SHAKE128,scalar,Decaps.Recon_V,266,20,ok,decaps V reconstruction
Frost,384,FAST,avx2_u16,SHAKE128,scalar,Decaps.ST_times_U,9842,20,ok,decaps S^T*U multiplication
Frost,384,FAST,avx2_u16,SHAKE128,scalar,Decaps.Sample_R,1558,20,ok,decaps reenc R CBD transform
Frost,384,FAST,avx2_u16,SHAKE128,scalar,Decaps.Sample_S,196023,20,ok,decaps regenerate S from sk seed
Frost,384,FAST,avx2_u16,SHAKE128,scalar,Decaps.SeedExpand_R,292733,20,ok,decaps reenc R XOF expansion
Frost,384,FAST,avx2_u16,SHAKE128,scalar,Decaps.Unpack_CT,262067,20,ok,decaps ciphertext unpack
Frost,384,FAST,avx2_u16,SHAKE128,scalar,Encaps.AT_times_R,1994696,10,ok,encaps A^T*R multiplication
Frost,384,FAST,avx2_u16,SHAKE128,scalar,Encaps.BhatT_times_R,31312,10,ok,encaps B^T*R multiplication
Frost,384,FAST,avx2_u16,SHAKE128,scalar,Encaps.Dither_PK,196365,10,ok,encaps public-key dither for reconstruction
Frost,384,FAST,avx2_u16,SHAKE128,scalar,Encaps.Dither_U,294101,10,ok,encaps U dither
Frost,384,FAST,avx2_u16,SHAKE128,scalar,Encaps.Dither_V,2185,10,ok,encaps V dither
Frost,384,FAST,avx2_u16,SHAKE128,scalar,Encaps.Encode_Message,380,10,ok,encaps message encoding and add
Frost,384,FAST,avx2_u16,SHAKE128,scalar,Encaps.Expand_A,9759350,10,ok,encaps A expansion for A^T*R
Frost,384,FAST,avx2_u16,SHAKE128,scalar,Encaps.FO_Hash,2641,10,ok,G hash h_pk||mu||salt
Frost,384,FAST,avx2_u16,SHAKE128,scalar,Encaps.KDF,251218,10,ok,encaps final shared-secret hash
Frost,384,FAST,avx2_u16,SHAKE128,scalar,Encaps.KEM_Total_Profiled,14049968,10,ok,profiling-build encaps total; not official full-KEM timing
Frost,384,FAST,avx2_u16,SHAKE128,scalar,Encaps.PK_Hash,168682,10,ok,encaps h_pk
Frost,384,FAST,avx2_u16,SHAKE128,scalar,Encaps.Pack_CT,333773,10,ok,encaps ciphertext packing
Frost,384,FAST,avx2_u16,SHAKE128,scalar,Encaps.Quant_U,3648,10,ok,encaps U quantization
Frost,384,FAST,avx2_u16,SHAKE128,scalar,Encaps.Quant_V,190,10,ok,encaps V quantization
Frost,384,FAST,avx2_u16,SHAKE128,scalar,Encaps.Recon_PK,1881,10,ok,encaps public-key reconstruction
Frost,384,FAST,avx2_u16,SHAKE128,scalar,Encaps.Sample_Message,5282,10,ok,randombytes for mu and salt
Frost,384,FAST,avx2_u16,SHAKE128,scalar,Encaps.Sample_R,1596,10,ok,CBD transform for R
Frost,384,FAST,avx2_u16,SHAKE128,scalar,Encaps.SeedExpand_R,293208,10,ok,R XOF expansion
Frost,384,FAST,avx2_u16,SHAKE128,scalar,Encaps.Unpack_PK,174686,10,ok,encaps public-key unpack
Frost,384,FAST,avx2_u16,SHAKE128,scalar,KeyGen.A_times_S,1030693,10,ok,keygen A*S multiplication
Frost,384,FAST,avx2_u16,SHAKE128,scalar,KeyGen.Dither_PK,207689,10,ok,keygen public-key dither
Frost,384,FAST,avx2_u16,SHAKE128,scalar,KeyGen.Expand_A,10231386,10,ok,keygen A expansion
Frost,384,FAST,avx2_u16,SHAKE128,scalar,KeyGen.KEM_Total_Profiled,12595347,10,ok,profiling-build keygen total; not official full-KEM timing
Frost,384,FAST,avx2_u16,SHAKE128,scalar,KeyGen.PK_Hash,168150,10,ok,keygen h_pk
Frost,384,FAST,avx2_u16,SHAKE128,scalar,KeyGen.Pack_PK,179512,10,ok,keygen public-key packing
Frost,384,FAST,avx2_u16,SHAKE128,scalar,KeyGen.Quant_PK,2755,10,ok,keygen public-key quantization
Frost,384,FAST,avx2_u16,SHAKE128,scalar,KeyGen.Random,6460,10,ok,randombytes for keygen seeds
Frost,384,FAST,avx2_u16,SHAKE128,scalar,KeyGen.Sample_S,1273,10,ok,CBD transform for S
Frost,384,FAST,avx2_u16,SHAKE128,scalar,KeyGen.SeedExpand,229330,10,ok,seed_A and S XOF expansion
Frost,512,FAST,avx2_u16,SHAKE128,scalar,Codec.Message_Decode,68,10,ok,standalone message decode wrapper=frost_key_decode inner_reps=10000
Frost,512,FAST,avx2_u16,SHAKE128,scalar,Codec.Message_Encode,45,10,ok,standalone message encode wrapper=frost_key_encode inner_reps=10000
Frost,512,FAST,avx2_u16,SHAKE128,scalar,Decaps.CT_Compare,5358,20,ok,decaps ciphertext comparison and key select
Frost,512,FAST,avx2_u16,SHAKE128,scalar,Decaps.Decode_Message,969,20,ok,decaps message decode
Frost,512,FAST,avx2_u16,SHAKE128,scalar,Decaps.Dither_U,526585,20,ok,decaps U dither for reconstruction
Frost,512,FAST,avx2_u16,SHAKE128,scalar,Decaps.Dither_V,2242,20,ok,decaps V dither for reconstruction
Frost,512,FAST,avx2_u16,SHAKE128,scalar,Decaps.FO_Hash,3230,20,ok,decaps G hash h_pk||muprime||salt
Frost,512,FAST,avx2_u16,SHAKE128,scalar,Decaps.KDF,484481,20,ok,decaps final shared-secret hash
Frost,512,FAST,avx2_u16,SHAKE128,scalar,Decaps.KEM_Total_Profiled,26652706,20,ok,profiling-build decaps total; not official full-KEM timing
Frost,512,FAST,avx2_u16,SHAKE128,scalar,Decaps.ReEnc_AT_times_R,4483962,20,ok,decaps re-encryption A^T*R multiplication
Frost,512,FAST,avx2_u16,SHAKE128,scalar,Decaps.ReEnc_BhatT_times_R,56696,20,ok,decaps re-encryption B^T*R multiplication
Frost,512,FAST,avx2_u16,SHAKE128,scalar,Decaps.ReEnc_Dither_PK,263834,20,ok,decaps re-encryption public-key dither
Frost,512,FAST,avx2_u16,SHAKE128,scalar,Decaps.ReEnc_Dither_U,527896,20,ok,decaps re-encryption U dither
Frost,512,FAST,avx2_u16,SHAKE128,scalar,Decaps.ReEnc_Dither_V,2242,20,ok,decaps re-encryption V dither
Frost,512,FAST,avx2_u16,SHAKE128,scalar,Decaps.ReEnc_Expand_A,17855098,20,ok,decaps re-encryption A expansion
Frost,512,FAST,avx2_u16,SHAKE128,scalar,Decaps.ReEnc_Quant_U,6631,20,ok,decaps re-encryption U quantization
Frost,512,FAST,avx2_u16,SHAKE128,scalar,Decaps.ReEnc_Quant_V,798,20,ok,decaps re-encryption V quantization and message add
Frost,512,FAST,avx2_u16,SHAKE128,scalar,Decaps.ReEnc_Recon_PK,3078,20,ok,decaps re-encryption public-key reconstruction
Frost,512,FAST,avx2_u16,SHAKE128,scalar,Decaps.ReEnc_Unpack_PK,236702,20,ok,decaps re-encryption public-key unpack
Frost,512,FAST,avx2_u16,SHAKE128,scalar,Decaps.Recon_U,4465,20,ok,decaps U reconstruction
Frost,512,FAST,avx2_u16,SHAKE128,scalar,Decaps.Recon_V,266,20,ok,decaps V reconstruction
Frost,512,FAST,avx2_u16,SHAKE128,scalar,Decaps.ST_times_U,18677,20,ok,decaps S^T*U multiplication
Frost,512,FAST,avx2_u16,SHAKE128,scalar,Decaps.Sample_R,2774,20,ok,decaps reenc R CBD transform
Frost,512,FAST,avx2_u16,SHAKE128,scalar,Decaps.Sample_S,264309,20,ok,decaps regenerate S from sk seed
Frost,512,FAST,avx2_u16,SHAKE128,scalar,Decaps.SeedExpand_R,525198,20,ok,decaps reenc R XOF expansion
Frost,512,FAST,avx2_u16,SHAKE128,scalar,Decaps.Unpack_CT,471561,20,ok,decaps ciphertext unpack
Frost,512,FAST,avx2_u16,SHAKE128,scalar,Encaps.AT_times_R,4460478,10,ok,encaps A^T*R multiplication
Frost,512,FAST,avx2_u16,SHAKE128,scalar,Encaps.BhatT_times_R,56848,10,ok,encaps B^T*R multiplication
Frost,512,FAST,avx2_u16,SHAKE128,scalar,Encaps.Dither_PK,263967,10,ok,encaps public-key dither for reconstruction
Frost,512,FAST,avx2_u16,SHAKE128,scalar,Encaps.Dither_U,555655,10,ok,encaps U dither
Frost,512,FAST,avx2_u16,SHAKE128,scalar,Encaps.Dither_V,2204,10,ok,encaps V dither
Frost,512,FAST,avx2_u16,SHAKE128,scalar,Encaps.Encode_Message,874,10,ok,encaps message encoding and add
Frost,512,FAST,avx2_u16,SHAKE128,scalar,Encaps.Expand_A,17841779,10,ok,encaps A expansion for A^T*R
Frost,512,FAST,avx2_u16,SHAKE128,scalar,Encaps.FO_Hash,3230,10,ok,G hash h_pk||mu||salt
Frost,512,FAST,avx2_u16,SHAKE128,scalar,Encaps.KDF,484614,10,ok,encaps final shared-secret hash
Frost,512,FAST,avx2_u16,SHAKE128,scalar,Encaps.KEM_Total_Profiled,25930839,10,ok,profiling-build encaps total; not official full-KEM timing
Frost,512,FAST,avx2_u16,SHAKE128,scalar,Encaps.PK_Hash,242098,10,ok,encaps h_pk
Frost,512,FAST,avx2_u16,SHAKE128,scalar,Encaps.Pack_CT,489383,10,ok,encaps ciphertext packing
Frost,512,FAST,avx2_u16,SHAKE128,scalar,Encaps.Quant_U,6783,10,ok,encaps U quantization
Frost,512,FAST,avx2_u16,SHAKE128,scalar,Encaps.Quant_V,266,10,ok,encaps V quantization
Frost,512,FAST,avx2_u16,SHAKE128,scalar,Encaps.Recon_PK,2907,10,ok,encaps public-key reconstruction
Frost,512,FAST,avx2_u16,SHAKE128,scalar,Encaps.Sample_Message,5738,10,ok,randombytes for mu and salt
Frost,512,FAST,avx2_u16,SHAKE128,scalar,Encaps.Sample_R,2546,10,ok,CBD transform for R
Frost,512,FAST,avx2_u16,SHAKE128,scalar,Encaps.SeedExpand_R,525255,10,ok,R XOF expansion
Frost,512,FAST,avx2_u16,SHAKE128,scalar,Encaps.Unpack_PK,235999,10,ok,encaps public-key unpack
Frost,512,FAST,avx2_u16,SHAKE128,scalar,KeyGen.A_times_S,1928880,10,ok,keygen A*S multiplication
Frost,512,FAST,avx2_u16,SHAKE128,scalar,KeyGen.Dither_PK,288363,10,ok,keygen public-key dither
Frost,512,FAST,avx2_u16,SHAKE128,scalar,KeyGen.Expand_A,18330402,10,ok,keygen A expansion
Frost,512,FAST,avx2_u16,SHAKE128,scalar,KeyGen.KEM_Total_Profiled,22166996,10,ok,profiling-build keygen total; not official full-KEM timing
Frost,512,FAST,avx2_u16,SHAKE128,scalar,KeyGen.PK_Hash,242725,10,ok,keygen h_pk
Frost,512,FAST,avx2_u16,SHAKE128,scalar,KeyGen.Pack_PK,244302,10,ok,keygen public-key packing
Frost,512,FAST,avx2_u16,SHAKE128,scalar,KeyGen.Quant_PK,3990,10,ok,keygen public-key quantization
Frost,512,FAST,avx2_u16,SHAKE128,scalar,KeyGen.Random,7258,10,ok,randombytes for keygen seeds
Frost,512,FAST,avx2_u16,SHAKE128,scalar,KeyGen.Sample_S,1064,10,ok,CBD transform for S
Frost,512,FAST,avx2_u16,SHAKE128,scalar,KeyGen.SeedExpand,264119,10,ok,seed_A and S XOF expansion
Frost,128,REFERENCE,ref,AES128,e8,Codec.Message_Decode,1712,10,ok,standalone message decode wrapper=frost_key_decode inner_reps=10000
Frost,128,REFERENCE,ref,AES128,e8,Codec.Message_Encode,372,10,ok,standalone message encode wrapper=frost_key_encode inner_reps=10000
Frost,128,REFERENCE,ref,AES128,e8,Decaps.CT_Compare,1083,20,ok,decaps ciphertext comparison and key select
Frost,128,REFERENCE,ref,AES128,e8,Decaps.Decode_Message,2394,20,ok,decaps message decode
Frost,128,REFERENCE,ref,AES128,e8,Decaps.Dither_U,45182,20,ok,decaps U dither for reconstruction
Frost,128,REFERENCE,ref,AES128,e8,Decaps.Dither_V,1501,20,ok,decaps V dither for reconstruction
Frost,128,REFERENCE,ref,AES128,e8,Decaps.FO_Hash,1482,20,ok,decaps G hash h_pk||muprime||salt
Frost,128,REFERENCE,ref,AES128,e8,Decaps.KDF,30476,20,ok,decaps final shared-secret hash
Frost,128,REFERENCE,ref,AES128,e8,Decaps.KEM_Total_Profiled,1332166,20,ok,profiling-build decaps total; not official full-KEM timing
Frost,128,REFERENCE,ref,AES128,e8,Decaps.ReEnc_AT_times_R,159676,20,ok,decaps re-encryption A^T*R multiplication
Frost,128,REFERENCE,ref,AES128,e8,Decaps.ReEnc_BhatT_times_R,5510,20,ok,decaps re-encryption B^T*R multiplication
Frost,128,REFERENCE,ref,AES128,e8,Decaps.ReEnc_Dither_PK,48127,20,ok,decaps re-encryption public-key dither
Frost,128,REFERENCE,ref,AES128,e8,Decaps.ReEnc_Dither_U,49058,20,ok,decaps re-encryption U dither
Frost,128,REFERENCE,ref,AES128,e8,Decaps.ReEnc_Dither_V,1615,20,ok,decaps re-encryption V dither
Frost,128,REFERENCE,ref,AES128,e8,Decaps.ReEnc_Expand_A,279034,20,ok,decaps re-encryption A expansion
Frost,128,REFERENCE,ref,AES128,e8,Decaps.ReEnc_Quant_U,665,20,ok,decaps re-encryption U quantization
Frost,128,REFERENCE,ref,AES128,e8,Decaps.ReEnc_Quant_V,1159,20,ok,decaps re-encryption V quantization and message add
Frost,128,REFERENCE,ref,AES128,e8,Decaps.ReEnc_Recon_PK,760,20,ok,decaps re-encryption public-key reconstruction
Frost,128,REFERENCE,ref,AES128,e8,Decaps.ReEnc_Unpack_PK,45429,20,ok,decaps re-encryption public-key unpack
Frost,128,REFERENCE,ref,AES128,e8,Decaps.Recon_U,608,20,ok,decaps U reconstruction
Frost,128,REFERENCE,ref,AES128,e8,Decaps.Recon_V,266,20,ok,decaps V reconstruction
Frost,128,REFERENCE,ref,AES128,e8,Decaps.ST_times_U,1083,20,ok,decaps S^T*U multiplication
Frost,128,REFERENCE,ref,AES128,e8,Decaps.Sample_R,570,20,ok,decaps reenc R CBD transform
Frost,128,REFERENCE,ref,AES128,e8,Decaps.Sample_S,43396,20,ok,decaps regenerate S from sk seed
Frost,128,REFERENCE,ref,AES128,e8,Decaps.SeedExpand_R,45942,20,ok,decaps reenc R XOF expansion
Frost,128,REFERENCE,ref,AES128,e8,Decaps.Unpack_CT,41876,20,ok,decaps ciphertext unpack
Frost,128,REFERENCE,ref,AES128,e8,Encaps.AT_times_R,126711,10,ok,encaps A^T*R multiplication
Frost,128,REFERENCE,ref,AES128,e8,Encaps.BhatT_times_R,5415,10,ok,encaps B^T*R multiplication
Frost,128,REFERENCE,ref,AES128,e8,Encaps.Dither_PK,43054,10,ok,encaps public-key dither for reconstruction
Frost,128,REFERENCE,ref,AES128,e8,Encaps.Dither_U,43092,10,ok,encaps U dither
Frost,128,REFERENCE,ref,AES128,e8,Encaps.Dither_V,1368,10,ok,encaps V dither
Frost,128,REFERENCE,ref,AES128,e8,Encaps.Encode_Message,988,10,ok,encaps message encoding and add
Frost,128,REFERENCE,ref,AES128,e8,Encaps.Expand_A,228019,10,ok,encaps A expansion for A^T*R
Frost,128,REFERENCE,ref,AES128,e8,Encaps.FO_Hash,1520,10,ok,G hash h_pk||mu||salt
Frost,128,REFERENCE,ref,AES128,e8,Encaps.KDF,29393,10,ok,encaps final shared-secret hash
Frost,128,REFERENCE,ref,AES128,e8,Encaps.KEM_Total_Profiled,852606,10,ok,profiling-build encaps total; not official full-KEM timing
Frost,128,REFERENCE,ref,AES128,e8,Encaps.PK_Hash,28709,10,ok,encaps h_pk
Frost,128,REFERENCE,ref,AES128,e8,Encaps.Pack_CT,39216,10,ok,encaps ciphertext packing
Frost,128,REFERENCE,ref,AES128,e8,Encaps.Quant_U,456,10,ok,encaps U quantization
Frost,128,REFERENCE,ref,AES128,e8,Encaps.Quant_V,190,10,ok,encaps V quantization
Frost,128,REFERENCE,ref,AES128,e8,Encaps.Recon_PK,456,10,ok,encaps public-key reconstruction
Frost,128,REFERENCE,ref,AES128,e8,Encaps.Sample_Message,3439,10,ok,randombytes for mu and salt
Frost,128,REFERENCE,ref,AES128,e8,Encaps.Sample_R,532,10,ok,CBD transform for R
Frost,128,REFERENCE,ref,AES128,e8,Encaps.SeedExpand_R,42978,10,ok,R XOF expansion
Frost,128,REFERENCE,ref,AES128,e8,Encaps.Unpack_PK,38418,10,ok,encaps public-key unpack
Frost,128,REFERENCE,ref,AES128,e8,KeyGen.A_times_S,47804,10,ok,keygen A*S multiplication
Frost,128,REFERENCE,ref,AES128,e8,KeyGen.Dither_PK,44593,10,ok,keygen public-key dither
Frost,128,REFERENCE,ref,AES128,e8,KeyGen.Expand_A,180842,10,ok,keygen A expansion
Frost,128,REFERENCE,ref,AES128,e8,KeyGen.KEM_Total_Profiled,1028223,10,ok,profiling-build keygen total; not official full-KEM timing
Frost,128,REFERENCE,ref,AES128,e8,KeyGen.PK_Hash,29051,10,ok,keygen h_pk
Frost,128,REFERENCE,ref,AES128,e8,KeyGen.Pack_PK,38494,10,ok,keygen public-key packing
Frost,128,REFERENCE,ref,AES128,e8,KeyGen.Quant_PK,836,10,ok,keygen public-key quantization
Frost,128,REFERENCE,ref,AES128,e8,KeyGen.Random,5130,10,ok,randombytes for keygen seeds
Frost,128,REFERENCE,ref,AES128,e8,KeyGen.Sample_S,684,10,ok,CBD transform for S
Frost,128,REFERENCE,ref,AES128,e8,KeyGen.SeedExpand,48146,10,ok,seed_A and S XOF expansion
Frost,192,REFERENCE,ref,AES128,e8,Codec.Message_Decode,1487,10,ok,standalone message decode wrapper=frost_key_decode inner_reps=10000
Frost,192,REFERENCE,ref,AES128,e8,Codec.Message_Encode,430,10,ok,standalone message encode wrapper=frost_key_encode inner_reps=10000
Frost,192,REFERENCE,ref,AES128,e8,Decaps.CT_Compare,1216,20,ok,decaps ciphertext comparison and key select
Frost,192,REFERENCE,ref,AES128,e8,Decaps.Decode_Message,2527,20,ok,decaps message decode
Frost,192,REFERENCE,ref,AES128,e8,Decaps.Dither_U,92739,20,ok,decaps U dither for reconstruction
Frost,192,REFERENCE,ref,AES128,e8,Decaps.Dither_V,1349,20,ok,decaps V dither for reconstruction
Frost,192,REFERENCE,ref,AES128,e8,Decaps.FO_Hash,1254,20,ok,decaps G hash h_pk||muprime||salt
Frost,192,REFERENCE,ref,AES128,e8,Decaps.KDF,67602,20,ok,decaps final shared-secret hash
Frost,192,REFERENCE,ref,AES128,e8,Decaps.KEM_Total_Profiled,2658290,20,ok,profiling-build decaps total; not official full-KEM timing
Frost,192,REFERENCE,ref,AES128,e8,Decaps.ReEnc_AT_times_R,435480,20,ok,decaps re-encryption A^T*R multiplication
Frost,192,REFERENCE,ref,AES128,e8,Decaps.ReEnc_BhatT_times_R,9443,20,ok,decaps re-encryption B^T*R multiplication
Frost,192,REFERENCE,ref,AES128,e8,Decaps.ReEnc_Dither_PK,89927,20,ok,decaps re-encryption public-key dither
Frost,192,REFERENCE,ref,AES128,e8,Decaps.ReEnc_Dither_U,90934,20,ok,decaps re-encryption U dither
Frost,192,REFERENCE,ref,AES128,e8,Decaps.ReEnc_Dither_V,1330,20,ok,decaps re-encryption V dither
Frost,192,REFERENCE,ref,AES128,e8,Decaps.ReEnc_Expand_A,678585,20,ok,decaps re-encryption A expansion
Frost,192,REFERENCE,ref,AES128,e8,Decaps.ReEnc_Quant_U,1273,20,ok,decaps re-encryption U quantization
Frost,192,REFERENCE,ref,AES128,e8,Decaps.ReEnc_Quant_V,1102,20,ok,decaps re-encryption V quantization and message add
Frost,192,REFERENCE,ref,AES128,e8,Decaps.ReEnc_Recon_PK,684,20,ok,decaps re-encryption public-key reconstruction
Frost,192,REFERENCE,ref,AES128,e8,Decaps.ReEnc_Unpack_PK,72827,20,ok,decaps re-encryption public-key unpack
Frost,192,REFERENCE,ref,AES128,e8,Decaps.Recon_U,608,20,ok,decaps U reconstruction
Frost,192,REFERENCE,ref,AES128,e8,Decaps.Recon_V,266,20,ok,decaps V reconstruction
Frost,192,REFERENCE,ref,AES128,e8,Decaps.ST_times_U,2565,20,ok,decaps S^T*U multiplication
Frost,192,REFERENCE,ref,AES128,e8,Decaps.Sample_R,551,20,ok,decaps reenc R CBD transform
Frost,192,REFERENCE,ref,AES128,e8,Decaps.Sample_S,90307,20,ok,decaps regenerate S from sk seed
Frost,192,REFERENCE,ref,AES128,e8,Decaps.SeedExpand_R,93613,20,ok,decaps reenc R XOF expansion
Frost,192,REFERENCE,ref,AES128,e8,Decaps.Unpack_CT,74005,20,ok,decaps ciphertext unpack
Frost,192,REFERENCE,ref,AES128,e8,Encaps.AT_times_R,435252,10,ok,encaps A^T*R multiplication
Frost,192,REFERENCE,ref,AES128,e8,Encaps.BhatT_times_R,9519,10,ok,encaps B^T*R multiplication
Frost,192,REFERENCE,ref,AES128,e8,Encaps.Dither_PK,94525,10,ok,encaps public-key dither for reconstruction
Frost,192,REFERENCE,ref,AES128,e8,Encaps.Dither_U,92492,10,ok,encaps U dither
Frost,192,REFERENCE,ref,AES128,e8,Encaps.Dither_V,1520,10,ok,encaps V dither
Frost,192,REFERENCE,ref,AES128,e8,Encaps.Encode_Message,950,10,ok,encaps message encoding and add
Frost,192,REFERENCE,ref,AES128,e8,Encaps.Expand_A,703209,10,ok,encaps A expansion for A^T*R
Frost,192,REFERENCE,ref,AES128,e8,Encaps.FO_Hash,1710,10,ok,G hash h_pk||mu||salt
Frost,192,REFERENCE,ref,AES128,e8,Encaps.KDF,72162,10,ok,encaps final shared-secret hash
Frost,192,REFERENCE,ref,AES128,e8,Encaps.KEM_Total_Profiled,2415736,10,ok,profiling-build encaps total; not official full-KEM timing
Frost,192,REFERENCE,ref,AES128,e8,Encaps.PK_Hash,67678,10,ok,encaps h_pk
Frost,192,REFERENCE,ref,AES128,e8,Encaps.Pack_CT,79952,10,ok,encaps ciphertext packing
Frost,192,REFERENCE,ref,AES128,e8,Encaps.Quant_U,1235,10,ok,encaps U quantization
Frost,192,REFERENCE,ref,AES128,e8,Encaps.Quant_V,228,10,ok,encaps V quantization
Frost,192,REFERENCE,ref,AES128,e8,Encaps.Recon_PK,893,10,ok,encaps public-key reconstruction
Frost,192,REFERENCE,ref,AES128,e8,Encaps.Sample_Message,4560,10,ok,randombytes for mu and salt
Frost,192,REFERENCE,ref,AES128,e8,Encaps.Sample_R,665,10,ok,CBD transform for R
Frost,192,REFERENCE,ref,AES128,e8,Encaps.SeedExpand_R,99199,10,ok,R XOF expansion
Frost,192,REFERENCE,ref,AES128,e8,Encaps.Unpack_PK,79439,10,ok,encaps public-key unpack
Frost,192,REFERENCE,ref,AES128,e8,KeyGen.A_times_S,318155,10,ok,keygen A*S multiplication
Frost,192,REFERENCE,ref,AES128,e8,KeyGen.Dither_PK,90972,10,ok,keygen public-key dither
Frost,192,REFERENCE,ref,AES128,e8,KeyGen.Expand_A,810274,10,ok,keygen A expansion
Frost,192,REFERENCE,ref,AES128,e8,KeyGen.KEM_Total_Profiled,3083529,10,ok,profiling-build keygen total; not official full-KEM timing
Frost,192,REFERENCE,ref,AES128,e8,KeyGen.PK_Hash,70091,10,ok,keygen h_pk
Frost,192,REFERENCE,ref,AES128,e8,KeyGen.Pack_PK,79629,10,ok,keygen public-key packing
Frost,192,REFERENCE,ref,AES128,e8,KeyGen.Quant_PK,1387,10,ok,keygen public-key quantization
Frost,192,REFERENCE,ref,AES128,e8,KeyGen.Random,4674,10,ok,randombytes for keygen seeds
Frost,192,REFERENCE,ref,AES128,e8,KeyGen.Sample_S,646,10,ok,CBD transform for S
Frost,192,REFERENCE,ref,AES128,e8,KeyGen.SeedExpand,99066,10,ok,seed_A and S XOF expansion
Frost,256,REFERENCE,ref,AES128,e8,Codec.Message_Decode,1592,10,ok,standalone message decode wrapper=frost_key_decode inner_reps=10000
Frost,256,REFERENCE,ref,AES128,e8,Codec.Message_Encode,520,10,ok,standalone message encode wrapper=frost_key_encode inner_reps=10000
Frost,256,REFERENCE,ref,AES128,e8,Decaps.CT_Compare,1482,20,ok,decaps ciphertext comparison and key select
Frost,256,REFERENCE,ref,AES128,e8,Decaps.Decode_Message,2508,20,ok,decaps message decode
Frost,256,REFERENCE,ref,AES128,e8,Decaps.Dither_U,131005,20,ok,decaps U dither for reconstruction
Frost,256,REFERENCE,ref,AES128,e8,Decaps.Dither_V,1292,20,ok,decaps V dither for reconstruction
Frost,256,REFERENCE,ref,AES128,e8,Decaps.FO_Hash,1216,20,ok,decaps G hash h_pk||muprime||salt
Frost,256,REFERENCE,ref,AES128,e8,Decaps.KDF,104329,20,ok,decaps final shared-secret hash
Frost,256,REFERENCE,ref,AES128,e8,Decaps.KEM_Total_Profiled,3884417,20,ok,profiling-build decaps total; not official full-KEM timing
Frost,256,REFERENCE,ref,AES128,e8,Decaps.ReEnc_AT_times_R,854544,20,ok,decaps re-encryption A^T*R multiplication
Frost,256,REFERENCE,ref,AES128,e8,Decaps.ReEnc_BhatT_times_R,13965,20,ok,decaps re-encryption B^T*R multiplication
Frost,256,REFERENCE,ref,AES128,e8,Decaps.ReEnc_Dither_PK,131271,20,ok,decaps re-encryption public-key dither
Frost,256,REFERENCE,ref,AES128,e8,Decaps.ReEnc_Dither_U,131784,20,ok,decaps re-encryption U dither
Frost,256,REFERENCE,ref,AES128,e8,Decaps.ReEnc_Dither_V,1368,20,ok,decaps re-encryption V dither
Frost,256,REFERENCE,ref,AES128,e8,Decaps.ReEnc_Expand_A,1256185,20,ok,decaps re-encryption A expansion
Frost,256,REFERENCE,ref,AES128,e8,Decaps.ReEnc_Quant_U,1748,20,ok,decaps re-encryption U quantization
Frost,256,REFERENCE,ref,AES128,e8,Decaps.ReEnc_Quant_V,1311,20,ok,decaps re-encryption V quantization and message add
Frost,256,REFERENCE,ref,AES128,e8,Decaps.ReEnc_Recon_PK,1634,20,ok,decaps re-encryption public-key reconstruction
Frost,256,REFERENCE,ref,AES128,e8,Decaps.ReEnc_Unpack_PK,117686,20,ok,decaps re-encryption public-key unpack
Frost,256,REFERENCE,ref,AES128,e8,Decaps.Recon_U,1577,20,ok,decaps U reconstruction
Frost,256,REFERENCE,ref,AES128,e8,Decaps.Recon_V,266,20,ok,decaps V reconstruction
Frost,256,REFERENCE,ref,AES128,e8,Decaps.ST_times_U,4807,20,ok,decaps S^T*U multiplication
Frost,256,REFERENCE,ref,AES128,e8,Decaps.Sample_R,798,20,ok,decaps reenc R CBD transform
Frost,256,REFERENCE,ref,AES128,e8,Decaps.Sample_S,131442,20,ok,decaps regenerate S from sk seed
Frost,256,REFERENCE,ref,AES128,e8,Decaps.SeedExpand_R,130644,20,ok,decaps reenc R XOF expansion
Frost,256,REFERENCE,ref,AES128,e8,Decaps.Unpack_CT,91447,20,ok,decaps ciphertext unpack
Frost,256,REFERENCE,ref,AES128,e8,Encaps.AT_times_R,921272,10,ok,encaps A^T*R multiplication
Frost,256,REFERENCE,ref,AES128,e8,Encaps.BhatT_times_R,14041,10,ok,encaps B^T*R multiplication
Frost,256,REFERENCE,ref,AES128,e8,Encaps.Dither_PK,131271,10,ok,encaps public-key dither for reconstruction
Frost,256,REFERENCE,ref,AES128,e8,Encaps.Dither_U,131803,10,ok,encaps U dither
Frost,256,REFERENCE,ref,AES128,e8,Encaps.Dither_V,1387,10,ok,encaps V dither
Frost,256,REFERENCE,ref,AES128,e8,Encaps.Encode_Message,1140,10,ok,encaps message encoding and add
Frost,256,REFERENCE,ref,AES128,e8,Encaps.Expand_A,1243683,10,ok,encaps A expansion for A^T*R
Frost,256,REFERENCE,ref,AES128,e8,Encaps.FO_Hash,1444,10,ok,G hash h_pk||mu||salt
Frost,256,REFERENCE,ref,AES128,e8,Encaps.KDF,104101,10,ok,encaps final shared-secret hash
Frost,256,REFERENCE,ref,AES128,e8,Encaps.KEM_Total_Profiled,3785978,10,ok,profiling-build encaps total; not official full-KEM timing
Frost,256,REFERENCE,ref,AES128,e8,Encaps.PK_Hash,112461,10,ok,encaps h_pk
Frost,256,REFERENCE,ref,AES128,e8,Encaps.Pack_CT,97489,10,ok,encaps ciphertext packing
Frost,256,REFERENCE,ref,AES128,e8,Encaps.Quant_U,1672,10,ok,encaps U quantization
Frost,256,REFERENCE,ref,AES128,e8,Encaps.Quant_V,228,10,ok,encaps V quantization
Frost,256,REFERENCE,ref,AES128,e8,Encaps.Recon_PK,1330,10,ok,encaps public-key reconstruction
Frost,256,REFERENCE,ref,AES128,e8,Encaps.Sample_Message,4674,10,ok,randombytes for mu and salt
Frost,256,REFERENCE,ref,AES128,e8,Encaps.Sample_R,817,10,ok,CBD transform for R
Frost,256,REFERENCE,ref,AES128,e8,Encaps.SeedExpand_R,130910,10,ok,R XOF expansion
Frost,256,REFERENCE,ref,AES128,e8,Encaps.Unpack_PK,121524,10,ok,encaps public-key unpack
Frost,256,REFERENCE,ref,AES128,e8,KeyGen.A_times_S,684912,10,ok,keygen A*S multiplication
Frost,256,REFERENCE,ref,AES128,e8,KeyGen.Dither_PK,132050,10,ok,keygen public-key dither
Frost,256,REFERENCE,ref,AES128,e8,KeyGen.Expand_A,1198691,10,ok,keygen A expansion
Frost,256,REFERENCE,ref,AES128,e8,KeyGen.KEM_Total_Profiled,5187665,10,ok,profiling-build keygen total; not official full-KEM timing
Frost,256,REFERENCE,ref,AES128,e8,KeyGen.PK_Hash,112537,10,ok,keygen h_pk
Frost,256,REFERENCE,ref,AES128,e8,KeyGen.Pack_PK,120327,10,ok,keygen public-key packing
Frost,256,REFERENCE,ref,AES128,e8,KeyGen.Quant_PK,1976,10,ok,keygen public-key quantization
Frost,256,REFERENCE,ref,AES128,e8,KeyGen.Random,5320,10,ok,randombytes for keygen seeds
Frost,256,REFERENCE,ref,AES128,e8,KeyGen.Sample_S,589,10,ok,CBD transform for S
Frost,256,REFERENCE,ref,AES128,e8,KeyGen.SeedExpand,131860,10,ok,seed_A and S XOF expansion
Frost,384,REFERENCE,ref,AES128,e8,Codec.Message_Decode,2350,10,ok,standalone message decode wrapper=frost_key_decode inner_reps=10000
Frost,384,REFERENCE,ref,AES128,e8,Codec.Message_Encode,742,10,ok,standalone message encode wrapper=frost_key_encode inner_reps=10000
Frost,384,REFERENCE,ref,AES128,e8,Decaps.CT_Compare,3040,20,ok,decaps ciphertext comparison and key select
Frost,384,REFERENCE,ref,AES128,e8,Decaps.Decode_Message,3192,20,ok,decaps message decode
Frost,384,REFERENCE,ref,AES128,e8,Decaps.Dither_U,293664,20,ok,decaps U dither for reconstruction
Frost,384,REFERENCE,ref,AES128,e8,Decaps.Dither_V,2242,20,ok,decaps V dither for reconstruction
Frost,384,REFERENCE,ref,AES128,e8,Decaps.FO_Hash,2185,20,ok,decaps G hash h_pk||muprime||salt
Frost,384,REFERENCE,ref,AES128,e8,Decaps.KDF,251142,20,ok,decaps final shared-secret hash
Frost,384,REFERENCE,ref,AES128,e8,Decaps.KEM_Total_Profiled,9201339,20,ok,profiling-build decaps total; not official full-KEM timing
Frost,384,REFERENCE,ref,AES128,e8,Decaps.ReEnc_AT_times_R,3101332,20,ok,decaps re-encryption A^T*R multiplication
Frost,384,REFERENCE,ref,AES128,e8,Decaps.ReEnc_BhatT_times_R,31293,20,ok,decaps re-encryption B^T*R multiplication
Frost,384,REFERENCE,ref,AES128,e8,Decaps.ReEnc_Dither_PK,195643,20,ok,decaps re-encryption public-key dither
Frost,384,REFERENCE,ref,AES128,e8,Decaps.ReEnc_Dither_U,294367,20,ok,decaps re-encryption U dither
Frost,384,REFERENCE,ref,AES128,e8,Decaps.ReEnc_Dither_V,2204,20,ok,decaps re-encryption V dither
Frost,384,REFERENCE,ref,AES128,e8,Decaps.ReEnc_Expand_A,2789048,20,ok,decaps re-encryption A expansion
Frost,384,REFERENCE,ref,AES128,e8,Decaps.ReEnc_Quant_U,3610,20,ok,decaps re-encryption U quantization
Frost,384,REFERENCE,ref,AES128,e8,Decaps.ReEnc_Quant_V,1520,20,ok,decaps re-encryption V quantization and message add
Frost,384,REFERENCE,ref,AES128,e8,Decaps.ReEnc_Recon_PK,2128,20,ok,decaps re-encryption public-key reconstruction
Frost,384,REFERENCE,ref,AES128,e8,Decaps.ReEnc_Unpack_PK,176453,20,ok,decaps re-encryption public-key unpack
Frost,384,REFERENCE,ref,AES128,e8,Decaps.Recon_U,2318,20,ok,decaps U reconstruction
Frost,384,REFERENCE,ref,AES128,e8,Decaps.Recon_V,266,20,ok,decaps V reconstruction
Frost,384,REFERENCE,ref,AES128,e8,Decaps.ST_times_U,9709,20,ok,decaps S^T*U multiplication
Frost,384,REFERENCE,ref,AES128,e8,Decaps.Sample_R,1558,20,ok,decaps reenc R CBD transform
Frost,384,REFERENCE,ref,AES128,e8,Decaps.Sample_S,196137,20,ok,decaps regenerate S from sk seed
Frost,384,REFERENCE,ref,AES128,e8,Decaps.SeedExpand_R,293018,20,ok,decaps reenc R XOF expansion
Frost,384,REFERENCE,ref,AES128,e8,Decaps.Unpack_CT,263853,20,ok,decaps ciphertext unpack
Frost,384,REFERENCE,ref,AES128,e8,Encaps.AT_times_R,3197149,10,ok,encaps A^T*R multiplication
Frost,384,REFERENCE,ref,AES128,e8,Encaps.BhatT_times_R,31293,10,ok,encaps B^T*R multiplication
Frost,384,REFERENCE,ref,AES128,e8,Encaps.Dither_PK,195757,10,ok,encaps public-key dither for reconstruction
Frost,384,REFERENCE,ref,AES128,e8,Encaps.Dither_U,294633,10,ok,encaps U dither
Frost,384,REFERENCE,ref,AES128,e8,Encaps.Dither_V,2166,10,ok,encaps V dither
Frost,384,REFERENCE,ref,AES128,e8,Encaps.Encode_Message,1444,10,ok,encaps message encoding and add
Frost,384,REFERENCE,ref,AES128,e8,Encaps.Expand_A,2897025,10,ok,encaps A expansion for A^T*R
Frost,384,REFERENCE,ref,AES128,e8,Encaps.FO_Hash,2318,10,ok,G hash h_pk||mu||salt
Frost,384,REFERENCE,ref,AES128,e8,Encaps.KDF,251560,10,ok,encaps final shared-secret hash
Frost,384,REFERENCE,ref,AES128,e8,Encaps.KEM_Total_Profiled,8935586,10,ok,profiling-build encaps total; not official full-KEM timing
Frost,384,REFERENCE,ref,AES128,e8,Encaps.PK_Hash,167276,10,ok,encaps h_pk
Frost,384,REFERENCE,ref,AES128,e8,Encaps.Pack_CT,270978,10,ok,encaps ciphertext packing
Frost,384,REFERENCE,ref,AES128,e8,Encaps.Quant_U,3629,10,ok,encaps U quantization
Frost,384,REFERENCE,ref,AES128,e8,Encaps.Quant_V,228,10,ok,encaps V quantization
Frost,384,REFERENCE,ref,AES128,e8,Encaps.Recon_PK,2204,10,ok,encaps public-key reconstruction
Frost,384,REFERENCE,ref,AES128,e8,Encaps.Sample_Message,5130,10,ok,randombytes for mu and salt
Frost,384,REFERENCE,ref,AES128,e8,Encaps.Sample_R,1444,10,ok,CBD transform for R
Frost,384,REFERENCE,ref,AES128,e8,Encaps.SeedExpand_R,292600,10,ok,R XOF expansion
Frost,384,REFERENCE,ref,AES128,e8,Encaps.Unpack_PK,176168,10,ok,encaps public-key unpack
Frost,384,REFERENCE,ref,AES128,e8,KeyGen.A_times_S,1839542,10,ok,keygen A*S multiplication
Frost,384,REFERENCE,ref,AES128,e8,KeyGen.Dither_PK,197619,10,ok,keygen public-key dither
Frost,384,REFERENCE,ref,AES128,e8,KeyGen.Expand_A,2421949,10,ok,keygen A expansion
Frost,384,REFERENCE,ref,AES128,e8,KeyGen.KEM_Total_Profiled,11463783,10,ok,profiling-build keygen total; not official full-KEM timing
Frost,384,REFERENCE,ref,AES128,e8,KeyGen.PK_Hash,167504,10,ok,keygen h_pk
Frost,384,REFERENCE,ref,AES128,e8,KeyGen.Pack_PK,180253,10,ok,keygen public-key packing
Frost,384,REFERENCE,ref,AES128,e8,KeyGen.Quant_PK,2926,10,ok,keygen public-key quantization
Frost,384,REFERENCE,ref,AES128,e8,KeyGen.Random,6156,10,ok,randombytes for keygen seeds
Frost,384,REFERENCE,ref,AES128,e8,KeyGen.Sample_S,855,10,ok,CBD transform for S
Frost,384,REFERENCE,ref,AES128,e8,KeyGen.SeedExpand,196327,10,ok,seed_A and S XOF expansion
Frost,512,REFERENCE,ref,AES128,e8,Codec.Message_Decode,3120,10,ok,standalone message decode wrapper=frost_key_decode inner_reps=10000
Frost,512,REFERENCE,ref,AES128,e8,Codec.Message_Encode,996,10,ok,standalone message encode wrapper=frost_key_encode inner_reps=10000
Frost,512,REFERENCE,ref,AES128,e8,Decaps.CT_Compare,5947,20,ok,decaps ciphertext comparison and key select
Frost,512,REFERENCE,ref,AES128,e8,Decaps.Decode_Message,5149,20,ok,decaps message decode
Frost,512,REFERENCE,ref,AES128,e8,Decaps.Dither_U,530119,20,ok,decaps U dither for reconstruction
Frost,512,REFERENCE,ref,AES128,e8,Decaps.Dither_V,2489,20,ok,decaps V dither for reconstruction
Frost,512,REFERENCE,ref,AES128,e8,Decaps.FO_Hash,3363,20,ok,decaps G hash h_pk||muprime||salt
Frost,512,REFERENCE,ref,AES128,e8,Decaps.KDF,529568,20,ok,decaps final shared-secret hash
Frost,512,REFERENCE,ref,AES128,e8,Decaps.KEM_Total_Profiled,17071766,20,ok,profiling-build decaps total; not official full-KEM timing
Frost,512,REFERENCE,ref,AES128,e8,Decaps.ReEnc_AT_times_R,6890597,20,ok,decaps re-encryption A^T*R multiplication
Frost,512,REFERENCE,ref,AES128,e8,Decaps.ReEnc_BhatT_times_R,56886,20,ok,decaps re-encryption B^T*R multiplication
Frost,512,REFERENCE,ref,AES128,e8,Decaps.ReEnc_Dither_PK,264860,20,ok,decaps re-encryption public-key dither
Frost,512,REFERENCE,ref,AES128,e8,Decaps.ReEnc_Dither_U,533387,20,ok,decaps re-encryption U dither
Frost,512,REFERENCE,ref,AES128,e8,Decaps.ReEnc_Dither_V,2527,20,ok,decaps re-encryption V dither
Frost,512,REFERENCE,ref,AES128,e8,Decaps.ReEnc_Expand_A,4876787,20,ok,decaps re-encryption A expansion
Frost,512,REFERENCE,ref,AES128,e8,Decaps.ReEnc_Quant_U,6992,20,ok,decaps re-encryption U quantization
Frost,512,REFERENCE,ref,AES128,e8,Decaps.ReEnc_Quant_V,2109,20,ok,decaps re-encryption V quantization and message add
Frost,512,REFERENCE,ref,AES128,e8,Decaps.ReEnc_Recon_PK,3572,20,ok,decaps re-encryption public-key reconstruction
Frost,512,REFERENCE,ref,AES128,e8,Decaps.ReEnc_Unpack_PK,238697,20,ok,decaps re-encryption public-key unpack
Frost,512,REFERENCE,ref,AES128,e8,Decaps.Recon_U,6099,20,ok,decaps U reconstruction
Frost,512,REFERENCE,ref,AES128,e8,Decaps.Recon_V,266,20,ok,decaps V reconstruction
Frost,512,REFERENCE,ref,AES128,e8,Decaps.ST_times_U,18202,20,ok,decaps S^T*U multiplication
Frost,512,REFERENCE,ref,AES128,e8,Decaps.Sample_R,2869,20,ok,decaps reenc R CBD transform
Frost,512,REFERENCE,ref,AES128,e8,Decaps.Sample_S,265924,20,ok,decaps regenerate S from sk seed
Frost,512,REFERENCE,ref,AES128,e8,Decaps.SeedExpand_R,527060,20,ok,decaps reenc R XOF expansion
Frost,512,REFERENCE,ref,AES128,e8,Decaps.Unpack_CT,474107,20,ok,decaps ciphertext unpack
Frost,512,REFERENCE,ref,AES128,e8,Encaps.AT_times_R,6959263,10,ok,encaps A^T*R multiplication
Frost,512,REFERENCE,ref,AES128,e8,Encaps.BhatT_times_R,57019,10,ok,encaps B^T*R multiplication
Frost,512,REFERENCE,ref,AES128,e8,Encaps.Dither_PK,264575,10,ok,encaps public-key dither for reconstruction
Frost,512,REFERENCE,ref,AES128,e8,Encaps.Dither_U,564889,10,ok,encaps U dither
Frost,512,REFERENCE,ref,AES128,e8,Encaps.Dither_V,2318,10,ok,encaps V dither
Frost,512,REFERENCE,ref,AES128,e8,Encaps.Encode_Message,2052,10,ok,encaps message encoding and add
Frost,512,REFERENCE,ref,AES128,e8,Encaps.Expand_A,5092171,10,ok,encaps A expansion for A^T*R
Frost,512,REFERENCE,ref,AES128,e8,Encaps.FO_Hash,3724,10,ok,G hash h_pk||mu||salt
Frost,512,REFERENCE,ref,AES128,e8,Encaps.KDF,486685,10,ok,encaps final shared-secret hash
Frost,512,REFERENCE,ref,AES128,e8,Encaps.KEM_Total_Profiled,16071758,10,ok,profiling-build encaps total; not official full-KEM timing
Frost,512,REFERENCE,ref,AES128,e8,Encaps.PK_Hash,243637,10,ok,encaps h_pk
Frost,512,REFERENCE,ref,AES128,e8,Encaps.Pack_CT,500099,10,ok,encaps ciphertext packing
Frost,512,REFERENCE,ref,AES128,e8,Encaps.Quant_U,7733,10,ok,encaps U quantization
Frost,512,REFERENCE,ref,AES128,e8,Encaps.Quant_V,266,10,ok,encaps V quantization
Frost,512,REFERENCE,ref,AES128,e8,Encaps.Recon_PK,3743,10,ok,encaps public-key reconstruction
Frost,512,REFERENCE,ref,AES128,e8,Encaps.Sample_Message,11989,10,ok,randombytes for mu and salt
Frost,512,REFERENCE,ref,AES128,e8,Encaps.Sample_R,3040,10,ok,CBD transform for R
Frost,512,REFERENCE,ref,AES128,e8,Encaps.SeedExpand_R,525977,10,ok,R XOF expansion
Frost,512,REFERENCE,ref,AES128,e8,Encaps.Unpack_PK,237576,10,ok,encaps public-key unpack
Frost,512,REFERENCE,ref,AES128,e8,KeyGen.A_times_S,3560011,10,ok,keygen A*S multiplication
Frost,512,REFERENCE,ref,AES128,e8,KeyGen.Dither_PK,277533,10,ok,keygen public-key dither
Frost,512,REFERENCE,ref,AES128,e8,KeyGen.Expand_A,4651542,10,ok,keygen A expansion
Frost,512,REFERENCE,ref,AES128,e8,KeyGen.KEM_Total_Profiled,22730346,10,ok,profiling-build keygen total; not official full-KEM timing
Frost,512,REFERENCE,ref,AES128,e8,KeyGen.PK_Hash,245119,10,ok,keygen h_pk
Frost,512,REFERENCE,ref,AES128,e8,KeyGen.Pack_PK,246430,10,ok,keygen public-key packing
Frost,512,REFERENCE,ref,AES128,e8,KeyGen.Quant_PK,6593,10,ok,keygen public-key quantization
Frost,512,REFERENCE,ref,AES128,e8,KeyGen.Random,12882,10,ok,randombytes for keygen seeds
Frost,512,REFERENCE,ref,AES128,e8,KeyGen.Sample_S,1330,10,ok,CBD transform for S
Frost,512,REFERENCE,ref,AES128,e8,KeyGen.SeedExpand,302727,10,ok,seed_A and S XOF expansion
Frost,128,FAST,avx2_u16,AES128,e8,Codec.Message_Decode,1710,10,ok,standalone message decode wrapper=frost_key_decode inner_reps=10000
Frost,128,FAST,avx2_u16,AES128,e8,Codec.Message_Encode,381,10,ok,standalone message encode wrapper=frost_key_encode inner_reps=10000
Frost,128,FAST,avx2_u16,AES128,e8,Decaps.CT_Compare,988,20,ok,decaps ciphertext comparison and key select
Frost,128,FAST,avx2_u16,AES128,e8,Decaps.Decode_Message,2470,20,ok,decaps message decode
Frost,128,FAST,avx2_u16,AES128,e8,Decaps.Dither_U,52364,20,ok,decaps U dither for reconstruction
Frost,128,FAST,avx2_u16,AES128,e8,Decaps.Dither_V,1653,20,ok,decaps V dither for reconstruction
Frost,128,FAST,avx2_u16,AES128,e8,Decaps.FO_Hash,1482,20,ok,decaps G hash h_pk||muprime||salt
Frost,128,FAST,avx2_u16,AES128,e8,Decaps.KDF,35093,20,ok,decaps final shared-secret hash
Frost,128,FAST,avx2_u16,AES128,e8,Decaps.KEM_Total_Profiled,797506,20,ok,profiling-build decaps total; not official full-KEM timing
Frost,128,FAST,avx2_u16,AES128,e8,Decaps.ReEnc_AT_times_R,79230,20,ok,decaps re-encryption A^T*R multiplication
Frost,128,FAST,avx2_u16,AES128,e8,Decaps.ReEnc_BhatT_times_R,7087,20,ok,decaps re-encryption B^T*R multiplication
Frost,128,FAST,avx2_u16,AES128,e8,Decaps.ReEnc_Dither_PK,50179,20,ok,decaps re-encryption public-key dither
Frost,128,FAST,avx2_u16,AES128,e8,Decaps.ReEnc_Dither_U,49229,20,ok,decaps re-encryption U dither
Frost,128,FAST,avx2_u16,AES128,e8,Decaps.ReEnc_Dither_V,1653,20,ok,decaps re-encryption V dither
Frost,128,FAST,avx2_u16,AES128,e8,Decaps.ReEnc_Expand_A,173204,20,ok,decaps re-encryption A expansion
Frost,128,FAST,avx2_u16,AES128,e8,Decaps.ReEnc_Quant_U,684,20,ok,decaps re-encryption U quantization
Frost,128,FAST,avx2_u16,AES128,e8,Decaps.ReEnc_Quant_V,1235,20,ok,decaps re-encryption V quantization and message add
Frost,128,FAST,avx2_u16,AES128,e8,Decaps.ReEnc_Recon_PK,684,20,ok,decaps re-encryption public-key reconstruction
Frost,128,FAST,avx2_u16,AES128,e8,Decaps.ReEnc_Unpack_PK,47139,20,ok,decaps re-encryption public-key unpack
Frost,128,FAST,avx2_u16,AES128,e8,Decaps.Recon_U,665,20,ok,decaps U reconstruction
Frost,128,FAST,avx2_u16,AES128,e8,Decaps.Recon_V,266,20,ok,decaps V reconstruction
Frost,128,FAST,avx2_u16,AES128,e8,Decaps.ST_times_U,1216,20,ok,decaps S^T*U multiplication
Frost,128,FAST,avx2_u16,AES128,e8,Decaps.Sample_R,665,20,ok,decaps reenc R CBD transform
Frost,128,FAST,avx2_u16,AES128,e8,Decaps.Sample_S,49742,20,ok,decaps regenerate S from sk seed
Frost,128,FAST,avx2_u16,AES128,e8,Decaps.SeedExpand_R,47633,20,ok,decaps reenc R XOF expansion
Frost,128,FAST,avx2_u16,AES128,e8,Decaps.Unpack_CT,47329,20,ok,decaps ciphertext unpack
Frost,128,FAST,avx2_u16,AES128,e8,Encaps.AT_times_R,78337,10,ok,encaps A^T*R multiplication
Frost,128,FAST,avx2_u16,AES128,e8,Encaps.BhatT_times_R,7277,10,ok,encaps B^T*R multiplication
Frost,128,FAST,avx2_u16,AES128,e8,Encaps.Dither_PK,50768,10,ok,encaps public-key dither for reconstruction
Frost,128,FAST,avx2_u16,AES128,e8,Encaps.Dither_U,51243,10,ok,encaps U dither
Frost,128,FAST,avx2_u16,AES128,e8,Encaps.Dither_V,1653,10,ok,encaps V dither
Frost,128,FAST,avx2_u16,AES128,e8,Encaps.Encode_Message,1197,10,ok,encaps message encoding and add
Frost,128,FAST,avx2_u16,AES128,e8,Encaps.Expand_A,171855,10,ok,encaps A expansion for A^T*R
Frost,128,FAST,avx2_u16,AES128,e8,Encaps.FO_Hash,1729,10,ok,G hash h_pk||mu||salt
Frost,128,FAST,avx2_u16,AES128,e8,Encaps.KDF,37107,10,ok,encaps final shared-secret hash
Frost,128,FAST,avx2_u16,AES128,e8,Encaps.KEM_Total_Profiled,716262,10,ok,profiling-build encaps total; not official full-KEM timing
Frost,128,FAST,avx2_u16,AES128,e8,Encaps.PK_Hash,32281,10,ok,encaps h_pk
Frost,128,FAST,avx2_u16,AES128,e8,Encaps.Pack_CT,52440,10,ok,encaps ciphertext packing
Frost,128,FAST,avx2_u16,AES128,e8,Encaps.Quant_U,665,10,ok,encaps U quantization
Frost,128,FAST,avx2_u16,AES128,e8,Encaps.Quant_V,266,10,ok,encaps V quantization
Frost,128,FAST,avx2_u16,AES128,e8,Encaps.Recon_PK,703,10,ok,encaps public-key reconstruction
Frost,128,FAST,avx2_u16,AES128,e8,Encaps.Sample_Message,2318,10,ok,randombytes for mu and salt
Frost,128,FAST,avx2_u16,AES128,e8,Encaps.Sample_R,684,10,ok,CBD transform for R
Frost,128,FAST,avx2_u16,AES128,e8,Encaps.SeedExpand_R,50616,10,ok,R XOF expansion
Frost,128,FAST,avx2_u16,AES128,e8,Encaps.Unpack_PK,49533,10,ok,encaps public-key unpack
Frost,128,FAST,avx2_u16,AES128,e8,KeyGen.A_times_S,84531,10,ok,keygen A*S multiplication
Frost,128,FAST,avx2_u16,AES128,e8,KeyGen.Dither_PK,51509,10,ok,keygen public-key dither
Frost,128,FAST,avx2_u16,AES128,e8,KeyGen.Expand_A,170335,10,ok,keygen A expansion
Frost,128,FAST,avx2_u16,AES128,e8,KeyGen.KEM_Total_Profiled,623770,10,ok,profiling-build keygen total; not official full-KEM timing
Frost,128,FAST,avx2_u16,AES128,e8,KeyGen.PK_Hash,32091,10,ok,keygen h_pk
Frost,128,FAST,avx2_u16,AES128,e8,KeyGen.Pack_PK,47633,10,ok,keygen public-key packing
Frost,128,FAST,avx2_u16,AES128,e8,KeyGen.Quant_PK,779,10,ok,keygen public-key quantization
Frost,128,FAST,avx2_u16,AES128,e8,KeyGen.Random,5168,10,ok,randombytes for keygen seeds
Frost,128,FAST,avx2_u16,AES128,e8,KeyGen.Sample_S,684,10,ok,CBD transform for S
Frost,128,FAST,avx2_u16,AES128,e8,KeyGen.SeedExpand,51186,10,ok,seed_A and S XOF expansion
Frost,192,FAST,avx2_u16,AES128,e8,Codec.Message_Decode,1490,10,ok,standalone message decode wrapper=frost_key_decode inner_reps=10000
Frost,192,FAST,avx2_u16,AES128,e8,Codec.Message_Encode,440,10,ok,standalone message encode wrapper=frost_key_encode inner_reps=10000
Frost,192,FAST,avx2_u16,AES128,e8,Decaps.CT_Compare,1102,20,ok,decaps ciphertext comparison and key select
Frost,192,FAST,avx2_u16,AES128,e8,Decaps.Decode_Message,2394,20,ok,decaps message decode
Frost,192,FAST,avx2_u16,AES128,e8,Decaps.Dither_U,90022,20,ok,decaps U dither for reconstruction
Frost,192,FAST,avx2_u16,AES128,e8,Decaps.Dither_V,1292,20,ok,decaps V dither for reconstruction
Frost,192,FAST,avx2_u16,AES128,e8,Decaps.FO_Hash,1216,20,ok,decaps G hash h_pk||muprime||salt
Frost,192,FAST,avx2_u16,AES128,e8,Decaps.KDF,65607,20,ok,decaps final shared-secret hash
Frost,192,FAST,avx2_u16,AES128,e8,Decaps.KEM_Total_Profiled,1685509,20,ok,profiling-build decaps total; not official full-KEM timing
Frost,192,FAST,avx2_u16,AES128,e8,Decaps.ReEnc_AT_times_R,183768,20,ok,decaps re-encryption A^T*R multiplication
Frost,192,FAST,avx2_u16,AES128,e8,Decaps.ReEnc_BhatT_times_R,9481,20,ok,decaps re-encryption B^T*R multiplication
Frost,192,FAST,avx2_u16,AES128,e8,Decaps.ReEnc_Dither_PK,89832,20,ok,decaps re-encryption public-key dither
Frost,192,FAST,avx2_u16,AES128,e8,Decaps.ReEnc_Dither_U,90155,20,ok,decaps re-encryption U dither
Frost,192,FAST,avx2_u16,AES128,e8,Decaps.ReEnc_Dither_V,1254,20,ok,decaps re-encryption V dither
Frost,192,FAST,avx2_u16,AES128,e8,Decaps.ReEnc_Expand_A,436164,20,ok,decaps re-encryption A expansion
Frost,192,FAST,avx2_u16,AES128,e8,Decaps.ReEnc_Quant_U,1121,20,ok,decaps re-encryption U quantization
Frost,192,FAST,avx2_u16,AES128,e8,Decaps.ReEnc_Quant_V,1064,20,ok,decaps re-encryption V quantization and message add
Frost,192,FAST,avx2_u16,AES128,e8,Decaps.ReEnc_Recon_PK,741,20,ok,decaps re-encryption public-key reconstruction
Frost,192,FAST,avx2_u16,AES128,e8,Decaps.ReEnc_Unpack_PK,72048,20,ok,decaps re-encryption public-key unpack
Frost,192,FAST,avx2_u16,AES128,e8,Decaps.Recon_U,608,20,ok,decaps U reconstruction
Frost,192,FAST,avx2_u16,AES128,e8,Decaps.Recon_V,228,20,ok,decaps V reconstruction
Frost,192,FAST,avx2_u16,AES128,e8,Decaps.ST_times_U,2451,20,ok,decaps S^T*U multiplication
Frost,192,FAST,avx2_u16,AES128,e8,Decaps.Sample_R,570,20,ok,decaps reenc R CBD transform
Frost,192,FAST,avx2_u16,AES128,e8,Decaps.Sample_S,90212,20,ok,decaps regenerate S from sk seed
Frost,192,FAST,avx2_u16,AES128,e8,Decaps.SeedExpand_R,89604,20,ok,decaps reenc R XOF expansion
Frost,192,FAST,avx2_u16,AES128,e8,Decaps.Unpack_CT,72504,20,ok,decaps ciphertext unpack
Frost,192,FAST,avx2_u16,AES128,e8,Encaps.AT_times_R,183274,10,ok,encaps A^T*R multiplication
Frost,192,FAST,avx2_u16,AES128,e8,Encaps.BhatT_times_R,9538,10,ok,encaps B^T*R multiplication
Frost,192,FAST,avx2_u16,AES128,e8,Encaps.Dither_PK,89946,10,ok,encaps public-key dither for reconstruction
Frost,192,FAST,avx2_u16,AES128,e8,Encaps.Dither_U,89794,10,ok,encaps U dither
Frost,192,FAST,avx2_u16,AES128,e8,Encaps.Dither_V,1292,10,ok,encaps V dither
Frost,192,FAST,avx2_u16,AES128,e8,Encaps.Encode_Message,1045,10,ok,encaps message encoding and add
Frost,192,FAST,avx2_u16,AES128,e8,Encaps.Expand_A,432326,10,ok,encaps A expansion for A^T*R
Frost,192,FAST,avx2_u16,AES128,e8,Encaps.FO_Hash,1368,10,ok,G hash h_pk||mu||salt
Frost,192,FAST,avx2_u16,AES128,e8,Encaps.KDF,65398,10,ok,encaps final shared-secret hash
Frost,192,FAST,avx2_u16,AES128,e8,Encaps.KEM_Total_Profiled,1334218,10,ok,profiling-build encaps total; not official full-KEM timing
Frost,192,FAST,avx2_u16,AES128,e8,Encaps.PK_Hash,65436,10,ok,encaps h_pk
Frost,192,FAST,avx2_u16,AES128,e8,Encaps.Pack_CT,74613,10,ok,encaps ciphertext packing
Frost,192,FAST,avx2_u16,AES128,e8,Encaps.Quant_U,969,10,ok,encaps U quantization
Frost,192,FAST,avx2_u16,AES128,e8,Encaps.Quant_V,228,10,ok,encaps V quantization
Frost,192,FAST,avx2_u16,AES128,e8,Encaps.Recon_PK,665,10,ok,encaps public-key reconstruction
Frost,192,FAST,avx2_u16,AES128,e8,Encaps.Sample_Message,4408,10,ok,randombytes for mu and salt
Frost,192,FAST,avx2_u16,AES128,e8,Encaps.Sample_R,475,10,ok,CBD transform for R
Frost,192,FAST,avx2_u16,AES128,e8,Encaps.SeedExpand_R,89528,10,ok,R XOF expansion
Frost,192,FAST,avx2_u16,AES128,e8,Encaps.Unpack_PK,71896,10,ok,encaps public-key unpack
Frost,192,FAST,avx2_u16,AES128,e8,KeyGen.A_times_S,170107,10,ok,keygen A*S multiplication
Frost,192,FAST,avx2_u16,AES128,e8,KeyGen.Dither_PK,90972,10,ok,keygen public-key dither
Frost,192,FAST,avx2_u16,AES128,e8,KeyGen.Expand_A,437399,10,ok,keygen A expansion
Frost,192,FAST,avx2_u16,AES128,e8,KeyGen.KEM_Total_Profiled,1352818,10,ok,profiling-build keygen total; not official full-KEM timing
Frost,192,FAST,avx2_u16,AES128,e8,KeyGen.PK_Hash,65512,10,ok,keygen h_pk
Frost,192,FAST,avx2_u16,AES128,e8,KeyGen.Pack_PK,74138,10,ok,keygen public-key packing
Frost,192,FAST,avx2_u16,AES128,e8,KeyGen.Quant_PK,1387,10,ok,keygen public-key quantization
Frost,192,FAST,avx2_u16,AES128,e8,KeyGen.Random,4750,10,ok,randombytes for keygen seeds
Frost,192,FAST,avx2_u16,AES128,e8,KeyGen.Sample_S,665,10,ok,CBD transform for S
Frost,192,FAST,avx2_u16,AES128,e8,KeyGen.SeedExpand,90839,10,ok,seed_A and S XOF expansion
Frost,256,FAST,avx2_u16,AES128,e8,Codec.Message_Decode,1576,10,ok,standalone message decode wrapper=frost_key_decode inner_reps=10000
Frost,256,FAST,avx2_u16,AES128,e8,Codec.Message_Encode,517,10,ok,standalone message encode wrapper=frost_key_encode inner_reps=10000
Frost,256,FAST,avx2_u16,AES128,e8,Decaps.CT_Compare,1520,20,ok,decaps ciphertext comparison and key select
Frost,256,FAST,avx2_u16,AES128,e8,Decaps.Decode_Message,2508,20,ok,decaps message decode
Frost,256,FAST,avx2_u16,AES128,e8,Decaps.Dither_U,130929,20,ok,decaps U dither for reconstruction
Frost,256,FAST,avx2_u16,AES128,e8,Decaps.Dither_V,1292,20,ok,decaps V dither for reconstruction
Frost,256,FAST,avx2_u16,AES128,e8,Decaps.FO_Hash,1216,20,ok,decaps G hash h_pk||muprime||salt
Frost,256,FAST,avx2_u16,AES128,e8,Decaps.KDF,104291,20,ok,decaps final shared-secret hash
Frost,256,FAST,avx2_u16,AES128,e8,Decaps.KEM_Total_Profiled,3025674,20,ok,profiling-build decaps total; not official full-KEM timing
Frost,256,FAST,avx2_u16,AES128,e8,Decaps.ReEnc_AT_times_R,507775,20,ok,decaps re-encryption A^T*R multiplication
Frost,256,FAST,avx2_u16,AES128,e8,Decaps.ReEnc_BhatT_times_R,13946,20,ok,decaps re-encryption B^T*R multiplication
Frost,256,FAST,avx2_u16,AES128,e8,Decaps.ReEnc_Dither_PK,131157,20,ok,decaps re-encryption public-key dither
Frost,256,FAST,avx2_u16,AES128,e8,Decaps.ReEnc_Dither_U,131708,20,ok,decaps re-encryption U dither
Frost,256,FAST,avx2_u16,AES128,e8,Decaps.ReEnc_Dither_V,1292,20,ok,decaps re-encryption V dither
Frost,256,FAST,avx2_u16,AES128,e8,Decaps.ReEnc_Expand_A,1094742,20,ok,decaps re-encryption A expansion
Frost,256,FAST,avx2_u16,AES128,e8,Decaps.ReEnc_Quant_U,1767,20,ok,decaps re-encryption U quantization
Frost,256,FAST,avx2_u16,AES128,e8,Decaps.ReEnc_Quant_V,1140,20,ok,decaps re-encryption V quantization and message add
Frost,256,FAST,avx2_u16,AES128,e8,Decaps.ReEnc_Recon_PK,1501,20,ok,decaps re-encryption public-key reconstruction
Frost,256,FAST,avx2_u16,AES128,e8,Decaps.ReEnc_Unpack_PK,117800,20,ok,decaps re-encryption public-key unpack
Frost,256,FAST,avx2_u16,AES128,e8,Decaps.Recon_U,1539,20,ok,decaps U reconstruction
Frost,256,FAST,avx2_u16,AES128,e8,Decaps.Recon_V,266,20,ok,decaps V reconstruction
Frost,256,FAST,avx2_u16,AES128,e8,Decaps.ST_times_U,4750,20,ok,decaps S^T*U multiplication
Frost,256,FAST,avx2_u16,AES128,e8,Decaps.Sample_R,855,20,ok,decaps reenc R CBD transform
Frost,256,FAST,avx2_u16,AES128,e8,Decaps.Sample_S,131404,20,ok,decaps regenerate S from sk seed
Frost,256,FAST,avx2_u16,AES128,e8,Decaps.SeedExpand_R,130682,20,ok,decaps reenc R XOF expansion
Frost,256,FAST,avx2_u16,AES128,e8,Decaps.Unpack_CT,92226,20,ok,decaps ciphertext unpack
Frost,256,FAST,avx2_u16,AES128,e8,Encaps.AT_times_R,508725,10,ok,encaps A^T*R multiplication
Frost,256,FAST,avx2_u16,AES128,e8,Encaps.BhatT_times_R,13984,10,ok,encaps B^T*R multiplication
Frost,256,FAST,avx2_u16,AES128,e8,Encaps.Dither_PK,131366,10,ok,encaps public-key dither for reconstruction
Frost,256,FAST,avx2_u16,AES128,e8,Encaps.Dither_U,132202,10,ok,encaps U dither
Frost,256,FAST,avx2_u16,AES128,e8,Encaps.Dither_V,1368,10,ok,encaps V dither
Frost,256,FAST,avx2_u16,AES128,e8,Encaps.Encode_Message,1064,10,ok,encaps message encoding and add
Frost,256,FAST,avx2_u16,AES128,e8,Encaps.Expand_A,975137,10,ok,encaps A expansion for A^T*R
Frost,256,FAST,avx2_u16,AES128,e8,Encaps.FO_Hash,1368,10,ok,G hash h_pk||mu||salt
Frost,256,FAST,avx2_u16,AES128,e8,Encaps.KDF,104215,10,ok,encaps final shared-secret hash
Frost,256,FAST,avx2_u16,AES128,e8,Encaps.KEM_Total_Profiled,2873389,10,ok,profiling-build encaps total; not official full-KEM timing
Frost,256,FAST,avx2_u16,AES128,e8,Encaps.PK_Hash,112138,10,ok,encaps h_pk
Frost,256,FAST,avx2_u16,AES128,e8,Encaps.Pack_CT,98401,10,ok,encaps ciphertext packing
Frost,256,FAST,avx2_u16,AES128,e8,Encaps.Quant_U,1748,10,ok,encaps U quantization
Frost,256,FAST,avx2_u16,AES128,e8,Encaps.Quant_V,228,10,ok,encaps V quantization
Frost,256,FAST,avx2_u16,AES128,e8,Encaps.Recon_PK,1368,10,ok,encaps public-key reconstruction
Frost,256,FAST,avx2_u16,AES128,e8,Encaps.Sample_Message,4389,10,ok,randombytes for mu and salt
Frost,256,FAST,avx2_u16,AES128,e8,Encaps.Sample_R,722,10,ok,CBD transform for R
Frost,256,FAST,avx2_u16,AES128,e8,Encaps.SeedExpand_R,130701,10,ok,R XOF expansion
Frost,256,FAST,avx2_u16,AES128,e8,Encaps.Unpack_PK,120897,10,ok,encaps public-key unpack
Frost,256,FAST,avx2_u16,AES128,e8,KeyGen.A_times_S,457672,10,ok,keygen A*S multiplication
Frost,256,FAST,avx2_u16,AES128,e8,KeyGen.Dither_PK,131594,10,ok,keygen public-key dither
Frost,256,FAST,avx2_u16,AES128,e8,KeyGen.Expand_A,936662,10,ok,keygen A expansion
Frost,256,FAST,avx2_u16,AES128,e8,KeyGen.KEM_Total_Profiled,2329932,10,ok,profiling-build keygen total; not official full-KEM timing
Frost,256,FAST,avx2_u16,AES128,e8,KeyGen.PK_Hash,112461,10,ok,keygen h_pk
Frost,256,FAST,avx2_u16,AES128,e8,KeyGen.Pack_PK,120308,10,ok,keygen public-key packing
Frost,256,FAST,avx2_u16,AES128,e8,KeyGen.Quant_PK,1862,10,ok,keygen public-key quantization
Frost,256,FAST,avx2_u16,AES128,e8,KeyGen.Random,4712,10,ok,randombytes for keygen seeds
Frost,256,FAST,avx2_u16,AES128,e8,KeyGen.Sample_S,551,10,ok,CBD transform for S
Frost,256,FAST,avx2_u16,AES128,e8,KeyGen.SeedExpand,131898,10,ok,seed_A and S XOF expansion
Frost,384,FAST,avx2_u16,AES128,e8,Codec.Message_Decode,2384,10,ok,standalone message decode wrapper=frost_key_decode inner_reps=10000
Frost,384,FAST,avx2_u16,AES128,e8,Codec.Message_Encode,746,10,ok,standalone message encode wrapper=frost_key_encode inner_reps=10000
Frost,384,FAST,avx2_u16,AES128,e8,Decaps.CT_Compare,3211,20,ok,decaps ciphertext comparison and key select
Frost,384,FAST,avx2_u16,AES128,e8,Decaps.Decode_Message,3515,20,ok,decaps message decode
Frost,384,FAST,avx2_u16,AES128,e8,Decaps.Dither_U,320891,20,ok,decaps U dither for reconstruction
Frost,384,FAST,avx2_u16,AES128,e8,Decaps.Dither_V,2679,20,ok,decaps V dither for reconstruction
Frost,384,FAST,avx2_u16,AES128,e8,Decaps.FO_Hash,2318,20,ok,decaps G hash h_pk||muprime||salt
Frost,384,FAST,avx2_u16,AES128,e8,Decaps.KDF,281979,20,ok,decaps final shared-secret hash
Frost,384,FAST,avx2_u16,AES128,e8,Decaps.KEM_Total_Profiled,6786468,20,ok,profiling-build decaps total; not official full-KEM timing
Frost,384,FAST,avx2_u16,AES128,e8,Decaps.ReEnc_AT_times_R,1826736,20,ok,decaps re-encryption A^T*R multiplication
Frost,384,FAST,avx2_u16,AES128,e8,Decaps.ReEnc_BhatT_times_R,31331,20,ok,decaps re-encryption B^T*R multiplication
Frost,384,FAST,avx2_u16,AES128,e8,Decaps.ReEnc_Dither_PK,195719,20,ok,decaps re-encryption public-key dither
Frost,384,FAST,avx2_u16,AES128,e8,Decaps.ReEnc_Dither_U,295203,20,ok,decaps re-encryption U dither
Frost,384,FAST,avx2_u16,AES128,e8,Decaps.ReEnc_Dither_V,2261,20,ok,decaps re-encryption V dither
Frost,384,FAST,avx2_u16,AES128,e8,Decaps.ReEnc_Expand_A,2357501,20,ok,decaps re-encryption A expansion
Frost,384,FAST,avx2_u16,AES128,e8,Decaps.ReEnc_Quant_U,3591,20,ok,decaps re-encryption U quantization
Frost,384,FAST,avx2_u16,AES128,e8,Decaps.ReEnc_Quant_V,1862,20,ok,decaps re-encryption V quantization and message add
Frost,384,FAST,avx2_u16,AES128,e8,Decaps.ReEnc_Recon_PK,2090,20,ok,decaps re-encryption public-key reconstruction
Frost,384,FAST,avx2_u16,AES128,e8,Decaps.ReEnc_Unpack_PK,176415,20,ok,decaps re-encryption public-key unpack
Frost,384,FAST,avx2_u16,AES128,e8,Decaps.Recon_U,3135,20,ok,decaps U reconstruction
Frost,384,FAST,avx2_u16,AES128,e8,Decaps.Recon_V,323,20,ok,decaps V reconstruction
Frost,384,FAST,avx2_u16,AES128,e8,Decaps.ST_times_U,11514,20,ok,decaps S^T*U multiplication
Frost,384,FAST,avx2_u16,AES128,e8,Decaps.Sample_R,1596,20,ok,decaps reenc R CBD transform
Frost,384,FAST,avx2_u16,AES128,e8,Decaps.Sample_S,196099,20,ok,decaps regenerate S from sk seed
Frost,384,FAST,avx2_u16,AES128,e8,Decaps.SeedExpand_R,295089,20,ok,decaps reenc R XOF expansion
Frost,384,FAST,avx2_u16,AES128,e8,Decaps.Unpack_CT,264195,20,ok,decaps ciphertext unpack
Frost,384,FAST,avx2_u16,AES128,e8,Encaps.AT_times_R,1762420,10,ok,encaps A^T*R multiplication
Frost,384,FAST,avx2_u16,AES128,e8,Encaps.BhatT_times_R,31350,10,ok,encaps B^T*R multiplication
Frost,384,FAST,avx2_u16,AES128,e8,Encaps.Dither_PK,220419,10,ok,encaps public-key dither for reconstruction
Frost,384,FAST,avx2_u16,AES128,e8,Encaps.Dither_U,294101,10,ok,encaps U dither
Frost,384,FAST,avx2_u16,AES128,e8,Encaps.Dither_V,2394,10,ok,encaps V dither
Frost,384,FAST,avx2_u16,AES128,e8,Encaps.Encode_Message,1482,10,ok,encaps message encoding and add
Frost,384,FAST,avx2_u16,AES128,e8,Encaps.Expand_A,2383873,10,ok,encaps A expansion for A^T*R
Frost,384,FAST,avx2_u16,AES128,e8,Encaps.FO_Hash,2394,10,ok,G hash h_pk||mu||salt
Frost,384,FAST,avx2_u16,AES128,e8,Encaps.KDF,251446,10,ok,encaps final shared-secret hash
Frost,384,FAST,avx2_u16,AES128,e8,Encaps.KEM_Total_Profiled,6336100,10,ok,profiling-build encaps total; not official full-KEM timing
Frost,384,FAST,avx2_u16,AES128,e8,Encaps.PK_Hash,167428,10,ok,encaps h_pk
Frost,384,FAST,avx2_u16,AES128,e8,Encaps.Pack_CT,277001,10,ok,encaps ciphertext packing
Frost,384,FAST,avx2_u16,AES128,e8,Encaps.Quant_U,3553,10,ok,encaps U quantization
Frost,384,FAST,avx2_u16,AES128,e8,Encaps.Quant_V,266,10,ok,encaps V quantization
Frost,384,FAST,avx2_u16,AES128,e8,Encaps.Recon_PK,2337,10,ok,encaps public-key reconstruction
Frost,384,FAST,avx2_u16,AES128,e8,Encaps.Sample_Message,4940,10,ok,randombytes for mu and salt
Frost,384,FAST,avx2_u16,AES128,e8,Encaps.Sample_R,1539,10,ok,CBD transform for R
Frost,384,FAST,avx2_u16,AES128,e8,Encaps.SeedExpand_R,292923,10,ok,R XOF expansion
Frost,384,FAST,avx2_u16,AES128,e8,Encaps.Unpack_PK,187454,10,ok,encaps public-key unpack
Frost,384,FAST,avx2_u16,AES128,e8,KeyGen.A_times_S,1021174,10,ok,keygen A*S multiplication
Frost,384,FAST,avx2_u16,AES128,e8,KeyGen.Dither_PK,198854,10,ok,keygen public-key dither
Frost,384,FAST,avx2_u16,AES128,e8,KeyGen.Expand_A,2225033,10,ok,keygen A expansion
Frost,384,FAST,avx2_u16,AES128,e8,KeyGen.KEM_Total_Profiled,4524356,10,ok,profiling-build keygen total; not official full-KEM timing
Frost,384,FAST,avx2_u16,AES128,e8,KeyGen.PK_Hash,167770,10,ok,keygen h_pk
Frost,384,FAST,avx2_u16,AES128,e8,KeyGen.Pack_PK,179873,10,ok,keygen public-key packing
Frost,384,FAST,avx2_u16,AES128,e8,KeyGen.Quant_PK,2489,10,ok,keygen public-key quantization
Frost,384,FAST,avx2_u16,AES128,e8,KeyGen.Random,5795,10,ok,randombytes for keygen seeds
Frost,384,FAST,avx2_u16,AES128,e8,KeyGen.Sample_S,988,10,ok,CBD transform for S
Frost,384,FAST,avx2_u16,AES128,e8,KeyGen.SeedExpand,212458,10,ok,seed_A and S XOF expansion
Frost,512,FAST,avx2_u16,AES128,e8,Codec.Message_Decode,3098,10,ok,standalone message decode wrapper=frost_key_decode inner_reps=10000
Frost,512,FAST,avx2_u16,AES128,e8,Codec.Message_Encode,976,10,ok,standalone message encode wrapper=frost_key_encode inner_reps=10000
Frost,512,FAST,avx2_u16,AES128,e8,Decaps.CT_Compare,5149,20,ok,decaps ciphertext comparison and key select
Frost,512,FAST,avx2_u16,AES128,e8,Decaps.Decode_Message,4161,20,ok,decaps message decode
Frost,512,FAST,avx2_u16,AES128,e8,Decaps.Dither_U,527877,20,ok,decaps U dither for reconstruction
Frost,512,FAST,avx2_u16,AES128,e8,Decaps.Dither_V,2432,20,ok,decaps V dither for reconstruction
Frost,512,FAST,avx2_u16,AES128,e8,Decaps.FO_Hash,4180,20,ok,decaps G hash h_pk||muprime||salt
Frost,512,FAST,avx2_u16,AES128,e8,Decaps.KDF,484424,20,ok,decaps final shared-secret hash
Frost,512,FAST,avx2_u16,AES128,e8,Decaps.KEM_Total_Profiled,12723008,20,ok,profiling-build decaps total; not official full-KEM timing
Frost,512,FAST,avx2_u16,AES128,e8,Decaps.ReEnc_AT_times_R,4389912,20,ok,decaps re-encryption A^T*R multiplication
Frost,512,FAST,avx2_u16,AES128,e8,Decaps.ReEnc_BhatT_times_R,56316,20,ok,decaps re-encryption B^T*R multiplication
Frost,512,FAST,avx2_u16,AES128,e8,Decaps.ReEnc_Dither_PK,263644,20,ok,decaps re-encryption public-key dither
Frost,512,FAST,avx2_u16,AES128,e8,Decaps.ReEnc_Dither_U,527573,20,ok,decaps re-encryption U dither
Frost,512,FAST,avx2_u16,AES128,e8,Decaps.ReEnc_Dither_V,2432,20,ok,decaps re-encryption V dither
Frost,512,FAST,avx2_u16,AES128,e8,Decaps.ReEnc_Expand_A,4027126,20,ok,decaps re-encryption A expansion
Frost,512,FAST,avx2_u16,AES128,e8,Decaps.ReEnc_Quant_U,6479,20,ok,decaps re-encryption U quantization
Frost,512,FAST,avx2_u16,AES128,e8,Decaps.ReEnc_Quant_V,1805,20,ok,decaps re-encryption V quantization and message add
Frost,512,FAST,avx2_u16,AES128,e8,Decaps.ReEnc_Recon_PK,2983,20,ok,decaps re-encryption public-key reconstruction
Frost,512,FAST,avx2_u16,AES128,e8,Decaps.ReEnc_Unpack_PK,234479,20,ok,decaps re-encryption public-key unpack
Frost,512,FAST,avx2_u16,AES128,e8,Decaps.Recon_U,5320,20,ok,decaps U reconstruction
Frost,512,FAST,avx2_u16,AES128,e8,Decaps.Recon_V,266,20,ok,decaps V reconstruction
Frost,512,FAST,avx2_u16,AES128,e8,Decaps.ST_times_U,18392,20,ok,decaps S^T*U multiplication
Frost,512,FAST,avx2_u16,AES128,e8,Decaps.Sample_R,2736,20,ok,decaps reenc R CBD transform
Frost,512,FAST,avx2_u16,AES128,e8,Decaps.Sample_S,264651,20,ok,decaps regenerate S from sk seed
Frost,512,FAST,avx2_u16,AES128,e8,Decaps.SeedExpand_R,525597,20,ok,decaps reenc R XOF expansion
Frost,512,FAST,avx2_u16,AES128,e8,Decaps.Unpack_CT,468901,20,ok,decaps ciphertext unpack
Frost,512,FAST,avx2_u16,AES128,e8,Encaps.AT_times_R,4231566,10,ok,encaps A^T*R multiplication
Frost,512,FAST,avx2_u16,AES128,e8,Encaps.BhatT_times_R,56753,10,ok,encaps B^T*R multiplication
Frost,512,FAST,avx2_u16,AES128,e8,Encaps.Dither_PK,264689,10,ok,encaps public-key dither for reconstruction
Frost,512,FAST,avx2_u16,AES128,e8,Encaps.Dither_U,527915,10,ok,encaps U dither
Frost,512,FAST,avx2_u16,AES128,e8,Encaps.Dither_V,2736,10,ok,encaps V dither
Frost,512,FAST,avx2_u16,AES128,e8,Encaps.Encode_Message,1786,10,ok,encaps message encoding and add
Frost,512,FAST,avx2_u16,AES128,e8,Encaps.Expand_A,4259116,10,ok,encaps A expansion for A^T*R
Frost,512,FAST,avx2_u16,AES128,e8,Encaps.FO_Hash,3249,10,ok,G hash h_pk||mu||salt
Frost,512,FAST,avx2_u16,AES128,e8,Encaps.KDF,484595,10,ok,encaps final shared-secret hash
Frost,512,FAST,avx2_u16,AES128,e8,Encaps.KEM_Total_Profiled,12092208,10,ok,profiling-build encaps total; not official full-KEM timing
Frost,512,FAST,avx2_u16,AES128,e8,Encaps.PK_Hash,242706,10,ok,encaps h_pk
Frost,512,FAST,avx2_u16,AES128,e8,Encaps.Pack_CT,489706,10,ok,encaps ciphertext packing
Frost,512,FAST,avx2_u16,AES128,e8,Encaps.Quant_U,6555,10,ok,encaps U quantization
Frost,512,FAST,avx2_u16,AES128,e8,Encaps.Quant_V,247,10,ok,encaps V quantization
Frost,512,FAST,avx2_u16,AES128,e8,Encaps.Recon_PK,2983,10,ok,encaps public-key reconstruction
Frost,512,FAST,avx2_u16,AES128,e8,Encaps.Sample_Message,5149,10,ok,randombytes for mu and salt
Frost,512,FAST,avx2_u16,AES128,e8,Encaps.Sample_R,2489,10,ok,CBD transform for R
Frost,512,FAST,avx2_u16,AES128,e8,Encaps.SeedExpand_R,531050,10,ok,R XOF expansion
Frost,512,FAST,avx2_u16,AES128,e8,Encaps.Unpack_PK,233985,10,ok,encaps public-key unpack
Frost,512,FAST,avx2_u16,AES128,e8,KeyGen.A_times_S,1723433,10,ok,keygen A*S multiplication
Frost,512,FAST,avx2_u16,AES128,e8,KeyGen.Dither_PK,264442,10,ok,keygen public-key dither
Frost,512,FAST,avx2_u16,AES128,e8,KeyGen.Expand_A,3865816,10,ok,keygen A expansion
Frost,512,FAST,avx2_u16,AES128,e8,KeyGen.KEM_Total_Profiled,7190806,10,ok,profiling-build keygen total; not official full-KEM timing
Frost,512,FAST,avx2_u16,AES128,e8,KeyGen.PK_Hash,242725,10,ok,keygen h_pk
Frost,512,FAST,avx2_u16,AES128,e8,KeyGen.Pack_PK,244169,10,ok,keygen public-key packing
Frost,512,FAST,avx2_u16,AES128,e8,KeyGen.Quant_PK,3686,10,ok,keygen public-key quantization
Frost,512,FAST,avx2_u16,AES128,e8,KeyGen.Random,7163,10,ok,randombytes for keygen seeds
Frost,512,FAST,avx2_u16,AES128,e8,KeyGen.Sample_S,988,10,ok,CBD transform for S
Frost,512,FAST,avx2_u16,AES128,e8,KeyGen.SeedExpand,266399,10,ok,seed_A and S XOF expansion
Frost,128,REFERENCE,ref,SHAKE128,e8,Codec.Message_Decode,1630,10,ok,standalone message decode wrapper=frost_key_decode inner_reps=10000
Frost,128,REFERENCE,ref,SHAKE128,e8,Codec.Message_Encode,361,10,ok,standalone message encode wrapper=frost_key_encode inner_reps=10000
Frost,128,REFERENCE,ref,SHAKE128,e8,Decaps.CT_Compare,893,20,ok,decaps ciphertext comparison and key select
Frost,128,REFERENCE,ref,SHAKE128,e8,Decaps.Decode_Message,2109,20,ok,decaps message decode
Frost,128,REFERENCE,ref,SHAKE128,e8,Decaps.Dither_U,43016,20,ok,decaps U dither for reconstruction
Frost,128,REFERENCE,ref,SHAKE128,e8,Decaps.Dither_V,1273,20,ok,decaps V dither for reconstruction
Frost,128,REFERENCE,ref,SHAKE128,e8,Decaps.FO_Hash,1292,20,ok,decaps G hash h_pk||muprime||salt
Frost,128,REFERENCE,ref,SHAKE128,e8,Decaps.KDF,29545,20,ok,decaps final shared-secret hash
Frost,128,REFERENCE,ref,SHAKE128,e8,Decaps.KEM_Total_Profiled,4303728,20,ok,profiling-build decaps total; not official full-KEM timing
Frost,128,REFERENCE,ref,SHAKE128,e8,Decaps.ReEnc_AT_times_R,130910,20,ok,decaps re-encryption A^T*R multiplication
Frost,128,REFERENCE,ref,SHAKE128,e8,Decaps.ReEnc_BhatT_times_R,5472,20,ok,decaps re-encryption B^T*R multiplication
Frost,128,REFERENCE,ref,SHAKE128,e8,Decaps.ReEnc_Dither_PK,43054,20,ok,decaps re-encryption public-key dither
Frost,128,REFERENCE,ref,SHAKE128,e8,Decaps.ReEnc_Dither_U,43111,20,ok,decaps re-encryption U dither
Frost,128,REFERENCE,ref,SHAKE128,e8,Decaps.ReEnc_Dither_V,1368,20,ok,decaps re-encryption V dither
Frost,128,REFERENCE,ref,SHAKE128,e8,Decaps.ReEnc_Expand_A,3484296,20,ok,decaps re-encryption A expansion
Frost,128,REFERENCE,ref,SHAKE128,e8,Decaps.ReEnc_Quant_U,494,20,ok,decaps re-encryption U quantization
Frost,128,REFERENCE,ref,SHAKE128,e8,Decaps.ReEnc_Quant_V,1083,20,ok,decaps re-encryption V quantization and message add
Frost,128,REFERENCE,ref,SHAKE128,e8,Decaps.ReEnc_Recon_PK,532,20,ok,decaps re-encryption public-key reconstruction
Frost,128,REFERENCE,ref,SHAKE128,e8,Decaps.ReEnc_Unpack_PK,37582,20,ok,decaps re-encryption public-key unpack
Frost,128,REFERENCE,ref,SHAKE128,e8,Decaps.Recon_U,456,20,ok,decaps U reconstruction
Frost,128,REFERENCE,ref,SHAKE128,e8,Decaps.Recon_V,209,20,ok,decaps V reconstruction
Frost,128,REFERENCE,ref,SHAKE128,e8,Decaps.ST_times_U,950,20,ok,decaps S^T*U multiplication
Frost,128,REFERENCE,ref,SHAKE128,e8,Decaps.Sample_R,513,20,ok,decaps reenc R CBD transform
Frost,128,REFERENCE,ref,SHAKE128,e8,Decaps.Sample_S,43396,20,ok,decaps regenerate S from sk seed
Frost,128,REFERENCE,ref,SHAKE128,e8,Decaps.SeedExpand_R,42826,20,ok,decaps reenc R XOF expansion
Frost,128,REFERENCE,ref,SHAKE128,e8,Decaps.Unpack_CT,37924,20,ok,decaps ciphertext unpack
Frost,128,REFERENCE,ref,SHAKE128,e8,Encaps.AT_times_R,128497,10,ok,encaps A^T*R multiplication
Frost,128,REFERENCE,ref,SHAKE128,e8,Encaps.BhatT_times_R,5548,10,ok,encaps B^T*R multiplication
Frost,128,REFERENCE,ref,SHAKE128,e8,Encaps.Dither_PK,43149,10,ok,encaps public-key dither for reconstruction
Frost,128,REFERENCE,ref,SHAKE128,e8,Encaps.Dither_U,43149,10,ok,encaps U dither
Frost,128,REFERENCE,ref,SHAKE128,e8,Encaps.Dither_V,1406,10,ok,encaps V dither
Frost,128,REFERENCE,ref,SHAKE128,e8,Encaps.Encode_Message,988,10,ok,encaps message encoding and add
Frost,128,REFERENCE,ref,SHAKE128,e8,Encaps.Expand_A,3488818,10,ok,encaps A expansion for A^T*R
Frost,128,REFERENCE,ref,SHAKE128,e8,Encaps.FO_Hash,1444,10,ok,G hash h_pk||mu||salt
Frost,128,REFERENCE,ref,SHAKE128,e8,Encaps.KDF,29602,10,ok,encaps final shared-secret hash
Frost,128,REFERENCE,ref,SHAKE128,e8,Encaps.KEM_Total_Profiled,4198772,10,ok,profiling-build encaps total; not official full-KEM timing
Frost,128,REFERENCE,ref,SHAKE128,e8,Encaps.PK_Hash,28728,10,ok,encaps h_pk
Frost,128,REFERENCE,ref,SHAKE128,e8,Encaps.Pack_CT,39805,10,ok,encaps ciphertext packing
Frost,128,REFERENCE,ref,SHAKE128,e8,Encaps.Quant_U,437,10,ok,encaps U quantization
Frost,128,REFERENCE,ref,SHAKE128,e8,Encaps.Quant_V,190,10,ok,encaps V quantization
Frost,128,REFERENCE,ref,SHAKE128,e8,Encaps.Recon_PK,494,10,ok,encaps public-key reconstruction
Frost,128,REFERENCE,ref,SHAKE128,e8,Encaps.Sample_Message,4636,10,ok,randombytes for mu and salt
Frost,128,REFERENCE,ref,SHAKE128,e8,Encaps.Sample_R,589,10,ok,CBD transform for R
Frost,128,REFERENCE,ref,SHAKE128,e8,Encaps.SeedExpand_R,42921,10,ok,R XOF expansion
Frost,128,REFERENCE,ref,SHAKE128,e8,Encaps.Unpack_PK,37506,10,ok,encaps public-key unpack
Frost,128,REFERENCE,ref,SHAKE128,e8,KeyGen.A_times_S,47747,10,ok,keygen A*S multiplication
Frost,128,REFERENCE,ref,SHAKE128,e8,KeyGen.Dither_PK,43415,10,ok,keygen public-key dither
Frost,128,REFERENCE,ref,SHAKE128,e8,KeyGen.Expand_A,3580664,10,ok,keygen A expansion
Frost,128,REFERENCE,ref,SHAKE128,e8,KeyGen.KEM_Total_Profiled,4241997,10,ok,profiling-build keygen total; not official full-KEM timing
Frost,128,REFERENCE,ref,SHAKE128,e8,KeyGen.PK_Hash,28994,10,ok,keygen h_pk
Frost,128,REFERENCE,ref,SHAKE128,e8,KeyGen.Pack_PK,38722,10,ok,keygen public-key packing
Frost,128,REFERENCE,ref,SHAKE128,e8,KeyGen.Quant_PK,684,10,ok,keygen public-key quantization
Frost,128,REFERENCE,ref,SHAKE128,e8,KeyGen.Random,4674,10,ok,randombytes for keygen seeds
Frost,128,REFERENCE,ref,SHAKE128,e8,KeyGen.Sample_S,589,10,ok,CBD transform for S
Frost,128,REFERENCE,ref,SHAKE128,e8,KeyGen.SeedExpand,44156,10,ok,seed_A and S XOF expansion
Frost,192,REFERENCE,ref,SHAKE128,e8,Codec.Message_Decode,1426,10,ok,standalone message decode wrapper=frost_key_decode inner_reps=10000
Frost,192,REFERENCE,ref,SHAKE128,e8,Codec.Message_Encode,444,10,ok,standalone message encode wrapper=frost_key_encode inner_reps=10000
Frost,192,REFERENCE,ref,SHAKE128,e8,Decaps.CT_Compare,1292,20,ok,decaps ciphertext comparison and key select
Frost,192,REFERENCE,ref,SHAKE128,e8,Decaps.Decode_Message,2945,20,ok,decaps message decode
Frost,192,REFERENCE,ref,SHAKE128,e8,Decaps.Dither_U,89870,20,ok,decaps U dither for reconstruction
Frost,192,REFERENCE,ref,SHAKE128,e8,Decaps.Dither_V,1311,20,ok,decaps V dither for reconstruction
Frost,192,REFERENCE,ref,SHAKE128,e8,Decaps.FO_Hash,1254,20,ok,decaps G hash h_pk||muprime||salt
Frost,192,REFERENCE,ref,SHAKE128,e8,Decaps.KDF,65550,20,ok,decaps final shared-secret hash
Frost,192,REFERENCE,ref,SHAKE128,e8,Decaps.KEM_Total_Profiled,10888957,20,ok,profiling-build decaps total; not official full-KEM timing
Frost,192,REFERENCE,ref,SHAKE128,e8,Decaps.ReEnc_AT_times_R,390203,20,ok,decaps re-encryption A^T*R multiplication
Frost,192,REFERENCE,ref,SHAKE128,e8,Decaps.ReEnc_BhatT_times_R,9519,20,ok,decaps re-encryption B^T*R multiplication
Frost,192,REFERENCE,ref,SHAKE128,e8,Decaps.ReEnc_Dither_PK,89851,20,ok,decaps re-encryption public-key dither
Frost,192,REFERENCE,ref,SHAKE128,e8,Decaps.ReEnc_Dither_U,90250,20,ok,decaps re-encryption U dither
Frost,192,REFERENCE,ref,SHAKE128,e8,Decaps.ReEnc_Dither_V,1292,20,ok,decaps re-encryption V dither
Frost,192,REFERENCE,ref,SHAKE128,e8,Decaps.ReEnc_Expand_A,9389990,20,ok,decaps re-encryption A expansion
Frost,192,REFERENCE,ref,SHAKE128,e8,Decaps.ReEnc_Quant_U,1007,20,ok,decaps re-encryption U quantization
Frost,192,REFERENCE,ref,SHAKE128,e8,Decaps.ReEnc_Quant_V,1235,20,ok,decaps re-encryption V quantization and message add
Frost,192,REFERENCE,ref,SHAKE128,e8,Decaps.ReEnc_Recon_PK,722,20,ok,decaps re-encryption public-key reconstruction
Frost,192,REFERENCE,ref,SHAKE128,e8,Decaps.ReEnc_Unpack_PK,72276,20,ok,decaps re-encryption public-key unpack
Frost,192,REFERENCE,ref,SHAKE128,e8,Decaps.Recon_U,608,20,ok,decaps U reconstruction
Frost,192,REFERENCE,ref,SHAKE128,e8,Decaps.Recon_V,266,20,ok,decaps V reconstruction
Frost,192,REFERENCE,ref,SHAKE128,e8,Decaps.ST_times_U,2527,20,ok,decaps S^T*U multiplication
Frost,192,REFERENCE,ref,SHAKE128,e8,Decaps.Sample_R,532,20,ok,decaps reenc R CBD transform
Frost,192,REFERENCE,ref,SHAKE128,e8,Decaps.Sample_S,90022,20,ok,decaps regenerate S from sk seed
Frost,192,REFERENCE,ref,SHAKE128,e8,Decaps.SeedExpand_R,89566,20,ok,decaps reenc R XOF expansion
Frost,192,REFERENCE,ref,SHAKE128,e8,Decaps.Unpack_CT,72599,20,ok,decaps ciphertext unpack
Frost,192,REFERENCE,ref,SHAKE128,e8,Encaps.AT_times_R,361171,10,ok,encaps A^T*R multiplication
Frost,192,REFERENCE,ref,SHAKE128,e8,Encaps.BhatT_times_R,9614,10,ok,encaps B^T*R multiplication
Frost,192,REFERENCE,ref,SHAKE128,e8,Encaps.Dither_PK,89870,10,ok,encaps public-key dither for reconstruction
Frost,192,REFERENCE,ref,SHAKE128,e8,Encaps.Dither_U,90440,10,ok,encaps U dither
Frost,192,REFERENCE,ref,SHAKE128,e8,Encaps.Dither_V,1311,10,ok,encaps V dither
Frost,192,REFERENCE,ref,SHAKE128,e8,Encaps.Encode_Message,1178,10,ok,encaps message encoding and add
Frost,192,REFERENCE,ref,SHAKE128,e8,Encaps.Expand_A,9424969,10,ok,encaps A expansion for A^T*R
Frost,192,REFERENCE,ref,SHAKE128,e8,Encaps.FO_Hash,1539,10,ok,G hash h_pk||mu||salt
Frost,192,REFERENCE,ref,SHAKE128,e8,Encaps.KDF,65531,10,ok,encaps final shared-secret hash
Frost,192,REFERENCE,ref,SHAKE128,e8,Encaps.KEM_Total_Profiled,10768402,10,ok,profiling-build encaps total; not official full-KEM timing
Frost,192,REFERENCE,ref,SHAKE128,e8,Encaps.PK_Hash,65474,10,ok,encaps h_pk
Frost,192,REFERENCE,ref,SHAKE128,e8,Encaps.Pack_CT,75088,10,ok,encaps ciphertext packing
Frost,192,REFERENCE,ref,SHAKE128,e8,Encaps.Quant_U,1140,10,ok,encaps U quantization
Frost,192,REFERENCE,ref,SHAKE128,e8,Encaps.Quant_V,228,10,ok,encaps V quantization
Frost,192,REFERENCE,ref,SHAKE128,e8,Encaps.Recon_PK,874,10,ok,encaps public-key reconstruction
Frost,192,REFERENCE,ref,SHAKE128,e8,Encaps.Sample_Message,4845,10,ok,randombytes for mu and salt
Frost,192,REFERENCE,ref,SHAKE128,e8,Encaps.Sample_R,532,10,ok,CBD transform for R
Frost,192,REFERENCE,ref,SHAKE128,e8,Encaps.SeedExpand_R,89661,10,ok,R XOF expansion
Frost,192,REFERENCE,ref,SHAKE128,e8,Encaps.Unpack_PK,72181,10,ok,encaps public-key unpack
Frost,192,REFERENCE,ref,SHAKE128,e8,KeyGen.A_times_S,230090,10,ok,keygen A*S multiplication
Frost,192,REFERENCE,ref,SHAKE128,e8,KeyGen.Dither_PK,90668,10,ok,keygen public-key dither
Frost,192,REFERENCE,ref,SHAKE128,e8,KeyGen.Expand_A,9741053,10,ok,keygen A expansion
Frost,192,REFERENCE,ref,SHAKE128,e8,KeyGen.KEM_Total_Profiled,11691098,10,ok,profiling-build keygen total; not official full-KEM timing
Frost,192,REFERENCE,ref,SHAKE128,e8,KeyGen.PK_Hash,65626,10,ok,keygen h_pk
Frost,192,REFERENCE,ref,SHAKE128,e8,KeyGen.Pack_PK,74119,10,ok,keygen public-key packing
Frost,192,REFERENCE,ref,SHAKE128,e8,KeyGen.Quant_PK,1349,10,ok,keygen public-key quantization
Frost,192,REFERENCE,ref,SHAKE128,e8,KeyGen.Random,5054,10,ok,randombytes for keygen seeds
Frost,192,REFERENCE,ref,SHAKE128,e8,KeyGen.Sample_S,551,10,ok,CBD transform for S
Frost,192,REFERENCE,ref,SHAKE128,e8,KeyGen.SeedExpand,90763,10,ok,seed_A and S XOF expansion
Frost,256,REFERENCE,ref,SHAKE128,e8,Codec.Message_Decode,1572,10,ok,standalone message decode wrapper=frost_key_decode inner_reps=10000
Frost,256,REFERENCE,ref,SHAKE128,e8,Codec.Message_Encode,494,10,ok,standalone message encode wrapper=frost_key_encode inner_reps=10000
Frost,256,REFERENCE,ref,SHAKE128,e8,Decaps.CT_Compare,1786,20,ok,decaps ciphertext comparison and key select
Frost,256,REFERENCE,ref,SHAKE128,e8,Decaps.Decode_Message,2527,20,ok,decaps message decode
Frost,256,REFERENCE,ref,SHAKE128,e8,Decaps.Dither_U,130986,20,ok,decaps U dither for reconstruction
Frost,256,REFERENCE,ref,SHAKE128,e8,Decaps.Dither_V,1292,20,ok,decaps V dither for reconstruction
Frost,256,REFERENCE,ref,SHAKE128,e8,Decaps.FO_Hash,1216,20,ok,decaps G hash h_pk||muprime||salt
Frost,256,REFERENCE,ref,SHAKE128,e8,Decaps.KDF,104348,20,ok,decaps final shared-secret hash
Frost,256,REFERENCE,ref,SHAKE128,e8,Decaps.KEM_Total_Profiled,22536279,20,ok,profiling-build decaps total; not official full-KEM timing
Frost,256,REFERENCE,ref,SHAKE128,e8,Decaps.ReEnc_AT_times_R,971983,20,ok,decaps re-encryption A^T*R multiplication
Frost,256,REFERENCE,ref,SHAKE128,e8,Decaps.ReEnc_BhatT_times_R,14117,20,ok,decaps re-encryption B^T*R multiplication
Frost,256,REFERENCE,ref,SHAKE128,e8,Decaps.ReEnc_Dither_PK,131100,20,ok,decaps re-encryption public-key dither
Frost,256,REFERENCE,ref,SHAKE128,e8,Decaps.ReEnc_Dither_U,131632,20,ok,decaps re-encryption U dither
Frost,256,REFERENCE,ref,SHAKE128,e8,Decaps.ReEnc_Dither_V,1330,20,ok,decaps re-encryption V dither
Frost,256,REFERENCE,ref,SHAKE128,e8,Decaps.ReEnc_Expand_A,19741361,20,ok,decaps re-encryption A expansion
Frost,256,REFERENCE,ref,SHAKE128,e8,Decaps.ReEnc_Quant_U,1710,20,ok,decaps re-encryption U quantization
Frost,256,REFERENCE,ref,SHAKE128,e8,Decaps.ReEnc_Quant_V,1387,20,ok,decaps re-encryption V quantization and message add
Frost,256,REFERENCE,ref,SHAKE128,e8,Decaps.ReEnc_Recon_PK,1710,20,ok,decaps re-encryption public-key reconstruction
Frost,256,REFERENCE,ref,SHAKE128,e8,Decaps.ReEnc_Unpack_PK,117078,20,ok,decaps re-encryption public-key unpack
Frost,256,REFERENCE,ref,SHAKE128,e8,Decaps.Recon_U,1482,20,ok,decaps U reconstruction
Frost,256,REFERENCE,ref,SHAKE128,e8,Decaps.Recon_V,266,20,ok,decaps V reconstruction
Frost,256,REFERENCE,ref,SHAKE128,e8,Decaps.ST_times_U,4902,20,ok,decaps S^T*U multiplication
Frost,256,REFERENCE,ref,SHAKE128,e8,Decaps.Sample_R,798,20,ok,decaps reenc R CBD transform
Frost,256,REFERENCE,ref,SHAKE128,e8,Decaps.Sample_S,131366,20,ok,decaps regenerate S from sk seed
Frost,256,REFERENCE,ref,SHAKE128,e8,Decaps.SeedExpand_R,130682,20,ok,decaps reenc R XOF expansion
Frost,256,REFERENCE,ref,SHAKE128,e8,Decaps.Unpack_CT,99617,20,ok,decaps ciphertext unpack
Frost,256,REFERENCE,ref,SHAKE128,e8,Encaps.AT_times_R,899821,10,ok,encaps A^T*R multiplication
Frost,256,REFERENCE,ref,SHAKE128,e8,Encaps.BhatT_times_R,14174,10,ok,encaps B^T*R multiplication
Frost,256,REFERENCE,ref,SHAKE128,e8,Encaps.Dither_PK,131005,10,ok,encaps public-key dither for reconstruction
Frost,256,REFERENCE,ref,SHAKE128,e8,Encaps.Dither_U,131575,10,ok,encaps U dither
Frost,256,REFERENCE,ref,SHAKE128,e8,Encaps.Dither_V,1292,10,ok,encaps V dither
Frost,256,REFERENCE,ref,SHAKE128,e8,Encaps.Encode_Message,1197,10,ok,encaps message encoding and add
Frost,256,REFERENCE,ref,SHAKE128,e8,Encaps.Expand_A,20128904,10,ok,encaps A expansion for A^T*R
Frost,256,REFERENCE,ref,SHAKE128,e8,Encaps.FO_Hash,1672,10,ok,G hash h_pk||mu||salt
Frost,256,REFERENCE,ref,SHAKE128,e8,Encaps.KDF,104215,10,ok,encaps final shared-secret hash
Frost,256,REFERENCE,ref,SHAKE128,e8,Encaps.KEM_Total_Profiled,22491193,10,ok,profiling-build encaps total; not official full-KEM timing
Frost,256,REFERENCE,ref,SHAKE128,e8,Encaps.PK_Hash,112233,10,ok,encaps h_pk
Frost,256,REFERENCE,ref,SHAKE128,e8,Encaps.Pack_CT,98230,10,ok,encaps ciphertext packing
Frost,256,REFERENCE,ref,SHAKE128,e8,Encaps.Quant_U,1558,10,ok,encaps U quantization
Frost,256,REFERENCE,ref,SHAKE128,e8,Encaps.Quant_V,190,10,ok,encaps V quantization
Frost,256,REFERENCE,ref,SHAKE128,e8,Encaps.Recon_PK,1254,10,ok,encaps public-key reconstruction
Frost,256,REFERENCE,ref,SHAKE128,e8,Encaps.Sample_Message,5776,10,ok,randombytes for mu and salt
Frost,256,REFERENCE,ref,SHAKE128,e8,Encaps.Sample_R,836,10,ok,CBD transform for R
Frost,256,REFERENCE,ref,SHAKE128,e8,Encaps.SeedExpand_R,130739,10,ok,R XOF expansion
Frost,256,REFERENCE,ref,SHAKE128,e8,Encaps.Unpack_PK,116793,10,ok,encaps public-key unpack
Frost,256,REFERENCE,ref,SHAKE128,e8,KeyGen.A_times_S,816430,10,ok,keygen A*S multiplication
Frost,256,REFERENCE,ref,SHAKE128,e8,KeyGen.Dither_PK,132487,10,ok,keygen public-key dither
Frost,256,REFERENCE,ref,SHAKE128,e8,KeyGen.Expand_A,20035424,10,ok,keygen A expansion
Frost,256,REFERENCE,ref,SHAKE128,e8,KeyGen.KEM_Total_Profiled,24261290,10,ok,profiling-build keygen total; not official full-KEM timing
Frost,256,REFERENCE,ref,SHAKE128,e8,KeyGen.PK_Hash,112670,10,ok,keygen h_pk
Frost,256,REFERENCE,ref,SHAKE128,e8,KeyGen.Pack_PK,120593,10,ok,keygen public-key packing
Frost,256,REFERENCE,ref,SHAKE128,e8,KeyGen.Quant_PK,2318,10,ok,keygen public-key quantization
Frost,256,REFERENCE,ref,SHAKE128,e8,KeyGen.Random,6878,10,ok,randombytes for keygen seeds
Frost,256,REFERENCE,ref,SHAKE128,e8,KeyGen.Sample_S,684,10,ok,CBD transform for S
Frost,256,REFERENCE,ref,SHAKE128,e8,KeyGen.SeedExpand,132126,10,ok,seed_A and S XOF expansion
Frost,384,REFERENCE,ref,SHAKE128,e8,Codec.Message_Decode,2379,10,ok,standalone message decode wrapper=frost_key_decode inner_reps=10000
Frost,384,REFERENCE,ref,SHAKE128,e8,Codec.Message_Encode,748,10,ok,standalone message encode wrapper=frost_key_encode inner_reps=10000
Frost,384,REFERENCE,ref,SHAKE128,e8,Decaps.CT_Compare,4503,20,ok,decaps ciphertext comparison and key select
Frost,384,REFERENCE,ref,SHAKE128,e8,Decaps.Decode_Message,4085,20,ok,decaps message decode
Frost,384,REFERENCE,ref,SHAKE128,e8,Decaps.Dither_U,293835,20,ok,decaps U dither for reconstruction
Frost,384,REFERENCE,ref,SHAKE128,e8,Decaps.Dither_V,2470,20,ok,decaps V dither for reconstruction
Frost,384,REFERENCE,ref,SHAKE128,e8,Decaps.FO_Hash,2204,20,ok,decaps G hash h_pk||muprime||salt
Frost,384,REFERENCE,ref,SHAKE128,e8,Decaps.KDF,251522,20,ok,decaps final shared-secret hash
Frost,384,REFERENCE,ref,SHAKE128,e8,Decaps.KEM_Total_Profiled,49677286,20,ok,profiling-build decaps total; not official full-KEM timing
Frost,384,REFERENCE,ref,SHAKE128,e8,Decaps.ReEnc_AT_times_R,3082180,20,ok,decaps re-encryption A^T*R multiplication
Frost,384,REFERENCE,ref,SHAKE128,e8,Decaps.ReEnc_BhatT_times_R,31578,20,ok,decaps re-encryption B^T*R multiplication
Frost,384,REFERENCE,ref,SHAKE128,e8,Decaps.ReEnc_Dither_PK,195681,20,ok,decaps re-encryption public-key dither
Frost,384,REFERENCE,ref,SHAKE128,e8,Decaps.ReEnc_Dither_U,294595,20,ok,decaps re-encryption U dither
Frost,384,REFERENCE,ref,SHAKE128,e8,Decaps.ReEnc_Dither_V,2204,20,ok,decaps re-encryption V dither
Frost,384,REFERENCE,ref,SHAKE128,e8,Decaps.ReEnc_Expand_A,43108378,20,ok,decaps re-encryption A expansion
Frost,384,REFERENCE,ref,SHAKE128,e8,Decaps.ReEnc_Quant_U,4674,20,ok,decaps re-encryption U quantization
Frost,384,REFERENCE,ref,SHAKE128,e8,Decaps.ReEnc_Quant_V,1957,20,ok,decaps re-encryption V quantization and message add
Frost,384,REFERENCE,ref,SHAKE128,e8,Decaps.ReEnc_Recon_PK,2660,20,ok,decaps re-encryption public-key reconstruction
Frost,384,REFERENCE,ref,SHAKE128,e8,Decaps.ReEnc_Unpack_PK,176605,20,ok,decaps re-encryption public-key unpack
Frost,384,REFERENCE,ref,SHAKE128,e8,Decaps.Recon_U,2888,20,ok,decaps U reconstruction
Frost,384,REFERENCE,ref,SHAKE128,e8,Decaps.Recon_V,266,20,ok,decaps V reconstruction
Frost,384,REFERENCE,ref,SHAKE128,e8,Decaps.ST_times_U,9956,20,ok,decaps S^T*U multiplication
Frost,384,REFERENCE,ref,SHAKE128,e8,Decaps.Sample_R,1634,20,ok,decaps reenc R CBD transform
Frost,384,REFERENCE,ref,SHAKE128,e8,Decaps.Sample_S,196555,20,ok,decaps regenerate S from sk seed
Frost,384,REFERENCE,ref,SHAKE128,e8,Decaps.SeedExpand_R,292828,20,ok,decaps reenc R XOF expansion
Frost,384,REFERENCE,ref,SHAKE128,e8,Decaps.Unpack_CT,262580,20,ok,decaps ciphertext unpack
Frost,384,REFERENCE,ref,SHAKE128,e8,Encaps.AT_times_R,3135665,10,ok,encaps A^T*R multiplication
Frost,384,REFERENCE,ref,SHAKE128,e8,Encaps.BhatT_times_R,31749,10,ok,encaps B^T*R multiplication
Frost,384,REFERENCE,ref,SHAKE128,e8,Encaps.Dither_PK,196403,10,ok,encaps public-key dither for reconstruction
Frost,384,REFERENCE,ref,SHAKE128,e8,Encaps.Dither_U,301739,10,ok,encaps U dither
Frost,384,REFERENCE,ref,SHAKE128,e8,Encaps.Dither_V,2242,10,ok,encaps V dither
Frost,384,REFERENCE,ref,SHAKE128,e8,Encaps.Encode_Message,1976,10,ok,encaps message encoding and add
Frost,384,REFERENCE,ref,SHAKE128,e8,Encaps.Expand_A,43098536,10,ok,encaps A expansion for A^T*R
Frost,384,REFERENCE,ref,SHAKE128,e8,Encaps.FO_Hash,2318,10,ok,G hash h_pk||mu||salt
Frost,384,REFERENCE,ref,SHAKE128,e8,Encaps.KDF,252092,10,ok,encaps final shared-secret hash
Frost,384,REFERENCE,ref,SHAKE128,e8,Encaps.KEM_Total_Profiled,49038772,10,ok,profiling-build encaps total; not official full-KEM timing
Frost,384,REFERENCE,ref,SHAKE128,e8,Encaps.PK_Hash,167276,10,ok,encaps h_pk
Frost,384,REFERENCE,ref,SHAKE128,e8,Encaps.Pack_CT,273885,10,ok,encaps ciphertext packing
Frost,384,REFERENCE,ref,SHAKE128,e8,Encaps.Quant_U,4598,10,ok,encaps U quantization
Frost,384,REFERENCE,ref,SHAKE128,e8,Encaps.Quant_V,266,10,ok,encaps V quantization
Frost,384,REFERENCE,ref,SHAKE128,e8,Encaps.Recon_PK,3211,10,ok,encaps public-key reconstruction
Frost,384,REFERENCE,ref,SHAKE128,e8,Encaps.Sample_Message,9690,10,ok,randombytes for mu and salt
Frost,384,REFERENCE,ref,SHAKE128,e8,Encaps.Sample_R,1862,10,ok,CBD transform for R
Frost,384,REFERENCE,ref,SHAKE128,e8,Encaps.SeedExpand_R,292828,10,ok,R XOF expansion
Frost,384,REFERENCE,ref,SHAKE128,e8,Encaps.Unpack_PK,199120,10,ok,encaps public-key unpack
Frost,384,REFERENCE,ref,SHAKE128,e8,KeyGen.A_times_S,2173695,10,ok,keygen A*S multiplication
Frost,384,REFERENCE,ref,SHAKE128,e8,KeyGen.Dither_PK,198056,10,ok,keygen public-key dither
Frost,384,REFERENCE,ref,SHAKE128,e8,KeyGen.Expand_A,44255673,10,ok,keygen A expansion
Frost,384,REFERENCE,ref,SHAKE128,e8,KeyGen.KEM_Total_Profiled,53652826,10,ok,profiling-build keygen total; not official full-KEM timing
Frost,384,REFERENCE,ref,SHAKE128,e8,KeyGen.PK_Hash,168112,10,ok,keygen h_pk
Frost,384,REFERENCE,ref,SHAKE128,e8,KeyGen.Pack_PK,180671,10,ok,keygen public-key packing
Frost,384,REFERENCE,ref,SHAKE128,e8,KeyGen.Quant_PK,3534,10,ok,keygen public-key quantization
Frost,384,REFERENCE,ref,SHAKE128,e8,KeyGen.Random,9956,10,ok,randombytes for keygen seeds
Frost,384,REFERENCE,ref,SHAKE128,e8,KeyGen.Sample_S,1121,10,ok,CBD transform for S
Frost,384,REFERENCE,ref,SHAKE128,e8,KeyGen.SeedExpand,199481,10,ok,seed_A and S XOF expansion
Frost,512,REFERENCE,ref,SHAKE128,e8,Codec.Message_Decode,3226,10,ok,standalone message decode wrapper=frost_key_decode inner_reps=10000
Frost,512,REFERENCE,ref,SHAKE128,e8,Codec.Message_Encode,1030,10,ok,standalone message encode wrapper=frost_key_encode inner_reps=10000
Frost,512,REFERENCE,ref,SHAKE128,e8,Decaps.CT_Compare,7942,20,ok,decaps ciphertext comparison and key select
Frost,512,REFERENCE,ref,SHAKE128,e8,Decaps.Decode_Message,5339,20,ok,decaps message decode
Frost,512,REFERENCE,ref,SHAKE128,e8,Decaps.Dither_U,527421,20,ok,decaps U dither for reconstruction
Frost,512,REFERENCE,ref,SHAKE128,e8,Decaps.Dither_V,2508,20,ok,decaps V dither for reconstruction
Frost,512,REFERENCE,ref,SHAKE128,e8,Decaps.FO_Hash,3610,20,ok,decaps G hash h_pk||muprime||salt
Frost,512,REFERENCE,ref,SHAKE128,e8,Decaps.KDF,485602,20,ok,decaps final shared-secret hash
Frost,512,REFERENCE,ref,SHAKE128,e8,Decaps.KEM_Total_Profiled,91586821,20,ok,profiling-build decaps total; not official full-KEM timing
Frost,512,REFERENCE,ref,SHAKE128,e8,Decaps.ReEnc_AT_times_R,7102580,20,ok,decaps re-encryption A^T*R multiplication
Frost,512,REFERENCE,ref,SHAKE128,e8,Decaps.ReEnc_BhatT_times_R,56962,20,ok,decaps re-encryption B^T*R multiplication
Frost,512,REFERENCE,ref,SHAKE128,e8,Decaps.ReEnc_Dither_PK,263777,20,ok,decaps re-encryption public-key dither
Frost,512,REFERENCE,ref,SHAKE128,e8,Decaps.ReEnc_Dither_U,529796,20,ok,decaps re-encryption U dither
Frost,512,REFERENCE,ref,SHAKE128,e8,Decaps.ReEnc_Dither_V,2489,20,ok,decaps re-encryption V dither
Frost,512,REFERENCE,ref,SHAKE128,e8,Decaps.ReEnc_Expand_A,78955848,20,ok,decaps re-encryption A expansion
Frost,512,REFERENCE,ref,SHAKE128,e8,Decaps.ReEnc_Quant_U,8436,20,ok,decaps re-encryption U quantization
Frost,512,REFERENCE,ref,SHAKE128,e8,Decaps.ReEnc_Quant_V,2489,20,ok,decaps re-encryption V quantization and message add
Frost,512,REFERENCE,ref,SHAKE128,e8,Decaps.ReEnc_Recon_PK,4104,20,ok,decaps re-encryption public-key reconstruction
Frost,512,REFERENCE,ref,SHAKE128,e8,Decaps.ReEnc_Unpack_PK,236911,20,ok,decaps re-encryption public-key unpack
Frost,512,REFERENCE,ref,SHAKE128,e8,Decaps.Recon_U,5358,20,ok,decaps U reconstruction
Frost,512,REFERENCE,ref,SHAKE128,e8,Decaps.Recon_V,266,20,ok,decaps V reconstruction
Frost,512,REFERENCE,ref,SHAKE128,e8,Decaps.ST_times_U,18506,20,ok,decaps S^T*U multiplication
Frost,512,REFERENCE,ref,SHAKE128,e8,Decaps.Sample_R,2774,20,ok,decaps reenc R CBD transform
Frost,512,REFERENCE,ref,SHAKE128,e8,Decaps.Sample_S,264670,20,ok,decaps regenerate S from sk seed
Frost,512,REFERENCE,ref,SHAKE128,e8,Decaps.SeedExpand_R,525464,20,ok,decaps reenc R XOF expansion
Frost,512,REFERENCE,ref,SHAKE128,e8,Decaps.Unpack_CT,489041,20,ok,decaps ciphertext unpack
Frost,512,REFERENCE,ref,SHAKE128,e8,Encaps.AT_times_R,7142728,10,ok,encaps A^T*R multiplication
Frost,512,REFERENCE,ref,SHAKE128,e8,Encaps.BhatT_times_R,57418,10,ok,encaps B^T*R multiplication
Frost,512,REFERENCE,ref,SHAKE128,e8,Encaps.Dither_PK,263796,10,ok,encaps public-key dither for reconstruction
Frost,512,REFERENCE,ref,SHAKE128,e8,Encaps.Dither_U,593199,10,ok,encaps U dither
Frost,512,REFERENCE,ref,SHAKE128,e8,Encaps.Dither_V,2489,10,ok,encaps V dither
Frost,512,REFERENCE,ref,SHAKE128,e8,Encaps.Encode_Message,2337,10,ok,encaps message encoding and add
Frost,512,REFERENCE,ref,SHAKE128,e8,Encaps.Expand_A,79094788,10,ok,encaps A expansion for A^T*R
Frost,512,REFERENCE,ref,SHAKE128,e8,Encaps.FO_Hash,3325,10,ok,G hash h_pk||mu||salt
Frost,512,REFERENCE,ref,SHAKE128,e8,Encaps.KDF,485127,10,ok,encaps final shared-secret hash
Frost,512,REFERENCE,ref,SHAKE128,e8,Encaps.KEM_Total_Profiled,90661816,10,ok,profiling-build encaps total; not official full-KEM timing
Frost,512,REFERENCE,ref,SHAKE128,e8,Encaps.PK_Hash,242364,10,ok,encaps h_pk
Frost,512,REFERENCE,ref,SHAKE128,e8,Encaps.Pack_CT,630401,10,ok,encaps ciphertext packing
Frost,512,REFERENCE,ref,SHAKE128,e8,Encaps.Quant_U,9576,10,ok,encaps U quantization
Frost,512,REFERENCE,ref,SHAKE128,e8,Encaps.Quant_V,361,10,ok,encaps V quantization
Frost,512,REFERENCE,ref,SHAKE128,e8,Encaps.Recon_PK,4560,10,ok,encaps public-key reconstruction
Frost,512,REFERENCE,ref,SHAKE128,e8,Encaps.Sample_Message,11210,10,ok,randombytes for mu and salt
Frost,512,REFERENCE,ref,SHAKE128,e8,Encaps.Sample_R,2850,10,ok,CBD transform for R
Frost,512,REFERENCE,ref,SHAKE128,e8,Encaps.SeedExpand_R,525217,10,ok,R XOF expansion
Frost,512,REFERENCE,ref,SHAKE128,e8,Encaps.Unpack_PK,237196,10,ok,encaps public-key unpack
Frost,512,REFERENCE,ref,SHAKE128,e8,KeyGen.A_times_S,4563344,10,ok,keygen A*S multiplication
Frost,512,REFERENCE,ref,SHAKE128,e8,KeyGen.Dither_PK,268679,10,ok,keygen public-key dither
Frost,512,REFERENCE,ref,SHAKE128,e8,KeyGen.Expand_A,78328773,10,ok,keygen A expansion
Frost,512,REFERENCE,ref,SHAKE128,e8,KeyGen.KEM_Total_Profiled,97616623,10,ok,profiling-build keygen total; not official full-KEM timing
Frost,512,REFERENCE,ref,SHAKE128,e8,KeyGen.PK_Hash,244207,10,ok,keygen h_pk
Frost,512,REFERENCE,ref,SHAKE128,e8,KeyGen.Pack_PK,246126,10,ok,keygen public-key packing
Frost,512,REFERENCE,ref,SHAKE128,e8,KeyGen.Quant_PK,6707,10,ok,keygen public-key quantization
Frost,512,REFERENCE,ref,SHAKE128,e8,KeyGen.Random,10412,10,ok,randombytes for keygen seeds
Frost,512,REFERENCE,ref,SHAKE128,e8,KeyGen.Sample_S,855,10,ok,CBD transform for S
Frost,512,REFERENCE,ref,SHAKE128,e8,KeyGen.SeedExpand,264537,10,ok,seed_A and S XOF expansion
Frost,128,FAST,avx2_u16,SHAKE128,e8,Codec.Message_Decode,1646,10,ok,standalone message decode wrapper=frost_key_decode inner_reps=10000
Frost,128,FAST,avx2_u16,SHAKE128,e8,Codec.Message_Encode,366,10,ok,standalone message encode wrapper=frost_key_encode inner_reps=10000
Frost,128,FAST,avx2_u16,SHAKE128,e8,Decaps.CT_Compare,836,20,ok,decaps ciphertext comparison and key select
Frost,128,FAST,avx2_u16,SHAKE128,e8,Decaps.Decode_Message,2014,20,ok,decaps message decode
Frost,128,FAST,avx2_u16,SHAKE128,e8,Decaps.Dither_U,42978,20,ok,decaps U dither for reconstruction
Frost,128,FAST,avx2_u16,SHAKE128,e8,Decaps.Dither_V,1292,20,ok,decaps V dither for reconstruction
Frost,128,FAST,avx2_u16,SHAKE128,e8,Decaps.FO_Hash,1292,20,ok,decaps G hash h_pk||muprime||salt
Frost,128,FAST,avx2_u16,SHAKE128,e8,Decaps.KDF,29526,20,ok,decaps final shared-secret hash
Frost,128,FAST,avx2_u16,SHAKE128,e8,Decaps.KEM_Total_Profiled,1443088,20,ok,profiling-build decaps total; not official full-KEM timing
Frost,128,FAST,avx2_u16,SHAKE128,e8,Decaps.ReEnc_AT_times_R,67431,20,ok,decaps re-encryption A^T*R multiplication
Frost,128,FAST,avx2_u16,SHAKE128,e8,Decaps.ReEnc_BhatT_times_R,5320,20,ok,decaps re-encryption B^T*R multiplication
Frost,128,FAST,avx2_u16,SHAKE128,e8,Decaps.ReEnc_Dither_PK,43130,20,ok,decaps re-encryption public-key dither
Frost,128,FAST,avx2_u16,SHAKE128,e8,Decaps.ReEnc_Dither_U,43225,20,ok,decaps re-encryption U dither
Frost,128,FAST,avx2_u16,SHAKE128,e8,Decaps.ReEnc_Dither_V,1273,20,ok,decaps re-encryption V dither
Frost,128,FAST,avx2_u16,SHAKE128,e8,Decaps.ReEnc_Expand_A,833929,20,ok,decaps re-encryption A expansion
Frost,128,FAST,avx2_u16,SHAKE128,e8,Decaps.ReEnc_Quant_U,532,20,ok,decaps re-encryption U quantization
Frost,128,FAST,avx2_u16,SHAKE128,e8,Decaps.ReEnc_Quant_V,1007,20,ok,decaps re-encryption V quantization and message add
Frost,128,FAST,avx2_u16,SHAKE128,e8,Decaps.ReEnc_Recon_PK,570,20,ok,decaps re-encryption public-key reconstruction
Frost,128,FAST,avx2_u16,SHAKE128,e8,Decaps.ReEnc_Unpack_PK,38494,20,ok,decaps re-encryption public-key unpack
Frost,128,FAST,avx2_u16,SHAKE128,e8,Decaps.Recon_U,532,20,ok,decaps U reconstruction
Frost,128,FAST,avx2_u16,SHAKE128,e8,Decaps.Recon_V,190,20,ok,decaps V reconstruction
Frost,128,FAST,avx2_u16,SHAKE128,e8,Decaps.ST_times_U,988,20,ok,decaps S^T*U multiplication
Frost,128,FAST,avx2_u16,SHAKE128,e8,Decaps.Sample_R,494,20,ok,decaps reenc R CBD transform
Frost,128,FAST,avx2_u16,SHAKE128,e8,Decaps.Sample_S,43434,20,ok,decaps regenerate S from sk seed
Frost,128,FAST,avx2_u16,SHAKE128,e8,Decaps.SeedExpand_R,42864,20,ok,decaps reenc R XOF expansion
Frost,128,FAST,avx2_u16,SHAKE128,e8,Decaps.Unpack_CT,38798,20,ok,decaps ciphertext unpack
Frost,128,FAST,avx2_u16,SHAKE128,e8,Encaps.AT_times_R,68647,10,ok,encaps A^T*R multiplication
Frost,128,FAST,avx2_u16,SHAKE128,e8,Encaps.BhatT_times_R,5377,10,ok,encaps B^T*R multiplication
Frost,128,FAST,avx2_u16,SHAKE128,e8,Encaps.Dither_PK,43149,10,ok,encaps public-key dither for reconstruction
Frost,128,FAST,avx2_u16,SHAKE128,e8,Encaps.Dither_U,43871,10,ok,encaps U dither
Frost,128,FAST,avx2_u16,SHAKE128,e8,Encaps.Dither_V,1349,10,ok,encaps V dither
Frost,128,FAST,avx2_u16,SHAKE128,e8,Encaps.Encode_Message,893,10,ok,encaps message encoding and add
Frost,128,FAST,avx2_u16,SHAKE128,e8,Encaps.Expand_A,898510,10,ok,encaps A expansion for A^T*R
Frost,128,FAST,avx2_u16,SHAKE128,e8,Encaps.FO_Hash,1330,10,ok,G hash h_pk||mu||salt
Frost,128,FAST,avx2_u16,SHAKE128,e8,Encaps.KDF,29526,10,ok,encaps final shared-secret hash
Frost,128,FAST,avx2_u16,SHAKE128,e8,Encaps.KEM_Total_Profiled,1400851,10,ok,profiling-build encaps total; not official full-KEM timing
Frost,128,FAST,avx2_u16,SHAKE128,e8,Encaps.PK_Hash,28481,10,ok,encaps h_pk
Frost,128,FAST,avx2_u16,SHAKE128,e8,Encaps.Pack_CT,39273,10,ok,encaps ciphertext packing
Frost,128,FAST,avx2_u16,SHAKE128,e8,Encaps.Quant_U,437,10,ok,encaps U quantization
Frost,128,FAST,avx2_u16,SHAKE128,e8,Encaps.Quant_V,190,10,ok,encaps V quantization
Frost,128,FAST,avx2_u16,SHAKE128,e8,Encaps.Recon_PK,437,10,ok,encaps public-key reconstruction
Frost,128,FAST,avx2_u16,SHAKE128,e8,Encaps.Sample_Message,1634,10,ok,randombytes for mu and salt
Frost,128,FAST,avx2_u16,SHAKE128,e8,Encaps.Sample_R,513,10,ok,CBD transform for R
Frost,128,FAST,avx2_u16,SHAKE128,e8,Encaps.SeedExpand_R,42940,10,ok,R XOF expansion
Frost,128,FAST,avx2_u16,SHAKE128,e8,Encaps.Unpack_PK,38418,10,ok,encaps public-key unpack
Frost,128,FAST,avx2_u16,SHAKE128,e8,KeyGen.A_times_S,74195,10,ok,keygen A*S multiplication
Frost,128,FAST,avx2_u16,SHAKE128,e8,KeyGen.Dither_PK,43149,10,ok,keygen public-key dither
Frost,128,FAST,avx2_u16,SHAKE128,e8,KeyGen.Expand_A,841244,10,ok,keygen A expansion
Frost,128,FAST,avx2_u16,SHAKE128,e8,KeyGen.KEM_Total_Profiled,1147505,10,ok,profiling-build keygen total; not official full-KEM timing
Frost,128,FAST,avx2_u16,SHAKE128,e8,KeyGen.PK_Hash,28462,10,ok,keygen h_pk
Frost,128,FAST,avx2_u16,SHAKE128,e8,KeyGen.Pack_PK,38399,10,ok,keygen public-key packing
Frost,128,FAST,avx2_u16,SHAKE128,e8,KeyGen.Quant_PK,513,10,ok,keygen public-key quantization
Frost,128,FAST,avx2_u16,SHAKE128,e8,KeyGen.Random,4180,10,ok,randombytes for keygen seeds
Frost,128,FAST,avx2_u16,SHAKE128,e8,KeyGen.Sample_S,494,10,ok,CBD transform for S
Frost,128,FAST,avx2_u16,SHAKE128,e8,KeyGen.SeedExpand,44061,10,ok,seed_A and S XOF expansion
Frost,192,FAST,avx2_u16,SHAKE128,e8,Codec.Message_Decode,1518,10,ok,standalone message decode wrapper=frost_key_decode inner_reps=10000
Frost,192,FAST,avx2_u16,SHAKE128,e8,Codec.Message_Encode,431,10,ok,standalone message encode wrapper=frost_key_encode inner_reps=10000
Frost,192,FAST,avx2_u16,SHAKE128,e8,Decaps.CT_Compare,1102,20,ok,decaps ciphertext comparison and key select
Frost,192,FAST,avx2_u16,SHAKE128,e8,Decaps.Decode_Message,2679,20,ok,decaps message decode
Frost,192,FAST,avx2_u16,SHAKE128,e8,Decaps.Dither_U,89756,20,ok,decaps U dither for reconstruction
Frost,192,FAST,avx2_u16,SHAKE128,e8,Decaps.Dither_V,1292,20,ok,decaps V dither for reconstruction
Frost,192,FAST,avx2_u16,SHAKE128,e8,Decaps.FO_Hash,1254,20,ok,decaps G hash h_pk||muprime||salt
Frost,192,FAST,avx2_u16,SHAKE128,e8,Decaps.KDF,65531,20,ok,decaps final shared-secret hash
Frost,192,FAST,avx2_u16,SHAKE128,e8,Decaps.KEM_Total_Profiled,3543120,20,ok,profiling-build decaps total; not official full-KEM timing
Frost,192,FAST,avx2_u16,SHAKE128,e8,Decaps.ReEnc_AT_times_R,187207,20,ok,decaps re-encryption A^T*R multiplication
Frost,192,FAST,avx2_u16,SHAKE128,e8,Decaps.ReEnc_BhatT_times_R,9500,20,ok,decaps re-encryption B^T*R multiplication
Frost,192,FAST,avx2_u16,SHAKE128,e8,Decaps.ReEnc_Dither_PK,89832,20,ok,decaps re-encryption public-key dither
Frost,192,FAST,avx2_u16,SHAKE128,e8,Decaps.ReEnc_Dither_U,90725,20,ok,decaps re-encryption U dither
Frost,192,FAST,avx2_u16,SHAKE128,e8,Decaps.ReEnc_Dither_V,1254,20,ok,decaps re-encryption V dither
Frost,192,FAST,avx2_u16,SHAKE128,e8,Decaps.ReEnc_Expand_A,2376843,20,ok,decaps re-encryption A expansion
Frost,192,FAST,avx2_u16,SHAKE128,e8,Decaps.ReEnc_Quant_U,1064,20,ok,decaps re-encryption U quantization
Frost,192,FAST,avx2_u16,SHAKE128,e8,Decaps.ReEnc_Quant_V,1140,20,ok,decaps re-encryption V quantization and message add
Frost,192,FAST,avx2_u16,SHAKE128,e8,Decaps.ReEnc_Recon_PK,722,20,ok,decaps re-encryption public-key reconstruction
Frost,192,FAST,avx2_u16,SHAKE128,e8,Decaps.ReEnc_Unpack_PK,72542,20,ok,decaps re-encryption public-key unpack
Frost,192,FAST,avx2_u16,SHAKE128,e8,Decaps.Recon_U,589,20,ok,decaps U reconstruction
Frost,192,FAST,avx2_u16,SHAKE128,e8,Decaps.Recon_V,266,20,ok,decaps V reconstruction
Frost,192,FAST,avx2_u16,SHAKE128,e8,Decaps.ST_times_U,2394,20,ok,decaps S^T*U multiplication
Frost,192,FAST,avx2_u16,SHAKE128,e8,Decaps.Sample_R,532,20,ok,decaps reenc R CBD transform
Frost,192,FAST,avx2_u16,SHAKE128,e8,Decaps.Sample_S,90079,20,ok,decaps regenerate S from sk seed
Frost,192,FAST,avx2_u16,SHAKE128,e8,Decaps.SeedExpand_R,89509,20,ok,decaps reenc R XOF expansion
Frost,192,FAST,avx2_u16,SHAKE128,e8,Decaps.Unpack_CT,72903,20,ok,decaps ciphertext unpack
Frost,192,FAST,avx2_u16,SHAKE128,e8,Encaps.AT_times_R,190266,10,ok,encaps A^T*R multiplication
Frost,192,FAST,avx2_u16,SHAKE128,e8,Encaps.BhatT_times_R,9576,10,ok,encaps B^T*R multiplication
Frost,192,FAST,avx2_u16,SHAKE128,e8,Encaps.Dither_PK,89813,10,ok,encaps public-key dither for reconstruction
Frost,192,FAST,avx2_u16,SHAKE128,e8,Encaps.Dither_U,90592,10,ok,encaps U dither
Frost,192,FAST,avx2_u16,SHAKE128,e8,Encaps.Dither_V,1311,10,ok,encaps V dither
Frost,192,FAST,avx2_u16,SHAKE128,e8,Encaps.Encode_Message,1140,10,ok,encaps message encoding and add
Frost,192,FAST,avx2_u16,SHAKE128,e8,Encaps.Expand_A,2370382,10,ok,encaps A expansion for A^T*R
Frost,192,FAST,avx2_u16,SHAKE128,e8,Encaps.FO_Hash,1349,10,ok,G hash h_pk||mu||salt
Frost,192,FAST,avx2_u16,SHAKE128,e8,Encaps.KDF,65436,10,ok,encaps final shared-secret hash
Frost,192,FAST,avx2_u16,SHAKE128,e8,Encaps.KEM_Total_Profiled,3319394,10,ok,profiling-build encaps total; not official full-KEM timing
Frost,192,FAST,avx2_u16,SHAKE128,e8,Encaps.PK_Hash,65474,10,ok,encaps h_pk
Frost,192,FAST,avx2_u16,SHAKE128,e8,Encaps.Pack_CT,75031,10,ok,encaps ciphertext packing
Frost,192,FAST,avx2_u16,SHAKE128,e8,Encaps.Quant_U,1083,10,ok,encaps U quantization
Frost,192,FAST,avx2_u16,SHAKE128,e8,Encaps.Quant_V,228,10,ok,encaps V quantization
Frost,192,FAST,avx2_u16,SHAKE128,e8,Encaps.Recon_PK,684,10,ok,encaps public-key reconstruction
Frost,192,FAST,avx2_u16,SHAKE128,e8,Encaps.Sample_Message,4408,10,ok,randombytes for mu and salt
Frost,192,FAST,avx2_u16,SHAKE128,e8,Encaps.Sample_R,437,10,ok,CBD transform for R
Frost,192,FAST,avx2_u16,SHAKE128,e8,Encaps.SeedExpand_R,89604,10,ok,R XOF expansion
Frost,192,FAST,avx2_u16,SHAKE128,e8,Encaps.Unpack_PK,72428,10,ok,encaps public-key unpack
Frost,192,FAST,avx2_u16,SHAKE128,e8,KeyGen.A_times_S,173090,10,ok,keygen A*S multiplication
Frost,192,FAST,avx2_u16,SHAKE128,e8,KeyGen.Dither_PK,90630,10,ok,keygen public-key dither
Frost,192,FAST,avx2_u16,SHAKE128,e8,KeyGen.Expand_A,2313364,10,ok,keygen A expansion
Frost,192,FAST,avx2_u16,SHAKE128,e8,KeyGen.KEM_Total_Profiled,2991550,10,ok,profiling-build keygen total; not official full-KEM timing
Frost,192,FAST,avx2_u16,SHAKE128,e8,KeyGen.PK_Hash,65759,10,ok,keygen h_pk
Frost,192,FAST,avx2_u16,SHAKE128,e8,KeyGen.Pack_PK,74119,10,ok,keygen public-key packing
Frost,192,FAST,avx2_u16,SHAKE128,e8,KeyGen.Quant_PK,1159,10,ok,keygen public-key quantization
Frost,192,FAST,avx2_u16,SHAKE128,e8,KeyGen.Random,4731,10,ok,randombytes for keygen seeds
Frost,192,FAST,avx2_u16,SHAKE128,e8,KeyGen.Sample_S,494,10,ok,CBD transform for S
Frost,192,FAST,avx2_u16,SHAKE128,e8,KeyGen.SeedExpand,90630,10,ok,seed_A and S XOF expansion
Frost,256,FAST,avx2_u16,SHAKE128,e8,Codec.Message_Decode,1646,10,ok,standalone message decode wrapper=frost_key_decode inner_reps=10000
Frost,256,FAST,avx2_u16,SHAKE128,e8,Codec.Message_Encode,574,10,ok,standalone message encode wrapper=frost_key_encode inner_reps=10000
Frost,256,FAST,avx2_u16,SHAKE128,e8,Decaps.CT_Compare,1596,20,ok,decaps ciphertext comparison and key select
Frost,256,FAST,avx2_u16,SHAKE128,e8,Decaps.Decode_Message,2375,20,ok,decaps message decode
Frost,256,FAST,avx2_u16,SHAKE128,e8,Decaps.Dither_U,130986,20,ok,decaps U dither for reconstruction
Frost,256,FAST,avx2_u16,SHAKE128,e8,Decaps.Dither_V,1235,20,ok,decaps V dither for reconstruction
Frost,256,FAST,avx2_u16,SHAKE128,e8,Decaps.FO_Hash,1216,20,ok,decaps G hash h_pk||muprime||salt
Frost,256,FAST,avx2_u16,SHAKE128,e8,Decaps.KDF,104272,20,ok,decaps final shared-secret hash
Frost,256,FAST,avx2_u16,SHAKE128,e8,Decaps.KEM_Total_Profiled,6729610,20,ok,profiling-build decaps total; not official full-KEM timing
Frost,256,FAST,avx2_u16,SHAKE128,e8,Decaps.ReEnc_AT_times_R,507870,20,ok,decaps re-encryption A^T*R multiplication
Frost,256,FAST,avx2_u16,SHAKE128,e8,Decaps.ReEnc_BhatT_times_R,14022,20,ok,decaps re-encryption B^T*R multiplication
Frost,256,FAST,avx2_u16,SHAKE128,e8,Decaps.ReEnc_Dither_PK,131043,20,ok,decaps re-encryption public-key dither
Frost,256,FAST,avx2_u16,SHAKE128,e8,Decaps.ReEnc_Dither_U,131803,20,ok,decaps re-encryption U dither
Frost,256,FAST,avx2_u16,SHAKE128,e8,Decaps.ReEnc_Dither_V,1311,20,ok,decaps re-encryption V dither
Frost,256,FAST,avx2_u16,SHAKE128,e8,Decaps.ReEnc_Expand_A,4830332,20,ok,decaps re-encryption A expansion
Frost,256,FAST,avx2_u16,SHAKE128,e8,Decaps.ReEnc_Quant_U,1729,20,ok,decaps re-encryption U quantization
Frost,256,FAST,avx2_u16,SHAKE128,e8,Decaps.ReEnc_Quant_V,1216,20,ok,decaps re-encryption V quantization and message add
Frost,256,FAST,avx2_u16,SHAKE128,e8,Decaps.ReEnc_Recon_PK,1634,20,ok,decaps re-encryption public-key reconstruction
Frost,256,FAST,avx2_u16,SHAKE128,e8,Decaps.ReEnc_Unpack_PK,117002,20,ok,decaps re-encryption public-key unpack
Frost,256,FAST,avx2_u16,SHAKE128,e8,Decaps.Recon_U,2090,20,ok,decaps U reconstruction
Frost,256,FAST,avx2_u16,SHAKE128,e8,Decaps.Recon_V,228,20,ok,decaps V reconstruction
Frost,256,FAST,avx2_u16,SHAKE128,e8,Decaps.ST_times_U,4864,20,ok,decaps S^T*U multiplication
Frost,256,FAST,avx2_u16,SHAKE128,e8,Decaps.Sample_R,817,20,ok,decaps reenc R CBD transform
Frost,256,FAST,avx2_u16,SHAKE128,e8,Decaps.Sample_S,131423,20,ok,decaps regenerate S from sk seed
Frost,256,FAST,avx2_u16,SHAKE128,e8,Decaps.SeedExpand_R,130587,20,ok,decaps reenc R XOF expansion
Frost,256,FAST,avx2_u16,SHAKE128,e8,Decaps.Unpack_CT,91314,20,ok,decaps ciphertext unpack
Frost,256,FAST,avx2_u16,SHAKE128,e8,Encaps.AT_times_R,534584,10,ok,encaps A^T*R multiplication
Frost,256,FAST,avx2_u16,SHAKE128,e8,Encaps.BhatT_times_R,13965,10,ok,encaps B^T*R multiplication
Frost,256,FAST,avx2_u16,SHAKE128,e8,Encaps.Dither_PK,131233,10,ok,encaps public-key dither for reconstruction
Frost,256,FAST,avx2_u16,SHAKE128,e8,Encaps.Dither_U,131784,10,ok,encaps U dither
Frost,256,FAST,avx2_u16,SHAKE128,e8,Encaps.Dither_V,1311,10,ok,encaps V dither
Frost,256,FAST,avx2_u16,SHAKE128,e8,Encaps.Encode_Message,1140,10,ok,encaps message encoding and add
Frost,256,FAST,avx2_u16,SHAKE128,e8,Encaps.Expand_A,4777816,10,ok,encaps A expansion for A^T*R
Frost,256,FAST,avx2_u16,SHAKE128,e8,Encaps.FO_Hash,1463,10,ok,G hash h_pk||mu||salt
Frost,256,FAST,avx2_u16,SHAKE128,e8,Encaps.KDF,104671,10,ok,encaps final shared-secret hash
Frost,256,FAST,avx2_u16,SHAKE128,e8,Encaps.KEM_Total_Profiled,6411094,10,ok,profiling-build encaps total; not official full-KEM timing
Frost,256,FAST,avx2_u16,SHAKE128,e8,Encaps.PK_Hash,114874,10,ok,encaps h_pk
Frost,256,FAST,avx2_u16,SHAKE128,e8,Encaps.Pack_CT,98420,10,ok,encaps ciphertext packing
Frost,256,FAST,avx2_u16,SHAKE128,e8,Encaps.Quant_U,1710,10,ok,encaps U quantization
Frost,256,FAST,avx2_u16,SHAKE128,e8,Encaps.Quant_V,209,10,ok,encaps V quantization
Frost,256,FAST,avx2_u16,SHAKE128,e8,Encaps.Recon_PK,1615,10,ok,encaps public-key reconstruction
Frost,256,FAST,avx2_u16,SHAKE128,e8,Encaps.Sample_Message,5244,10,ok,randombytes for mu and salt
Frost,256,FAST,avx2_u16,SHAKE128,e8,Encaps.Sample_R,779,10,ok,CBD transform for R
Frost,256,FAST,avx2_u16,SHAKE128,e8,Encaps.SeedExpand_R,146585,10,ok,R XOF expansion
Frost,256,FAST,avx2_u16,SHAKE128,e8,Encaps.Unpack_PK,116926,10,ok,encaps public-key unpack
Frost,256,FAST,avx2_u16,SHAKE128,e8,KeyGen.A_times_S,472454,10,ok,keygen A*S multiplication
Frost,256,FAST,avx2_u16,SHAKE128,e8,KeyGen.Dither_PK,131860,10,ok,keygen public-key dither
Frost,256,FAST,avx2_u16,SHAKE128,e8,KeyGen.Expand_A,4817678,10,ok,keygen A expansion
Frost,256,FAST,avx2_u16,SHAKE128,e8,KeyGen.KEM_Total_Profiled,6017452,10,ok,profiling-build keygen total; not official full-KEM timing
Frost,256,FAST,avx2_u16,SHAKE128,e8,KeyGen.PK_Hash,124127,10,ok,keygen h_pk
Frost,256,FAST,avx2_u16,SHAKE128,e8,KeyGen.Pack_PK,140828,10,ok,keygen public-key packing
Frost,256,FAST,avx2_u16,SHAKE128,e8,KeyGen.Quant_PK,1938,10,ok,keygen public-key quantization
Frost,256,FAST,avx2_u16,SHAKE128,e8,KeyGen.Random,5415,10,ok,randombytes for keygen seeds
Frost,256,FAST,avx2_u16,SHAKE128,e8,KeyGen.Sample_S,912,10,ok,CBD transform for S
Frost,256,FAST,avx2_u16,SHAKE128,e8,KeyGen.SeedExpand,139650,10,ok,seed_A and S XOF expansion
Frost,384,FAST,avx2_u16,SHAKE128,e8,Codec.Message_Decode,2396,10,ok,standalone message decode wrapper=frost_key_decode inner_reps=10000
Frost,384,FAST,avx2_u16,SHAKE128,e8,Codec.Message_Encode,741,10,ok,standalone message encode wrapper=frost_key_encode inner_reps=10000
Frost,384,FAST,avx2_u16,SHAKE128,e8,Decaps.CT_Compare,3762,20,ok,decaps ciphertext comparison and key select
Frost,384,FAST,avx2_u16,SHAKE128,e8,Decaps.Decode_Message,3344,20,ok,decaps message decode
Frost,384,FAST,avx2_u16,SHAKE128,e8,Decaps.Dither_U,293607,20,ok,decaps U dither for reconstruction
Frost,384,FAST,avx2_u16,SHAKE128,e8,Decaps.Dither_V,2280,20,ok,decaps V dither for reconstruction
Frost,384,FAST,avx2_u16,SHAKE128,e8,Decaps.FO_Hash,2204,20,ok,decaps G hash h_pk||muprime||salt
Frost,384,FAST,avx2_u16,SHAKE128,e8,Decaps.KDF,253194,20,ok,decaps final shared-secret hash
Frost,384,FAST,avx2_u16,SHAKE128,e8,Decaps.KEM_Total_Profiled,15169410,20,ok,profiling-build decaps total; not official full-KEM timing
Frost,384,FAST,avx2_u16,SHAKE128,e8,Decaps.ReEnc_AT_times_R,1969578,20,ok,decaps re-encryption A^T*R multiplication
Frost,384,FAST,avx2_u16,SHAKE128,e8,Decaps.ReEnc_BhatT_times_R,31426,20,ok,decaps re-encryption B^T*R multiplication
Frost,384,FAST,avx2_u16,SHAKE128,e8,Decaps.ReEnc_Dither_PK,200982,20,ok,decaps re-encryption public-key dither
Frost,384,FAST,avx2_u16,SHAKE128,e8,Decaps.ReEnc_Dither_U,309130,20,ok,decaps re-encryption U dither
Frost,384,FAST,avx2_u16,SHAKE128,e8,Decaps.ReEnc_Dither_V,2432,20,ok,decaps re-encryption V dither
Frost,384,FAST,avx2_u16,SHAKE128,e8,Decaps.ReEnc_Expand_A,10312650,20,ok,decaps re-encryption A expansion
Frost,384,FAST,avx2_u16,SHAKE128,e8,Decaps.ReEnc_Quant_U,4408,20,ok,decaps re-encryption U quantization
Frost,384,FAST,avx2_u16,SHAKE128,e8,Decaps.ReEnc_Quant_V,1843,20,ok,decaps re-encryption V quantization and message add
Frost,384,FAST,avx2_u16,SHAKE128,e8,Decaps.ReEnc_Recon_PK,2375,20,ok,decaps re-encryption public-key reconstruction
Frost,384,FAST,avx2_u16,SHAKE128,e8,Decaps.ReEnc_Unpack_PK,211166,20,ok,decaps re-encryption public-key unpack
Frost,384,FAST,avx2_u16,SHAKE128,e8,Decaps.Recon_U,2318,20,ok,decaps U reconstruction
Frost,384,FAST,avx2_u16,SHAKE128,e8,Decaps.Recon_V,247,20,ok,decaps V reconstruction
Frost,384,FAST,avx2_u16,SHAKE128,e8,Decaps.ST_times_U,9747,20,ok,decaps S^T*U multiplication
Frost,384,FAST,avx2_u16,SHAKE128,e8,Decaps.Sample_R,1577,20,ok,decaps reenc R CBD transform
Frost,384,FAST,avx2_u16,SHAKE128,e8,Decaps.Sample_S,196118,20,ok,decaps regenerate S from sk seed
Frost,384,FAST,avx2_u16,SHAKE128,e8,Decaps.SeedExpand_R,292790,20,ok,decaps reenc R XOF expansion
Frost,384,FAST,avx2_u16,SHAKE128,e8,Decaps.Unpack_CT,262181,20,ok,decaps ciphertext unpack
Frost,384,FAST,avx2_u16,SHAKE128,e8,Encaps.AT_times_R,1978223,10,ok,encaps A^T*R multiplication
Frost,384,FAST,avx2_u16,SHAKE128,e8,Encaps.BhatT_times_R,31464,10,ok,encaps B^T*R multiplication
Frost,384,FAST,avx2_u16,SHAKE128,e8,Encaps.Dither_PK,196289,10,ok,encaps public-key dither for reconstruction
Frost,384,FAST,avx2_u16,SHAKE128,e8,Encaps.Dither_U,361817,10,ok,encaps U dither
Frost,384,FAST,avx2_u16,SHAKE128,e8,Encaps.Dither_V,2185,10,ok,encaps V dither
Frost,384,FAST,avx2_u16,SHAKE128,e8,Encaps.Encode_Message,1387,10,ok,encaps message encoding and add
Frost,384,FAST,avx2_u16,SHAKE128,e8,Encaps.Expand_A,10000194,10,ok,encaps A expansion for A^T*R
Frost,384,FAST,avx2_u16,SHAKE128,e8,Encaps.FO_Hash,2489,10,ok,G hash h_pk||mu||salt
Frost,384,FAST,avx2_u16,SHAKE128,e8,Encaps.KDF,272365,10,ok,encaps final shared-secret hash
Frost,384,FAST,avx2_u16,SHAKE128,e8,Encaps.KEM_Total_Profiled,14214128,10,ok,profiling-build encaps total; not official full-KEM timing
Frost,384,FAST,avx2_u16,SHAKE128,e8,Encaps.PK_Hash,167257,10,ok,encaps h_pk
Frost,384,FAST,avx2_u16,SHAKE128,e8,Encaps.Pack_CT,361722,10,ok,encaps ciphertext packing
Frost,384,FAST,avx2_u16,SHAKE128,e8,Encaps.Quant_U,3819,10,ok,encaps U quantization
Frost,384,FAST,avx2_u16,SHAKE128,e8,Encaps.Quant_V,266,10,ok,encaps V quantization
Frost,384,FAST,avx2_u16,SHAKE128,e8,Encaps.Recon_PK,2014,10,ok,encaps public-key reconstruction
Frost,384,FAST,avx2_u16,SHAKE128,e8,Encaps.Sample_Message,4997,10,ok,randombytes for mu and salt
Frost,384,FAST,avx2_u16,SHAKE128,e8,Encaps.Sample_R,1539,10,ok,CBD transform for R
Frost,384,FAST,avx2_u16,SHAKE128,e8,Encaps.SeedExpand_R,292885,10,ok,R XOF expansion
Frost,384,FAST,avx2_u16,SHAKE128,e8,Encaps.Unpack_PK,192185,10,ok,encaps public-key unpack
Frost,384,FAST,avx2_u16,SHAKE128,e8,KeyGen.A_times_S,1202567,10,ok,keygen A*S multiplication
Frost,384,FAST,avx2_u16,SHAKE128,e8,KeyGen.Dither_PK,207689,10,ok,keygen public-key dither
Frost,384,FAST,avx2_u16,SHAKE128,e8,KeyGen.Expand_A,10192664,10,ok,keygen A expansion
Frost,384,FAST,avx2_u16,SHAKE128,e8,KeyGen.KEM_Total_Profiled,12689796,10,ok,profiling-build keygen total; not official full-KEM timing
Frost,384,FAST,avx2_u16,SHAKE128,e8,KeyGen.PK_Hash,167979,10,ok,keygen h_pk
Frost,384,FAST,avx2_u16,SHAKE128,e8,KeyGen.Pack_PK,181203,10,ok,keygen public-key packing
Frost,384,FAST,avx2_u16,SHAKE128,e8,KeyGen.Quant_PK,3002,10,ok,keygen public-key quantization
Frost,384,FAST,avx2_u16,SHAKE128,e8,KeyGen.Random,6897,10,ok,randombytes for keygen seeds
Frost,384,FAST,avx2_u16,SHAKE128,e8,KeyGen.Sample_S,1178,10,ok,CBD transform for S
Frost,384,FAST,avx2_u16,SHAKE128,e8,KeyGen.SeedExpand,244473,10,ok,seed_A and S XOF expansion
Frost,512,FAST,avx2_u16,SHAKE128,e8,Codec.Message_Decode,3368,10,ok,standalone message decode wrapper=frost_key_decode inner_reps=10000
Frost,512,FAST,avx2_u16,SHAKE128,e8,Codec.Message_Encode,1237,10,ok,standalone message encode wrapper=frost_key_encode inner_reps=10000
Frost,512,FAST,avx2_u16,SHAKE128,e8,Decaps.CT_Compare,5282,20,ok,decaps ciphertext comparison and key select
Frost,512,FAST,avx2_u16,SHAKE128,e8,Decaps.Decode_Message,4541,20,ok,decaps message decode
Frost,512,FAST,avx2_u16,SHAKE128,e8,Decaps.Dither_U,526908,20,ok,decaps U dither for reconstruction
Frost,512,FAST,avx2_u16,SHAKE128,e8,Decaps.Dither_V,2261,20,ok,decaps V dither for reconstruction
Frost,512,FAST,avx2_u16,SHAKE128,e8,Decaps.FO_Hash,3344,20,ok,decaps G hash h_pk||muprime||salt
Frost,512,FAST,avx2_u16,SHAKE128,e8,Decaps.KDF,484842,20,ok,decaps final shared-secret hash
Frost,512,FAST,avx2_u16,SHAKE128,e8,Decaps.KEM_Total_Profiled,26654586,20,ok,profiling-build decaps total; not official full-KEM timing
Frost,512,FAST,avx2_u16,SHAKE128,e8,Decaps.ReEnc_AT_times_R,4459338,20,ok,decaps re-encryption A^T*R multiplication
Frost,512,FAST,avx2_u16,SHAKE128,e8,Decaps.ReEnc_BhatT_times_R,56753,20,ok,decaps re-encryption B^T*R multiplication
Frost,512,FAST,avx2_u16,SHAKE128,e8,Decaps.ReEnc_Dither_PK,263587,20,ok,decaps re-encryption public-key dither
Frost,512,FAST,avx2_u16,SHAKE128,e8,Decaps.ReEnc_Dither_U,531696,20,ok,decaps re-encryption U dither
Frost,512,FAST,avx2_u16,SHAKE128,e8,Decaps.ReEnc_Dither_V,2280,20,ok,decaps re-encryption V dither
Frost,512,FAST,avx2_u16,SHAKE128,e8,Decaps.ReEnc_Expand_A,17788646,20,ok,decaps re-encryption A expansion
Frost,512,FAST,avx2_u16,SHAKE128,e8,Decaps.ReEnc_Quant_U,7011,20,ok,decaps re-encryption U quantization
Frost,512,FAST,avx2_u16,SHAKE128,e8,Decaps.ReEnc_Quant_V,1976,20,ok,decaps re-encryption V quantization and message add
Frost,512,FAST,avx2_u16,SHAKE128,e8,Decaps.ReEnc_Recon_PK,3021,20,ok,decaps re-encryption public-key reconstruction
Frost,512,FAST,avx2_u16,SHAKE128,e8,Decaps.ReEnc_Unpack_PK,235809,20,ok,decaps re-encryption public-key unpack
Frost,512,FAST,avx2_u16,SHAKE128,e8,Decaps.Recon_U,4845,20,ok,decaps U reconstruction
Frost,512,FAST,avx2_u16,SHAKE128,e8,Decaps.Recon_V,285,20,ok,decaps V reconstruction
Frost,512,FAST,avx2_u16,SHAKE128,e8,Decaps.ST_times_U,18050,20,ok,decaps S^T*U multiplication
Frost,512,FAST,avx2_u16,SHAKE128,e8,Decaps.Sample_R,2850,20,ok,decaps reenc R CBD transform
Frost,512,FAST,avx2_u16,SHAKE128,e8,Decaps.Sample_S,264442,20,ok,decaps regenerate S from sk seed
Frost,512,FAST,avx2_u16,SHAKE128,e8,Decaps.SeedExpand_R,545338,20,ok,decaps reenc R XOF expansion
Frost,512,FAST,avx2_u16,SHAKE128,e8,Decaps.Unpack_CT,470972,20,ok,decaps ciphertext unpack
Frost,512,FAST,avx2_u16,SHAKE128,e8,Encaps.AT_times_R,4827451,10,ok,encaps A^T*R multiplication
Frost,512,FAST,avx2_u16,SHAKE128,e8,Encaps.BhatT_times_R,56962,10,ok,encaps B^T*R multiplication
Frost,512,FAST,avx2_u16,SHAKE128,e8,Encaps.Dither_PK,270978,10,ok,encaps public-key dither for reconstruction
Frost,512,FAST,avx2_u16,SHAKE128,e8,Encaps.Dither_U,591793,10,ok,encaps U dither
Frost,512,FAST,avx2_u16,SHAKE128,e8,Encaps.Dither_V,2261,10,ok,encaps V dither
Frost,512,FAST,avx2_u16,SHAKE128,e8,Encaps.Encode_Message,1843,10,ok,encaps message encoding and add
Frost,512,FAST,avx2_u16,SHAKE128,e8,Encaps.Expand_A,18545272,10,ok,encaps A expansion for A^T*R
Frost,512,FAST,avx2_u16,SHAKE128,e8,Encaps.FO_Hash,3268,10,ok,G hash h_pk||mu||salt
Frost,512,FAST,avx2_u16,SHAKE128,e8,Encaps.KDF,547466,10,ok,encaps final shared-secret hash
Frost,512,FAST,avx2_u16,SHAKE128,e8,Encaps.KEM_Total_Profiled,27447476,10,ok,profiling-build encaps total; not official full-KEM timing
Frost,512,FAST,avx2_u16,SHAKE128,e8,Encaps.PK_Hash,246810,10,ok,encaps h_pk
Frost,512,FAST,avx2_u16,SHAKE128,e8,Encaps.Pack_CT,560899,10,ok,encaps ciphertext packing
Frost,512,FAST,avx2_u16,SHAKE128,e8,Encaps.Quant_U,8740,10,ok,encaps U quantization
Frost,512,FAST,avx2_u16,SHAKE128,e8,Encaps.Quant_V,304,10,ok,encaps V quantization
Frost,512,FAST,avx2_u16,SHAKE128,e8,Encaps.Recon_PK,3135,10,ok,encaps public-key reconstruction
Frost,512,FAST,avx2_u16,SHAKE128,e8,Encaps.Sample_Message,8341,10,ok,randombytes for mu and salt
Frost,512,FAST,avx2_u16,SHAKE128,e8,Encaps.Sample_R,2508,10,ok,CBD transform for R
Frost,512,FAST,avx2_u16,SHAKE128,e8,Encaps.SeedExpand_R,526281,10,ok,R XOF expansion
Frost,512,FAST,avx2_u16,SHAKE128,e8,Encaps.Unpack_PK,247684,10,ok,encaps public-key unpack
Frost,512,FAST,avx2_u16,SHAKE128,e8,KeyGen.A_times_S,1850239,10,ok,keygen A*S multiplication
Frost,512,FAST,avx2_u16,SHAKE128,e8,KeyGen.Dither_PK,285570,10,ok,keygen public-key dither
Frost,512,FAST,avx2_u16,SHAKE128,e8,KeyGen.Expand_A,17828194,10,ok,keygen A expansion
Frost,512,FAST,avx2_u16,SHAKE128,e8,KeyGen.KEM_Total_Profiled,21200618,10,ok,profiling-build keygen total; not official full-KEM timing
Frost,512,FAST,avx2_u16,SHAKE128,e8,KeyGen.PK_Hash,291251,10,ok,keygen h_pk
Frost,512,FAST,avx2_u16,SHAKE128,e8,KeyGen.Pack_PK,295431,10,ok,keygen public-key packing
Frost,512,FAST,avx2_u16,SHAKE128,e8,KeyGen.Quant_PK,4275,10,ok,keygen public-key quantization
Frost,512,FAST,avx2_u16,SHAKE128,e8,KeyGen.Random,9291,10,ok,randombytes for keygen seeds
Frost,512,FAST,avx2_u16,SHAKE128,e8,KeyGen.Sample_S,874,10,ok,CBD transform for S
Frost,512,FAST,avx2_u16,SHAKE128,e8,KeyGen.SeedExpand,264366,10,ok,seed_A and S XOF expansion
